time_ms,ax_raw,ay_raw,az_raw,gx_raw,gy_raw,gz_raw
7767,-1.26,-0.02,-0.05,-0.08,-0.11,-0.17
7768,-1.26,-0.02,-0.05,0.13,-0.11,-0.07
7769,-1.26,-0.02,-0.05,0.03,-0.00,0.04
7770,-1.16,-0.02,-0.05,0.03,-0.21,-0.17
7771,-1.26,-0.02,-0.05,-0.08,-0.11,-0.17
7772,-1.26,-0.02,-0.05,0.03,-0.00,0.04
7773,-1.26,-0.02,-0.05,0.03,-0.11,-0.07
7774,-1.26,-0.02,-0.05,-0.08,-0.11,0.04
7775,-1.26,-0.02,-0.05,0.03,-0.00,0.04
7776,-1.26,0.08,-0.05,0.03,-0.00,0.04
7777,-1.26,-0.13,-0.05,0.03,-0.00,0.04
7778,-1.26,-0.02,-0.05,0.03,-0.11,-0.17
7779,-1.26,-0.02,-0.05,0.03,-0.11,-0.07
7780,-1.36,-0.02,-0.16,0.03,-0.00,-0.07
7781,-1.36,-0.13,-0.05,0.03,-0.11,-0.07
7782,-1.26,-0.02,-0.05,0.03,-0.00,0.04
7783,-1.26,-0.13,-0.05,0.13,-0.00,-0.07
7784,-1.26,-0.13,-0.05,0.03,-0.11,-0.07
7785,-1.16,-0.02,-0.05,0.03,-0.11,-0.07
7786,-1.26,-0.02,-0.05,0.03,-0.11,0.04
7787,-1.26,-0.02,-0.05,0.03,-0.00,-0.07
7788,-1.36,-0.13,-0.05,0.03,-0.11,0.04
7789,-1.26,-0.02,-0.05,0.03,-0.00,-0.17
7790,-1.36,-0.13,-0.05,-0.08,-0.11,-0.07
7791,-1.26,-0.13,-0.05,0.13,-0.11,-0.07
7792,-1.26,-0.02,-0.05,-0.08,-0.21,-0.07
7793,-1.26,-0.02,-0.05,0.03,-0.00,0.04
7794,-1.16,-0.02,-0.05,0.03,-0.11,0.04
7795,-1.26,-0.13,-0.05,-0.08,-0.11,0.04
7796,-1.36,-0.13,-0.05,0.03,-0.11,-0.07
7798,-1.26,-0.02,-0.05,0.03,-0.00,-0.07
7798,-1.16,-0.02,-0.05,0.13,0.10,0.14
7799,-1.26,-0.02,-0.05,0.03,-0.00,-0.07
7800,-1.16,-0.02,-0.05,0.03,-0.11,-0.07
7801,-1.26,-0.02,-0.05,0.13,-0.00,-0.07
7802,-1.26,-0.13,-0.05,0.03,0.10,0.04
7803,-1.26,0.08,-0.05,0.03,-0.21,-0.17
7804,-1.26,-0.02,-0.05,0.03,-0.11,0.04
7805,-1.26,-0.13,-0.05,0.03,-0.00,0.04
7806,-1.26,-0.02,0.05,0.03,-0.11,0.04
7807,-1.16,-0.02,-0.05,0.03,0.10,0.04
7808,-1.26,-0.02,-0.05,0.13,-0.11,-0.07
7809,-1.26,-0.02,-0.05,0.03,-0.11,-0.17
7810,-1.36,-0.02,-0.05,-0.08,-0.00,-0.07
7811,-1.16,0.08,0.05,0.03,-0.11,-0.07
7812,-1.26,-0.02,-0.05,0.03,-0.11,-0.07
7813,-1.16,0.08,-0.05,0.03,-0.11,-0.17
7814,-1.36,-0.13,-0.05,0.13,-0.00,-0.07
7815,-1.36,-0.13,-0.05,-0.08,-0.11,-0.17
7816,-1.26,-0.13,-0.05,0.13,-0.00,0.14
7817,-1.26,-0.02,-0.05,0.03,-0.11,0.04
7818,-1.16,-0.02,-0.05,0.03,-0.00,-0.07
7819,-1.16,-0.02,-0.05,0.13,0.10,0.04
7820,-1.26,-0.02,-0.05,-0.08,-0.11,-0.07
7821,-1.26,-0.13,-0.05,-0.08,-0.00,0.04
7822,-1.26,-0.02,-0.05,-0.08,-0.11,0.04
7823,-1.16,-0.02,-0.05,-0.08,-0.11,-0.07
7824,-1.16,-0.13,-0.05,0.03,-0.00,-0.07
7825,-1.36,-0.02,-0.05,0.03,-0.11,-0.07
7826,-1.26,-0.02,-0.05,0.03,-0.00,0.04
7827,-1.26,-0.02,-0.05,0.03,-0.11,0.04
7828,-1.36,-0.13,-0.05,0.03,-0.11,-0.07
7829,-1.26,-0.13,-0.05,-0.08,-0.00,0.14
7830,-1.16,-0.02,0.05,0.03,-0.31,-0.07
7831,-1.16,-0.02,-0.05,-0.08,-0.11,-0.07
7832,-1.26,-0.02,-0.05,0.03,-0.11,-0.07
7833,-1.26,-0.02,-0.05,0.03,0.10,-0.07
7834,-1.26,-0.13,-0.16,0.03,-0.00,0.04
7835,-1.16,-0.02,-0.05,-0.08,-0.00,-0.07
7836,-1.16,-0.02,-0.05,0.03,-0.11,0.04
7837,-1.26,-0.13,0.05,-0.08,-0.00,0.04
7838,-1.26,-0.02,-0.05,0.03,-0.11,-0.07
7839,-1.16,0.08,-0.05,0.03,-0.00,-0.07
7840,-1.26,-0.13,-0.05,0.13,-0.00,0.04
7841,-1.26,-0.02,0.05,0.03,-0.00,-0.07
7842,-1.26,-0.02,-0.05,-0.08,-0.21,0.04
7843,-1.16,-0.02,-0.05,-0.08,-0.00,0.04
7844,-1.26,-0.02,-0.05,-0.08,-0.11,-0.07
7845,-1.16,-0.13,-0.05,-0.08,-0.11,-0.17
7846,-1.26,-0.13,-0.05,0.03,-0.11,0.04
7847,-1.36,-0.02,-0.05,0.03,-0.11,0.04
7848,-1.16,-0.13,0.05,0.03,-0.00,-0.07
7849,-1.16,-0.02,-0.05,-0.08,-0.00,-0.07
7850,-1.26,-0.13,-0.05,0.03,-0.00,-0.07
7851,-1.26,-0.02,-0.05,0.03,-0.00,-0.07
7852,-1.26,-0.13,-0.05,0.03,-0.11,0.04
7853,-1.36,-0.02,-0.05,0.03,-0.00,0.14
7854,-1.26,-0.02,-0.05,0.03,-0.11,-0.07
7855,-1.16,-0.02,0.05,0.03,-0.11,0.04
7856,-1.16,-0.02,-0.05,0.03,-0.11,0.04
7857,-1.16,-0.02,0.05,0.03,-0.11,-0.07
7858,-1.36,-0.02,-0.05,-0.08,-0.00,-0.07
7859,-1.26,-0.13,-0.05,0.03,-0.11,0.04
7860,-1.16,-0.02,-0.05,-0.08,-0.11,-0.07
7861,-1.36,-0.02,-0.05,0.03,-0.11,-0.07
7862,-1.26,-0.02,-0.05,0.13,-0.00,-0.07
7863,-1.26,-0.13,-0.05,-0.08,-0.11,-0.07
7864,-1.26,-0.13,-0.16,-0.08,-0.11,-0.07
7865,-1.16,-0.02,-0.05,0.03,-0.11,-0.07
7866,-1.36,-0.13,-0.16,0.03,-0.11,0.04
7867,-1.16,0.08,-0.05,0.13,-0.00,0.04
7868,-1.26,-0.02,-0.05,0.13,-0.11,-0.07
7869,-1.26,-0.13,-0.05,0.03,-0.00,0.04
7870,-1.26,-0.13,-0.05,0.13,-0.11,0.04
7871,-1.16,0.08,-0.05,0.03,-0.11,0.04
7872,-1.26,-0.02,-0.05,-0.08,-0.00,-0.07
7873,-1.26,-0.02,-0.05,0.03,-0.11,0.04
7874,-1.26,-0.02,0.05,0.13,-0.11,0.04
7875,-1.16,-0.13,-0.05,0.03,-0.00,0.14
7876,-1.36,0.08,-0.05,0.03,-0.11,-0.17
7877,-1.26,-0.02,-0.16,0.03,-0.00,-0.07
7878,-1.16,-0.02,-0.05,-0.08,-0.00,-0.07
7879,-1.36,-0.13,-0.16,0.03,-0.00,-0.07
7880,-1.26,-0.13,-0.05,-0.08,-0.21,0.04
7881,-1.16,0.08,-0.05,0.03,-0.11,-0.07
7882,-1.36,-0.13,-0.05,0.03,-0.00,0.04
7883,-1.26,-0.02,-0.05,0.03,-0.21,-0.07
7884,-1.26,-0.02,-0.05,0.03,-0.11,0.04
7885,-1.26,-0.13,-0.05,0.13,-0.00,0.04
7886,-1.36,-0.02,0.05,0.03,-0.11,-0.07
7887,-1.26,-0.13,-0.16,0.03,-0.00,0.04
7888,-1.16,-0.02,-0.05,-0.08,-0.00,-0.07
7889,-1.26,-0.13,-0.05,0.03,0.10,-0.07
7890,-1.26,-0.02,-0.16,0.03,-0.11,-0.17
7891,-1.16,-0.02,-0.05,0.03,-0.00,0.04
7892,-1.26,-0.02,-0.05,0.03,-0.11,-0.07
7893,-1.16,-0.02,-0.05,0.03,-0.00,0.04
7894,-1.16,-0.02,-0.05,-0.08,-0.00,-0.07
7895,-1.26,-0.13,-0.05,0.03,-0.11,0.04
7896,-1.16,-0.13,0.05,-0.08,-0.00,-0.07
7897,-1.26,-0.02,-0.05,0.03,-0.00,0.04
7898,-1.36,-0.13,-0.05,0.13,-0.00,0.04
7899,-1.26,-0.02,0.05,0.03,-0.11,-0.07
7900,-1.26,-0.02,-0.05,0.03,-0.00,-0.07
7901,-1.26,-0.02,-0.16,0.03,-0.11,-0.07
7902,-1.16,0.08,-0.05,0.03,0.10,-0.17
7903,-1.16,-0.13,-0.05,0.13,-0.00,-0.07
7904,-1.16,-0.02,-0.05,0.13,-0.00,0.04
7905,-1.16,-0.13,-0.05,0.03,-0.11,0.04
7906,-1.16,-0.02,-0.05,0.03,-0.11,-0.07
7907,-1.16,-0.02,-0.05,0.13,-0.00,0.04
7908,-1.26,-0.13,-0.05,0.13,-0.00,0.04
7909,-1.26,-0.13,-0.05,0.03,-0.11,0.04
7910,-1.26,-0.02,-0.05,0.03,-0.21,0.04
7911,-1.26,-0.02,-0.05,0.03,-0.11,0.04
7912,-1.26,-0.13,-0.05,0.03,-0.00,-0.17
7913,-1.26,-0.13,-0.05,0.03,-0.11,-0.07
7914,-1.16,0.08,-0.05,-0.08,-0.11,0.04
7915,-1.16,-0.02,-0.16,0.13,0.10,-0.07
7916,-1.26,-0.02,-0.05,0.03,-0.00,-0.17
7917,-1.16,-0.02,-0.05,0.03,-0.00,0.04
7918,-1.26,-0.02,-0.05,-0.08,-0.11,-0.07
7919,-1.26,-0.13,-0.16,0.13,-0.00,0.04
7920,-1.26,-0.02,-0.05,-0.08,-0.00,0.04
7921,-1.26,0.08,-0.05,0.03,-0.21,-0.07
7922,-1.26,-0.02,-0.05,0.03,-0.11,-0.07
7923,-1.26,-0.02,-0.05,-0.08,-0.00,-0.07
7924,-1.26,-0.02,-0.16,0.03,-0.00,0.04
7925,-1.36,-0.02,-0.16,0.03,-0.11,0.04
7926,-1.26,-0.02,-0.05,0.03,-0.11,0.14
7927,-1.26,-0.02,0.05,-0.08,-0.00,-0.17
7928,-1.26,-0.13,-0.05,0.03,-0.00,0.04
7929,-1.26,-0.02,-0.05,-0.08,-0.00,-0.07
7930,-1.26,-0.02,-0.05,0.13,-0.11,-0.07
7931,-1.26,-0.02,-0.05,0.03,-0.00,-0.07
7932,-1.26,-0.02,-0.05,0.03,-0.11,-0.07
7933,-1.26,-0.02,-0.05,0.03,-0.11,0.04
7934,-1.36,-0.02,-0.05,-0.18,-0.11,-0.07
7935,-1.26,-0.02,-0.05,0.13,-0.11,0.04
7936,-1.16,-0.02,-0.05,0.13,-0.11,0.04
7937,-1.16,-0.02,-0.05,0.03,-0.11,0.04
7938,-1.26,-0.02,-0.05,0.13,-0.11,-0.07
7939,-1.26,-0.02,-0.05,-0.08,-0.11,-0.17
7940,-1.36,-0.13,-0.16,0.03,-0.00,0.04
7941,-1.16,-0.02,-0.05,0.03,-0.11,-0.07
7942,-1.26,-0.02,-0.05,0.03,-0.00,0.04
7943,-1.16,-0.02,-0.05,0.03,-0.11,0.04
7944,-1.16,-0.02,-0.05,-0.08,-0.11,-0.07
7945,-1.26,-0.02,-0.05,0.03,-0.00,0.04
7946,-1.26,-0.13,-0.05,0.03,-0.00,-0.07
7947,-1.26,-0.02,-0.05,0.03,-0.00,-0.07
7948,-1.26,-0.02,-0.05,0.03,-0.00,-0.07
7949,-1.26,0.08,-0.05,-0.08,-0.11,-0.07
7950,-1.26,-0.02,-0.05,-0.08,-0.11,-0.07
7951,-1.26,-0.02,-0.05,0.03,-0.11,0.04
7952,-1.26,-0.02,-0.16,0.13,0.10,0.14
7953,-1.16,-0.02,-0.05,0.03,-0.11,0.04
7954,-1.16,-0.02,-0.05,0.03,-0.11,-0.07
7955,-1.26,-0.02,-0.05,0.03,-0.11,-0.07
7956,-1.16,-0.02,-0.05,0.03,-0.00,-0.07
7957,-1.26,-0.02,-0.05,-0.08,-0.11,-0.07
7958,-1.26,-0.13,-0.05,-0.08,-0.11,0.14
7959,-1.26,-0.13,-0.05,-0.08,-0.11,-0.17
7960,-1.26,-0.02,-0.05,-0.08,-0.00,0.04
7961,-1.26,-0.02,-0.05,-0.08,-0.11,-0.07
7962,-1.36,-0.02,-0.05,-0.08,-0.00,0.04
7963,-1.26,-0.02,-0.05,0.13,-0.00,-0.07
7964,-1.26,-0.13,-0.05,-0.08,-0.11,-0.07
7965,-1.26,-0.02,-0.16,0.13,-0.11,-0.07
7966,-1.26,-0.02,0.05,-0.08,-0.11,-0.07
7967,-1.26,-0.13,-0.05,0.03,-0.11,0.04
7968,-1.26,-0.13,-0.05,0.03,-0.00,0.04
7969,-1.16,-0.02,-0.05,-0.08,-0.21,-0.07
7970,-1.26,-0.02,-0.05,0.03,-0.00,0.04
7971,-1.26,-0.02,-0.05,-0.08,-0.11,-0.07
7972,-1.26,-0.02,-0.05,0.13,-0.11,-0.07
7973,-1.26,-0.13,-0.05,0.13,-0.21,0.04
7974,-1.16,0.08,0.05,0.03,-0.00,0.04
7975,-1.16,-0.02,0.05,0.03,-0.11,-0.07
7976,-1.26,-0.13,-0.05,0.03,-0.11,-0.07
7977,-1.26,-0.02,-0.05,0.03,-0.11,-0.07
7978,-1.26,-0.02,-0.05,0.03,-0.11,-0.07
7979,-1.26,-0.13,-0.05,-0.08,-0.00,-0.17
7980,-1.26,-0.02,-0.05,0.03,-0.11,0.04
7981,-1.16,-0.02,-0.05,0.03,-0.00,0.04
7982,-1.26,-0.02,-0.05,-0.08,-0.11,-0.17
7983,-1.26,-0.13,-0.05,0.03,-0.00,-0.07
7984,-1.16,-0.13,-0.05,0.03,-0.11,0.04
7985,-1.16,-0.13,-0.05,0.13,-0.11,-0.07
7986,-1.26,0.08,-0.05,0.03,-0.21,0.04
7987,-1.26,0.08,-0.05,0.03,-0.11,0.04
7988,-1.26,-0.02,-0.05,-0.08,-0.11,-0.07
7989,-1.26,-0.02,-0.05,0.13,-0.00,-0.07
7990,-1.36,-0.13,-0.05,0.03,0.10,0.04
7991,-1.26,-0.13,-0.05,0.03,-0.11,-0.07
7992,-1.26,-0.02,-0.05,0.03,-0.00,0.04
7993,-1.36,-0.13,-0.16,0.03,-0.11,-0.07
7994,-1.16,-0.02,-0.05,0.03,-0.11,0.04
7995,-1.26,-0.02,-0.05,0.03,-0.00,-0.07
7996,-1.26,-0.02,-0.05,0.03,-0.00,-0.07
7997,-1.26,-0.02,-0.05,0.03,-0.11,0.04
7998,-1.26,-0.02,-0.05,0.13,-0.11,0.04
7999,-1.26,0.08,0.05,0.13,-0.11,-0.07
8000,-1.16,-0.02,-0.05,-0.18,-0.00,-0.07
8001,-1.26,-0.02,-0.05,0.03,0.10,-0.07
8002,-1.26,-0.02,-0.05,-0.08,-0.11,-0.17
8003,-1.36,-0.13,-0.05,0.03,0.21,-0.07
8004,-1.26,-0.02,-0.05,-0.08,-0.11,-0.07
8005,-1.26,-0.13,-0.05,0.03,-0.00,0.04
8006,-1.26,-0.02,-0.16,-0.08,-0.00,0.04
8007,-1.36,-0.02,-0.05,-0.08,-0.11,-0.07
8008,-1.26,-0.02,-0.05,-0.08,-0.11,0.04
8009,-1.26,-0.02,-0.05,0.03,-0.11,0.14
8010,-1.16,0.08,0.05,0.03,-0.11,-0.07
8011,-1.26,-0.02,-0.16,0.03,-0.00,0.04
8012,-1.36,-0.13,-0.16,0.03,-0.00,0.04
8013,-1.26,-0.02,-0.05,-0.08,-0.00,-0.07
8014,-1.26,-0.13,-0.05,0.13,-0.00,0.04
8015,-1.16,-0.02,-0.05,0.03,-0.11,0.04
8016,-1.26,-0.02,-0.05,0.13,-0.11,-0.07
8017,-1.26,-0.02,-0.05,0.03,0.10,0.04
8018,-1.16,-0.02,-0.05,0.03,-0.11,-0.07
8019,-1.26,-0.02,-0.05,0.03,-0.11,-0.07
8020,-1.26,-0.02,-0.05,-0.08,-0.11,0.04
8021,-1.16,-0.02,-0.05,0.03,-0.11,-0.07
8022,-1.26,-0.02,-0.05,0.03,-0.11,-0.07
8023,-1.26,-0.02,-0.05,0.03,-0.00,-0.07
8024,-1.26,-0.13,-0.05,0.03,-0.11,-0.07
8025,-1.26,0.08,-0.05,0.03,-0.11,-0.07
8026,-1.26,-0.02,-0.05,0.03,-0.11,-0.07
8027,-1.26,-0.02,-0.05,0.03,-0.21,-0.07
8028,-1.16,-0.02,-0.05,0.03,-0.11,0.04
8029,-1.16,-0.02,-0.05,-0.18,-0.11,-0.07
8030,-1.16,-0.02,-0.05,-0.08,-0.00,0.04
8031,-1.26,0.08,-0.05,0.03,-0.21,-0.17
8032,-1.26,-0.02,-0.05,0.03,-0.11,-0.07
8033,-1.16,-0.13,0.05,0.13,-0.00,-0.07
8034,-1.26,-0.02,-0.05,0.13,-0.11,0.04
8035,-1.26,-0.02,-0.05,0.03,-0.11,0.04
8036,-1.26,-0.13,-0.05,0.13,-0.11,0.04
8037,-1.16,-0.02,-0.05,0.03,-0.11,0.04
8038,-1.05,-0.02,-0.05,0.03,-0.21,-0.07
8039,-1.36,-0.02,-0.05,-0.08,-0.00,-0.07
8040,-1.26,-0.02,-0.05,-0.08,-0.11,0.14
8041,-1.26,-0.02,-0.05,0.03,-0.11,-0.07
8042,-1.26,-0.02,-0.05,0.13,-0.00,0.04
8043,-1.26,0.08,-0.05,-0.08,-0.11,-0.07
8044,-1.26,-0.02,-0.05,-0.08,-0.00,-0.07
8045,-1.16,-0.02,-0.05,0.03,-0.00,0.04
8046,-1.26,-0.02,-0.05,0.03,-0.11,-0.07
8047,-1.26,-0.13,-0.16,0.03,-0.00,-0.07
8048,-1.26,-0.02,-0.05,0.13,-0.00,0.04
8049,-1.36,-0.13,-0.05,0.03,-0.00,0.04
8050,-1.26,-0.02,-0.05,0.13,-0.11,0.04
8051,-1.16,0.08,-0.05,0.03,-0.11,-0.07
8052,-1.26,-0.02,-0.05,-0.08,-0.00,-0.07
8053,-1.26,-0.02,-0.05,0.03,-0.11,-0.07
8054,-1.26,-0.02,-0.05,0.03,-0.11,0.04
8055,-1.36,-0.13,0.05,0.03,-0.00,-0.07
8056,-1.36,-0.13,-0.05,0.13,-0.00,0.14
8057,-1.36,-0.13,-0.05,0.03,-0.00,0.04
8058,-1.26,-0.02,-0.05,0.03,-0.00,0.04
8059,-1.36,-0.13,-0.05,0.03,-0.11,0.04
8060,-1.26,-0.02,-0.05,0.03,-0.11,-0.07
8061,-1.16,-0.02,-0.05,0.03,-0.11,0.04
8062,-1.26,-0.02,-0.16,0.03,-0.11,0.04
8063,-1.26,-0.13,-0.05,0.03,-0.11,0.04
8064,-1.26,-0.13,-0.16,0.03,-0.00,0.14
8065,-1.26,-0.02,-0.05,0.13,-0.11,-0.07
8066,-1.26,-0.02,-0.05,0.03,-0.21,-0.07
8067,-1.26,0.08,-0.05,0.03,-0.11,-0.07
8068,-1.26,-0.02,-0.05,0.03,-0.11,0.04
8069,-1.26,-0.02,0.05,0.03,-0.11,-0.07
8070,-1.26,-0.13,-0.05,0.03,-0.00,-0.07
8071,-1.26,-0.02,0.05,0.03,-0.11,0.04
8072,-1.36,-0.13,-0.05,0.03,0.10,-0.07
8073,-1.16,-0.13,-0.16,0.03,-0.00,-0.17
8074,-1.36,-0.13,-0.05,0.03,-0.21,-0.07
8075,-1.16,-0.02,-0.16,-0.08,-0.11,-0.07
8076,-1.26,-0.13,-0.05,0.03,-0.00,-0.07
8077,-1.16,-0.13,-0.05,0.13,-0.00,-0.07
8078,-1.16,-0.02,-0.05,-0.08,-0.00,-0.07
8079,-1.26,-0.02,-0.05,0.13,-0.00,0.04
8080,-1.26,-0.13,-0.05,-0.08,-0.11,-0.17
8081,-1.16,-0.02,0.05,-0.08,-0.11,-0.07
8082,-1.36,-0.13,-0.16,0.03,-0.00,0.04
8083,-1.26,-0.13,-0.05,0.03,0.10,-0.07
8084,-1.36,-0.02,-0.05,0.03,-0.11,-0.17
8085,-1.36,-0.13,-0.16,0.03,0.10,-0.07
8086,-1.26,-0.23,-0.16,0.13,-0.00,0.04
8087,-1.16,-0.02,-0.05,0.03,-0.11,-0.07
8088,-1.16,0.08,-0.05,0.13,-0.00,0.04
8089,-1.26,-0.13,-0.05,0.03,0.10,-0.07
8090,-1.26,-0.02,-0.05,0.03,-0.00,0.04
8091,-1.26,-0.02,-0.05,0.13,-0.11,0.04
8092,-1.26,0.19,-0.05,0.03,-0.11,-0.07
8093,-1.26,-0.02,-0.05,0.03,-0.00,-0.17
8094,-1.36,-0.02,-0.05,0.03,-0.11,0.04
8095,-1.26,-0.13,-0.05,-0.18,-0.00,-0.17
8096,-1.36,-0.02,-0.16,0.03,-0.00,-0.17
8097,-1.26,-0.02,-0.05,-0.08,-0.11,-0.07
8098,-1.26,-0.02,-0.16,0.13,-0.00,-0.07
8100,-1.36,-0.13,-0.05,0.03,-0.11,-0.07
8100,-1.26,-0.02,-0.05,0.03,-0.00,-0.07
8101,-1.26,-0.02,-0.05,-0.08,-0.11,0.04
8102,-1.16,-0.02,-0.05,-0.08,-0.00,-0.07
8103,-1.36,-0.13,-0.16,0.03,0.10,0.04
8104,-1.26,-0.02,-0.05,0.03,-0.00,-0.07
8105,-1.26,-0.02,-0.05,0.03,-0.00,0.14
8106,-1.16,-0.02,-0.05,-0.08,-0.11,-0.07
8107,-1.26,-0.02,0.05,0.03,-0.00,-0.07
8108,-1.16,0.08,0.05,0.03,-0.11,0.04
8109,-1.16,-0.02,-0.05,-0.08,-0.00,-0.07
8110,-1.26,-0.02,-0.05,0.13,-0.11,0.04
8111,-1.36,-0.02,-0.16,0.03,-0.00,0.04
8112,-1.16,-0.13,-0.05,0.13,-0.11,-0.07
8113,-1.26,-0.13,-0.05,0.13,-0.00,-0.07
8114,-1.16,0.08,-0.05,0.03,-0.11,0.04
8115,-1.26,-0.02,-0.05,0.13,-0.00,-0.07
8116,-1.16,-0.02,-0.05,-0.08,-0.21,0.04
8117,-1.26,-0.13,-0.05,0.13,-0.11,0.14
8118,-1.26,-0.02,-0.05,0.03,-0.11,0.04
8119,-1.26,-0.02,-0.05,0.03,0.10,-0.07
8120,-1.26,-0.02,-0.05,0.03,-0.00,0.04
8121,-1.36,-0.13,-0.05,0.13,-0.00,-0.07
8122,-1.26,-0.13,-0.16,0.13,-0.11,0.04
8123,-1.16,-0.02,-0.05,0.13,-0.11,0.04
8124,-1.16,-0.02,0.05,0.03,-0.21,-0.07
8125,-1.26,-0.13,-0.05,-0.08,-0.00,-0.07
8126,-1.26,-0.02,0.05,-0.08,-0.11,-0.07
8127,-1.16,-0.02,-0.05,0.03,-0.00,-0.07
8128,-1.16,-0.13,-0.05,0.03,-0.00,-0.07
8129,-1.26,-0.02,-0.05,0.03,-0.11,0.04
8130,-1.26,-0.02,-0.05,-0.08,-0.00,-0.07
8131,-1.26,-0.02,-0.16,0.03,-0.00,0.04
8132,-1.26,-0.13,-0.05,-0.08,-0.11,-0.07
8133,-1.26,-0.02,0.05,0.13,-0.11,-0.07
8134,-1.26,-0.02,-0.05,0.03,-0.11,0.04
8135,-1.26,-0.02,-0.05,-0.08,-0.11,-0.07
8136,-1.16,-0.02,-0.05,0.03,-0.00,-0.17
8137,-1.26,-0.02,0.05,0.13,-0.00,0.04
8138,-1.26,-0.02,-0.16,-0.08,-0.00,0.04
8139,-1.16,-0.02,-0.05,-0.08,-0.21,-0.07
8140,-1.26,-0.13,-0.05,0.03,-0.00,-0.07
8141,-1.26,-0.02,-0.05,0.03,-0.11,-0.07
8142,-1.16,-0.02,-0.05,-0.08,-0.11,0.04
8143,-1.26,-0.02,-0.05,0.13,-0.11,-0.07
8144,-1.26,0.08,-0.05,-0.08,-0.21,-0.17
8145,-1.36,-0.02,-0.16,0.13,0.10,0.04
8146,-1.26,-0.02,0.05,-0.08,-0.00,0.04
8147,-1.26,-0.13,-0.05,0.03,-0.00,0.14
8148,-1.26,-0.13,-0.05,0.03,-0.00,-0.07
8149,-1.26,-0.13,-0.05,-0.08,-0.11,-0.07
8150,-1.26,-0.02,-0.05,0.03,-0.11,-0.07
8151,-1.36,-0.13,-0.05,0.03,-0.00,-0.07
8152,-1.26,-0.13,-0.05,0.03,-0.00,-0.07
8153,-1.16,-0.02,-0.05,0.03,-0.00,0.04
8154,-1.36,-0.13,-0.05,0.03,-0.11,0.04
8155,-1.26,-0.02,-0.05,0.03,-0.00,0.04
8156,-1.36,-0.02,-0.05,0.03,-0.00,0.04
8157,-1.16,-0.02,-0.16,0.03,-0.11,0.04
8158,-1.26,-0.02,-0.05,-0.08,-0.00,0.04
8159,-1.16,0.08,-0.05,0.13,-0.11,0.04
8160,-1.16,-0.02,-0.05,0.03,-0.00,0.04
8161,-1.26,-0.13,-0.05,0.13,-0.00,-0.07
8162,-1.36,-0.23,-0.05,0.03,-0.11,0.04
8163,-1.16,-0.02,-0.05,-0.08,-0.21,-0.07
8164,-1.16,0.08,0.05,0.03,-0.00,-0.07
8165,-1.26,-0.13,-0.05,0.13,-0.00,0.04
8166,-1.16,-0.02,-0.05,0.03,-0.00,0.04
8167,-1.36,-0.02,-0.05,0.03,-0.11,-0.17
8168,-1.26,0.08,-0.05,-0.08,-0.00,0.04
8169,-1.16,-0.02,-0.05,0.03,-0.11,-0.07
8170,-1.26,-0.02,-0.05,0.03,-0.21,-0.07
8171,-1.26,-0.13,-0.05,0.03,-0.00,0.14
8172,-1.26,-0.02,0.05,-0.08,-0.11,-0.07
8173,-1.26,-0.02,-0.05,0.13,-0.00,-0.07
8174,-1.36,-0.13,-0.05,-0.08,-0.11,-0.07
8175,-1.16,-0.02,-0.05,0.03,-0.00,-0.07
8176,-1.26,-0.13,-0.05,0.13,-0.00,-0.07
8177,-1.05,-0.02,-0.05,-0.08,-0.11,0.04
8178,-1.16,-0.13,0.05,0.03,-0.11,-0.07
8179,-1.26,-0.02,0.05,0.03,-0.21,-0.07
8180,-1.16,-0.13,0.05,-0.08,-0.00,-0.17
8181,-1.26,-0.13,-0.05,0.03,-0.11,0.04
8182,-1.26,-0.02,-0.16,0.03,-0.00,0.04
8183,-1.26,-0.02,-0.05,0.03,-0.00,0.04
8184,-1.26,-0.02,0.05,0.03,-0.11,-0.07
8185,-1.16,0.08,-0.05,0.03,-0.00,0.04
8186,-1.26,-0.02,-0.05,-0.08,-0.00,0.04
8187,-1.36,-0.13,-0.05,0.03,-0.11,0.04
8188,-1.16,0.08,0.05,-0.08,-0.11,-0.17
8189,-1.36,-0.02,-0.05,0.03,-0.00,0.04
8190,-1.16,0.08,-0.05,0.13,-0.00,0.04
8191,-1.26,-0.02,-0.05,0.03,-0.11,-0.07
8192,-1.36,0.08,-0.05,-0.08,-0.00,-0.17
8193,-1.16,0.08,0.05,0.03,-0.11,-0.07
8194,-1.26,-0.02,-0.05,0.13,-0.11,-0.17
8195,-1.26,-0.02,-0.05,0.03,-0.11,0.04
8196,-1.16,0.08,-0.05,-0.08,-0.11,-0.07
8197,-1.26,0.08,-0.16,0.03,0.10,0.04
8198,-1.16,-0.02,-0.05,0.03,-0.00,0.04
8199,-1.26,-0.13,-0.16,0.03,-0.00,0.04
8200,-1.26,-0.02,-0.05,0.03,-0.11,-0.17
8201,-1.26,-0.13,-0.05,-0.08,-0.21,-0.07
8202,-1.16,-0.02,-0.05,0.23,-0.00,0.04
8203,-1.26,-0.02,-0.05,0.03,-0.21,0.04
8204,-1.36,-0.02,-0.05,0.03,-0.00,-0.07
8205,-1.26,-0.02,-0.05,-0.08,-0.00,0.04
8206,-1.26,-0.02,-0.05,0.03,-0.00,0.04
8207,-1.26,-0.02,-0.05,0.03,-0.11,0.04
8208,-1.36,-0.13,-0.05,0.13,-0.21,0.04
8209,-1.26,-0.02,-0.05,0.03,-0.11,0.04
8210,-1.36,-0.13,-0.16,0.03,-0.00,0.04
8211,-1.26,-0.02,-0.05,0.03,-0.11,0.04
8212,-1.16,-0.02,-0.05,0.03,-0.11,0.04
8213,-1.16,0.08,-0.05,0.03,-0.21,-0.07
8214,-1.36,-0.13,-0.16,0.03,-0.11,0.04
8215,-1.26,-0.02,-0.05,0.03,-0.00,-0.07
8216,-1.16,-0.02,-0.05,-0.08,-0.11,0.04
8217,-1.26,-0.13,-0.05,0.03,-0.11,0.04
8218,-1.16,-0.02,-0.05,0.03,-0.00,0.04
8219,-1.26,-0.02,-0.05,0.03,-0.11,0.04
8220,-1.26,-0.02,-0.05,0.03,-0.11,0.04
8221,-1.16,-0.02,-0.05,0.03,-0.00,-0.17
8222,-1.26,-0.13,-0.05,0.03,-0.00,-0.17
8223,-1.26,-0.02,-0.05,0.03,-0.11,-0.17
8224,-1.16,-0.02,-0.05,-0.08,-0.11,-0.07
8225,-1.26,-0.13,-0.05,0.13,0.10,-0.07
8226,-1.16,-0.02,-0.05,0.13,-0.00,0.04
8227,-1.26,-0.02,-0.05,-0.08,-0.21,0.04
8228,-1.26,-0.13,-0.05,0.03,-0.00,0.04
8229,-1.26,-0.13,-0.05,0.03,-0.00,0.04
8230,-1.26,-0.13,-0.05,0.03,-0.00,-0.07
8231,-1.36,-0.02,-0.05,0.03,-0.21,-0.07
8232,-1.26,-0.02,-0.16,0.13,0.10,-0.07
8233,-1.16,0.08,-0.05,-0.08,-0.11,-0.07
8234,-1.26,-0.02,-0.05,0.13,-0.00,0.04
8235,-1.26,-0.02,-0.05,0.03,-0.00,0.04
8236,-1.26,0.08,-0.05,0.03,-0.00,-0.07
8237,-1.36,-0.02,-0.05,0.03,0.10,0.04
8238,-1.16,-0.02,0.05,0.03,-0.00,-0.07
8239,-1.26,-0.13,-0.05,-0.08,-0.11,-0.07
8240,-1.16,-0.02,-0.05,-0.08,-0.00,-0.07
8241,-1.26,-0.02,-0.05,0.03,-0.00,0.04
8242,-1.16,-0.02,-0.05,-0.08,-0.11,-0.07
8243,-1.16,-0.02,-0.05,0.03,0.10,0.14
8244,-1.26,0.08,-0.05,0.13,-0.11,-0.07
8245,-1.26,-0.02,-0.05,0.03,-0.11,0.04
8246,-1.26,0.08,-0.05,0.03,-0.11,-0.07
8247,-1.26,-0.02,-0.05,-0.08,0.10,0.04
8248,-1.36,-0.02,-0.05,0.13,-0.00,0.14
8249,-1.26,-0.13,-0.05,-0.08,-0.11,0.04
8250,-1.26,0.08,-0.05,0.03,-0.11,-0.07
8251,-1.26,-0.02,-0.05,0.13,-0.00,0.04
8252,-1.26,-0.02,-0.05,0.03,-0.11,-0.07
8253,-1.26,-0.02,-0.16,0.13,-0.00,-0.07
8254,-1.26,-0.13,-0.05,0.03,-0.00,0.04
8255,-1.16,-0.02,-0.05,-0.18,-0.21,-0.17
8256,-1.26,-0.02,-0.05,-0.08,-0.00,-0.07
8257,-1.26,-0.02,-0.05,-0.18,-0.11,-0.17
8258,-1.26,-0.02,-0.05,0.03,-0.21,-0.07
8259,-1.26,-0.13,-0.05,0.03,-0.11,0.04
8260,-1.26,-0.02,-0.05,-0.08,-0.11,-0.07
8261,-1.26,-0.13,0.05,0.03,-0.11,-0.07
8262,-1.16,-0.02,-0.05,0.03,-0.21,-0.07
8263,-1.26,-0.02,-0.05,0.13,-0.00,0.14
8264,-1.16,-0.02,0.05,-0.08,-0.11,-0.07
8265,-1.16,-0.02,-0.05,0.13,-0.11,-0.07
8266,-1.26,-0.13,-0.05,0.13,-0.11,-0.07
8267,-1.26,-0.13,-0.05,-0.08,-0.00,-0.07
8268,-1.26,-0.02,-0.05,-0.08,-0.11,-0.07
8269,-1.26,-0.02,-0.05,0.13,-0.00,0.04
8270,-1.26,0.08,-0.05,0.03,-0.11,-0.07
8271,-1.05,0.08,-0.05,0.03,-0.00,0.14
8272,-1.16,-0.02,0.05,0.03,-0.21,0.04
8273,-1.16,-0.02,-0.05,0.03,-0.11,-0.07
8274,-1.26,-0.13,-0.05,0.13,-0.11,0.04
8275,-1.26,-0.02,-0.05,0.13,-0.11,0.04
8276,-1.26,-0.02,-0.05,-0.08,-0.11,-0.07
8277,-1.16,0.08,-0.05,-0.08,-0.00,-0.07
8278,-1.26,-0.02,-0.05,0.03,-0.11,0.04
8279,-1.26,-0.02,-0.05,0.03,-0.00,-0.07
8280,-1.26,-0.02,-0.05,0.03,-0.11,-0.07
8281,-1.26,0.08,-0.05,0.13,-0.00,0.04
8282,-1.26,-0.02,-0.05,0.03,-0.00,-0.07
8283,-1.26,-0.13,-0.05,0.13,-0.00,0.04
8284,-1.36,-0.02,-0.05,0.13,0.10,-0.07
8285,-1.05,0.08,-0.05,0.13,-0.00,0.04
8286,-1.16,0.08,-0.05,-0.08,-0.11,-0.07
8287,-1.26,-0.02,-0.16,0.03,-0.11,0.04
8288,-1.26,-0.02,-0.05,0.03,-0.11,-0.07
8289,-1.26,-0.02,-0.05,0.03,-0.00,-0.17
8290,-1.36,-0.13,-0.05,0.03,-0.11,-0.07
8291,-1.26,-0.02,-0.05,-0.08,-0.11,-0.07
8292,-1.16,-0.02,-0.05,0.03,-0.00,-0.07
8293,-1.26,-0.02,-0.05,0.13,0.10,0.04
8294,-1.16,-0.02,-0.05,0.03,-0.00,-0.07
8295,-1.26,-0.13,-0.05,0.03,-0.11,-0.17
8296,-1.26,-0.02,-0.05,0.13,-0.11,0.04
8297,-1.16,-0.02,-0.05,0.03,-0.11,0.04
8298,-1.36,-0.13,-0.05,0.13,-0.00,0.04
8299,-1.26,-0.02,-0.05,-0.08,-0.21,-0.07
8300,-1.26,-0.02,0.05,-0.08,-0.21,-0.07
8301,-1.26,-0.02,-0.05,-0.08,-0.21,-0.07
8302,-1.26,-0.13,-0.05,0.13,-0.11,-0.07
8303,-1.26,-0.02,-0.05,0.03,-0.11,-0.07
8304,-1.26,-0.02,-0.05,0.03,-0.00,-0.07
8305,-1.26,-0.13,-0.16,0.03,-0.00,-0.17
8306,-1.26,-0.02,-0.05,0.03,-0.11,-0.07
8307,-1.26,-0.02,-0.05,0.03,-0.00,0.04
8308,-1.26,-0.13,-0.05,0.03,-0.11,-0.07
8309,-1.26,-0.02,-0.05,0.13,-0.11,-0.07
8310,-1.36,-0.13,-0.05,0.03,-0.11,0.04
8311,-1.26,-0.13,-0.05,0.03,-0.11,-0.07
8312,-1.36,-0.02,-0.05,0.03,-0.00,0.04
8313,-1.26,-0.13,-0.05,0.13,-0.21,0.04
8314,-1.36,-0.13,-0.05,-0.08,-0.11,-0.07
8315,-1.26,-0.13,-0.05,0.13,0.10,0.04
8316,-1.26,-0.02,-0.05,0.03,-0.11,0.04
8317,-1.26,-0.02,-0.05,0.03,-0.00,0.04
8318,-1.26,-0.02,-0.05,0.03,-0.11,-0.07
8319,-1.36,-0.13,-0.05,0.13,-0.00,0.04
8320,-1.26,-0.02,-0.16,0.03,-0.11,0.14
8321,-1.16,-0.02,-0.05,0.03,-0.21,-0.17
8322,-1.26,-0.13,-0.05,0.03,-0.00,-0.17
8323,-1.26,-0.02,-0.16,0.03,-0.11,0.04
8324,-1.26,-0.13,-0.05,0.03,-0.00,-0.07
8325,-1.26,-0.02,-0.05,0.03,-0.11,-0.07
8326,-1.16,-0.02,-0.05,0.13,-0.00,0.04
8327,-1.26,-0.02,-0.05,-0.08,-0.00,-0.07
8328,-1.26,-0.02,-0.05,0.03,-0.00,-0.07
8329,-1.36,-0.13,-0.05,0.03,-0.00,-0.07
8330,-1.16,-0.02,-0.05,0.13,-0.21,-0.07
8331,-1.26,-0.02,-0.16,-0.08,-0.11,-0.07
8332,-1.36,-0.13,-0.05,0.13,-0.00,-0.07
8333,-1.16,-0.02,-0.05,-0.08,-0.11,0.04
8334,-1.16,-0.02,-0.05,-0.08,-0.00,0.04
8335,-1.26,-0.13,0.05,0.03,-0.11,0.04
8336,-1.26,-0.02,-0.05,-0.08,-0.11,-0.07
8337,-1.26,0.08,-0.05,0.13,-0.00,0.14
8338,-1.26,-0.02,-0.05,0.03,-0.21,0.04
8339,-1.26,-0.02,-0.05,-0.08,-0.00,-0.07
8340,-1.16,-0.02,-0.16,-0.08,-0.21,-0.07
8341,-1.26,-0.02,0.05,0.03,-0.11,0.04
8342,-1.26,-0.02,-0.05,-0.08,-0.11,0.04
8343,-1.36,-0.02,-0.05,0.03,-0.00,-0.07
8344,-1.26,-0.02,-0.05,0.03,-0.00,-0.07
8345,-1.26,-0.02,-0.05,-0.08,-0.11,-0.07
8346,-1.26,-0.13,-0.05,-0.08,-0.21,-0.17
8347,-1.26,-0.02,-0.05,0.13,-0.00,-0.07
8348,-1.16,0.08,-0.05,0.03,-0.11,-0.17
8349,-1.26,0.08,-0.05,-0.08,-0.11,-0.07
8350,-1.16,-0.02,0.05,-0.08,-0.11,0.04
8351,-1.16,-0.02,-0.05,-0.08,-0.11,-0.07
8352,-1.26,-0.13,-0.05,-0.08,-0.00,-0.07
8614,-1.26,-0.02,-0.05,-0.08,-0.21,-0.07
8615,-1.26,-0.02,-0.05,0.03,-0.00,0.04
8616,-1.26,-0.13,-0.16,0.03,-0.11,0.04
8617,-1.16,-0.02,0.05,0.03,-0.21,-0.07
8618,-1.16,-0.02,-0.05,-0.08,-0.00,-0.07
8619,-1.26,-0.13,-0.05,0.03,-0.00,-0.07
8620,-1.26,-0.02,-0.05,-0.08,-0.21,-0.07
8621,-1.16,-0.02,-0.05,0.03,-0.11,0.04
8622,-1.26,-0.02,-0.05,0.03,0.10,0.04
8623,-1.16,-0.13,-0.05,0.03,-0.11,-0.07
8624,-1.26,-0.02,-0.05,-0.08,-0.11,-0.07
8625,-1.26,-0.02,-0.05,0.03,-0.11,-0.07
8626,-1.26,-0.23,-0.05,0.03,-0.00,0.14
8627,-1.16,-0.02,-0.05,0.13,-0.00,0.04
8628,-1.05,-0.02,-0.05,0.03,-0.11,-0.17
8629,-1.26,-0.02,-0.05,0.13,-0.00,-0.07
8630,-1.26,-0.13,-0.05,0.03,-0.00,-0.07
8631,-1.16,-0.02,-0.05,0.03,-0.11,-0.07
8632,-1.26,-0.02,-0.05,-0.08,0.10,0.04
8633,-1.16,-0.02,-0.05,-0.08,-0.21,-0.07
8634,-1.26,-0.13,-0.05,0.13,-0.00,0.04
8635,-1.26,-0.02,-0.05,-0.08,-0.00,0.04
8636,-1.26,-0.02,-0.16,-0.08,-0.21,-0.07
8637,-1.26,-0.02,-0.05,0.13,-0.00,0.04
8638,-1.26,-0.02,-0.05,0.03,-0.11,-0.07
8639,-1.36,-0.02,-0.05,0.03,-0.00,-0.07
8640,-1.16,-0.02,-0.05,0.03,0.10,0.04
8641,-1.26,-0.02,-0.05,-0.08,-0.31,-0.07
8642,-1.36,-0.13,-0.05,0.03,-0.11,-0.07
8643,-1.26,-0.02,-0.05,-0.08,-0.11,-0.17
8644,-1.26,0.08,-0.05,0.03,-0.00,-0.07
8645,-1.16,0.08,-0.05,0.13,-0.11,0.04
8646,-1.26,-0.13,-0.05,0.03,-0.11,-0.07
8647,-1.16,-0.13,0.05,0.03,-0.00,0.04
8648,-1.26,-0.02,-0.05,0.03,-0.11,-0.17
8649,-1.36,-0.13,-0.05,-0.08,-0.11,-0.07
8650,-1.16,-0.13,-0.05,-0.08,-0.11,-0.07
8651,-1.16,0.08,-0.05,0.13,-0.00,0.04
8652,-1.16,-0.13,-0.05,0.13,-0.11,-0.07
8653,-1.26,-0.02,-0.05,0.03,-0.11,-0.07
8654,-1.26,-0.02,-0.05,0.13,-0.21,-0.07
8655,-1.26,-0.13,-0.05,0.03,-0.11,-0.07
8656,-1.26,-0.02,-0.05,0.03,-0.11,0.04
8657,-1.26,-0.02,-0.05,0.03,-0.00,0.04
8658,-1.26,-0.13,-0.05,0.13,-0.00,0.04
8659,-1.16,0.08,-0.05,0.03,-0.00,-0.07
8660,-1.36,-0.02,-0.05,0.03,-0.11,-0.07
8661,-1.16,-0.02,-0.05,0.03,0.10,-0.07
8662,-1.26,-0.02,-0.05,0.03,-0.11,0.04
8663,-1.26,-0.02,-0.05,0.03,0.10,-0.07
8664,-1.36,-0.13,-0.05,0.03,-0.00,-0.07
8665,-1.16,0.08,-0.05,0.03,-0.00,0.04
8666,-1.26,-0.02,-0.05,0.03,-0.11,0.04
8667,-1.26,-0.13,-0.05,0.03,-0.11,-0.07
8668,-1.26,-0.02,-0.05,0.03,-0.11,0.04
8669,-1.26,-0.02,-0.16,0.03,0.10,0.04
8670,-1.16,-0.02,-0.05,-0.08,-0.11,0.04
8671,-1.26,-0.02,-0.05,0.03,-0.00,-0.07
8672,-1.16,0.08,-0.05,-0.08,-0.00,-0.17
8673,-1.26,-0.02,-0.16,0.13,-0.00,0.04
8674,-1.26,-0.02,-0.05,0.13,-0.00,0.04
8675,-1.16,-0.02,-0.05,0.03,-0.11,-0.07
8676,-1.26,-0.02,-0.05,0.03,-0.11,0.04
8677,-1.26,-0.02,-0.05,0.03,-0.00,0.04
8678,-1.36,-0.13,-0.16,-0.08,-0.21,-0.07
8679,-1.16,-0.02,0.05,0.03,-0.11,0.04
8680,-1.36,-0.13,-0.05,0.03,-0.00,0.04
8681,-1.26,0.08,-0.05,0.03,0.10,-0.07
8682,-1.26,-0.02,-0.16,0.03,-0.00,-0.07
8683,-1.26,-0.13,-0.05,-0.08,-0.11,0.04
8684,-1.26,-0.02,-0.05,0.03,-0.11,0.04
8685,-1.26,-0.02,-0.05,-0.08,-0.11,-0.17
8686,-1.36,-0.13,-0.05,0.03,-0.11,-0.07
8687,-1.16,-0.02,-0.05,0.03,-0.11,0.04
8688,-1.36,0.08,-0.05,-0.08,-0.21,-0.07
8689,-1.36,-0.13,-0.05,0.13,-0.00,0.04
8690,-1.26,-0.13,-0.16,0.03,-0.00,0.04
8691,-1.16,-0.02,-0.05,-0.08,-0.11,-0.07
8692,-1.26,-0.02,-0.05,-0.08,-0.00,0.04
8693,-1.26,-0.02,-0.05,0.13,-0.00,0.04
8694,-1.36,-0.13,-0.05,-0.08,-0.11,-0.07
8695,-1.16,0.08,-0.05,0.03,-0.11,0.04
8696,-1.26,-0.13,-0.05,0.03,-0.00,-0.07
8697,-1.26,-0.02,-0.05,0.13,-0.11,0.04
8698,-1.26,-0.02,-0.05,0.13,-0.00,0.04
8699,-1.26,-0.02,-0.05,0.03,-0.11,0.04
8700,-1.26,-0.13,0.05,0.03,-0.00,0.04
8701,-1.26,0.08,0.05,-0.08,-0.11,-0.07
8702,-1.26,-0.13,-0.05,0.03,-0.00,0.04
8703,-1.26,-0.02,-0.05,0.03,-0.00,-0.07
8704,-1.16,0.08,-0.05,-0.08,-0.21,-0.17
8705,-1.26,-0.02,-0.16,-0.08,-0.11,-0.28
8706,-1.16,-0.02,0.05,0.03,-0.00,-0.07
8707,-1.36,-0.13,-0.05,0.13,0.10,0.04
8708,-1.47,-0.13,-0.05,0.13,-0.00,0.04
8709,-1.26,-0.02,-0.05,0.03,-0.00,0.04
8710,-1.26,-0.02,-0.16,0.13,-0.11,-0.07
8711,-1.36,-0.13,-0.05,0.03,-0.00,0.04
8712,-1.26,-0.02,-0.05,0.13,-0.00,0.04
8713,-1.26,-0.02,-0.05,0.03,0.10,-0.07
8714,-1.16,0.08,-0.05,-0.08,-0.21,-0.07
8715,-1.26,-0.13,-0.05,0.03,0.10,-0.17
8716,-1.26,0.08,-0.05,0.03,-0.00,-0.07
8717,-1.26,-0.02,-0.05,0.03,-0.11,-0.07
8718,-1.26,-0.13,-0.05,0.03,-0.11,-0.17
8719,-1.16,0.08,-0.05,-0.08,-0.11,-0.07
8720,-1.16,0.08,-0.05,-0.08,-0.00,0.04
8721,-1.26,-0.02,-0.16,0.03,-0.00,0.04
8722,-1.26,-0.02,-0.16,0.03,-0.11,-0.07
8723,-1.36,-0.13,-0.05,-0.08,-0.11,0.04
8724,-1.16,0.08,0.05,0.03,-0.21,0.04
8725,-1.26,-0.02,-0.05,0.03,-0.00,-0.07
8726,-1.36,-0.23,-0.05,0.03,0.10,-0.07
8727,-1.26,0.08,-0.05,-0.08,-0.11,-0.07
8728,-1.16,0.08,-0.05,-0.08,-0.31,-0.07
8730,-1.26,-0.02,-0.05,0.03,-0.11,0.04
8730,-1.26,-0.13,-0.05,0.03,-0.11,-0.07
8731,-1.36,-0.13,-0.05,0.03,-0.00,0.04
8732,-1.16,-0.02,-0.05,0.13,-0.11,-0.17
8733,-1.26,-0.13,-0.05,-0.08,-0.11,-0.07
8734,-1.26,-0.02,-0.05,0.03,-0.00,0.04
8735,-1.16,-0.02,-0.05,0.03,-0.00,0.04
8736,-1.26,-0.02,-0.05,-0.08,-0.11,0.04
8737,-1.26,-0.13,-0.05,0.03,-0.11,-0.07
8738,-1.26,-0.13,-0.05,0.13,-0.00,-0.07
8739,-1.16,-0.02,-0.05,0.03,-0.11,-0.07
8740,-1.26,-0.02,-0.05,0.13,-0.00,0.04
8741,-1.16,0.08,-0.05,-0.08,-0.11,0.04
8742,-1.26,-0.02,-0.16,0.03,-0.00,0.24
8743,-1.26,-0.02,-0.05,0.03,-0.31,0.04
8744,-1.26,-0.13,-0.05,0.03,-0.00,-0.07
8745,-1.26,-0.02,-0.05,0.13,-0.11,0.14
8746,-1.26,-0.02,-0.16,0.13,-0.00,0.04
8747,-1.26,-0.02,-0.05,-0.18,-0.11,-0.07
8748,-1.16,-0.02,-0.05,-0.08,-0.00,-0.07
8749,-1.26,-0.02,-0.05,0.13,-0.11,-0.07
8750,-1.16,-0.02,-0.05,0.03,-0.00,0.04
8751,-1.26,-0.02,-0.05,0.03,-0.11,0.04
8752,-1.26,-0.02,-0.05,-0.08,-0.21,-0.07
8753,-1.26,-0.13,-0.05,0.03,0.10,0.04
8754,-1.16,-0.02,-0.05,-0.08,-0.11,0.04
8755,-1.26,0.08,-0.05,-0.18,-0.11,0.04
8756,-1.36,-0.13,-0.05,0.03,-0.11,0.04
8757,-1.26,-0.02,0.05,0.03,-0.00,0.04
8758,-1.16,-0.02,-0.05,-0.08,-0.11,-0.07
8759,-1.16,-0.02,0.05,0.03,-0.21,-0.17
8760,-1.16,0.08,0.05,-0.08,-0.31,-0.17
8761,-1.26,-0.13,-0.05,0.03,-0.11,-0.07
8762,-1.26,-0.02,-0.05,-0.08,-0.21,-0.07
8763,-1.36,-0.02,-0.05,0.03,-0.00,-0.07
8764,-1.26,0.08,-0.16,0.03,-0.11,0.04
8765,-1.26,-0.02,-0.05,0.03,-0.11,0.04
8766,-1.16,-0.02,-0.05,0.13,-0.11,0.04
8767,-1.26,-0.02,-0.05,0.03,-0.00,-0.07
8768,-1.26,-0.02,-0.16,-0.08,-0.11,-0.07
8769,-1.16,-0.02,-0.05,0.03,-0.11,-0.07
8770,-1.26,-0.13,-0.05,0.13,-0.00,0.04
8771,-1.16,-0.13,0.05,-0.08,0.10,0.04
8772,-1.26,-0.02,-0.05,0.03,-0.00,0.04
8773,-1.26,-0.13,-0.05,0.03,-0.11,-0.07
8774,-1.26,-0.02,-0.05,0.03,-0.00,0.04
9033,-1.26,-0.02,-0.05,0.03,-0.11,0.04
9034,-1.26,-0.02,-0.05,0.03,-0.21,0.04
9035,-1.16,-0.02,0.05,0.03,-0.00,-0.07
9036,-1.26,-0.02,-0.16,0.03,-0.00,0.04
9037,-1.26,-0.13,-0.05,-0.08,-0.00,0.04
9038,-1.26,0.08,-0.05,-0.18,-0.00,0.04
9039,-1.36,-0.02,-0.16,0.03,-0.11,0.14
9040,-1.16,0.08,-0.05,0.13,-0.11,0.04
9041,-1.26,0.08,-0.05,0.03,-0.11,0.04
9042,-1.16,-0.02,-0.05,0.03,-0.11,0.04
9043,-1.16,-0.02,-0.05,0.03,-0.11,-0.07
9044,-1.26,-0.02,-0.05,0.03,-0.00,0.14
9045,-1.16,0.08,0.05,-0.08,-0.11,-0.17
9046,-1.26,-0.02,-0.05,-0.08,-0.11,-0.07
9047,-1.26,-0.02,-0.16,0.13,-0.11,0.04
9048,-1.26,-0.13,-0.16,0.13,-0.00,0.04
9049,-1.26,-0.02,-0.05,0.13,-0.00,-0.07
9050,-1.26,-0.02,-0.05,0.13,-0.00,-0.07
9051,-1.16,-0.02,0.05,-0.08,-0.21,0.04
9052,-1.26,-0.02,-0.05,0.13,-0.00,0.04
9053,-1.26,-0.13,-0.05,0.03,-0.00,-0.07
9054,-1.26,-0.13,-0.05,0.03,-0.11,-0.07
9055,-1.16,0.08,-0.05,0.23,0.10,0.04
9056,-1.26,-0.02,-0.05,-0.08,-0.11,-0.07
9057,-1.36,-0.13,-0.16,0.03,-0.00,0.14
9058,-1.16,-0.02,-0.05,0.03,-0.11,-0.07
9059,-1.26,-0.13,-0.05,-0.08,-0.11,-0.07
9060,-1.36,-0.13,-0.05,0.03,-0.00,-0.07
9061,-1.26,-0.02,-0.05,0.03,-0.11,0.04
9062,-1.26,-0.02,-0.05,0.03,-0.00,0.04
9063,-1.16,-0.13,-0.05,0.03,-0.11,0.04
9064,-1.26,-0.13,-0.05,0.13,-0.11,0.04
9065,-1.16,-0.02,-0.05,0.13,0.10,0.04
9066,-1.26,-0.02,-0.16,0.13,-0.11,0.04
9067,-1.36,-0.13,-0.05,0.03,0.10,-0.17
9068,-1.26,-0.02,-0.05,0.03,-0.00,0.04
9069,-1.16,-0.02,-0.05,0.03,-0.11,0.04
9070,-1.26,-0.13,-0.05,0.03,-0.00,-0.07
9071,-1.26,-0.02,-0.16,0.13,-0.00,-0.07
9072,-1.26,-0.02,0.05,0.03,-0.11,0.04
9073,-1.16,-0.02,-0.05,0.13,-0.00,-0.07
9074,-1.26,-0.02,0.05,0.13,-0.00,0.04
9075,-1.16,0.08,-0.05,0.03,-0.11,-0.17
9076,-1.36,-0.13,-0.05,0.13,-0.00,0.14
9077,-1.26,-0.02,-0.05,0.03,-0.00,-0.07
9078,-1.16,0.08,-0.05,-0.08,-0.31,-0.07
9079,-1.26,-0.13,-0.05,0.03,-0.00,0.04
9080,-1.16,0.08,-0.05,-0.08,-0.11,-0.17
9081,-1.26,-0.02,-0.05,0.13,-0.00,0.14
9082,-1.36,-0.13,-0.05,-0.08,-0.00,0.04
9083,-1.16,-0.02,0.05,-0.08,-0.21,-0.07
9084,-1.26,-0.02,-0.05,0.13,-0.11,-0.07
9085,-1.16,0.08,-0.05,0.03,-0.21,-0.07
9086,-1.36,-0.13,-0.05,0.13,-0.00,0.04
9087,-1.26,-0.13,-0.05,0.03,-0.11,0.04
9088,-1.26,-0.02,-0.05,0.03,-0.11,-0.17
9089,-1.26,-0.02,-0.05,0.03,0.10,-0.07
9090,-1.16,-0.02,0.05,0.03,-0.11,-0.07
9091,-1.26,-0.02,-0.05,-0.08,-0.00,-0.07
9092,-1.16,0.08,-0.05,0.03,-0.11,-0.07
9093,-1.26,-0.02,-0.05,0.13,-0.11,0.04
9094,-1.26,-0.13,-0.05,0.13,-0.11,0.04
9095,-1.16,-0.13,-0.05,0.13,-0.00,0.04
9096,-1.16,-0.13,-0.05,0.03,-0.11,0.04
9097,-1.36,-0.02,-0.05,0.03,-0.00,-0.07
9098,-1.16,-0.02,0.05,0.13,-0.00,0.04
9099,-1.26,-0.02,-0.05,0.03,-0.11,0.04
9100,-1.26,-0.13,-0.05,0.03,-0.11,-0.07
9101,-1.26,-0.02,-0.05,-0.08,-0.11,0.04
9102,-1.16,-0.13,-0.05,-0.08,-0.00,-0.07
9103,-1.36,-0.02,-0.05,0.03,-0.00,0.14
9104,-1.26,0.08,-0.05,0.03,-0.00,-0.07
9105,-1.26,-0.02,-0.05,-0.08,-0.11,-0.07
9106,-1.36,-0.13,-0.05,0.03,-0.11,0.04
9107,-1.16,0.08,0.05,0.03,-0.11,-0.07
9108,-1.26,-0.02,-0.05,0.03,-0.21,-0.17
9109,-1.16,-0.02,-0.05,0.03,-0.11,0.04
9110,-1.36,-0.13,-0.16,0.13,0.10,0.04
9111,-1.26,-0.13,-0.05,0.03,-0.00,0.04
9112,-1.26,-0.13,0.05,0.03,-0.00,-0.07
9113,-1.16,-0.02,-0.05,0.03,-0.21,-0.28
9114,-1.26,-0.13,-0.05,0.03,-0.11,-0.07
9115,-1.26,-0.02,-0.05,0.13,-0.00,0.04
9116,-1.16,-0.02,-0.05,0.03,-0.11,0.04
9117,-1.26,-0.13,-0.05,0.13,-0.11,0.04
9118,-1.26,-0.02,-0.05,-0.08,-0.11,-0.07
9119,-1.26,-0.13,-0.05,0.03,-0.00,-0.17
9120,-1.36,-0.13,-0.05,0.03,-0.00,0.04
9121,-1.16,0.08,-0.05,-0.08,-0.11,-0.07
9122,-1.36,-0.13,-0.16,0.13,-0.00,0.04
9123,-1.26,-0.02,-0.05,-0.08,-0.00,0.04
9124,-1.26,0.08,0.05,-0.08,-0.11,0.04
9125,-1.26,-0.02,-0.16,0.03,-0.00,0.14
9126,-1.26,-0.02,-0.05,0.03,-0.11,0.04
9127,-1.16,-0.13,-0.05,0.03,-0.11,0.04
9128,-1.16,0.08,0.05,-0.08,-0.11,-0.17
9129,-1.26,-0.02,-0.05,0.03,-0.21,-0.07
9130,-1.16,-0.13,-0.05,0.03,-0.21,-0.07
9131,-1.26,-0.02,-0.05,0.03,-0.21,0.04
9132,-1.26,-0.02,-0.16,-0.18,-0.11,-0.17
9133,-1.16,0.08,0.05,-0.08,-0.21,-0.28
9134,-1.26,-0.02,-0.05,0.13,-0.11,0.04
9135,-1.26,-0.13,0.05,0.13,-0.11,0.04
9136,-1.16,-0.02,-0.05,0.03,-0.11,-0.07
9137,-1.36,-0.02,-0.05,0.13,-0.00,-0.07
9138,-1.26,-0.13,-0.05,-0.08,-0.00,-0.07
9139,-1.26,-0.02,-0.05,0.03,-0.11,-0.07
9140,-1.26,-0.02,-0.16,0.03,-0.00,0.14
9141,-1.16,-0.13,-0.05,0.03,-0.11,-0.07
9142,-1.26,-0.13,-0.05,-0.08,-0.00,-0.07
9143,-1.16,-0.02,-0.05,-0.08,-0.11,-0.07
9144,-1.26,-0.02,-0.05,0.03,-0.11,-0.07
9145,-1.26,-0.13,-0.05,-0.08,-0.11,-0.07
9146,-1.16,-0.02,-0.05,0.03,-0.00,0.04
9147,-1.26,0.08,-0.05,-0.08,-0.11,-0.17
9148,-1.26,-0.02,-0.05,0.03,-0.11,0.04
9149,-1.26,-0.13,-0.05,0.03,-0.11,0.04
9150,-1.26,-0.02,-0.05,0.03,-0.11,0.04
9151,-1.16,-0.02,-0.05,0.03,-0.11,-0.07
9152,-1.26,-0.02,-0.05,0.03,-0.11,0.04
9153,-1.26,-0.02,-0.05,-0.08,-0.00,-0.07
9154,-1.16,0.08,-0.05,-0.08,-0.21,-0.17
9155,-1.36,-0.13,-0.16,0.13,-0.00,0.04
9156,-1.16,-0.13,0.05,0.03,-0.11,-0.07
9157,-1.36,-0.13,-0.05,0.03,-0.11,0.04
9158,-1.16,-0.02,-0.16,0.03,-0.11,-0.07
9159,-1.26,0.08,-0.05,0.03,-0.11,-0.07
9160,-1.26,-0.13,-0.05,0.03,-0.00,0.04
9161,-1.16,-0.13,-0.05,0.03,-0.11,0.04
9162,-1.26,-0.13,-0.05,0.03,-0.00,-0.07
9163,-1.36,-0.13,-0.05,0.13,0.10,0.14
9164,-1.16,-0.13,0.05,0.03,-0.00,-0.07
9165,-1.16,-0.02,-0.05,-0.08,-0.11,-0.07
9166,-1.26,-0.13,-0.05,0.13,0.10,-0.07
9167,-1.26,-0.02,-0.05,-0.08,-0.00,0.04
9168,-1.26,-0.13,-0.05,0.03,-0.00,0.04
9169,-1.16,0.08,-0.05,-0.18,-0.11,-0.17
9170,-1.16,0.08,-0.05,0.03,-0.21,-0.07
9171,-1.26,-0.02,-0.05,-0.08,-0.11,0.04
9172,-1.16,-0.02,-0.05,-0.08,-0.11,-0.17
9173,-1.36,-0.13,-0.05,0.03,0.10,0.04
9174,-1.26,-0.02,-0.05,0.03,-0.11,0.04
9175,-1.36,-0.13,-0.05,0.13,-0.11,-0.07
9176,-1.36,-0.02,-0.05,0.03,-0.11,-0.07
9177,-1.26,-0.13,-0.16,0.13,-0.00,0.04
9178,-1.26,-0.02,-0.16,0.03,-0.00,0.04
9179,-1.16,-0.02,-0.16,-0.08,-0.11,0.04
9180,-1.16,0.19,0.05,-0.18,-0.21,-0.17
9181,-1.26,-0.02,-0.05,0.03,-0.11,0.04
9182,-1.26,-0.02,0.05,0.03,-0.21,-0.07
9183,-1.16,0.08,-0.05,-0.18,-0.11,-0.07
9184,-1.36,-0.13,-0.05,0.13,0.10,0.04
9185,-1.36,-0.23,-0.05,0.13,-0.00,0.04
9186,-1.16,-0.02,0.05,-0.08,-0.11,-0.17
9187,-1.16,-0.02,-0.05,0.03,-0.00,-0.07
9188,-1.16,0.19,-0.05,-0.18,-0.21,-0.07
9189,-1.05,-0.02,-0.05,0.03,-0.21,-0.07
9190,-1.36,-0.13,-0.16,0.13,0.10,0.14
9191,-1.26,-0.02,-0.05,-0.08,-0.11,-0.07
9192,-1.16,-0.02,0.05,0.03,-0.21,-0.07
9193,-1.26,-0.13,-0.16,0.03,-0.11,0.04
9194,-1.26,-0.02,-0.05,-0.08,-0.11,-0.28
9195,-1.26,-0.02,-0.16,0.03,-0.00,0.14
9196,-1.36,-0.13,-0.05,0.03,-0.11,-0.07
9197,-1.36,-0.13,-0.16,0.13,-0.11,0.14
9198,-1.26,-0.13,-0.16,0.03,-0.11,-0.07
9199,-1.26,-0.13,-0.05,0.03,-0.11,0.04
9200,-1.16,-0.02,-0.05,-0.08,-0.00,-0.07
9201,-1.26,-0.02,-0.05,-0.08,-0.11,-0.07
9202,-1.16,-0.02,-0.05,0.03,-0.21,-0.07
9203,-1.26,-0.13,-0.16,0.13,-0.11,0.04
9204,-1.26,-0.02,-0.05,0.03,-0.00,-0.07
9205,-1.26,-0.02,0.05,0.03,-0.00,-0.07
9206,-1.05,-0.02,0.05,-0.08,-0.21,-0.07
9207,-1.16,-0.02,-0.05,-0.08,-0.11,-0.17
9208,-1.16,-0.02,0.05,-0.18,-0.11,-0.17
9209,-1.36,-0.13,-0.05,0.13,0.10,0.04
9210,-1.36,-0.23,-0.05,0.13,0.10,0.04
9211,-1.36,-0.13,-0.16,0.13,0.10,0.04
9212,-1.26,-0.13,-0.05,0.03,-0.00,0.04
9213,-1.26,-0.02,0.05,-0.08,-0.11,-0.28
9214,-1.26,-0.02,-0.05,0.03,-0.00,0.04
9215,-1.36,-0.13,-0.05,0.13,-0.00,0.04
9216,-1.26,-0.02,-0.05,0.03,-0.11,0.14
9217,-1.16,0.08,-0.05,-0.08,-0.21,-0.17
9218,-1.26,-0.13,-0.05,0.13,-0.00,-0.07
9219,-1.26,-0.02,-0.16,-0.08,-0.11,0.04
9220,-1.26,-0.02,-0.05,-0.08,-0.00,-0.17
9221,-1.26,-0.02,-0.05,0.03,-0.11,0.04
9222,-1.26,-0.13,-0.16,0.13,-0.00,0.04
9223,-1.36,-0.13,-0.16,0.13,-0.00,0.04
9224,-1.16,0.08,-0.05,-0.08,-0.31,-0.17
9225,-1.36,-0.02,-0.16,0.13,-0.00,0.04
9226,-1.26,-0.13,-0.16,0.03,-0.00,-0.07
9227,-1.16,-0.02,-0.05,-0.18,-0.11,-0.07
9228,-1.26,-0.02,-0.16,0.03,0.10,-0.07
9229,-1.26,-0.13,-0.05,0.03,-0.00,-0.07
9230,-1.26,-0.02,-0.05,-0.08,-0.00,0.04
9231,-1.26,-0.02,-0.05,-0.08,-0.11,0.14
9232,-1.36,-0.13,0.05,0.13,-0.00,-0.07
9233,-1.36,-0.13,-0.16,0.13,-0.00,0.04
9234,-1.16,0.08,0.05,-0.08,-0.11,-0.17
9235,-1.16,-0.13,-0.05,-0.08,-0.11,-0.07
9236,-1.16,0.08,-0.05,-0.08,-0.11,-0.07
9237,-1.26,-0.13,-0.16,0.03,-0.00,0.04
9369,-1.16,-0.13,0.05,-0.08,-0.21,-0.07
9370,-1.26,-0.13,-0.05,0.13,-0.11,0.04
9371,-1.36,-0.13,-0.16,0.03,-0.00,0.04
9372,-1.36,-0.23,-0.16,0.03,-0.00,0.14
9373,-1.26,-0.02,-0.05,0.13,-0.11,-0.07
9374,-1.26,-0.13,-0.05,0.13,-0.00,-0.07
9375,-1.16,-0.02,-0.05,0.03,-0.11,-0.17
9376,-1.36,-0.13,-0.05,0.03,-0.00,0.14
9377,-1.16,-0.02,-0.05,0.03,-0.11,-0.07
9378,-1.26,-0.13,-0.05,0.03,-0.11,0.04
9379,-1.26,-0.02,-0.05,-0.08,-0.11,-0.07
9380,-1.05,0.08,0.05,-0.08,-0.21,-0.17
9381,-1.26,-0.02,-0.05,0.13,-0.00,0.04
9382,-1.16,0.08,-0.05,-0.08,-0.11,-0.07
9383,-1.26,-0.02,-0.05,0.03,-0.00,-0.07
9384,-1.36,-0.13,-0.05,0.03,-0.00,0.04
9385,-1.36,-0.13,-0.05,0.03,-0.11,-0.07
9386,-1.26,-0.13,-0.05,0.03,-0.00,0.04
9387,-1.36,-0.13,-0.05,0.03,-0.00,0.04
9388,-1.16,-0.13,-0.05,0.03,-0.21,-0.17
9389,-1.26,-0.02,-0.05,0.13,-0.11,-0.07
9390,-1.26,-0.13,0.05,-0.08,-0.11,0.04
9391,-1.26,-0.02,-0.05,0.03,-0.00,0.04
9392,-1.26,-0.02,-0.05,-0.08,-0.00,-0.17
9393,-1.26,-0.13,-0.16,0.13,-0.00,0.04
9394,-1.26,-0.02,-0.05,-0.08,-0.11,-0.07
9395,-1.26,-0.13,-0.05,0.13,-0.00,0.04
9396,-1.16,0.08,0.05,-0.08,-0.11,-0.07
9397,-1.36,-0.02,-0.16,0.03,0.10,0.04
9398,-1.26,-0.02,-0.05,0.03,-0.11,-0.17
9399,-1.36,-0.13,-0.05,0.03,-0.00,-0.07
9400,-1.36,-0.02,-0.05,0.03,-0.11,-0.07
9401,-1.26,-0.13,-0.05,0.13,-0.11,0.04
9402,-1.26,-0.02,-0.05,0.03,-0.21,-0.07
9403,-1.26,-0.02,-0.16,0.03,-0.11,0.14
9404,-1.26,-0.13,-0.05,0.03,-0.11,-0.07
9405,-1.26,-0.13,-0.05,0.03,-0.11,-0.07
9406,-1.16,-0.02,-0.05,0.03,-0.11,-0.17
9407,-1.26,-0.13,-0.05,0.03,-0.11,-0.07
9408,-1.26,-0.13,-0.05,0.03,-0.00,0.04
9409,-1.26,-0.02,-0.05,-0.18,-0.11,-0.17
9410,-1.26,-0.23,-0.05,0.03,-0.00,0.04
9411,-1.05,-0.02,-0.05,-0.08,-0.11,-0.07
9412,-1.26,-0.02,-0.16,0.03,-0.00,0.04
9413,-1.26,0.08,-0.05,-0.08,-0.21,-0.07
9414,-1.26,-0.02,-0.05,0.03,-0.11,0.04
9415,-1.36,-0.13,-0.05,-0.08,-0.11,0.04
9416,-1.16,-0.02,0.05,0.03,-0.11,-0.07
9417,-1.16,-0.02,-0.05,0.03,-0.11,0.04
9418,-1.26,-0.02,-0.05,0.03,-0.11,-0.07
9419,-1.36,-0.23,-0.05,0.13,-0.00,0.04
9420,-1.36,-0.13,-0.16,0.13,0.10,0.14
9421,-1.36,-0.13,-0.16,0.03,0.10,0.14
9422,-1.26,-0.02,-0.05,-0.08,-0.00,-0.07
9423,-1.36,-0.13,-0.05,0.03,-0.00,-0.07
9424,-1.36,-0.13,-0.05,0.03,-0.00,0.04
9425,-1.26,-0.13,-0.05,0.03,0.10,0.04
9426,-1.26,-0.02,-0.05,-0.08,-0.11,-0.07
9427,-1.26,-0.02,-0.05,0.03,-0.11,-0.07
9428,-1.26,-0.02,-0.05,0.13,-0.00,0.04
9429,-1.26,-0.02,-0.05,0.03,-0.21,-0.17
9430,-1.26,0.08,-0.05,-0.08,-0.21,-0.07
9431,-1.26,-0.02,0.05,0.03,-0.11,-0.07
9432,-1.26,-0.02,-0.05,0.03,-0.11,0.14
9433,-1.16,0.19,-0.05,-0.08,-0.31,-0.17
9434,-1.26,-0.13,0.05,0.03,-0.00,-0.17
9435,-1.26,-0.02,-0.05,0.13,-0.11,-0.07
9436,-1.26,-0.13,-0.05,0.03,-0.11,-0.07
9437,-1.16,-0.02,0.05,0.13,-0.11,0.04
9438,-1.26,-0.02,-0.16,0.03,-0.00,-0.07
9439,-1.16,-0.02,-0.05,0.03,-0.11,-0.07
9440,-1.26,0.08,-0.05,0.03,-0.11,-0.07
9441,-1.26,-0.23,-0.05,0.23,0.10,0.04
9442,-1.16,0.08,0.05,-0.08,-0.11,-0.07
9443,-1.36,-0.02,-0.05,0.03,-0.00,-0.07
9444,-1.16,-0.02,-0.05,0.13,-0.00,-0.07
9445,-1.36,-0.23,-0.05,0.03,-0.00,0.04
9446,-1.16,0.08,0.05,-0.08,-0.21,-0.07
9447,-1.36,-0.13,-0.05,0.13,-0.11,-0.07
9448,-1.16,-0.02,0.05,-0.08,-0.21,-0.17
9449,-1.16,0.08,-0.05,-0.18,-0.21,-0.17
9450,-1.26,-0.13,-0.05,0.03,-0.11,-0.07
9451,-1.36,-0.02,-0.16,0.13,-0.11,-0.07
9452,-1.26,-0.02,-0.05,0.03,-0.11,0.04
9453,-1.36,-0.13,-0.16,0.03,-0.00,0.24
9454,-1.26,-0.13,-0.05,0.03,-0.00,0.04
9455,-1.26,-0.13,-0.05,-0.08,-0.11,0.04
9456,-1.26,-0.02,-0.05,0.03,-0.00,0.04
9457,-1.16,-0.02,-0.05,0.03,-0.11,0.04
9458,-1.16,-0.02,0.05,0.13,-0.00,0.04
9459,-1.16,0.08,-0.05,0.03,-0.11,0.04
9460,-1.26,-0.13,-0.05,-0.08,-0.00,-0.17
9461,-1.26,0.08,-0.05,-0.08,-0.00,-0.07
9462,-1.26,-0.13,-0.05,-0.08,-0.00,0.04
9463,-1.26,-0.13,-0.05,0.03,0.10,0.14
9464,-1.16,0.08,-0.05,0.03,-0.11,-0.07
9465,-1.26,-0.02,-0.05,-0.08,-0.21,-0.07
9466,-1.16,0.08,-0.05,0.03,-0.21,-0.17
9467,-1.26,0.08,-0.05,0.03,-0.11,-0.17
9468,-1.36,-0.13,-0.05,0.13,-0.00,-0.07
9469,-1.26,-0.02,-0.05,0.03,-0.11,-0.17
9470,-1.26,-0.02,-0.05,0.13,-0.00,0.14
9471,-1.26,-0.13,-0.16,0.03,-0.00,0.14
9472,-1.16,0.08,-0.05,-0.08,-0.21,-0.07
9473,-1.26,-0.02,-0.05,0.03,-0.00,-0.07
9474,-1.16,0.08,-0.05,-0.08,-0.00,-0.07
9475,-1.26,-0.02,0.05,0.03,-0.00,0.04
9476,-1.26,-0.13,-0.16,0.13,-0.00,0.14
9477,-1.26,-0.13,0.05,0.03,-0.21,-0.07
9478,-1.16,-0.02,-0.05,0.03,-0.00,-0.07
9479,-1.16,0.08,0.05,-0.18,-0.11,-0.07
9480,-1.36,-0.13,-0.05,0.03,-0.00,0.04
9481,-1.26,0.08,0.05,-0.08,-0.21,-0.07
9482,-1.16,0.08,0.05,-0.08,-0.21,-0.17
9483,-1.05,0.08,-0.05,0.03,-0.21,-0.17
9484,-1.16,-0.02,0.05,0.03,-0.21,-0.17
9485,-1.47,-0.23,-0.16,0.13,-0.00,0.24
9486,-1.26,-0.02,-0.05,0.03,-0.21,-0.07
9487,-1.36,-0.23,-0.16,0.13,-0.00,0.14
9488,-1.36,-0.13,-0.05,0.03,-0.11,0.04
9489,-1.26,-0.02,-0.05,0.13,-0.11,-0.07
9490,-1.26,-0.02,-0.16,0.03,-0.00,-0.07
9491,-1.36,-0.13,-0.05,0.13,0.10,0.04
9492,-1.26,-0.13,-0.05,0.13,-0.00,-0.07
9493,-1.26,-0.02,-0.05,-0.08,-0.11,-0.07
9494,-1.26,-0.02,-0.05,0.13,-0.00,0.04
9495,-1.26,0.08,0.05,0.03,-0.11,0.04
9496,-1.26,-0.02,-0.05,0.03,-0.21,0.04
9497,-1.26,-0.02,-0.16,0.03,-0.11,0.04
9498,-1.26,-0.02,0.05,-0.08,-0.21,-0.07
9499,-1.05,0.19,0.05,-0.08,-0.31,-0.17
9500,-1.16,0.08,0.05,-0.08,-0.21,-0.07
9501,-1.05,-0.02,-0.05,-0.18,-0.11,-0.17
9502,-1.16,-0.02,-0.05,-0.08,-0.21,-0.07
9503,-1.26,-0.13,0.05,0.03,-0.00,-0.07
9504,-1.36,-0.02,-0.16,0.13,-0.00,0.14
9505,-1.16,0.08,-0.05,-0.08,-0.21,-0.17
9506,-1.26,-0.13,-0.16,0.03,-0.00,0.04
9507,-1.36,-0.23,-0.05,0.13,-0.00,0.04
9508,-1.26,-0.13,-0.05,0.13,0.10,0.04
9509,-1.36,-0.13,-0.05,0.03,-0.00,-0.07
9510,-1.26,-0.02,-0.05,-0.08,-0.00,-0.07
9511,-1.36,-0.13,-0.16,0.03,-0.11,0.04
9512,-1.36,-0.13,-0.05,0.03,-0.00,0.04
9513,-1.16,-0.02,0.05,-0.08,-0.21,-0.17
9514,-1.16,0.08,-0.05,-0.18,-0.21,-0.07
9515,-1.16,0.08,0.05,0.03,-0.11,-0.07
9516,-1.16,-0.02,-0.05,0.03,-0.21,-0.07
9517,-1.26,-0.02,-0.16,0.03,-0.00,-0.07
9518,-1.26,-0.23,-0.05,0.13,-0.00,0.04
9519,-1.26,-0.13,-0.05,0.13,0.10,-0.07
9520,-1.26,-0.02,-0.05,-0.08,-0.11,-0.07
9521,-1.16,0.08,-0.05,-0.08,-0.21,-0.17
9522,-1.05,0.08,-0.05,-0.08,-0.21,-0.28
9523,-1.16,-0.02,0.16,0.03,-0.00,-0.17
9524,-1.16,-0.02,0.05,-0.08,-0.21,-0.07
9525,-1.26,-0.02,0.05,0.03,-0.11,-0.07
9526,-1.16,-0.02,-0.05,0.03,-0.21,-0.07
9527,-1.26,-0.02,0.05,-0.08,-0.21,0.04
9528,-1.26,-0.02,-0.05,0.03,-0.00,0.04
9529,-1.26,-0.02,-0.05,0.03,-0.00,0.04
9530,-1.26,-0.13,-0.05,0.03,-0.00,0.04
9531,-1.16,0.08,-0.05,-0.08,-0.11,-0.17
9532,-1.26,-0.13,-0.05,0.03,-0.00,-0.07
9533,-1.26,-0.02,-0.05,0.03,-0.00,-0.17
9534,-1.36,-0.13,-0.05,0.13,-0.00,0.04
9535,-1.26,-0.02,-0.05,0.03,-0.00,0.04
9536,-1.36,-0.23,-0.05,0.13,-0.00,0.14
9537,-1.26,-0.02,-0.05,-0.08,-0.11,-0.07
9538,-1.26,-0.02,-0.05,-0.08,-0.00,-0.07
9539,-1.16,-0.02,0.05,-0.08,-0.11,-0.07
9540,-1.26,-0.13,-0.16,0.03,-0.00,-0.07
9541,-1.36,-0.13,-0.16,0.03,0.10,0.14
9542,-1.36,-0.13,-0.16,0.13,-0.00,0.04
9543,-1.36,-0.13,-0.05,0.13,-0.00,0.04
9544,-1.16,-0.02,-0.05,-0.08,-0.11,-0.17
9545,-1.26,-0.02,-0.05,0.03,0.10,0.04
9546,-1.05,-0.02,-0.05,-0.08,-0.11,-0.17
9547,-1.16,-0.02,-0.05,-0.08,-0.11,-0.17
9548,-1.36,-0.13,-0.16,0.13,-0.00,0.14
9549,-1.26,-0.02,-0.16,0.13,-0.11,0.14
9550,-1.26,-0.13,-0.16,0.03,-0.00,0.04
9551,-1.36,-0.02,-0.16,0.03,-0.00,-0.07
9552,-1.36,-0.13,-0.16,0.03,0.10,0.04
9553,-1.16,-0.02,-0.05,0.03,-0.00,-0.17
9554,-1.05,0.08,0.05,-0.08,-0.21,-0.17
9555,-1.26,-0.13,-0.05,0.03,-0.11,0.04
9556,-1.26,-0.13,-0.05,0.03,-0.11,0.04
9557,-1.36,-0.02,-0.16,0.03,-0.11,0.04
9558,-1.26,-0.13,-0.05,0.13,0.10,0.14
9559,-1.16,0.08,0.05,0.03,-0.11,-0.07
9560,-1.36,-0.02,-0.16,0.03,0.10,-0.07
9561,-1.26,-0.13,-0.05,0.13,-0.00,0.14
9562,-1.36,-0.13,-0.16,0.03,-0.00,0.04
9563,-1.26,-0.02,-0.16,0.03,-0.21,-0.07
9564,-1.16,-0.02,0.05,-0.18,-0.21,-0.17
9565,-1.26,-0.02,0.05,-0.08,-0.11,-0.07
9566,-1.16,-0.02,-0.05,0.03,-0.11,-0.17
9567,-1.36,-0.13,-0.05,0.03,0.10,-0.07
9568,-1.36,-0.13,-0.05,0.13,0.10,0.14
9569,-1.26,-0.13,-0.16,0.13,-0.00,0.04
9570,-1.26,0.08,-0.05,0.03,-0.11,-0.07
9571,-1.16,0.08,-0.05,-0.08,-0.21,-0.07
9572,-1.16,0.08,-0.05,0.03,-0.11,-0.07
9573,-1.16,-0.02,0.05,-0.08,-0.31,-0.07
9574,-1.16,0.08,-0.05,-0.08,-0.21,-0.07
9575,-1.05,-0.02,0.05,0.03,-0.21,-0.07
9576,-1.36,-0.13,-0.16,0.03,-0.00,0.14
9577,-1.16,0.08,0.16,-0.08,-0.21,-0.07
9578,-1.16,0.08,-0.05,0.03,-0.31,-0.17
9579,-1.26,-0.02,-0.05,0.03,-0.11,0.04
9580,-1.26,-0.02,0.05,-0.08,-0.21,-0.07
9581,-1.26,-0.13,-0.16,-0.08,-0.00,0.04
9582,-1.26,0.08,-0.16,0.03,-0.00,-0.07
9583,-1.16,0.08,-0.05,0.03,-0.11,0.04
9584,-1.26,-0.02,-0.05,0.03,-0.00,0.04
9585,-1.05,-0.02,0.05,-0.08,-0.21,-0.17
9586,-1.26,-0.02,-0.05,0.03,-0.11,-0.07
9587,-1.26,-0.02,-0.05,0.03,-0.11,-0.07
9588,-1.05,0.08,-0.05,0.03,-0.11,-0.07
9589,-1.36,-0.13,-0.05,0.03,-0.11,0.04
9590,-1.36,-0.02,-0.05,0.03,0.10,0.04
9591,-1.26,-0.02,-0.05,-0.18,-0.21,-0.17
9592,-1.26,-0.02,-0.16,0.03,-0.11,0.04
9593,-1.26,-0.02,-0.05,-0.18,-0.11,-0.07
9594,-1.26,-0.13,-0.05,0.03,-0.11,0.04
9595,-1.05,0.08,0.05,-0.18,-0.31,-0.17
9596,-1.26,-0.13,-0.05,-0.08,-0.11,-0.07
9597,-1.26,-0.02,-0.05,0.03,-0.21,-0.17
9598,-1.26,-0.02,-0.05,0.03,-0.00,0.04
9599,-1.26,-0.13,-0.05,0.03,-0.11,-0.07
9600,-1.36,-0.13,-0.05,0.03,0.10,-0.07
9601,-1.36,-0.13,-0.16,0.13,0.10,0.24
9602,-1.36,-0.13,-0.05,0.03,-0.00,-0.07
9603,-1.26,0.08,0.05,0.03,-0.21,-0.17
9604,-1.26,-0.02,-0.05,0.13,-0.00,0.04
9605,-1.16,0.08,-0.05,-0.18,-0.21,-0.17
9606,-1.26,-0.02,-0.05,0.13,-0.00,0.04
9607,-1.36,-0.13,-0.05,0.03,-0.00,0.14
9608,-1.26,-0.02,0.05,0.03,-0.21,-0.17
9609,-1.26,0.08,-0.05,0.03,-0.00,-0.07
9610,-1.36,-0.13,-0.05,0.03,-0.00,0.04
9611,-1.16,-0.02,-0.05,0.03,-0.21,-0.07
9612,-1.16,-0.02,-0.05,0.03,-0.11,-0.07
9613,-1.16,0.08,-0.05,-0.08,-0.21,-0.07
9614,-1.26,-0.13,-0.16,0.13,-0.00,0.14
9615,-1.16,-0.02,-0.05,-0.08,-0.21,-0.17
9616,-1.26,-0.13,-0.16,0.03,-0.11,0.04
9617,-1.16,-0.02,-0.05,-0.08,-0.00,-0.17
9618,-1.16,-0.02,-0.05,0.03,-0.00,-0.07
9619,-1.16,-0.02,-0.05,-0.08,-0.11,-0.07
9620,-1.26,-0.02,-0.16,-0.08,-0.00,-0.07
9621,-1.26,-0.13,-0.16,0.13,-0.00,0.14
9622,-1.16,-0.13,0.05,0.03,-0.00,-0.17
9827,-1.26,-0.13,-0.05,0.03,-0.31,-0.07
9828,-1.16,0.08,-0.16,0.03,-0.11,0.04
9829,-1.36,-0.13,-0.05,0.03,-0.11,-0.17
9830,-1.26,-0.13,-0.05,0.13,-0.00,0.04
9831,-1.16,0.08,-0.05,0.03,0.10,-0.07
9832,-1.36,-0.02,-0.05,-0.08,-0.11,0.04
9833,-1.26,-0.02,-0.05,0.03,-0.00,0.04
9834,-1.26,0.08,-0.05,0.03,-0.11,-0.07
9835,-1.36,-0.13,-0.05,0.03,0.10,0.04
9836,-1.36,-0.13,-0.16,0.03,-0.00,0.04
9837,-1.26,-0.02,-0.05,0.13,-0.11,0.04
9838,-1.36,-0.13,-0.05,0.03,-0.00,0.04
9839,-1.26,-0.13,-0.16,0.03,-0.00,0.04
9840,-1.16,-0.02,-0.05,0.03,-0.11,-0.07
9841,-1.26,-0.02,0.05,-0.08,-0.11,-0.17
9842,-1.26,-0.02,-0.16,0.03,-0.00,0.04
9843,-1.16,-0.02,-0.05,0.03,-0.00,0.04
9844,-1.47,-0.13,-0.16,0.13,-0.00,0.04
9845,-1.36,-0.13,-0.05,0.13,-0.00,0.04
9846,-1.26,-0.13,-0.16,0.23,0.10,0.04
9847,-1.26,-0.02,-0.16,-0.08,-0.00,0.04
9848,-1.16,-0.02,0.05,0.03,-0.11,-0.17
9849,-1.16,0.08,0.05,-0.08,-0.21,-0.07
9850,-1.16,-0.02,-0.05,0.13,-0.00,0.14
9851,-1.16,-0.02,-0.05,0.03,-0.11,-0.17
9852,-1.26,-0.13,-0.16,-0.08,-0.00,0.04
9853,-1.26,-0.02,-0.05,0.03,-0.00,0.04
9854,-1.26,-0.13,-0.05,0.03,-0.00,-0.07
9855,-1.16,-0.02,0.05,-0.08,-0.00,-0.07
9856,-1.26,-0.13,-0.05,0.03,-0.11,-0.07
9857,-1.26,-0.13,-0.05,0.03,-0.21,-0.17
9858,-1.47,-0.13,-0.16,0.03,0.10,0.04
9859,-1.16,-0.13,-0.05,0.03,-0.00,0.04
9860,-1.26,-0.13,-0.05,0.03,-0.00,0.04
9861,-1.26,-0.02,-0.05,0.13,-0.00,0.04
9863,-1.36,-0.02,-0.16,0.23,-0.00,0.04
9863,-1.16,-0.02,0.05,0.03,-0.21,-0.17
9864,-1.36,-0.13,-0.05,0.03,-0.21,0.04
9865,-1.26,-0.02,-0.05,-0.08,-0.21,-0.17
9866,-1.26,-0.02,-0.05,0.03,-0.11,-0.07
9867,-1.16,-0.02,-0.05,-0.08,-0.11,-0.17
9868,-1.36,-0.23,-0.16,0.13,0.10,0.14
9869,-1.26,-0.02,0.05,-0.08,-0.11,-0.07
9870,-1.36,-0.02,-0.05,0.03,-0.11,-0.07
9871,-1.26,-0.13,-0.05,0.03,-0.00,0.04
9872,-1.26,-0.13,0.05,0.03,-0.00,0.04
9873,-1.36,-0.02,-0.05,0.03,-0.21,-0.07
9874,-1.26,-0.13,-0.05,0.13,-0.00,-0.07
9875,-1.16,0.08,-0.05,0.03,-0.00,-0.17
9876,-1.26,-0.13,-0.05,0.03,-0.11,0.04
9877,-1.36,-0.23,-0.05,0.03,-0.11,0.04
9878,-1.26,-0.02,-0.05,0.03,-0.00,0.04
9879,-1.16,0.08,-0.05,0.03,-0.11,-0.07
9880,-1.26,0.08,-0.05,-0.08,-0.00,-0.07
9881,-1.36,-0.13,-0.16,0.13,-0.00,0.04
9882,-1.16,-0.02,0.05,0.03,-0.11,-0.07
9883,-1.26,-0.13,-0.05,-0.08,-0.21,-0.17
9884,-1.36,-0.13,-0.05,0.13,0.10,0.14
9885,-1.16,0.08,-0.05,0.03,-0.11,-0.07
9886,-1.26,-0.02,-0.16,0.03,-0.00,0.04
9887,-1.36,-0.13,-0.05,0.13,-0.00,-0.07
9888,-1.26,-0.13,-0.05,0.03,-0.11,-0.17
9889,-1.26,-0.02,-0.16,0.03,-0.00,-0.07
9890,-1.16,-0.02,-0.05,0.13,-0.00,-0.07
9891,-1.26,-0.02,-0.05,0.03,-0.11,-0.07
9892,-1.26,-0.13,-0.05,0.03,-0.00,0.14
9893,-1.26,-0.02,-0.05,0.03,-0.00,-0.17
9894,-1.26,-0.13,-0.05,-0.08,-0.00,-0.07
9895,-1.26,-0.02,-0.05,0.03,-0.11,0.04
9896,-1.26,-0.13,-0.05,0.13,-0.11,0.04
9897,-1.26,-0.02,-0.05,0.03,-0.11,0.14
9898,-1.26,-0.13,-0.05,0.03,-0.21,-0.07
9899,-1.26,-0.13,-0.16,-0.08,-0.00,0.04
9900,-1.36,-0.13,0.05,0.03,-0.00,0.04
9901,-1.36,-0.23,-0.05,0.03,0.10,0.04
9902,-1.26,-0.02,-0.16,0.03,-0.00,0.04
9903,-1.47,-0.13,-0.05,0.13,0.21,0.04
9904,-1.16,0.08,-0.05,0.03,-0.11,0.04
9905,-1.16,0.08,-0.05,-0.08,-0.21,-0.07
9906,-1.26,-0.13,-0.05,0.13,0.10,0.14
9907,-1.26,-0.13,-0.05,0.03,-0.11,-0.17
9908,-1.16,-0.02,-0.05,0.03,-0.11,-0.07
9909,-1.26,-0.13,-0.05,0.03,-0.11,0.04
9910,-1.26,-0.02,-0.05,0.03,-0.00,-0.07
9911,-1.36,-0.02,-0.05,0.13,-0.00,0.04
9912,-1.26,-0.02,-0.05,0.03,-0.11,-0.07
9913,-1.26,-0.02,-0.16,0.03,-0.00,0.04
9914,-1.36,-0.23,-0.05,0.13,0.10,0.04
9915,-1.26,-0.13,-0.05,0.03,-0.11,-0.07
9916,-1.36,-0.13,-0.16,0.13,-0.00,0.04
9917,-1.26,-0.02,-0.05,-0.08,-0.00,-0.17
9918,-1.36,-0.13,-0.05,0.03,-0.00,-0.07
9919,-1.16,0.08,-0.05,0.03,-0.11,0.04
9920,-1.26,-0.02,-0.05,0.23,-0.00,0.04
9921,-1.36,-0.02,-0.05,0.13,-0.00,0.04
9922,-1.26,-0.02,-0.05,0.03,-0.11,-0.07
9923,-1.36,-0.13,-0.05,0.03,0.10,-0.07
9924,-1.26,-0.02,-0.05,0.03,-0.00,-0.07
9925,-1.26,-0.13,-0.05,-0.08,-0.21,-0.07
9926,-1.26,-0.02,-0.05,0.03,-0.11,-0.07
9927,-1.26,-0.13,-0.05,-0.08,-0.11,0.04
9928,-1.26,-0.02,-0.05,0.03,-0.21,-0.17
9929,-1.36,-0.13,-0.05,0.03,-0.11,0.14
9930,-1.26,-0.02,-0.05,0.03,-0.00,-0.07
9931,-1.16,-0.02,-0.05,0.03,-0.00,0.04
9932,-1.26,-0.13,-0.16,0.03,-0.21,-0.07
9933,-1.26,0.08,-0.05,0.13,0.10,0.14
9934,-1.16,-0.02,-0.05,-0.08,-0.21,-0.17
9935,-1.36,-0.02,-0.16,0.03,0.10,0.14
9936,-1.26,-0.13,-0.16,0.03,-0.00,-0.07
9937,-1.26,-0.02,-0.05,0.03,-0.11,-0.07
9938,-1.16,-0.02,-0.05,0.03,-0.11,-0.07
9939,-1.26,-0.02,-0.05,0.03,-0.11,0.04
9940,-1.26,-0.13,-0.05,0.13,-0.11,-0.07
9941,-1.26,-0.02,-0.05,0.03,-0.00,-0.07
9942,-1.36,-0.02,-0.05,-0.08,-0.00,-0.07
9943,-1.26,-0.02,-0.05,0.03,0.10,-0.17
9944,-1.16,-0.02,-0.16,0.03,-0.11,-0.07
9945,-1.16,-0.02,0.05,0.03,-0.21,-0.17
9946,-1.36,-0.02,-0.05,0.03,-0.00,0.04
9947,-1.16,-0.13,0.05,0.03,-0.00,-0.07
9948,-1.26,-0.02,-0.05,0.13,-0.11,0.04
9949,-1.26,0.08,-0.05,-0.08,-0.21,0.04
9950,-1.36,-0.13,-0.05,0.03,-0.00,-0.07
9951,-1.26,0.08,-0.05,-0.08,-0.11,-0.07
9952,-1.36,-0.13,-0.16,0.13,-0.00,-0.07
9953,-1.36,-0.02,-0.05,0.03,-0.11,-0.07
9954,-1.36,-0.13,-0.05,0.03,-0.00,-0.07
9955,-1.26,0.08,-0.05,-0.08,-0.00,-0.17
9956,-1.26,-0.02,-0.05,0.13,-0.00,-0.07
9957,-1.26,-0.13,-0.05,0.03,-0.00,0.04
9958,-1.16,-0.02,-0.05,-0.18,-0.11,-0.17
9959,-1.36,-0.02,-0.05,0.13,-0.00,0.04
9960,-1.26,-0.02,-0.05,0.13,-0.00,0.04
9961,-1.26,-0.13,0.05,0.13,-0.11,0.04
9962,-1.26,-0.02,-0.05,-0.08,-0.00,0.04
9963,-1.36,-0.13,-0.16,0.03,0.10,0.04
9964,-1.26,-0.13,-0.05,-0.08,-0.11,-0.07
9965,-1.16,0.08,-0.05,0.03,-0.21,-0.07
9966,-1.16,-0.02,-0.05,0.03,-0.11,0.04
9967,-1.26,-0.02,-0.05,-0.08,-0.11,-0.07
9968,-1.16,-0.02,-0.05,0.13,-0.11,0.04
9969,-1.16,-0.02,-0.05,0.03,-0.21,-0.07
9970,-1.26,-0.02,0.05,0.13,-0.11,0.04
9971,-1.26,-0.13,-0.05,0.13,-0.11,0.14
9972,-1.16,-0.13,-0.05,0.03,-0.11,-0.07
9973,-1.16,0.08,0.05,-0.08,-0.21,-0.07
9975,-1.26,-0.02,-0.05,0.03,-0.11,-0.07
9975,-1.26,0.08,-0.05,-0.08,-0.31,-0.28
9976,-1.16,-0.02,-0.05,0.03,-0.11,0.04
9977,-1.16,0.08,-0.05,-0.08,-0.11,-0.17
9978,-1.26,-0.02,-0.05,0.03,-0.00,0.04
9979,-1.36,0.08,-0.05,0.03,-0.00,0.04
9980,-1.36,-0.13,-0.05,0.13,-0.00,-0.07
9981,-1.26,-0.02,0.05,0.03,-0.21,-0.17
9982,-1.16,-0.13,0.05,0.03,-0.00,-0.07
9983,-1.16,0.08,-0.05,0.03,-0.11,0.04
9984,-1.26,0.08,-0.16,-0.08,-0.11,-0.07
9985,-1.26,0.08,-0.05,0.03,-0.11,-0.07
9986,-1.36,-0.02,0.05,0.03,-0.00,0.04
9987,-1.36,-0.23,-0.05,0.03,0.10,0.04
9988,-1.16,-0.02,-0.05,-0.08,-0.11,-0.17
9989,-1.16,-0.13,0.05,0.03,-0.11,-0.07
9990,-1.16,-0.02,-0.05,0.03,-0.00,0.04
9991,-1.26,-0.02,-0.05,0.03,-0.11,-0.07
9992,-1.16,-0.02,-0.05,0.03,-0.11,0.04
9993,-1.26,-0.02,-0.05,-0.08,-0.11,-0.07
9994,-1.26,-0.02,-0.05,0.13,-0.11,-0.07
9995,-1.26,-0.02,-0.05,0.03,-0.11,-0.07
9996,-1.26,-0.02,-0.05,0.03,-0.00,0.04
9997,-1.36,-0.02,-0.05,0.03,-0.11,0.14
9998,-1.26,0.08,-0.05,0.03,-0.00,0.04
9999,-1.26,0.08,-0.05,0.03,-0.21,0.04
10000,-1.26,-0.02,-0.05,0.03,-0.11,-0.17
10001,-1.16,-0.02,0.05,-0.08,-0.21,-0.17
10002,-1.26,-0.13,-0.16,0.13,0.10,0.04
10003,-1.26,-0.02,0.05,-0.08,-0.11,-0.07
10004,-1.16,0.08,-0.05,0.03,-0.21,-0.17
10005,-1.36,-0.02,-0.16,0.13,-0.00,-0.07
10006,-1.36,-0.13,-0.05,0.13,0.10,0.04
10007,-1.26,-0.02,-0.16,0.03,-0.00,0.04
10008,-1.26,0.08,-0.05,0.03,-0.21,0.04
10009,-1.26,-0.02,-0.05,0.03,-0.11,0.04
10010,-1.26,-0.13,-0.16,0.03,-0.00,0.04
10011,-1.36,-0.02,-0.05,0.03,-0.11,-0.07
10012,-1.26,-0.02,-0.05,0.03,-0.11,0.04
10013,-1.26,-0.13,-0.05,0.03,-0.00,-0.07
10014,-1.36,-0.13,-0.05,-0.08,-0.11,-0.07
10015,-1.26,0.08,-0.05,-0.08,-0.21,-0.17
10016,-1.26,-0.02,-0.05,-0.08,-0.11,-0.07
10017,-1.26,-0.13,-0.05,0.03,-0.11,0.04
10018,-1.26,-0.02,-0.05,0.03,-0.11,0.04
10019,-1.16,-0.02,-0.05,-0.08,-0.21,-0.07
10020,-1.26,-0.13,-0.05,0.13,-0.00,0.04
10021,-1.16,-0.13,-0.05,0.03,-0.11,-0.07
10022,-1.36,-0.02,-0.05,-0.08,-0.11,0.04
10023,-1.26,-0.13,-0.05,0.03,-0.00,0.04
10024,-1.26,-0.02,-0.05,0.03,-0.11,-0.07
10025,-1.26,-0.13,-0.05,0.03,-0.00,0.04
10026,-1.16,-0.02,-0.05,-0.08,-0.00,-0.07
10027,-1.26,-0.02,-0.05,0.13,-0.11,0.04
10028,-1.26,-0.13,-0.05,0.03,-0.11,-0.07
10197,-1.26,-0.02,-0.05,-0.08,-0.21,0.04
10198,-1.26,-0.02,-0.16,0.03,-0.21,0.14
10199,-1.26,-0.02,-0.05,0.13,-0.00,0.04
10200,-1.26,-0.02,-0.05,0.03,-0.00,-0.07
10201,-1.26,-0.02,-0.05,0.03,-0.11,-0.07
10202,-1.26,-0.02,-0.05,-0.08,-0.11,-0.07
10203,-1.36,-0.23,-0.05,0.03,-0.11,-0.07
10204,-1.26,-0.02,-0.05,0.13,-0.11,-0.07
10205,-1.26,-0.02,-0.05,0.13,-0.00,-0.07
10206,-1.26,0.08,-0.05,0.03,-0.00,0.04
10207,-1.26,-0.13,-0.05,-0.08,-0.21,-0.17
10208,-1.36,-0.02,-0.16,0.03,-0.11,0.04
10209,-1.26,-0.02,-0.05,0.03,-0.00,-0.07
10210,-1.26,-0.02,-0.05,-0.08,-0.00,0.04
10211,-1.26,-0.13,-0.05,0.13,-0.11,0.04
10212,-1.26,-0.02,-0.05,0.13,-0.00,0.04
10213,-1.26,-0.13,-0.05,0.03,-0.00,-0.07
10214,-1.26,-0.02,-0.05,0.03,-0.21,0.04
10215,-1.47,-0.23,-0.05,0.03,-0.11,-0.07
10216,-1.36,-0.13,-0.05,0.13,-0.11,-0.07
10217,-1.36,-0.13,-0.05,0.03,-0.11,-0.07
10218,-1.26,-0.02,-0.05,-0.18,-0.21,-0.07
10219,-1.26,-0.13,-0.05,0.03,-0.11,-0.07
10220,-1.26,-0.13,-0.05,0.13,0.10,0.04
10221,-1.26,-0.13,0.05,-0.08,-0.11,0.04
10222,-1.16,-0.13,-0.05,0.03,-0.11,0.14
10223,-1.26,-0.13,-0.05,-0.08,-0.11,-0.07
10224,-1.16,-0.13,-0.05,0.03,0.10,0.04
10225,-1.26,-0.13,-0.05,0.13,-0.00,-0.07
10226,-1.36,-0.02,-0.05,0.03,-0.11,0.04
10227,-1.36,-0.02,-0.05,-0.08,-0.00,-0.07
10228,-1.16,-0.02,-0.05,0.03,-0.21,-0.07
10229,-1.26,-0.02,-0.05,0.13,-0.11,0.04
10230,-1.26,-0.13,-0.05,0.03,-0.21,0.04
10231,-1.36,-0.23,-0.05,0.13,-0.11,0.04
10232,-1.26,-0.02,-0.05,0.03,-0.00,0.04
10233,-1.16,-0.13,-0.05,-0.08,-0.21,-0.07
10234,-1.36,-0.13,-0.05,0.03,-0.00,-0.07
10235,-1.36,-0.02,-0.05,0.03,-0.00,0.04
10237,-1.26,0.08,-0.05,-0.08,-0.11,-0.07
10237,-1.26,-0.02,-0.05,-0.08,-0.00,-0.07
10238,-1.26,-0.02,-0.05,0.03,-0.00,0.04
10239,-1.26,-0.13,-0.05,-0.08,-0.11,-0.07
10240,-1.26,-0.02,0.05,-0.08,-0.11,-0.07
10241,-1.16,-0.02,-0.05,0.03,-0.11,-0.07
10242,-1.26,-0.13,-0.05,0.03,-0.11,-0.07
10243,-1.26,-0.02,-0.16,0.13,-0.00,-0.07
10244,-1.16,-0.02,-0.05,0.03,-0.00,0.04
10245,-1.26,-0.13,-0.05,0.03,-0.00,-0.07
10246,-1.26,-0.13,-0.05,0.13,-0.11,0.04
10247,-1.16,0.08,-0.05,0.13,-0.00,-0.07
10248,-1.16,-0.02,-0.05,0.03,-0.00,0.04
10249,-1.26,-0.13,-0.05,0.03,0.10,-0.07
10250,-1.26,-0.13,-0.05,0.03,-0.00,0.04
10251,-1.16,-0.02,0.05,0.03,-0.11,-0.07
10252,-1.36,-0.23,-0.05,0.03,-0.11,0.04
10253,-1.26,0.08,-0.05,0.03,-0.11,0.04
10254,-1.26,-0.02,0.05,0.03,-0.00,-0.07
10255,-1.26,-0.02,-0.05,0.03,-0.00,0.14
10256,-1.26,-0.02,0.05,0.03,-0.00,-0.17
10257,-1.26,-0.13,-0.05,0.03,-0.00,0.04
10258,-1.26,0.08,-0.05,0.03,-0.11,-0.07
10259,-1.26,-0.13,-0.05,0.13,-0.00,-0.07
10260,-1.26,-0.02,-0.05,0.03,-0.11,-0.07
10261,-1.26,-0.02,-0.05,0.13,-0.00,-0.07
10262,-1.26,-0.02,-0.05,-0.08,-0.00,0.04
10263,-1.16,-0.02,-0.05,-0.18,-0.11,-0.17
10264,-1.26,-0.02,-0.16,0.03,-0.11,0.04
10265,-1.16,-0.02,-0.16,0.13,-0.11,-0.07
10266,-1.26,-0.13,-0.05,-0.08,-0.11,-0.07
10267,-1.26,-0.13,-0.16,0.03,0.10,0.04
10268,-1.16,0.08,-0.05,0.03,0.10,-0.07
10269,-1.16,-0.02,0.05,-0.08,-0.11,-0.07
10270,-1.16,-0.02,-0.05,-0.08,-0.11,0.04
10271,-1.26,-0.02,-0.05,0.03,-0.11,0.04
10272,-1.26,-0.02,-0.05,0.03,-0.11,-0.07
10273,-1.26,-0.02,-0.05,0.03,-0.11,-0.07
10274,-1.26,-0.13,-0.05,0.13,-0.00,-0.07
10275,-1.26,-0.02,-0.05,0.03,-0.11,-0.07
10276,-1.26,-0.02,-0.05,0.03,-0.11,-0.07
10277,-1.26,-0.13,-0.05,-0.08,-0.11,0.04
10278,-1.26,-0.13,-0.05,0.03,-0.11,0.04
10279,-1.26,-0.02,0.05,-0.08,-0.11,-0.17
10280,-1.26,-0.02,-0.05,0.03,-0.11,0.04
10281,-1.26,-0.23,-0.05,0.03,-0.11,-0.07
10282,-1.16,-0.02,-0.16,0.03,-0.00,0.04
10283,-1.26,-0.02,-0.05,0.03,-0.00,0.04
10284,-1.16,-0.02,-0.05,0.13,-0.11,0.04
10285,-1.16,-0.02,-0.05,0.03,-0.11,0.04
10286,-1.16,0.08,0.05,0.03,-0.11,0.04
10287,-1.26,-0.02,-0.05,0.03,-0.11,0.04
10288,-1.26,-0.02,-0.05,0.13,-0.00,0.04
10289,-1.26,-0.02,0.05,-0.08,-0.21,0.04
10290,-1.26,-0.02,-0.05,0.03,-0.11,-0.07
10291,-1.26,-0.02,-0.05,0.03,-0.00,0.04
10292,-1.26,0.08,-0.05,0.13,-0.00,0.04
10293,-1.26,-0.02,-0.16,0.03,-0.11,-0.07
10294,-1.16,-0.02,-0.05,-0.08,-0.11,-0.17
10295,-1.16,-0.13,-0.05,0.03,-0.11,-0.07
10296,-1.36,-0.02,-0.05,0.03,-0.11,-0.07
10297,-1.36,-0.13,-0.05,0.13,0.10,0.04
10298,-1.26,-0.02,-0.05,0.03,-0.11,0.14
10299,-1.26,-0.02,-0.05,0.13,-0.00,0.04
10300,-1.16,0.08,0.05,0.03,-0.11,-0.07
10301,-1.16,-0.13,-0.05,0.03,-0.11,0.04
10302,-1.36,-0.13,-0.05,0.13,-0.00,-0.07
10303,-1.26,-0.02,-0.05,0.03,-0.11,-0.07
10304,-1.26,-0.13,-0.05,0.03,-0.00,0.04
10305,-1.16,-0.02,-0.05,0.03,-0.11,-0.17
10306,-1.16,-0.02,-0.05,-0.08,-0.11,-0.07
10307,-1.16,-0.02,-0.05,0.03,-0.11,-0.07
10308,-1.16,-0.02,-0.05,-0.08,-0.21,-0.07
10309,-1.36,-0.13,-0.05,0.03,-0.00,-0.07
10310,-1.16,-0.02,0.05,0.03,-0.11,-0.07
10311,-1.26,-0.13,-0.05,0.03,-0.11,-0.07
10312,-1.26,0.08,-0.05,0.03,-0.00,-0.07
10313,-1.26,-0.02,-0.05,0.03,-0.11,-0.17
10314,-1.36,-0.02,-0.05,0.13,0.10,0.04
10315,-1.26,-0.02,-0.05,-0.08,-0.21,-0.07
10316,-1.36,-0.13,-0.05,0.13,-0.00,0.04
10317,-1.26,-0.13,-0.05,-0.08,-0.11,-0.17
10318,-1.16,-0.13,-0.05,0.13,-0.11,-0.07
10319,-1.26,-0.13,-0.05,0.03,-0.21,-0.07
10320,-1.26,-0.02,-0.05,0.03,-0.11,-0.07
10321,-1.26,-0.13,-0.05,0.03,-0.11,0.04
10322,-1.26,-0.13,-0.05,0.03,-0.00,0.04
10323,-1.26,-0.13,-0.05,0.13,-0.11,-0.07
10324,-1.26,-0.02,-0.05,0.03,-0.11,0.14
10325,-1.26,-0.02,-0.05,0.03,-0.00,0.04
10326,-1.36,-0.13,-0.05,0.03,-0.00,0.04
10327,-1.26,-0.02,-0.16,-0.18,-0.00,0.04
10328,-1.26,-0.13,-0.05,0.03,-0.11,-0.07
10329,-1.16,-0.02,-0.05,-0.08,-0.11,-0.07
10330,-1.26,-0.13,-0.16,0.03,-0.00,0.04
10331,-1.26,-0.13,-0.05,0.03,-0.21,-0.07
10332,-1.26,-0.02,-0.05,0.03,-0.11,0.04
10333,-1.26,-0.02,-0.16,-0.08,-0.11,0.04
10334,-1.26,-0.13,-0.05,0.03,-0.11,-0.07
10335,-1.26,-0.02,-0.05,0.03,-0.11,-0.07
10336,-1.26,-0.02,-0.05,0.03,-0.11,-0.07
10337,-1.16,-0.02,-0.05,0.13,-0.00,0.04
10338,-1.26,-0.02,-0.05,0.03,-0.11,-0.07
10339,-1.26,0.08,-0.05,0.03,-0.11,0.04
10340,-1.26,-0.02,0.05,0.03,-0.00,0.04
10341,-1.26,-0.02,-0.05,0.03,-0.11,0.04
10342,-1.26,-0.02,-0.05,0.03,-0.11,-0.07
10343,-1.36,-0.02,-0.05,0.13,-0.00,0.04
10344,-1.26,-0.02,-0.05,0.03,-0.21,-0.17
10345,-1.36,-0.02,-0.05,0.03,-0.00,0.04
10346,-1.26,-0.02,-0.05,0.13,0.10,0.04
10347,-1.36,-0.13,-0.05,-0.08,-0.11,-0.17
10348,-1.16,0.08,-0.05,0.03,-0.00,-0.07
10349,-1.16,-0.02,-0.05,0.03,-0.11,-0.07
10350,-1.26,-0.13,-0.05,0.03,-0.00,-0.17
10351,-1.26,-0.02,-0.05,0.03,-0.00,-0.07
10352,-1.26,-0.02,-0.05,0.03,-0.00,0.04
10353,-1.16,-0.02,-0.05,0.03,-0.00,-0.07
10354,-1.26,-0.02,-0.05,0.23,-0.00,0.04
10355,-1.16,-0.02,-0.05,0.03,-0.11,-0.07
10356,-1.26,-0.13,-0.05,0.13,-0.11,-0.07
10357,-1.26,-0.02,-0.05,0.03,-0.11,0.04
10358,-1.36,-0.13,-0.16,0.13,0.10,-0.07
10359,-1.36,-0.02,-0.05,-0.08,-0.11,-0.07
10360,-1.26,-0.13,-0.05,-0.08,-0.11,-0.17
10361,-1.26,-0.13,-0.05,0.03,-0.00,-0.07
10362,-1.26,-0.02,0.05,0.03,-0.11,-0.07
10363,-1.26,0.08,-0.05,-0.08,-0.11,-0.07
10364,-1.26,-0.02,-0.05,0.03,-0.00,0.04
10365,-1.26,-0.02,0.05,0.03,-0.21,-0.07
10366,-1.26,-0.02,-0.05,0.03,-0.00,0.04
10367,-1.36,-0.02,-0.05,0.03,-0.11,0.04
10368,-1.26,0.08,-0.05,0.13,-0.11,0.04
10369,-1.26,-0.02,-0.05,-0.08,-0.11,-0.07
10370,-1.36,0.08,-0.05,0.03,-0.00,-0.07
10371,-1.16,-0.02,-0.05,0.03,-0.00,-0.07
10372,-1.26,0.08,0.05,0.03,-0.21,0.04
10373,-1.16,0.08,0.05,0.03,-0.00,0.04
10374,-1.36,-0.13,-0.05,0.13,-0.00,0.04
10375,-1.36,-0.02,-0.05,0.03,-0.21,-0.17
10376,-1.26,-0.13,-0.05,0.13,0.10,0.04
10377,-1.26,-0.02,-0.05,-0.08,-0.11,-0.07
10378,-1.16,-0.02,-0.05,0.13,-0.00,-0.07
10379,-1.16,-0.02,-0.05,0.03,-0.00,0.04
10380,-1.26,-0.02,-0.05,0.03,-0.11,-0.07
10381,-1.26,-0.13,-0.05,0.03,-0.21,-0.07
10382,-1.26,-0.02,0.05,0.03,-0.21,0.14
10383,-1.26,-0.02,-0.05,0.13,-0.00,0.04
10384,-1.26,-0.02,-0.05,0.03,-0.11,0.04
10385,-1.26,-0.02,-0.05,0.03,-0.00,0.04
10386,-1.05,-0.02,-0.05,0.03,-0.11,0.04
10387,-1.26,-0.02,-0.05,0.03,-0.00,0.04
10388,-1.26,-0.02,-0.05,0.03,-0.11,-0.07
10389,-1.26,0.08,-0.05,-0.08,-0.11,0.04
10390,-1.26,-0.02,-0.05,0.13,-0.11,0.04
10391,-1.16,-0.02,-0.05,0.13,-0.00,0.14
10392,-1.36,-0.13,-0.05,0.03,-0.11,-0.07
10393,-1.26,-0.13,-0.05,0.03,-0.00,0.04
10394,-1.26,-0.13,-0.05,0.03,-0.11,0.14
10395,-1.26,-0.02,-0.05,0.03,-0.11,0.04
10396,-1.36,-0.23,-0.05,0.13,-0.11,0.04
10397,-1.26,-0.02,-0.05,0.03,-0.11,-0.07
10398,-1.26,-0.02,-0.05,0.03,-0.00,0.04
10399,-1.26,-0.13,-0.05,0.03,-0.11,-0.07
10400,-1.26,-0.02,-0.05,0.03,-0.11,0.04
10401,-1.26,-0.13,-0.05,0.03,-0.00,-0.07
10402,-1.16,0.08,-0.05,-0.08,-0.21,-0.07
10403,-1.16,-0.02,-0.05,0.13,-0.21,0.04
10404,-1.26,-0.02,-0.05,0.13,-0.00,-0.17
10405,-1.26,-0.02,-0.05,0.03,-0.11,0.04
10406,-1.26,-0.02,-0.05,0.13,-0.00,0.04
10407,-1.26,-0.02,-0.05,0.03,0.10,-0.07
10408,-1.26,-0.13,-0.05,0.03,-0.11,-0.07
10409,-1.36,-0.23,-0.16,0.13,-0.11,0.14
10410,-1.26,-0.02,-0.05,-0.08,-0.11,-0.07
10411,-1.26,-0.02,-0.05,0.03,-0.11,-0.07
10412,-1.26,-0.02,-0.05,0.03,-0.11,0.04
10413,-1.36,-0.13,-0.05,0.03,-0.00,-0.07
10414,-1.26,-0.02,-0.05,-0.08,-0.00,-0.07
10415,-1.26,-0.02,0.05,0.03,-0.21,-0.07
10416,-1.26,-0.02,0.05,0.13,-0.00,0.04
10417,-1.16,0.08,-0.05,0.03,-0.00,0.04
10418,-1.26,-0.02,-0.05,-0.08,-0.21,-0.07
10419,-1.26,-0.02,-0.05,0.03,-0.11,-0.07
10420,-1.26,-0.13,-0.05,0.03,-0.11,0.04
10421,-1.26,-0.02,-0.05,-0.08,-0.21,-0.07
10422,-1.26,-0.13,-0.05,0.03,-0.00,-0.07
10423,-1.16,-0.02,-0.05,0.03,-0.00,-0.07
10424,-1.26,-0.13,-0.05,-0.08,-0.11,-0.07
10425,-1.16,0.08,-0.05,0.03,-0.21,0.04
10426,-1.26,-0.02,-0.05,0.03,-0.11,0.04
10427,-1.16,-0.02,-0.05,-0.08,-0.11,-0.07
10428,-1.26,0.08,-0.05,0.03,-0.00,-0.07
10429,-1.26,-0.13,-0.05,0.13,-0.00,0.04
10430,-1.26,-0.02,-0.05,0.03,-0.11,0.04
10431,-1.26,-0.13,-0.05,-0.08,-0.11,-0.07
10432,-1.26,0.08,-0.05,0.13,-0.00,-0.07
10433,-1.26,-0.13,-0.05,-0.08,-0.00,0.04
10434,-1.26,-0.13,-0.05,0.13,-0.11,-0.07
10435,-1.26,-0.02,-0.16,0.13,-0.00,0.04
10436,-1.36,-0.13,-0.05,-0.08,-0.00,0.04
10437,-1.26,-0.13,0.05,-0.08,-0.11,-0.07
10438,-1.26,-0.02,-0.05,0.13,-0.00,0.04
10439,-1.26,-0.02,-0.05,0.03,-0.11,-0.07
10440,-1.26,-0.02,-0.05,-0.08,-0.11,-0.07
10441,-1.26,-0.02,-0.05,0.03,-0.21,-0.17
10442,-1.26,-0.02,-0.16,0.03,-0.11,0.04
10443,-1.16,-0.02,-0.05,-0.08,-0.11,0.04
10444,-1.16,-0.02,-0.05,0.03,-0.00,0.04
10445,-1.36,-0.02,-0.05,0.03,-0.11,-0.07
10446,-1.36,-0.13,-0.05,0.03,-0.00,-0.07
10447,-1.16,-0.02,-0.05,-0.08,-0.00,0.04
10448,-1.16,-0.13,-0.05,0.13,0.10,0.04
10449,-1.26,-0.02,0.05,0.03,-0.00,-0.07
10450,-1.26,-0.02,0.05,-0.08,-0.11,-0.07
10451,-1.16,-0.02,-0.05,0.03,-0.21,0.04
10452,-1.36,-0.02,-0.05,0.03,-0.21,-0.07
10453,-1.26,-0.02,-0.05,-0.08,-0.11,-0.07
10454,-1.36,-0.13,-0.05,0.13,-0.00,-0.07
10455,-1.26,-0.02,-0.05,-0.08,-0.11,0.14
10456,-1.26,-0.02,-0.05,-0.08,-0.11,-0.07
10457,-1.26,-0.13,-0.05,0.03,0.10,0.04
10458,-1.26,-0.02,0.05,-0.08,-0.11,-0.17
10459,-1.26,-0.13,-0.05,0.03,-0.11,-0.07
10460,-1.26,-0.02,-0.05,0.13,-0.00,0.04
10461,-1.05,-0.13,-0.05,-0.08,-0.21,0.04
10462,-1.26,-0.02,-0.05,-0.08,-0.11,0.04
10463,-1.26,-0.13,-0.05,-0.08,-0.00,-0.17
10464,-1.16,-0.13,-0.05,0.03,-0.11,-0.07
10465,-1.26,-0.13,-0.16,0.03,-0.11,0.04
10466,-1.26,0.08,-0.05,0.13,-0.11,-0.07
10467,-1.36,-0.02,-0.05,0.03,-0.00,-0.07
10468,-1.26,-0.13,-0.05,0.03,-0.11,0.04
10469,-1.26,-0.02,0.05,0.03,-0.00,0.04
10470,-1.16,-0.02,-0.05,-0.08,-0.00,-0.17
10471,-1.26,-0.02,-0.05,0.03,-0.00,0.04
10472,-1.26,-0.13,-0.05,0.03,-0.11,-0.07
10473,-1.26,-0.13,0.05,-0.08,-0.11,0.04
10474,-1.26,-0.13,-0.05,0.03,-0.11,-0.07
10475,-1.26,-0.13,-0.05,0.13,-0.21,0.04
10476,-1.26,-0.13,-0.05,0.03,-0.00,-0.07
10477,-1.26,-0.02,-0.05,0.03,-0.11,-0.07
10478,-1.26,-0.02,-0.16,0.03,-0.00,-0.07
10479,-1.26,-0.13,-0.05,0.03,-0.11,-0.17
10480,-1.26,-0.02,-0.05,-0.08,-0.11,0.04
10481,-1.26,-0.02,-0.05,0.03,-0.11,-0.07
10482,-1.26,-0.02,-0.05,-0.08,-0.11,-0.07
10483,-1.26,-0.02,-0.05,-0.08,-0.11,-0.07
10484,-1.36,-0.02,-0.05,0.03,-0.11,0.04
10485,-1.26,-0.02,-0.05,0.13,-0.00,0.04
10486,-1.26,-0.02,-0.05,0.03,-0.00,0.04
10487,-1.26,0.08,-0.05,-0.08,-0.21,-0.07
10488,-1.26,-0.13,0.05,0.03,-0.11,0.04
10489,-1.26,-0.02,-0.05,0.03,-0.11,0.04
10490,-1.26,-0.02,-0.16,0.03,-0.00,0.14
10491,-1.26,-0.13,-0.05,0.13,0.21,-0.07
10492,-1.16,-0.02,-0.05,0.03,-0.21,-0.17
10493,-1.26,-0.02,-0.05,-0.18,-0.11,-0.07
10494,-1.26,-0.02,-0.05,0.03,-0.00,0.04
10495,-1.36,-0.13,-0.05,0.03,-0.11,0.04
10496,-1.26,-0.02,-0.05,-0.08,-0.11,-0.07
10497,-1.26,-0.02,-0.05,0.03,-0.00,-0.07
10498,-1.16,-0.02,-0.05,-0.08,-0.21,-0.07
10499,-1.26,-0.02,-0.05,0.03,-0.11,0.04
10500,-1.26,-0.02,-0.05,0.13,-0.11,0.04
10501,-1.26,-0.02,-0.05,0.03,-0.11,0.04
10502,-1.36,-0.13,-0.05,0.03,-0.00,0.04
10503,-1.26,-0.02,-0.05,0.03,-0.00,-0.07
10504,-1.36,-0.13,-0.05,-0.08,-0.00,-0.07
10505,-1.16,-0.02,-0.05,0.03,-0.00,-0.07
10506,-1.36,-0.13,-0.05,0.13,-0.00,0.04
10507,-1.26,-0.02,-0.05,0.03,-0.11,-0.17
10508,-1.26,-0.13,-0.05,0.13,-0.00,0.04
10509,-1.36,-0.02,-0.05,0.03,-0.11,0.04
10510,-1.26,-0.13,-0.05,0.13,-0.11,0.14
10511,-1.26,-0.02,-0.05,0.03,-0.00,-0.07
10512,-1.26,-0.02,0.05,0.03,-0.00,0.04
10513,-1.26,-0.13,-0.05,-0.08,-0.00,-0.07
10514,-1.36,-0.02,-0.16,0.03,-0.00,0.04
10515,-1.16,-0.13,-0.05,0.03,-0.00,0.04
10516,-1.26,-0.02,-0.05,0.03,-0.00,-0.07
10517,-1.26,-0.13,-0.05,0.03,-0.21,-0.07
10518,-1.26,-0.13,-0.05,0.03,-0.11,0.04
10519,-1.26,-0.02,0.05,-0.08,-0.11,-0.07
10520,-1.26,-0.13,-0.05,0.03,-0.11,0.04
10521,-1.26,-0.13,-0.05,0.03,-0.11,0.04
10522,-1.26,-0.02,-0.05,-0.08,-0.21,-0.17
10523,-1.36,-0.02,-0.05,0.13,0.10,0.04
10524,-1.26,-0.13,-0.05,0.03,-0.00,0.14
10525,-1.26,-0.02,-0.05,-0.08,-0.11,-0.17
10526,-1.16,-0.02,-0.05,0.03,0.10,0.04
10527,-1.26,-0.13,-0.05,0.03,-0.11,0.04
10528,-1.16,-0.02,-0.05,0.03,-0.11,0.04
10529,-1.26,-0.13,-0.05,0.03,-0.21,-0.07
10530,-1.26,-0.02,-0.05,0.03,-0.00,-0.07
10531,-1.26,0.08,-0.05,0.03,-0.21,-0.17
10532,-1.36,-0.02,-0.05,0.03,-0.11,0.04
10533,-1.16,-0.13,-0.05,0.03,-0.00,-0.07
10534,-1.26,-0.13,-0.05,-0.08,-0.11,0.04
10535,-1.26,-0.02,-0.05,0.03,-0.21,0.04
10536,-1.26,-0.02,-0.05,0.03,-0.11,0.04
10538,-1.26,-0.02,-0.05,0.13,-0.00,-0.07
10538,-1.16,0.08,-0.05,0.13,-0.21,-0.07
10539,-1.26,-0.13,-0.16,0.03,-0.11,0.04
10540,-1.26,-0.02,-0.16,0.03,-0.00,0.04
10541,-1.26,-0.02,-0.05,0.03,-0.11,-0.07
10542,-1.26,0.08,-0.05,0.03,-0.00,0.04
10543,-1.16,-0.02,-0.05,-0.08,-0.21,-0.17
10544,-1.26,-0.02,-0.05,-0.08,-0.11,-0.07
10545,-1.26,-0.02,-0.16,0.03,-0.00,0.04
10546,-1.26,-0.02,-0.05,0.13,-0.00,-0.07
10547,-1.26,-0.02,-0.05,0.03,-0.00,-0.07
10548,-1.16,-0.02,-0.05,0.03,-0.11,-0.07
10549,-1.26,-0.02,-0.05,0.03,-0.00,0.04
10550,-1.26,0.08,-0.05,-0.08,-0.11,-0.07
10551,-1.16,-0.02,-0.05,-0.08,-0.21,-0.07
10552,-1.26,-0.02,-0.16,-0.08,-0.21,-0.17
10553,-1.26,-0.02,-0.05,-0.08,-0.00,0.04
10554,-1.26,-0.02,-0.16,0.03,-0.00,0.04
10555,-1.26,-0.02,0.05,-0.08,-0.00,0.04
10556,-1.26,-0.02,0.05,0.03,-0.11,-0.07
10557,-1.26,-0.02,-0.05,0.13,-0.00,-0.07
10558,-1.16,-0.02,-0.05,0.03,-0.21,-0.07
10559,-1.26,-0.13,-0.05,0.13,-0.00,0.04
10560,-1.16,0.08,-0.05,0.03,-0.21,-0.07
10561,-1.26,-0.13,-0.05,0.13,-0.00,-0.07
10562,-1.26,-0.02,-0.05,0.03,-0.00,-0.07
10563,-1.26,-0.02,-0.05,-0.08,-0.11,0.04
10564,-1.16,0.08,-0.05,-0.08,-0.21,-0.28
10565,-1.36,-0.13,-0.05,0.03,-0.00,-0.07
10566,-1.26,-0.02,-0.05,-0.08,-0.11,-0.17
10567,-1.26,-0.02,-0.05,-0.08,-0.11,-0.17
10568,-1.26,-0.13,-0.05,0.03,0.10,0.04
10569,-1.26,-0.02,-0.16,-0.08,-0.11,-0.17
10570,-1.26,-0.02,-0.05,0.03,-0.11,-0.07
10571,-1.26,-0.13,-0.05,0.03,-0.00,0.04
10572,-1.26,-0.02,-0.05,0.03,-0.00,0.14
10573,-1.26,-0.02,-0.05,0.03,-0.11,0.04
10574,-1.36,-0.02,-0.05,0.03,-0.21,0.04
10575,-1.26,-0.02,-0.05,0.13,-0.11,0.04
10576,-1.26,-0.13,-0.05,0.03,-0.11,-0.07
10577,-1.26,-0.02,-0.05,0.03,-0.11,0.04
10578,-1.26,-0.02,-0.05,0.03,-0.11,0.04
10579,-1.26,-0.02,-0.05,-0.08,-0.11,-0.07
10580,-1.26,-0.13,-0.05,0.13,-0.11,-0.07
10581,-1.26,-0.13,-0.05,0.13,-0.00,0.04
10582,-1.26,-0.02,-0.05,0.03,-0.00,-0.17
10583,-1.36,-0.02,-0.05,0.03,-0.00,0.04
10584,-1.26,-0.13,-0.05,0.13,-0.11,0.04
10585,-1.26,-0.13,0.05,0.03,-0.11,-0.17
10586,-1.26,-0.02,-0.05,0.03,-0.00,-0.07
10587,-1.26,0.08,-0.05,-0.08,-0.11,-0.07
10588,-1.26,-0.13,-0.05,0.13,-0.00,0.04
10589,-1.26,-0.02,-0.05,0.03,-0.11,0.04
10590,-1.36,-0.02,-0.05,0.03,-0.21,0.04
10591,-1.26,-0.02,-0.05,0.03,-0.11,-0.07
10592,-1.26,-0.02,-0.05,0.03,-0.00,-0.07
10593,-1.16,-0.02,-0.16,0.03,-0.00,-0.17
10594,-1.16,-0.02,-0.05,0.03,-0.00,0.04
10595,-1.26,-0.02,-0.05,-0.08,-0.21,-0.07
10596,-1.26,-0.13,-0.05,0.03,-0.21,0.04
10597,-1.26,-0.02,-0.05,0.03,-0.11,0.04
10598,-1.16,-0.02,-0.05,-0.08,-0.11,-0.07
10599,-1.26,-0.02,-0.05,0.03,-0.11,-0.07
10600,-1.16,-0.02,0.05,0.03,-0.00,-0.07
10601,-1.26,-0.02,-0.16,0.03,-0.11,-0.07
10602,-1.36,-0.02,-0.05,-0.08,-0.11,-0.07
10603,-1.16,-0.02,-0.05,-0.08,-0.00,-0.17
10604,-1.26,-0.13,-0.05,0.03,-0.11,-0.07
10605,-1.26,-0.13,-0.05,0.03,-0.11,-0.07
10606,-1.26,-0.02,-0.05,0.03,-0.00,-0.07
10607,-1.26,-0.13,-0.05,-0.08,-0.00,0.04
10608,-1.36,-0.02,-0.05,0.03,-0.00,-0.07
10609,-1.16,-0.02,-0.05,0.03,-0.00,-0.07
10610,-1.26,-0.02,0.05,-0.08,-0.11,-0.07
10611,-1.26,-0.13,-0.05,0.03,-0.00,0.14
10612,-1.26,-0.13,-0.05,-0.08,-0.00,-0.17
10613,-1.16,-0.02,-0.05,0.13,-0.00,-0.07
10614,-1.26,-0.02,-0.05,-0.08,0.10,-0.17
10615,-1.26,-0.02,-0.16,0.03,-0.00,-0.17
10616,-1.36,-0.02,-0.05,-0.08,-0.00,-0.07
10617,-1.16,-0.02,-0.05,0.03,-0.00,-0.07
10618,-1.26,-0.02,-0.05,0.03,-0.11,-0.07
10619,-1.36,-0.13,-0.05,-0.08,-0.11,0.04
10620,-1.36,-0.02,-0.05,0.03,-0.00,0.14
10621,-1.26,-0.02,-0.05,-0.08,-0.11,0.04
10622,-1.26,-0.02,-0.05,0.03,-0.11,-0.07
10623,-1.26,-0.02,-0.05,0.03,-0.11,-0.07
10624,-1.26,-0.02,-0.05,-0.08,-0.00,-0.07
10625,-1.26,-0.02,-0.05,-0.08,-0.00,0.04
10626,-1.26,-0.02,0.05,0.13,-0.11,0.04
10627,-1.26,-0.02,-0.05,0.03,-0.11,-0.17
10628,-1.26,-0.02,-0.05,0.03,-0.11,0.04
10629,-1.26,-0.02,-0.05,-0.08,-0.11,0.04
10630,-1.26,0.08,-0.05,0.03,-0.00,-0.07
10631,-1.26,-0.02,-0.05,-0.08,-0.21,0.04
10632,-1.16,0.08,-0.05,0.03,-0.21,-0.07
10633,-1.36,-0.13,-0.05,0.03,-0.11,0.04
10634,-1.26,-0.02,-0.05,0.03,-0.00,0.04
10635,-1.26,-0.13,-0.05,0.13,-0.00,-0.07
10636,-1.16,-0.13,-0.05,0.03,-0.11,0.04
10637,-1.16,-0.02,-0.05,0.03,-0.11,-0.07
10638,-1.16,0.08,-0.16,0.03,-0.00,0.04
10639,-1.16,-0.13,-0.05,0.03,-0.00,-0.17
10640,-1.36,-0.02,-0.05,0.13,0.10,0.04
10641,-1.16,-0.02,-0.05,-0.08,-0.00,-0.07
10642,-1.16,0.08,-0.05,-0.08,-0.21,-0.07
10643,-1.26,-0.13,-0.05,0.03,-0.11,0.04
10644,-1.26,-0.02,-0.05,0.03,-0.11,-0.07
10645,-1.16,0.08,-0.05,0.13,-0.00,0.04
10646,-1.26,-0.02,-0.05,0.03,-0.00,0.04
10647,-1.26,0.08,-0.05,0.03,-0.21,-0.07
10648,-1.26,-0.02,-0.05,-0.08,-0.00,-0.07
10649,-1.26,-0.13,-0.05,0.03,-0.21,0.04
10650,-1.26,-0.02,-0.05,-0.08,-0.11,-0.17
10651,-1.26,0.08,-0.05,-0.08,-0.11,0.04
10764,-0.95,0.39,-0.05,0.03,-0.31,0.04
10764,-1.26,-0.13,-0.05,-0.08,-0.00,-0.17
10765,-1.26,-0.02,-0.05,0.13,-0.11,0.04
10766,-1.26,-0.02,-0.05,-0.08,-0.00,0.04
10767,-1.36,-0.13,-0.05,0.03,-0.00,0.04
10768,-1.26,-0.13,-0.05,-0.08,-0.21,-0.07
10769,-1.26,-0.02,0.05,0.03,-0.11,-0.07
10770,-1.26,-0.13,-0.05,0.03,-0.11,0.04
10771,-1.16,0.08,-0.05,0.03,-0.11,-0.17
10772,-1.36,-0.23,-0.05,0.03,-0.00,0.04
10773,-1.26,-0.02,-0.05,-0.08,-0.11,-0.07
10774,-1.26,-0.02,-0.05,0.03,-0.11,-0.17
10775,-1.16,-0.02,-0.05,-0.08,-0.00,-0.07
10776,-1.26,-0.02,-0.16,0.13,-0.11,0.04
10777,-1.26,-0.02,-0.05,-0.08,-0.11,-0.28
10778,-1.26,-0.13,-0.05,0.03,-0.11,0.04
10779,-1.16,-0.02,-0.05,0.03,-0.00,0.04
10780,-1.26,0.08,-0.05,0.13,0.10,0.04
10781,-1.26,-0.02,-0.05,0.03,-0.11,-0.07
10782,-1.16,-0.02,-0.05,0.03,-0.00,0.04
10783,-1.16,0.08,0.05,0.03,-0.11,-0.07
10784,-1.26,-0.02,-0.05,0.03,-0.00,0.04
10785,-1.36,-0.13,-0.05,0.03,-0.00,0.04
10786,-1.26,-0.02,-0.05,0.03,-0.00,0.04
10787,-1.26,-0.13,-0.16,0.03,-0.11,-0.07
10788,-1.16,-0.02,-0.05,-0.08,-0.00,-0.07
10789,-1.26,-0.02,-0.05,0.13,-0.00,0.04
10790,-1.16,0.08,-0.05,0.03,-0.00,-0.07
10791,-1.26,0.08,-0.05,0.03,0.10,0.14
10792,-1.16,-0.02,-0.05,-0.08,-0.11,-0.07
10793,-1.26,-0.02,-0.05,-0.08,-0.00,-0.07
10794,-1.16,0.08,0.05,-0.08,-0.11,-0.07
10795,-1.26,-0.02,-0.05,0.03,-0.00,0.04
10796,-1.26,0.08,0.05,0.03,-0.11,0.04
10797,-1.26,-0.02,-0.05,-0.08,-0.00,-0.07
10798,-1.26,-0.02,-0.05,0.13,-0.11,0.04
10799,-1.26,-0.13,-0.05,-0.08,-0.00,0.04
10800,-1.36,-0.02,-0.05,-0.08,-0.21,-0.17
10801,-1.16,-0.02,-0.05,-0.08,-0.00,0.04
10802,-1.16,-0.02,0.05,-0.08,0.10,0.04
10803,-1.36,-0.13,-0.05,0.03,-0.11,-0.07
10804,-1.26,-0.13,-0.05,0.13,-0.00,-0.07
10805,-1.26,-0.02,-0.05,0.03,-0.00,-0.07
10806,-1.26,-0.02,-0.05,0.03,-0.00,-0.07
10807,-1.36,-0.13,-0.05,0.03,-0.11,0.04
10808,-1.26,-0.02,-0.05,0.13,-0.00,-0.07
10809,-1.16,-0.02,0.05,-0.08,-0.11,-0.07
10810,-1.16,-0.02,-0.05,0.13,-0.00,-0.07
10811,-1.26,-0.02,-0.05,0.03,-0.11,-0.07
10812,-1.26,-0.13,-0.05,-0.08,-0.21,-0.07
10813,-1.26,-0.02,-0.05,0.03,-0.11,-0.07
10814,-1.16,-0.13,-0.05,0.03,-0.11,-0.07
10815,-1.26,-0.02,-0.05,0.03,-0.00,-0.07
10816,-1.26,-0.02,-0.05,-0.08,-0.11,-0.17
10817,-1.36,-0.02,-0.05,0.03,-0.00,-0.07
10818,-1.26,-0.02,-0.05,0.03,-0.00,0.14
10819,-1.26,-0.02,-0.05,0.03,-0.11,-0.07
10820,-1.26,-0.13,-0.05,-0.08,-0.00,-0.17
10821,-1.26,0.08,-0.05,0.03,-0.11,-0.07
10822,-1.26,-0.02,0.05,0.03,-0.11,-0.07
10823,-1.16,0.08,-0.05,0.03,-0.00,0.14
10824,-1.26,-0.02,-0.05,0.03,-0.00,-0.07
10825,-1.26,-0.02,-0.05,0.03,0.10,0.04
10826,-1.26,-0.02,-0.16,0.03,0.10,-0.17
10827,-1.26,-0.02,-0.05,0.03,-0.11,-0.07
10828,-1.26,-0.02,-0.05,-0.08,-0.11,-0.17
10829,-1.36,-0.02,-0.05,-0.08,-0.11,-0.07
10830,-1.36,-0.02,-0.16,0.03,-0.00,0.04
10831,-1.26,-0.02,0.05,0.03,-0.11,-0.17
10832,-1.16,-0.02,-0.05,0.03,0.10,-0.07
10833,-1.16,-0.02,-0.05,0.03,-0.00,-0.28
10834,-1.26,-0.02,-0.05,0.03,-0.00,-0.07
10835,-1.26,-0.02,-0.05,-0.08,-0.11,0.04
10836,-1.26,-0.13,-0.16,0.03,-0.11,-0.07
10837,-1.26,-0.02,0.05,-0.08,-0.00,-0.07
10838,-1.26,-0.02,0.05,0.13,0.10,0.04
10839,-1.26,0.08,-0.05,-0.08,-0.00,0.04
10840,-1.36,-0.13,-0.05,0.03,-0.11,0.04
10841,-1.26,-0.02,-0.05,0.03,-0.00,0.04
10842,-1.26,-0.13,-0.05,0.13,-0.11,0.04
10843,-1.16,0.08,-0.05,0.13,-0.00,0.04
10844,-1.26,-0.02,-0.05,0.03,-0.11,0.04
10845,-1.36,-0.02,-0.05,-0.08,-0.21,0.04
10846,-1.16,-0.02,-0.16,0.03,-0.11,0.04
10847,-1.26,0.08,-0.05,0.03,-0.11,-0.07
10848,-1.16,-0.13,-0.05,0.13,-0.11,0.04
10849,-1.26,-0.02,-0.05,0.03,-0.11,0.04
10850,-1.16,-0.02,-0.05,0.03,-0.00,-0.07
10851,-1.26,-0.02,-0.05,0.03,-0.00,-0.07
10852,-1.26,-0.02,-0.05,0.03,-0.00,0.04
10853,-1.26,-0.02,-0.05,0.03,-0.11,0.04
10854,-1.26,-0.02,-0.05,0.13,0.10,-0.07
10855,-1.16,-0.02,0.05,-0.08,-0.11,-0.17
10856,-1.26,-0.13,-0.05,0.03,0.10,0.04
10857,-1.26,-0.13,-0.05,0.03,-0.11,-0.07
10858,-1.26,-0.02,-0.05,-0.08,-0.00,0.04
10859,-1.26,-0.02,-0.05,-0.08,-0.11,-0.07
10860,-1.26,0.08,-0.05,-0.08,-0.11,-0.07
10861,-1.26,-0.02,-0.16,0.13,-0.11,-0.07
10862,-1.26,-0.02,-0.05,0.03,-0.11,0.04
10863,-1.36,-0.13,-0.16,-0.08,-0.00,-0.17
10864,-1.36,-0.02,-0.05,0.03,-0.11,-0.17
10865,-1.26,-0.13,0.05,0.13,0.10,0.04
10866,-1.26,-0.02,-0.05,0.03,-0.11,0.04
10867,-1.16,-0.02,-0.05,0.03,-0.00,-0.07
10868,-1.16,0.08,-0.05,0.13,-0.11,0.04
10869,-1.16,0.08,-0.05,0.13,-0.11,0.14
10870,-1.26,-0.02,-0.05,-0.08,-0.00,-0.07
10871,-1.26,-0.02,-0.05,0.03,-0.00,0.04
10872,-1.16,-0.02,-0.05,-0.08,-0.11,-0.07
10873,-1.36,-0.02,-0.05,0.03,-0.11,-0.07
10874,-1.26,-0.02,-0.05,-0.08,-0.00,-0.07
10875,-1.26,-0.02,-0.05,0.03,0.10,-0.07
10876,-1.26,-0.02,-0.05,-0.08,-0.11,-0.07
10877,-1.16,-0.02,-0.05,-0.18,-0.21,-0.17
10878,-1.26,-0.02,-0.05,0.03,-0.11,-0.07
10879,-1.26,-0.13,0.05,0.03,-0.00,0.04
10880,-1.26,-0.02,-0.16,0.03,-0.00,-0.07
10881,-1.26,-0.02,-0.05,-0.08,-0.11,-0.07
10882,-1.26,-0.13,-0.05,0.13,-0.00,-0.07
10883,-1.26,-0.02,-0.05,0.03,-0.21,-0.07
10884,-1.16,-0.13,-0.05,-0.08,-0.00,-0.07
10885,-1.26,-0.02,-0.05,0.03,-0.11,0.04
10886,-1.26,-0.13,-0.16,0.13,-0.00,0.04
10887,-1.26,-0.02,-0.05,0.13,-0.11,0.04
10888,-1.26,-0.13,-0.05,0.03,-0.00,0.14
10889,-1.26,-0.02,-0.05,0.03,-0.11,0.04
10890,-1.26,0.08,-0.05,0.03,-0.11,-0.07
10891,-1.16,-0.13,-0.05,0.03,-0.21,-0.07
10892,-1.16,-0.02,-0.05,0.03,-0.11,-0.17
10893,-1.26,-0.02,-0.05,0.13,-0.00,0.04
10894,-1.36,-0.13,-0.05,0.13,-0.00,0.04
10895,-1.26,-0.02,-0.16,0.13,-0.11,0.04
10896,-1.26,-0.02,-0.05,-0.08,-0.00,0.04
10897,-1.26,-0.13,-0.05,0.03,-0.00,0.04
10898,-1.26,-0.02,-0.16,0.03,-0.21,0.04
10899,-1.16,-0.02,-0.05,-0.08,-0.00,-0.07
10900,-1.26,-0.13,-0.05,-0.08,-0.00,-0.07
10901,-1.26,-0.02,-0.05,0.13,-0.00,0.04
10902,-1.16,-0.02,-0.05,-0.08,-0.11,-0.07
10903,-1.26,-0.13,-0.05,0.03,0.10,0.04
10904,-1.26,-0.02,-0.05,0.03,-0.21,-0.07
10905,-1.16,0.08,-0.05,-0.08,-0.21,-0.07
10906,-1.26,-0.02,-0.05,0.03,-0.00,-0.07
10907,-1.16,-0.02,-0.05,-0.08,-0.11,-0.07
10908,-1.26,0.08,-0.05,0.03,-0.00,-0.07
10909,-1.26,-0.02,-0.05,0.03,-0.11,0.04
10910,-1.26,-0.13,-0.05,0.03,0.21,0.14
10911,-1.26,-0.13,-0.05,0.13,-0.00,-0.07
10912,-1.26,-0.02,-0.05,-0.08,-0.21,-0.07
10913,-1.26,-0.13,-0.05,0.03,-0.11,0.04
10914,-1.36,-0.02,-0.05,0.03,-0.11,-0.07
10915,-1.26,-0.13,-0.05,-0.08,-0.00,0.04
10916,-1.16,-0.02,-0.05,-0.08,-0.11,-0.07
10917,-1.26,-0.13,-0.05,0.03,-0.00,-0.07
10918,-1.26,-0.02,-0.05,0.13,-0.11,0.04
10919,-1.26,0.08,-0.05,0.13,-0.00,0.04
10920,-1.26,-0.02,-0.05,-0.08,-0.11,-0.07
10921,-1.26,-0.13,-0.05,-0.08,0.10,0.04
10922,-1.26,-0.02,-0.16,0.03,-0.11,0.14
10923,-1.26,-0.02,-0.16,0.03,-0.11,0.04
10924,-1.26,-0.02,-0.05,0.13,-0.21,0.04
10925,-1.26,-0.02,-0.05,0.03,-0.11,-0.07
10926,-1.36,-0.02,0.05,0.03,-0.11,-0.07
10927,-1.26,-0.02,-0.05,-0.08,-0.11,-0.07
10928,-1.26,-0.02,-0.05,-0.08,-0.11,-0.07
10929,-1.26,-0.13,-0.05,0.03,-0.00,-0.07
10930,-1.26,-0.02,-0.05,-0.08,-0.00,-0.07
10931,-1.16,-0.02,-0.05,-0.08,-0.21,0.04
10932,-1.26,-0.02,-0.05,-0.08,-0.11,-0.07
10933,-1.26,-0.02,-0.05,0.13,-0.11,-0.07
10934,-1.36,-0.13,-0.05,0.13,-0.00,0.04
10935,-1.16,-0.02,-0.05,0.13,-0.11,0.04
10936,-1.26,-0.13,-0.05,0.03,-0.21,-0.17
10937,-1.16,0.19,0.05,0.03,-0.11,0.04
10938,-1.26,-0.13,-0.05,-0.08,-0.00,-0.07
10939,-1.26,-0.02,-0.05,-0.08,-0.11,-0.07
10940,-1.36,-0.13,-0.05,0.13,-0.00,0.04
10941,-1.26,-0.02,-0.05,0.03,-0.00,0.04
10942,-1.26,-0.02,-0.05,-0.08,-0.00,-0.07
10943,-1.16,-0.02,-0.05,0.03,-0.11,-0.07
10944,-1.26,-0.13,-0.05,0.03,-0.11,-0.17
10945,-1.26,-0.02,-0.05,-0.08,-0.11,-0.17
10946,-1.36,-0.13,-0.05,0.03,-0.00,-0.07
10947,-1.26,-0.13,-0.16,0.03,-0.11,-0.07
11121,-1.26,-0.02,-0.05,-0.08,-0.00,-0.07
11122,-1.26,-0.13,-0.05,0.03,-0.00,-0.17
11123,-1.36,-0.02,-0.05,-0.18,-0.11,-0.07
11124,-1.26,-0.02,-0.05,0.13,-0.00,-0.07
11125,-1.36,-0.13,-0.16,0.03,-0.00,0.04
11126,-1.16,0.08,-0.05,0.03,-0.21,-0.07
11127,-1.26,-0.13,-0.05,0.03,-0.00,0.14
11128,-1.26,-0.02,-0.05,0.13,-0.00,0.04
11129,-1.26,-0.13,-0.05,0.03,-0.11,-0.07
11130,-1.16,-0.13,-0.05,0.03,-0.00,0.14
11131,-1.26,-0.13,-0.05,0.03,-0.11,-0.07
11132,-1.26,-0.02,-0.16,0.13,-0.00,0.04
11133,-1.16,0.08,-0.05,0.03,-0.00,0.04
11134,-1.26,-0.02,-0.05,-0.08,-0.11,-0.07
11135,-1.26,-0.13,-0.05,0.03,-0.11,-0.07
11136,-1.16,-0.02,-0.05,-0.08,-0.00,-0.07
11137,-1.26,-0.02,-0.05,0.13,0.10,0.14
11138,-1.16,-0.23,-0.05,0.03,-0.11,0.14
11139,-1.36,-0.23,-0.16,0.13,-0.11,0.04
11140,-1.26,-0.02,-0.05,0.03,-0.11,-0.07
11141,-1.26,-0.02,-0.05,0.03,-0.11,0.04
11142,-1.16,-0.13,-0.05,0.03,-0.11,-0.07
11143,-1.26,-0.13,-0.05,0.03,-0.11,0.04
11144,-1.26,-0.13,-0.05,-0.08,-0.00,-0.17
11145,-1.26,-0.02,-0.05,0.03,-0.11,0.04
11146,-1.26,-0.02,-0.05,0.03,-0.11,-0.07
11147,-1.26,-0.02,-0.05,0.13,-0.11,0.04
11148,-1.16,0.08,0.05,0.13,-0.00,-0.07
11149,-1.26,-0.13,-0.05,0.03,-0.21,-0.07
11150,-1.16,-0.02,-0.05,0.03,0.10,-0.07
11151,-1.16,-0.02,-0.05,0.13,-0.11,-0.07
11152,-1.16,-0.02,-0.05,0.13,-0.11,0.04
11153,-1.16,-0.13,-0.05,0.13,-0.00,-0.07
11154,-1.26,-0.13,-0.05,-0.08,-0.00,-0.17
11155,-1.16,-0.02,-0.05,0.03,-0.11,-0.07
11156,-1.36,-0.13,-0.05,0.03,-0.00,-0.07
11157,-1.26,-0.13,-0.05,-0.08,-0.00,0.04
11158,-1.36,-0.13,-0.05,-0.08,-0.00,-0.07
11159,-1.26,-0.02,-0.16,0.03,-0.00,0.04
11160,-1.26,-0.02,-0.05,0.03,-0.11,0.04
11161,-1.26,-0.02,-0.05,0.03,-0.00,-0.07
11162,-1.16,-0.02,0.05,0.03,-0.11,-0.17
11163,-1.26,-0.13,-0.05,-0.08,-0.00,0.04
11164,-1.36,-0.13,-0.05,0.03,0.10,0.04
11165,-1.16,-0.02,-0.05,-0.08,-0.11,0.04
11166,-1.36,-0.13,-0.05,-0.08,-0.11,-0.07
11167,-1.26,-0.13,-0.05,0.03,-0.00,-0.17
11168,-1.26,-0.02,-0.05,0.13,-0.00,0.04
11169,-1.26,-0.02,-0.05,0.03,-0.11,-0.07
11170,-1.16,-0.02,-0.16,0.03,-0.00,0.04
11171,-1.26,-0.02,-0.05,0.13,-0.00,0.04
11172,-1.26,-0.02,-0.05,0.03,-0.11,-0.07
11173,-1.26,-0.02,-0.05,0.03,-0.00,-0.07
11174,-1.26,-0.02,0.05,0.03,-0.00,0.04
11175,-1.16,0.08,-0.05,-0.08,-0.11,0.04
11176,-1.26,-0.02,-0.05,0.03,-0.00,-0.07
11177,-1.26,-0.13,-0.05,-0.08,-0.00,-0.07
11178,-1.26,-0.02,0.05,-0.08,-0.00,-0.07
11179,-1.36,-0.13,-0.05,0.03,-0.21,0.04
11180,-1.16,0.08,-0.05,0.03,-0.11,-0.07
11181,-1.26,-0.02,-0.05,-0.08,-0.00,-0.07
11182,-1.26,-0.02,-0.05,0.03,-0.11,-0.07
11183,-1.26,-0.02,-0.05,0.13,-0.11,-0.17
11184,-1.26,-0.02,-0.05,0.13,-0.11,-0.07
11185,-1.26,-0.02,-0.05,0.03,-0.00,0.04
11186,-1.36,-0.23,-0.05,-0.08,-0.21,-0.07
11187,-1.26,-0.02,-0.05,0.03,-0.00,0.04
11188,-1.26,-0.02,-0.05,-0.08,-0.11,-0.17
11189,-1.16,-0.02,-0.05,0.03,-0.00,0.04
11190,-1.26,-0.13,-0.05,0.03,-0.11,-0.07
11191,-1.26,-0.13,-0.05,-0.08,-0.11,-0.17
11192,-1.26,0.08,-0.05,0.03,-0.00,-0.07
11193,-1.36,-0.13,-0.16,0.13,-0.00,0.04
11194,-1.26,-0.02,-0.05,-0.18,-0.11,-0.17
11195,-1.26,-0.13,-0.16,-0.08,-0.11,0.04
11196,-1.16,-0.13,-0.05,0.13,-0.00,0.04
11197,-1.16,-0.13,-0.05,0.03,-0.11,0.04
11198,-1.26,-0.02,-0.05,0.03,-0.11,0.04
11199,-1.36,-0.13,-0.05,-0.08,-0.21,-0.17
11200,-1.16,-0.02,-0.05,0.03,-0.11,0.14
11201,-1.26,-0.13,-0.05,0.03,-0.11,-0.07
11202,-1.26,-0.13,-0.05,0.03,-0.11,0.04
11203,-1.26,-0.02,-0.05,0.13,-0.00,0.04
11204,-1.36,-0.02,-0.05,0.13,-0.21,-0.07
11205,-1.26,-0.02,-0.05,-0.08,-0.00,-0.07
11206,-1.26,-0.02,-0.05,-0.08,-0.11,0.04
11207,-1.26,-0.02,-0.16,0.03,-0.00,0.04
11208,-1.26,-0.02,-0.05,0.03,-0.11,-0.17
11209,-1.36,-0.13,-0.05,0.13,-0.00,0.14
11210,-1.26,-0.02,-0.05,0.03,-0.11,-0.07
11211,-1.36,-0.23,-0.05,0.03,-0.00,-0.07
11212,-1.26,-0.02,-0.05,0.03,-0.11,-0.07
11213,-1.16,-0.13,-0.05,0.03,-0.00,0.04
11214,-1.26,-0.13,-0.05,0.03,-0.11,0.04
11215,-1.26,-0.13,-0.05,0.13,-0.00,0.04
11216,-1.26,-0.02,-0.05,0.03,-0.00,0.04
11217,-1.26,0.08,0.05,0.03,-0.21,-0.07
11218,-1.26,-0.13,-0.05,-0.08,-0.11,0.04
11219,-1.26,-0.13,-0.05,0.03,-0.00,0.04
11220,-1.36,-0.02,-0.05,-0.08,-0.00,0.04
11221,-1.16,-0.02,-0.05,0.03,-0.11,-0.07
11222,-1.16,-0.02,-0.05,-0.08,-0.11,-0.07
11223,-1.16,-0.02,-0.05,-0.08,-0.11,-0.17
11224,-1.16,0.19,-0.05,-0.08,-0.11,-0.07
11225,-1.26,-0.02,-0.05,0.13,-0.00,0.14
11226,-1.26,-0.02,-0.05,-0.08,-0.21,-0.07
11227,-1.16,0.08,-0.05,0.03,-0.11,-0.07
11228,-1.16,-0.02,-0.05,0.03,0.10,-0.17
11229,-1.26,-0.02,0.05,-0.08,-0.11,-0.07
11230,-1.26,-0.02,-0.05,0.13,-0.21,0.04
11231,-1.16,-0.02,-0.05,0.03,-0.00,-0.07
11232,-1.26,-0.02,-0.16,0.03,-0.11,0.04
11233,-1.26,-0.13,-0.05,-0.08,-0.21,-0.17
11234,-1.16,-0.02,-0.05,0.03,-0.11,-0.07
11235,-1.26,-0.02,-0.05,-0.08,-0.21,-0.07
11236,-1.16,0.08,0.05,0.13,-0.11,0.04
11237,-1.26,-0.13,-0.05,0.13,-0.00,-0.07
11238,-1.16,-0.02,-0.05,0.13,-0.00,0.04
11239,-1.36,-0.13,-0.05,0.13,-0.11,0.04
11240,-1.26,-0.02,-0.05,0.03,-0.00,0.14
11241,-1.26,-0.13,-0.05,0.03,-0.11,-0.07
11242,-1.36,-0.13,-0.05,0.03,-0.11,-0.07
11243,-1.16,-0.02,0.05,-0.08,-0.11,-0.07
11244,-1.26,-0.02,-0.05,0.03,-0.00,-0.07
11245,-1.16,-0.02,-0.05,0.03,-0.11,0.04
11246,-1.26,-0.13,-0.16,-0.08,-0.00,0.04
11247,-1.36,-0.13,-0.05,0.03,-0.11,-0.07
11248,-1.16,-0.02,0.05,-0.08,-0.21,-0.07
11249,-1.36,-0.13,-0.05,0.03,-0.21,0.04
11250,-1.26,0.08,-0.05,-0.08,-0.11,-0.17
11251,-1.26,-0.02,-0.05,0.03,0.10,-0.07
11252,-1.26,-0.02,-0.05,-0.08,-0.11,-0.07
11253,-1.36,-0.02,-0.05,-0.08,-0.00,-0.07
11254,-1.26,-0.02,-0.05,0.03,-0.00,-0.07
11255,-1.26,-0.02,-0.05,0.03,-0.00,0.04
11256,-1.26,-0.02,-0.05,0.03,-0.11,-0.07
11257,-1.36,-0.13,-0.05,0.03,-0.00,0.04
11258,-1.26,0.08,-0.05,-0.08,-0.11,-0.07
11259,-1.16,-0.02,-0.05,0.03,-0.21,-0.07
11260,-1.26,-0.02,-0.05,0.03,-0.00,0.04
11261,-1.16,-0.13,0.05,-0.08,-0.11,-0.07
11262,-1.16,-0.02,-0.05,0.03,-0.11,0.04
11263,-1.26,-0.02,-0.05,-0.18,-0.21,0.04
11264,-1.16,-0.02,-0.05,0.03,-0.11,0.04
11265,-1.26,-0.13,-0.05,0.13,-0.11,-0.07
11266,-1.36,-0.13,-0.05,0.03,-0.00,0.04
11267,-1.26,0.08,-0.05,0.03,-0.11,-0.17
11268,-1.26,-0.13,0.05,0.03,-0.11,-0.07
11269,-1.16,0.08,-0.05,-0.08,-0.11,0.04
11270,-1.36,-0.02,-0.05,-0.08,-0.11,0.04
11271,-1.26,-0.02,-0.05,0.03,-0.11,-0.07
11272,-1.26,-0.02,-0.05,-0.08,-0.21,-0.17
11273,-1.26,-0.13,-0.05,0.03,-0.11,0.04
11274,-1.26,-0.13,-0.16,0.03,-0.00,-0.07
11275,-1.36,-0.02,-0.05,0.03,-0.00,0.14
11276,-1.16,0.08,-0.05,0.03,-0.11,-0.07
11277,-1.36,-0.13,-0.16,0.03,-0.00,-0.07
11278,-1.26,-0.02,-0.05,0.13,-0.11,0.14
11279,-1.36,-0.13,-0.16,0.03,-0.00,0.04
11280,-1.16,-0.02,-0.05,-0.08,-0.11,-0.07
11281,-1.36,-0.02,-0.05,0.13,-0.11,0.04
11282,-1.26,-0.02,-0.05,0.03,-0.11,-0.17
11283,-1.16,-0.02,-0.05,0.13,-0.00,-0.07
11284,-1.26,-0.13,-0.16,0.13,-0.11,-0.07
11285,-1.26,-0.13,-0.05,0.03,-0.11,-0.07
11286,-1.26,-0.02,-0.05,0.03,-0.11,-0.07
11287,-1.26,-0.02,-0.05,0.03,-0.00,-0.07
11288,-1.36,-0.13,-0.16,0.03,-0.11,0.04
11289,-1.16,-0.02,-0.05,0.03,-0.00,-0.07
11290,-1.36,-0.02,-0.05,-0.08,-0.11,-0.07
11291,-1.26,-0.13,-0.05,-0.08,-0.11,0.04
11292,-1.26,-0.02,-0.05,0.03,-0.11,0.14
11293,-1.26,0.08,-0.05,0.03,-0.21,-0.17
11294,-1.26,-0.02,-0.05,0.03,-0.11,0.14
11295,-1.26,-0.13,-0.05,-0.08,-0.00,-0.07
11296,-1.26,-0.02,-0.05,-0.08,-0.11,-0.17
11297,-1.26,-0.02,-0.05,0.13,-0.00,0.04
11298,-1.26,0.08,-0.05,-0.08,-0.11,-0.07
11299,-1.36,-0.13,-0.16,0.13,-0.00,-0.07
11300,-1.26,-0.02,-0.05,0.03,-0.11,-0.17
11301,-1.36,-0.02,-0.05,0.13,-0.21,0.04
11302,-1.26,-0.13,-0.05,0.03,-0.11,-0.07
11303,-1.26,-0.13,0.05,0.03,-0.00,-0.07
11304,-1.26,-0.02,0.05,-0.08,-0.21,-0.07
11305,-1.26,-0.02,-0.05,-0.08,-0.21,-0.07
11306,-1.36,-0.13,-0.05,0.03,-0.11,-0.07
11307,-1.26,-0.02,-0.05,0.03,-0.21,-0.07
11308,-1.26,-0.02,-0.05,-0.08,-0.11,0.04
11309,-1.26,-0.02,-0.05,0.13,-0.00,0.04
11310,-1.16,-0.02,-0.05,0.03,-0.11,-0.07
11311,-1.26,-0.23,-0.16,0.03,-0.11,-0.07
11312,-1.36,-0.23,-0.05,0.13,-0.00,0.04
11313,-1.16,0.08,-0.05,0.03,-0.11,0.04
11314,-1.26,-0.02,-0.05,0.03,-0.21,-0.17
11315,-1.26,-0.02,-0.05,0.23,-0.11,0.04
11316,-1.36,-0.13,-0.05,-0.08,-0.00,-0.07
11317,-1.26,-0.02,-0.16,0.03,-0.00,0.04
11318,-1.26,-0.13,0.05,0.03,-0.00,-0.07
11319,-1.16,-0.02,-0.05,0.03,-0.00,0.04
11320,-1.26,-0.02,-0.05,0.03,-0.11,0.04
11321,-1.26,-0.13,-0.05,0.03,-0.11,-0.17
11322,-1.36,-0.13,-0.05,0.03,-0.11,-0.07
11323,-1.16,-0.02,-0.05,0.03,-0.11,-0.07
11324,-1.26,-0.13,-0.05,0.13,-0.11,0.04
11325,-1.26,-0.02,-0.05,0.03,-0.21,-0.07
11326,-1.26,-0.02,-0.16,0.13,-0.11,0.04
11327,-1.16,-0.02,-0.05,-0.08,-0.21,-0.17
11328,-1.26,-0.02,-0.05,0.03,-0.00,0.04
11329,-1.26,-0.02,-0.05,0.03,-0.11,-0.07
11330,-1.26,-0.13,-0.05,0.03,-0.11,-0.17
11331,-1.26,-0.02,-0.05,-0.08,-0.11,-0.07
11332,-1.36,-0.02,-0.05,-0.08,-0.00,0.14
11333,-1.26,-0.02,-0.05,0.03,-0.11,0.04
11334,-1.26,-0.13,-0.05,0.03,-0.00,0.04
11335,-1.26,-0.02,-0.05,0.13,-0.00,0.04
11336,-1.16,-0.02,-0.05,0.13,-0.11,0.04
11337,-1.26,-0.02,-0.05,-0.08,-0.11,-0.07
11338,-1.26,0.08,-0.05,0.03,-0.11,0.04
11339,-1.26,-0.02,-0.05,0.03,0.10,0.04
11340,-1.26,-0.13,-0.05,0.03,-0.00,-0.07
11341,-1.26,-0.13,-0.05,-0.08,-0.11,-0.07
11342,-1.26,-0.02,-0.05,0.03,-0.11,-0.07
11343,-1.26,-0.02,-0.05,0.03,-0.11,0.14
11344,-1.26,-0.02,-0.16,-0.08,-0.00,-0.07
11345,-1.16,0.08,-0.05,-0.18,-0.21,-0.17
11346,-1.26,0.08,-0.05,-0.08,-0.11,0.04
11347,-1.26,-0.02,-0.05,0.03,-0.11,-0.07
11348,-1.26,-0.02,-0.05,0.03,-0.00,-0.17
11349,-1.26,-0.13,-0.05,0.03,-0.00,-0.07
11350,-1.26,-0.13,-0.05,0.13,-0.11,0.04
11351,-1.26,-0.02,-0.05,-0.08,-0.21,-0.07
11352,-1.16,-0.02,0.05,-0.08,-0.11,-0.07
11353,-1.26,-0.02,0.05,0.13,0.10,0.04
11354,-1.26,-0.02,-0.16,0.03,0.10,0.04
11355,-1.26,-0.13,-0.05,0.03,-0.11,0.04
11356,-1.26,0.08,-0.05,0.03,-0.00,0.04
11357,-1.26,-0.02,-0.16,0.13,-0.00,0.04
11358,-1.16,-0.02,-0.05,0.03,-0.00,-0.07
11359,-1.36,-0.02,-0.05,0.03,-0.11,0.04
11360,-1.26,-0.13,0.05,0.03,-0.11,0.04
11361,-1.26,-0.02,-0.05,0.03,-0.11,-0.07
11362,-1.26,-0.02,-0.05,-0.08,-0.11,0.04
11363,-1.26,-0.02,-0.05,-0.08,-0.00,0.04
11364,-1.16,-0.13,-0.05,0.03,-0.00,0.04
11365,-1.26,-0.02,-0.16,0.13,-0.00,0.04
11366,-1.26,-0.02,-0.05,-0.08,-0.11,-0.07
11367,-1.36,-0.13,-0.05,0.13,-0.11,-0.07
11368,-1.26,-0.02,-0.05,0.03,-0.00,-0.07
11369,-1.16,0.08,-0.05,-0.08,-0.11,-0.17
11370,-1.26,-0.02,0.05,-0.18,-0.11,-0.17
11371,-1.26,-0.02,-0.05,0.03,0.10,-0.07
11372,-1.36,-0.13,-0.16,0.13,0.10,0.04
11373,-1.26,-0.02,-0.05,0.03,-0.00,-0.07
11374,-1.16,0.08,0.05,-0.08,-0.00,-0.07
11375,-1.16,-0.02,-0.05,-0.08,-0.11,-0.07
11376,-1.26,-0.13,-0.05,0.03,-0.00,0.14
11377,-1.26,-0.02,-0.05,0.03,-0.11,0.04
11378,-1.26,-0.23,-0.05,0.03,0.10,-0.07
11379,-1.26,-0.02,-0.05,0.03,-0.21,-0.07
11380,-1.26,-0.13,-0.05,0.03,-0.11,0.04
11381,-1.16,0.08,0.05,0.03,-0.11,-0.07
11382,-1.26,-0.13,-0.05,0.03,-0.11,0.04
11383,-1.26,-0.02,0.05,0.03,-0.11,-0.07
11384,-1.26,-0.02,-0.05,0.03,-0.00,-0.07
11385,-1.26,-0.02,-0.05,0.13,-0.00,-0.17
11386,-1.26,-0.02,-0.16,0.03,-0.11,-0.07
11387,-1.16,-0.02,-0.05,0.03,-0.00,-0.07
11388,-1.26,-0.13,-0.05,0.03,-0.11,-0.07
11389,-1.26,-0.13,-0.05,0.03,-0.11,-0.07
11390,-1.26,-0.02,-0.05,0.03,-0.00,-0.07
11391,-1.26,-0.02,-0.05,0.23,-0.00,0.04
11392,-1.36,-0.02,-0.05,0.13,-0.00,-0.07
11393,-1.26,-0.13,-0.05,0.03,-0.00,-0.07
11394,-1.16,-0.02,-0.05,-0.08,-0.21,0.04
11395,-1.26,-0.13,-0.05,0.03,0.10,0.04
11396,-1.26,-0.02,-0.05,0.03,-0.11,-0.07
11397,-1.26,-0.13,-0.05,0.03,-0.11,-0.07
11398,-1.26,-0.02,-0.05,0.13,-0.00,-0.07
11399,-1.26,-0.13,-0.05,0.13,-0.00,-0.07
11400,-1.26,-0.13,-0.05,0.03,-0.11,-0.07
11401,-1.26,-0.02,0.05,-0.08,-0.00,-0.07
11402,-1.36,-0.02,-0.05,0.03,-0.11,-0.07
11403,-1.36,-0.13,-0.05,0.03,-0.00,0.04
11404,-1.26,0.08,-0.05,-0.08,-0.11,-0.17
11405,-1.26,-0.02,-0.05,0.03,-0.11,-0.07
11406,-1.26,-0.02,-0.05,0.13,-0.00,-0.07
11407,-1.16,-0.02,-0.05,0.03,-0.00,-0.17
11408,-1.36,-0.02,-0.16,0.03,-0.11,0.04
11409,-1.26,-0.13,-0.05,-0.08,-0.00,0.04
11410,-1.16,-0.02,-0.05,0.03,-0.11,0.04
11411,-1.26,-0.02,-0.05,0.13,-0.11,0.04
11412,-1.47,-0.02,-0.05,0.13,-0.00,-0.07
11413,-1.36,-0.13,-0.05,0.03,-0.00,0.04
11414,-1.36,-0.13,-0.05,0.03,-0.11,-0.07
11415,-1.26,-0.13,-0.05,0.03,-0.00,0.04
11416,-1.16,-0.02,0.05,-0.08,-0.11,-0.17
11417,-1.26,-0.13,-0.16,0.13,0.10,0.04
11418,-1.26,-0.02,-0.05,0.13,-0.11,-0.07
11419,-1.26,-0.02,-0.05,0.03,-0.00,-0.07
11420,-1.26,0.08,-0.16,-0.08,-0.11,0.04
11421,-1.26,-0.02,0.05,0.03,-0.11,-0.17
11422,-1.26,-0.02,-0.05,0.13,-0.11,0.04
11423,-1.26,-0.02,-0.05,0.03,-0.11,-0.07
11424,-1.26,-0.13,-0.05,0.13,-0.00,-0.17
11425,-1.26,-0.13,-0.05,0.03,-0.00,0.04
11426,-1.26,-0.13,-0.05,0.03,-0.11,-0.07
11427,-1.36,-0.02,-0.05,0.03,-0.11,-0.07
11428,-1.36,-0.13,-0.16,0.13,-0.11,0.04
11429,-1.26,-0.02,-0.05,-0.08,-0.11,-0.07
11430,-1.26,-0.02,-0.05,0.03,-0.00,0.04
11431,-1.16,-0.02,0.05,0.03,-0.21,0.04
11432,-1.16,-0.02,-0.05,-0.08,-0.11,0.04
11433,-1.36,-0.02,-0.05,-0.08,-0.00,-0.07
11434,-1.36,-0.02,-0.05,-0.08,-0.11,-0.17
11435,-1.26,-0.02,-0.05,0.03,-0.11,-0.07
11436,-1.16,0.08,0.05,0.03,-0.00,0.04
11437,-1.26,-0.02,-0.05,0.03,-0.00,-0.07
11438,-1.26,0.08,-0.16,0.03,-0.11,0.04
11439,-1.26,-0.02,-0.05,-0.08,-0.11,-0.07
11440,-1.16,-0.02,-0.05,0.03,-0.11,0.04
11441,-1.26,-0.02,-0.05,0.03,-0.00,0.04
11442,-1.26,-0.02,-0.05,0.03,-0.11,-0.17
11443,-1.26,-0.02,-0.05,0.03,-0.11,0.14
11444,-1.26,-0.02,-0.05,-0.08,-0.00,-0.17
11445,-1.36,-0.02,-0.05,-0.08,-0.11,-0.07
11446,-1.16,0.08,0.05,0.13,-0.11,-0.07
11447,-1.36,-0.13,-0.05,0.03,-0.00,0.04
11448,-1.26,-0.02,-0.05,0.03,-0.00,-0.07
11449,-1.26,-0.02,-0.05,0.03,-0.00,0.04
11450,-1.26,-0.13,-0.05,0.13,-0.11,0.04
11451,-1.26,-0.02,-0.05,0.03,-0.11,-0.07
11452,-1.26,-0.13,-0.16,-0.08,-0.11,0.04
11453,-1.26,-0.13,-0.05,0.13,-0.00,0.04
11454,-1.16,-0.13,0.05,0.03,-0.00,0.04
11455,-1.26,-0.02,-0.05,0.03,-0.11,0.04
11456,-1.26,-0.13,-0.05,0.03,-0.00,0.04
11457,-1.26,-0.02,-0.05,0.03,-0.11,-0.07
11458,-1.36,-0.02,-0.16,0.13,-0.00,-0.07
11459,-1.26,-0.02,-0.05,0.03,-0.21,-0.07
11460,-1.26,-0.02,0.05,-0.08,-0.11,-0.07
11461,-1.26,-0.02,-0.05,0.03,-0.21,-0.07
11462,-1.26,-0.13,-0.05,0.03,-0.00,-0.07
11463,-1.36,-0.13,-0.05,0.23,0.10,0.04
11464,-1.26,0.08,-0.05,-0.08,-0.21,-0.07
11465,-1.26,-0.02,-0.05,-0.08,-0.00,-0.07
11466,-1.26,-0.02,0.05,-0.08,-0.21,-0.07
11467,-1.16,0.08,-0.05,-0.08,-0.21,-0.07
11468,-1.26,-0.13,-0.05,0.03,-0.00,0.04
11469,-1.16,-0.02,-0.05,0.03,-0.11,-0.07
11470,-1.16,-0.02,-0.05,-0.08,-0.11,0.04
11471,-1.36,-0.13,-0.05,0.13,-0.00,-0.07
11472,-1.16,-0.13,-0.05,0.03,-0.00,-0.07
11473,-1.26,-0.02,-0.05,0.03,-0.11,0.14
11474,-1.26,-0.13,-0.05,-0.08,-0.00,0.04
11475,-1.16,-0.02,0.05,-0.08,-0.11,-0.07
11476,-1.26,-0.13,-0.05,0.03,-0.00,0.14
11477,-1.26,-0.13,0.05,-0.08,-0.11,-0.07
11478,-1.16,0.08,0.05,0.03,-0.11,-0.17
11479,-1.36,-0.13,-0.16,-0.08,0.10,-0.07
11480,-1.36,-0.13,-0.05,0.03,0.10,0.04
11481,-1.26,-0.13,0.05,0.03,-0.00,0.04
11482,-1.16,-0.02,0.05,-0.08,-0.21,-0.17
11483,-1.26,-0.13,-0.05,0.13,-0.00,-0.07
11484,-1.26,-0.02,-0.05,-0.08,-0.00,-0.07
11485,-1.16,-0.02,0.05,-0.08,-0.21,-0.17
11486,-1.26,-0.02,-0.05,0.03,-0.21,-0.07
11487,-1.36,-0.02,-0.05,0.03,-0.11,0.04
11488,-1.16,-0.02,-0.05,0.03,-0.11,-0.07
11489,-1.26,-0.02,-0.05,0.03,-0.11,0.04
11490,-1.26,-0.02,-0.05,0.03,0.10,0.14
11491,-1.26,-0.02,0.05,-0.08,-0.11,-0.07
11492,-1.16,0.08,-0.05,-0.08,-0.11,-0.07
11493,-1.26,-0.13,0.05,-0.08,-0.21,-0.07
11494,-1.26,-0.02,-0.05,0.03,-0.11,-0.07
11495,-1.16,-0.13,0.05,0.03,-0.11,0.04
11496,-1.05,0.08,-0.05,-0.08,-0.21,0.04
11497,-1.36,-0.13,-0.16,0.03,-0.00,0.14
11498,-1.26,-0.13,-0.05,0.03,-0.11,-0.17
11499,-1.26,-0.23,-0.05,-0.08,-0.11,-0.07
11500,-1.16,0.08,-0.05,-0.08,-0.00,-0.07
11501,-1.26,-0.02,-0.05,0.03,-0.00,-0.17
11502,-1.36,-0.13,-0.05,0.03,-0.00,-0.07
11503,-1.36,-0.02,0.05,-0.08,-0.21,-0.07
11504,-1.26,-0.02,-0.05,0.03,-0.11,0.14
11505,-1.16,-0.02,-0.05,-0.08,-0.11,0.04
11506,-1.36,-0.13,-0.05,0.03,-0.00,0.04
11507,-1.26,-0.02,-0.05,0.03,-0.00,-0.07
11508,-1.26,-0.02,-0.05,-0.18,-0.11,-0.07
11509,-1.36,-0.13,-0.16,0.03,0.10,0.14
11510,-1.26,0.08,0.05,-0.08,-0.21,-0.07
11511,-1.26,-0.13,-0.05,0.03,-0.21,-0.07
11512,-1.16,-0.02,-0.16,0.03,-0.11,-0.07
11513,-1.36,-0.13,-0.16,0.03,-0.00,0.14
11514,-1.26,0.08,0.05,-0.08,-0.00,-0.07
11515,-1.26,-0.13,-0.05,0.03,-0.00,0.04
11516,-1.26,0.08,-0.05,-0.08,-0.11,-0.07
11517,-1.26,-0.13,-0.05,-0.08,-0.11,-0.07
11518,-1.36,-0.13,-0.05,0.03,-0.00,-0.07
11519,-1.16,-0.02,-0.05,-0.08,-0.11,-0.07
11520,-1.36,-0.13,-0.05,0.13,-0.00,0.14
11521,-1.16,-0.13,-0.05,-0.18,-0.11,-0.07
11522,-1.26,-0.13,-0.05,-0.08,-0.00,-0.07
11523,-1.26,-0.02,-0.05,0.03,-0.21,-0.17
11524,-1.26,-0.13,-0.05,0.13,-0.11,0.04
11525,-1.16,-0.02,0.05,0.03,-0.11,0.04
11526,-1.36,-0.13,-0.05,0.13,-0.11,0.04
11527,-1.26,-0.02,0.05,0.03,-0.11,-0.07
11528,-1.16,-0.02,0.05,-0.08,-0.21,-0.07
11529,-1.36,-0.13,-0.16,0.23,-0.00,-0.07
11530,-1.26,-0.02,0.05,-0.08,-0.11,-0.07
11531,-1.16,-0.02,-0.05,0.03,-0.11,-0.07
11532,-1.26,-0.02,0.05,0.03,-0.00,-0.07
11533,-1.36,-0.13,-0.16,-0.08,-0.00,-0.07
11534,-1.16,-0.13,-0.05,0.13,-0.11,-0.07
11535,-1.26,-0.13,-0.05,0.03,-0.11,0.04
11536,-1.26,-0.02,0.05,0.03,-0.00,-0.07
11537,-1.36,-0.13,-0.16,0.13,0.10,0.04
11538,-1.26,-0.13,0.05,-0.08,-0.11,-0.17
11539,-1.26,-0.02,-0.05,-0.08,-0.00,0.04
11540,-1.26,-0.02,-0.05,0.13,-0.00,0.04
11541,-1.26,-0.13,-0.05,0.03,-0.21,0.04
11542,-1.26,-0.02,-0.05,0.13,-0.11,0.04
11543,-1.26,-0.02,-0.05,-0.08,-0.00,0.14
11544,-1.26,-0.02,0.05,0.03,-0.00,0.04
11545,-1.26,-0.02,-0.16,0.03,-0.00,-0.07
11546,-1.26,-0.13,-0.16,-0.08,-0.00,-0.07
11547,-1.26,-0.02,-0.05,0.03,-0.11,0.04
11548,-1.16,-0.02,0.05,0.03,-0.11,-0.17
11549,-1.26,-0.02,-0.05,0.03,-0.00,0.04
11550,-1.26,-0.13,0.05,0.03,-0.00,-0.07
11551,-1.26,-0.02,-0.05,0.13,-0.11,0.04
11552,-1.26,-0.02,-0.05,0.03,-0.00,0.04
11553,-1.26,-0.02,-0.05,0.13,-0.00,0.04
11554,-1.26,-0.13,-0.05,0.03,-0.00,0.04
11555,-1.16,0.08,-0.05,0.03,-0.31,-0.17
11556,-1.36,-0.02,-0.05,0.03,-0.11,-0.07
11557,-1.26,-0.02,-0.05,-0.08,-0.11,-0.07
11558,-1.36,-0.02,-0.05,0.03,-0.00,-0.07
11559,-1.36,-0.02,-0.05,0.03,-0.11,0.04
11560,-1.26,-0.13,-0.05,0.03,-0.11,0.04
11561,-1.26,-0.13,-0.16,0.13,-0.00,0.04
11562,-1.26,-0.02,-0.05,0.03,0.10,0.04
11563,-1.26,-0.02,-0.05,0.03,0.10,0.04
11564,-1.26,-0.02,-0.05,0.03,-0.00,0.04
11565,-1.36,-0.13,-0.05,0.03,-0.00,0.04
11566,-1.26,-0.13,-0.05,0.03,-0.11,0.04
11567,-1.26,0.08,-0.16,-0.08,-0.11,-0.07
11568,-1.36,-0.02,-0.16,0.03,-0.00,0.14
11569,-1.16,-0.02,-0.05,-0.08,-0.21,-0.17
11570,-1.36,-0.13,-0.16,0.03,0.10,0.04
11571,-1.26,-0.02,-0.05,0.13,-0.11,-0.17
11572,-1.16,-0.02,-0.05,-0.08,-0.11,-0.17
11573,-1.26,-0.02,-0.05,-0.08,-0.11,-0.07
11574,-1.26,0.08,-0.05,0.03,-0.11,0.04
11575,-1.26,-0.02,0.05,0.03,-0.00,-0.17
11576,-1.36,-0.13,-0.05,0.03,-0.00,0.14
11577,-1.16,0.08,0.05,-0.08,-0.21,-0.07
11578,-1.26,-0.02,-0.05,0.03,-0.11,0.04
11579,-1.26,-0.02,-0.05,0.03,-0.11,0.04
11580,-1.26,-0.13,-0.05,-0.08,-0.11,-0.17
11581,-1.16,-0.13,0.05,0.13,-0.00,-0.07
11582,-1.26,-0.13,-0.05,0.03,-0.00,0.04
11583,-1.16,0.08,-0.05,-0.08,-0.21,-0.17
11584,-1.26,-0.02,0.05,0.13,-0.00,-0.07
11585,-1.16,-0.02,-0.05,0.13,-0.11,0.04
11586,-1.16,-0.02,0.05,-0.18,-0.11,-0.17
11587,-1.26,-0.02,-0.05,0.03,-0.00,-0.07
11588,-1.26,-0.02,-0.05,0.03,-0.00,0.04
11589,-1.36,-0.13,-0.05,-0.08,-0.11,0.04
11590,-1.26,-0.02,0.05,-0.08,-0.00,-0.07
11591,-1.26,-0.02,-0.05,0.03,-0.11,-0.07
11592,-1.26,-0.13,-0.05,0.03,-0.11,-0.07
11593,-1.26,-0.13,-0.05,-0.08,-0.11,-0.07
11594,-1.36,-0.02,-0.16,0.03,-0.00,-0.07
11595,-1.26,-0.02,0.05,0.13,-0.00,0.04
11596,-1.26,0.08,-0.05,0.03,-0.00,-0.07
11597,-1.26,-0.02,-0.05,0.13,-0.00,0.04
11598,-1.26,-0.02,0.05,-0.08,-0.11,0.04
11599,-1.26,-0.13,0.05,-0.08,-0.11,-0.07
11600,-1.26,-0.02,-0.05,-0.08,-0.11,0.04
11601,-1.26,-0.13,-0.05,0.03,-0.11,-0.07
11602,-1.16,0.08,0.05,-0.08,-0.00,0.04
11603,-1.26,-0.13,-0.05,0.03,-0.11,-0.07
11604,-1.26,-0.02,-0.16,0.03,-0.00,-0.17
11605,-1.26,-0.02,-0.16,0.03,-0.00,0.04
11606,-1.26,-0.02,-0.16,0.13,-0.00,0.04
11607,-1.26,-0.13,-0.05,0.13,0.10,0.04
11608,-1.26,-0.02,-0.05,0.03,0.10,-0.07
11609,-1.26,-0.02,0.05,0.03,-0.00,-0.07
11610,-1.26,-0.02,-0.05,0.03,-0.00,0.04
11611,-1.26,0.08,-0.05,-0.08,-0.00,-0.07
11612,-1.16,-0.02,-0.05,0.03,-0.21,-0.07
11613,-1.36,-0.13,-0.16,0.03,-0.00,-0.07
11614,-1.16,-0.02,0.05,-0.18,-0.31,-0.17
11615,-1.26,-0.13,-0.05,0.03,-0.00,0.04
11616,-1.26,-0.02,-0.05,-0.08,-0.11,-0.07
11617,-1.05,-0.02,-0.05,0.03,-0.11,-0.07
11618,-1.16,0.08,0.05,-0.08,-0.11,-0.07
11619,-1.16,-0.02,-0.05,0.03,-0.11,0.14
11620,-1.16,-0.02,0.05,-0.08,-0.11,-0.17
11621,-1.26,-0.02,-0.05,0.03,-0.11,0.04
11622,-1.26,-0.13,0.05,0.03,-0.21,-0.07
11623,-1.36,-0.13,-0.16,0.03,-0.21,-0.07
11624,-1.16,-0.02,-0.05,-0.08,-0.11,-0.17
11625,-1.16,0.08,0.05,-0.08,-0.21,-0.17
11626,-1.26,-0.02,-0.05,0.03,-0.11,-0.17
11627,-1.26,-0.02,-0.05,0.03,-0.21,0.04
11628,-1.26,0.08,-0.05,-0.08,-0.21,0.04
11629,-1.26,-0.13,-0.05,0.13,-0.00,-0.07
11630,-1.26,-0.02,-0.05,0.13,-0.11,0.04
11631,-1.16,-0.02,-0.05,0.03,-0.11,0.04
11632,-1.26,-0.02,-0.05,-0.08,-0.11,-0.07
11633,-1.26,-0.02,-0.05,0.03,-0.00,-0.07
11634,-1.26,-0.13,-0.05,0.03,-0.00,0.14
11635,-1.26,-0.13,-0.05,-0.08,-0.11,-0.07
11636,-1.26,-0.02,-0.05,0.03,-0.11,-0.07
11637,-1.16,-0.02,-0.05,-0.08,-0.21,-0.07
11638,-1.26,-0.02,-0.05,0.03,-0.00,0.14
11639,-1.16,-0.02,-0.05,0.03,-0.21,-0.07
11640,-1.16,0.08,-0.05,0.03,-0.21,-0.17
11641,-1.26,-0.13,-0.05,0.13,-0.00,0.14
11642,-1.26,-0.13,-0.05,0.03,-0.00,-0.07
11643,-1.26,-0.02,-0.05,0.03,-0.00,0.24
11644,-1.26,-0.13,0.05,-0.08,-0.11,0.04
11645,-1.26,-0.02,-0.05,0.03,-0.21,0.04
11646,-1.26,-0.02,-0.16,0.03,-0.00,0.04
11647,-1.36,-0.13,-0.16,0.13,-0.00,0.04
11648,-1.26,-0.13,0.05,0.03,-0.00,0.04
11649,-1.26,-0.13,-0.05,0.03,-0.00,-0.07
11650,-1.26,-0.02,-0.05,-0.08,-0.21,-0.07
11651,-1.26,-0.02,0.05,0.13,-0.00,-0.07
11652,-1.36,-0.23,-0.05,0.03,-0.00,0.14
11653,-1.36,-0.13,-0.16,0.23,0.10,0.14
11654,-1.26,-0.13,0.05,0.13,-0.11,-0.07
11655,-1.47,-0.23,-0.05,0.03,-0.00,0.14
11656,-1.47,-0.23,-0.05,0.03,-0.11,0.04
11657,-1.26,-0.02,-0.05,-0.08,-0.11,-0.17
11658,-1.26,-0.13,-0.05,0.13,-0.00,0.04
11659,-1.26,-0.02,-0.05,0.03,-0.00,-0.07
11660,-1.26,-0.13,0.05,0.03,-0.00,-0.07
11661,-1.16,0.08,-0.05,0.13,-0.11,0.04
11662,-1.26,-0.02,-0.05,-0.08,-0.11,-0.07
11663,-1.26,-0.13,-0.05,-0.08,-0.00,0.04
11664,-1.26,-0.02,-0.05,0.13,-0.11,-0.07
11665,-1.47,-0.13,-0.16,0.03,-0.00,0.14
11666,-1.26,-0.02,-0.05,0.13,-0.00,0.04
11667,-1.26,-0.13,-0.05,-0.08,-0.21,-0.07
11668,-1.16,-0.02,-0.05,0.03,-0.11,0.04
11669,-1.26,0.08,-0.05,0.03,-0.11,-0.07
11670,-1.16,-0.02,-0.05,-0.08,-0.11,-0.07
11671,-1.36,-0.02,-0.05,-0.08,-0.21,-0.07
11672,-1.16,-0.02,-0.05,0.03,-0.11,-0.07
11673,-1.26,-0.02,-0.05,-0.08,-0.21,-0.07
11674,-1.26,-0.13,-0.16,0.13,-0.00,-0.07
11675,-1.16,-0.13,-0.05,0.13,-0.00,0.04
11676,-1.16,0.08,-0.05,0.03,-0.11,-0.07
11677,-1.16,-0.02,-0.05,0.03,-0.11,-0.07
11678,-1.26,-0.02,-0.16,-0.08,-0.00,-0.07
11679,-1.26,-0.13,0.05,0.03,0.10,-0.07
11680,-1.16,-0.02,0.05,0.03,-0.00,-0.07
11681,-1.16,-0.02,-0.05,0.03,-0.00,0.14
11682,-1.26,-0.02,-0.05,0.03,-0.00,-0.07
11683,-1.36,-0.02,-0.05,0.03,-0.11,0.04
11684,-1.16,-0.02,-0.05,0.03,-0.00,0.04
11685,-1.16,-0.02,-0.05,-0.08,-0.11,-0.17
11686,-1.05,-0.02,0.05,-0.08,-0.11,-0.07
11687,-1.26,-0.02,-0.05,-0.18,-0.21,-0.07
11688,-1.47,-0.13,-0.16,0.13,0.21,0.14
11689,-1.36,-0.13,-0.05,0.13,0.10,0.14
11690,-1.16,-0.02,-0.05,-0.18,-0.21,-0.17
11691,-1.26,-0.02,-0.05,0.03,0.10,0.04
11869,-1.26,-0.02,0.05,0.03,-0.11,-0.07
11870,-1.26,-0.13,-0.05,0.03,-0.00,-0.07
11871,-1.16,0.08,-0.05,-0.08,-0.21,-0.17
11872,-1.36,-0.02,-0.16,0.13,-0.11,0.04
11873,-1.36,-0.13,-0.05,0.13,-0.00,0.04
11874,-1.36,-0.13,-0.16,0.03,-0.11,0.04
11875,-1.16,0.08,-0.05,-0.08,-0.21,-0.07
11876,-1.16,0.08,0.05,-0.18,-0.31,-0.17
11877,-1.26,-0.02,0.05,0.03,-0.11,-0.07
11878,-1.05,0.08,-0.05,-0.18,-0.21,-0.07
11879,-1.36,-0.13,-0.16,-0.08,-0.00,-0.07
11880,-1.26,0.08,-0.05,-0.08,-0.21,-0.17
11881,-1.05,0.08,-0.05,-0.08,-0.11,-0.17
11882,-1.05,0.08,0.05,-0.08,-0.21,-0.17
11883,-1.26,-0.13,-0.05,0.03,-0.00,0.04
11884,-1.47,-0.13,-0.05,0.13,-0.00,0.14
11885,-1.36,-0.13,-0.05,0.13,-0.11,0.04
11886,-1.26,-0.13,-0.05,0.03,-0.00,0.04
11887,-1.26,0.08,-0.05,-0.08,-0.11,-0.07
11888,-1.16,-0.02,-0.05,0.03,-0.11,-0.17
11889,-1.26,-0.02,-0.05,-0.18,-0.21,0.04
11890,-1.26,-0.02,-0.16,0.13,-0.00,0.04
11891,-1.36,-0.13,-0.16,0.13,0.10,0.14
11892,-1.16,-0.02,0.05,0.03,-0.00,-0.07
11893,-1.26,-0.13,-0.05,0.03,-0.00,0.04
11894,-1.26,-0.02,-0.05,0.13,-0.11,0.04
11895,-1.16,0.08,0.05,-0.08,-0.21,-0.07
11896,-1.26,-0.13,-0.05,0.13,-0.00,0.04
11897,-1.26,-0.13,-0.05,0.03,0.10,0.04
11898,-1.16,-0.02,-0.05,0.03,-0.21,-0.17
11899,-1.36,-0.13,-0.05,0.13,0.10,0.04
11900,-1.26,-0.23,0.05,0.03,-0.00,0.04
11901,-1.36,-0.23,-0.16,0.13,0.10,0.14
11902,-1.16,0.08,-0.05,0.03,-0.11,-0.07
11903,-1.26,-0.02,0.05,0.03,-0.21,-0.07
11904,-1.36,-0.13,-0.05,0.03,-0.00,0.04
11905,-1.36,-0.13,-0.05,0.13,-0.00,0.04
11906,-1.16,-0.02,-0.05,0.03,-0.11,0.04
11907,-1.16,0.08,-0.05,0.03,-0.11,-0.07
11908,-1.36,-0.13,-0.05,-0.08,-0.11,0.04
11909,-1.26,-0.02,-0.16,0.03,-0.00,-0.07
11910,-1.36,-0.13,-0.05,0.03,0.10,0.04
11911,-1.36,-0.13,-0.05,0.13,-0.00,0.04
11912,-1.26,-0.02,-0.16,0.13,-0.11,0.04
11913,-1.16,0.08,0.05,-0.08,-0.11,-0.07
11914,-1.05,0.08,0.05,-0.08,-0.21,-0.07
11915,-1.16,0.08,-0.05,-0.08,-0.21,-0.17
11916,-1.16,-0.02,-0.05,-0.08,-0.00,-0.07
11917,-1.26,-0.13,-0.05,0.03,0.10,-0.07
11918,-1.26,-0.02,0.05,-0.08,-0.11,-0.07
11919,-1.05,0.08,-0.05,-0.08,-0.31,-0.17
11920,-1.16,0.08,-0.16,-0.08,-0.11,0.04
11921,-1.26,-0.02,0.05,0.03,-0.21,-0.07
11922,-1.26,-0.02,-0.16,0.03,-0.00,-0.07
11923,-1.36,-0.02,-0.16,0.13,-0.00,0.04
11924,-1.16,-0.02,0.05,0.03,-0.00,-0.07
11925,-1.26,-0.02,-0.05,0.13,-0.11,0.04
11926,-1.16,-0.02,-0.05,0.03,-0.00,-0.07
11927,-1.16,-0.02,0.05,-0.08,-0.11,0.04
11928,-1.16,-0.02,-0.05,0.03,0.10,0.04
11929,-1.26,-0.13,-0.05,0.03,-0.11,-0.07
11930,-1.16,-0.02,-0.16,0.03,-0.11,0.04
11931,-1.36,-0.02,-0.05,0.03,-0.11,-0.07
11932,-1.26,-0.02,0.05,-0.08,-0.31,-0.07
11933,-1.16,0.08,-0.16,-0.08,-0.21,-0.07
11934,-1.16,-0.02,-0.05,-0.08,-0.00,-0.07
11935,-1.16,0.08,-0.16,0.03,-0.00,-0.07
11936,-1.47,-0.13,-0.05,0.23,0.21,0.04
11937,-1.16,0.08,0.05,0.03,-0.21,-0.17
11938,-1.26,0.08,-0.05,0.13,-0.21,0.04
11939,-1.36,-0.13,-0.16,0.13,-0.00,0.14
11940,-1.47,-0.13,-0.05,0.13,0.10,-0.07
11941,-1.36,-0.02,0.05,0.03,-0.11,-0.07
11942,-1.16,-0.13,0.05,-0.08,-0.00,0.04
11943,-1.36,-0.02,-0.16,0.03,0.10,0.04
11944,-1.36,-0.23,-0.16,0.03,0.10,0.14
11945,-1.36,-0.13,-0.05,0.13,-0.00,0.04
11946,-1.16,-0.02,0.16,-0.08,-0.11,-0.07
11947,-1.05,-0.13,0.05,-0.08,-0.11,-0.07
11948,-1.36,-0.23,-0.05,0.13,0.21,0.04
11949,-1.26,-0.02,-0.05,0.13,-0.11,0.04
11950,-1.16,-0.02,-0.05,-0.08,-0.11,-0.17
11951,-1.16,-0.02,0.05,-0.08,-0.11,-0.17
11952,-1.26,-0.13,-0.05,0.13,0.10,0.04
11953,-1.26,-0.02,-0.16,0.03,-0.00,0.14
11954,-1.16,0.08,-0.05,-0.18,-0.21,-0.07
11955,-1.26,-0.02,-0.05,-0.08,-0.11,-0.07
11956,-1.36,-0.13,-0.16,-0.08,-0.00,0.04
11957,-1.26,-0.02,-0.16,0.03,-0.21,-0.07
11958,-1.16,0.08,-0.05,-0.08,-0.11,0.04
11959,-1.26,-0.02,0.05,-0.08,-0.21,-0.07
11960,-1.16,0.08,-0.05,0.03,-0.21,-0.17
11961,-1.05,-0.02,0.16,-0.08,-0.21,-0.07
11962,-1.26,-0.02,-0.05,-0.08,-0.21,-0.07
11963,-1.36,-0.13,-0.05,0.13,0.10,0.14
11964,-1.16,-0.02,0.05,0.03,-0.11,-0.07
11965,-1.16,0.08,-0.05,-0.08,-0.21,-0.07
11966,-1.16,0.08,0.05,-0.08,-0.21,-0.17
11967,-1.16,0.19,-0.05,-0.08,-0.21,-0.07
11968,-1.16,0.08,-0.05,-0.08,-0.11,-0.07
11969,-1.36,-0.13,-0.05,0.03,0.10,0.04
11970,-1.26,-0.02,-0.16,0.03,-0.00,0.04
11971,-1.26,0.08,-0.05,0.03,-0.00,0.04
11972,-1.26,-0.13,-0.16,0.13,-0.00,0.14
11973,-1.36,-0.13,-0.16,0.03,-0.00,-0.07
11974,-1.36,-0.13,-0.16,0.03,-0.00,0.14
11975,-1.26,-0.13,-0.05,0.13,-0.00,0.14
11976,-1.26,-0.13,-0.05,0.03,-0.11,-0.07
11977,-1.16,-0.02,-0.05,0.03,-0.00,-0.07
11978,-1.05,-0.33,-0.05,0.03,0.10,-0.07
11979,-1.05,-0.13,-0.05,0.03,-0.11,-0.07
11980,-1.26,-0.13,-0.16,0.23,0.10,0.04
11981,-1.26,-0.13,-0.05,0.13,-0.00,-0.07
11982,-1.26,0.08,-0.05,0.03,-0.00,-0.07
11983,-1.36,0.19,-0.05,-0.18,-0.11,-0.07
11984,-1.36,0.08,-0.05,0.03,-0.11,-0.07
11985,-1.26,0.19,-0.05,-0.08,-0.21,-0.17
11986,-1.26,-0.02,-0.05,0.03,-0.00,0.04
11987,-1.26,0.08,-0.05,-0.08,-0.21,-0.07
11988,-1.36,-0.33,-0.16,0.03,0.10,0.04
11989,-1.26,-0.13,-0.26,0.03,0.10,0.04
11990,-1.16,-0.13,-0.05,-0.08,-0.11,0.04
11991,-1.47,-0.23,-0.16,0.13,0.10,0.04
11992,-1.47,-0.23,-0.05,0.13,-0.00,0.04
11993,-1.16,-0.02,-0.05,-0.08,-0.21,-0.17
11994,-1.16,0.19,0.05,-0.08,-0.21,-0.07
11995,-1.26,0.08,0.05,-0.08,-0.21,-0.07
11996,-1.36,-0.13,-0.05,0.03,0.10,0.04
11997,-1.16,0.08,0.05,-0.08,-0.21,-0.17
11998,-1.36,-0.02,0.16,-0.08,-0.21,-0.07
11999,-1.36,-0.02,0.05,0.03,-0.00,-0.07
12000,-1.26,-0.13,-0.16,0.03,-0.11,0.04
12001,-1.05,0.08,0.05,-0.08,-0.21,-0.17
12002,-1.26,0.08,0.05,-0.08,-0.11,0.04
12003,-1.36,-0.13,-0.05,0.03,-0.00,0.04
12004,-1.16,0.08,0.05,-0.08,-0.21,-0.17
12005,-1.36,-0.13,-0.16,0.03,-0.00,0.04
12006,-1.16,0.19,0.05,-0.08,-0.21,-0.17
12007,-1.26,0.19,0.05,0.03,-0.11,-0.17
12008,-1.16,-0.02,0.05,0.03,-0.11,-0.07
12009,-1.26,-0.23,-0.16,0.13,-0.00,0.14
12010,-1.36,-0.13,-0.05,0.03,-0.11,0.04
12011,-1.16,-0.13,-0.05,-0.08,-0.00,-0.07
12012,-1.26,-0.02,-0.16,0.13,-0.21,0.04
12013,-1.16,-0.02,-0.05,0.03,-0.11,-0.07
12014,-1.26,-0.13,-0.05,-0.08,-0.11,-0.07
12015,-1.16,0.08,-0.05,0.03,-0.11,-0.07
12016,-1.26,-0.13,-0.05,0.13,-0.00,0.04
12017,-1.26,-0.13,-0.05,0.13,0.10,0.14
12018,-1.36,-0.13,-0.05,0.13,-0.00,0.04
12019,-1.16,0.08,0.05,0.03,-0.11,0.04
12020,-1.16,-0.02,-0.05,0.03,-0.11,-0.07
12021,-1.16,0.08,-0.05,0.03,-0.11,-0.07
12022,-1.05,0.19,0.05,-0.18,-0.11,-0.17
12023,-1.26,-0.13,-0.05,0.03,-0.00,-0.07
12024,-1.26,-0.23,-0.16,0.13,0.10,0.14
12025,-1.05,0.08,0.05,-0.18,-0.31,-0.07
12026,-1.36,-0.13,-0.16,0.13,0.10,0.14
12027,-1.26,-0.23,-0.16,0.03,-0.00,0.04
12028,-1.26,-0.33,-0.16,0.03,-0.00,0.14
12029,-1.36,0.19,-0.05,-0.08,-0.21,-0.17
12030,-1.26,0.08,-0.05,-0.08,-0.21,-0.07
12031,-1.36,-0.33,-0.16,0.13,-0.00,0.14
12032,-1.26,-0.02,-0.16,0.13,-0.00,0.14
12033,-1.26,0.19,0.16,-0.08,-0.21,-0.07
12034,-1.36,-0.13,-0.05,0.13,-0.00,0.04
12035,-1.36,-0.13,-0.16,0.13,0.10,0.04
12036,-1.26,0.08,-0.05,-0.18,-0.21,-0.17
12037,-1.36,0.08,0.05,0.03,-0.21,-0.07
12038,-1.26,-0.13,-0.05,-0.08,-0.11,-0.07
12039,-1.26,0.08,0.05,-0.08,-0.21,-0.17
12040,-1.36,-0.13,-0.05,0.03,-0.00,0.04
12041,-1.26,-0.02,-0.16,0.03,0.10,-0.07
12042,-1.36,-0.13,-0.16,0.03,-0.00,0.14
12043,-1.26,-0.13,-0.16,0.13,-0.00,0.04
12044,-1.26,0.08,-0.05,0.03,-0.11,-0.07
12045,-1.26,0.19,0.05,-0.18,-0.31,-0.17
12046,-1.36,-0.02,-0.16,0.03,-0.00,-0.07
12047,-1.26,-0.02,-0.05,0.13,-0.00,-0.07
12048,-1.26,-0.02,-0.05,0.13,-0.00,0.14
12049,-1.36,-0.13,-0.16,0.23,-0.00,0.14
12050,-1.16,-0.23,-0.05,-0.08,-0.11,-0.07
12051,-1.05,-0.02,0.05,-0.08,-0.21,-0.07
12052,-1.26,-0.02,0.16,0.03,-0.21,-0.07
12053,-1.47,-0.13,-0.05,0.13,0.10,0.04
12054,-1.05,-0.02,-0.16,-0.08,-0.11,-0.07
12055,-1.16,0.08,-0.16,0.13,-0.11,0.04
12056,-1.26,0.08,-0.05,-0.08,-0.21,-0.07
12057,-1.26,-0.02,-0.05,0.13,0.10,0.04
12058,-1.16,-0.02,-0.16,-0.08,-0.11,-0.07
12059,-1.26,-0.02,-0.05,0.13,-0.00,0.04
12060,-1.36,-0.02,-0.05,0.03,-0.11,-0.07
12061,-1.36,-0.23,-0.16,0.13,0.10,0.14
12062,-1.26,-0.13,-0.05,-0.08,-0.11,-0.07
12063,-1.16,-0.13,0.05,-0.08,-0.11,-0.07
12064,-1.36,0.08,0.05,0.13,-0.00,0.04
12065,-1.26,-0.33,-0.26,0.03,-0.21,0.04
12066,-1.16,0.19,0.05,0.03,-0.11,-0.07
12067,-1.26,0.08,0.05,-0.08,-0.21,-0.07
12068,-1.47,-0.13,-0.16,0.13,-0.00,0.04
12069,-1.26,-0.23,-0.16,0.03,-0.11,0.04
12070,-1.26,0.08,0.05,-0.08,-0.11,-0.17
12071,-1.36,-0.02,-0.05,0.03,-0.00,0.04
12072,-1.26,-0.23,-0.16,0.03,0.10,0.14
12073,-1.36,-0.13,-0.05,0.03,-0.00,0.04
12074,-1.36,0.19,-0.16,0.13,-0.21,0.04
12075,-1.05,-0.13,-0.16,0.03,-0.11,-0.07
12076,-1.26,-0.02,-0.05,-0.08,-0.11,-0.07
12077,-1.36,-0.02,-0.26,0.03,-0.00,-0.07
12078,-1.26,-0.02,-0.05,0.03,-0.00,0.14
12079,-1.16,0.08,-0.16,0.13,-0.11,0.04
12080,-1.16,0.08,-0.16,-0.08,-0.21,-0.17
12081,-1.26,-0.02,-0.05,-0.08,-0.00,-0.07
12082,-1.26,-0.13,-0.16,0.03,0.10,-0.07
12083,-1.36,-0.23,-0.36,0.03,-0.00,0.04
12084,-1.16,-0.02,-0.05,0.03,-0.00,0.04
12085,-1.16,-0.02,-0.16,0.03,-0.11,0.04
12086,-1.16,-0.02,0.05,0.03,-0.21,-0.07
12087,-1.36,-0.13,-0.05,0.13,0.10,0.14
12088,-1.26,-0.33,-0.16,0.13,0.10,0.14
12089,-1.26,0.08,-0.05,0.03,-0.11,0.04
12090,-1.36,0.08,-0.05,-0.08,-0.11,-0.07
12091,-1.05,-0.02,-0.05,-0.08,-0.21,-0.17
12092,-1.26,-0.13,-0.16,0.03,0.10,0.04
12093,-1.16,-0.13,-0.05,-0.08,-0.21,-0.17
12094,-1.36,-0.02,-0.05,0.23,-0.00,0.04
12095,-1.36,-0.13,-0.16,0.23,-0.00,0.14
12096,-1.26,-0.33,-0.26,0.13,-0.11,0.04
12097,-1.36,-0.13,-0.16,0.13,-0.11,0.04
12098,-1.16,0.08,0.05,-0.18,-0.21,-0.07
12099,-1.26,-0.13,-0.16,0.03,-0.11,0.04
12100,-1.26,-0.13,-0.16,-0.08,-0.11,-0.07
12101,-1.16,-0.13,-0.05,-0.08,-0.00,-0.17
12102,-1.26,-0.02,-0.05,0.03,-0.00,0.04
12103,-1.26,-0.13,-0.16,0.03,-0.11,-0.07
12104,-1.16,0.08,-0.05,-0.28,-0.31,-0.07
12105,-1.16,0.08,-0.16,-0.08,-0.00,-0.07
12106,-1.26,-0.13,-0.16,0.13,0.10,0.14
12107,-1.47,-0.13,-0.05,0.03,0.10,0.14
12108,-1.47,-0.02,-0.05,0.13,0.10,-0.07
12109,-1.36,-0.13,-0.05,0.13,-0.00,0.04
12110,-1.26,-0.02,-0.05,0.03,-0.00,-0.07
12111,-1.36,-0.13,0.05,0.03,-0.00,-0.07
12112,-1.26,0.19,0.05,0.03,-0.11,-0.17
12113,-1.16,0.08,-0.05,0.03,-0.11,-0.07
12114,-1.16,-0.02,-0.16,-0.08,-0.11,-0.07
12115,-1.36,-0.23,-0.05,0.13,-0.11,-0.07
12116,-1.26,-0.02,-0.16,0.03,0.10,0.04
12117,-1.16,-0.23,0.05,0.03,-0.00,-0.07
12118,-1.26,-0.13,-0.16,0.03,-0.11,0.04
12119,-1.26,-0.13,-0.16,0.03,-0.11,-0.07
12120,-1.36,-0.13,-0.05,0.03,-0.00,0.14
12121,-1.36,-0.13,-0.05,0.03,-0.11,0.04
12122,-1.05,-0.13,0.05,0.03,-0.21,-0.07
12123,-1.05,-0.13,0.05,-0.08,-0.11,0.04
12124,-1.57,0.19,-0.05,0.13,-0.00,0.04
12125,-1.26,-0.23,-0.16,-0.08,-0.00,-0.07
12126,-1.26,-0.02,-0.05,-0.08,-0.00,0.14
12127,-1.36,-0.13,-0.05,0.13,0.10,0.14
12128,-1.36,0.08,0.05,0.03,-0.11,0.04
12129,-1.47,-0.13,-0.16,0.03,0.10,0.04
12130,-1.05,-0.13,-0.05,-0.08,-0.00,-0.07
12131,-1.05,-0.13,-0.05,0.13,-0.00,0.14
12132,-1.36,0.08,0.05,0.13,-0.11,0.04
12133,-1.16,-0.23,0.05,-0.08,-0.31,-0.17
12134,-0.95,-0.23,-0.36,0.03,-0.11,-0.07
12135,-1.05,0.08,0.16,0.03,-0.11,-0.17
12136,-1.36,0.29,0.26,-0.08,-0.11,-0.17
12137,-1.36,-0.13,-0.26,0.03,-0.21,-0.07
12138,-1.05,-0.33,-0.16,0.03,-0.11,-0.07
12139,-1.26,0.39,0.05,-0.08,-0.11,-0.07
12140,-1.57,0.08,0.05,0.13,-0.00,0.04
12141,-1.26,-0.33,-0.05,-0.08,-0.11,-0.07
12142,-1.26,-0.23,-0.36,0.13,0.10,0.04
12143,-1.16,0.19,0.16,0.03,-0.11,0.04
12144,-1.57,-0.13,0.05,0.13,-0.00,0.04
12145,-1.16,-0.44,-0.36,0.03,-0.11,-0.07
12146,-1.05,0.08,-0.05,0.03,-0.11,0.04
12147,-1.26,0.29,0.16,0.03,-0.11,-0.07
12148,-1.57,-0.33,-0.16,0.03,-0.00,0.04
12149,-1.05,-0.33,0.05,0.03,-0.11,-0.07
12150,-1.26,0.29,-0.05,0.23,-0.00,0.04
12151,-1.47,-0.02,-0.05,0.03,-0.00,0.04
12152,-1.26,-0.33,-0.05,0.03,-0.11,-0.07
12153,-1.26,0.19,-0.05,0.03,-0.00,-0.07
12154,-1.26,0.08,-0.05,0.03,-0.11,-0.07
12155,-1.26,-0.02,-0.05,-0.08,-0.11,0.04
12156,-1.36,-0.23,-0.26,0.13,0.10,0.14
12157,-1.26,0.08,0.05,-0.08,-0.11,-0.07
12158,-1.36,-0.02,-0.05,-0.08,-0.11,-0.07
12159,-1.36,-0.44,-0.16,0.13,-0.00,-0.07
12160,-1.36,0.19,-0.05,0.13,0.10,0.14
12161,-1.36,-0.23,-0.05,0.13,0.10,-0.07
12162,-1.05,-0.13,-0.05,-0.08,-0.21,-0.07
12163,-1.47,0.19,-0.05,0.13,0.10,0.14
12164,-1.16,0.19,0.16,-0.08,-0.21,-0.07
12165,-0.95,-0.23,-0.05,-0.08,-0.21,-0.07
12166,-1.26,0.08,-0.16,0.03,-0.00,-0.07
12167,-1.36,0.08,-0.05,0.03,-0.11,0.04
12168,-1.16,-0.23,-0.16,0.03,-0.11,0.04
12169,-1.16,-0.23,-0.16,0.13,-0.00,0.04
12170,-1.47,0.29,0.05,-0.08,-0.00,-0.07
12171,-1.05,-0.02,0.05,-0.08,-0.21,-0.17
12172,-1.16,-0.23,-0.05,0.13,0.10,0.04
12173,-1.47,0.08,-0.16,0.13,-0.00,0.04
12174,-1.26,-0.02,0.05,0.03,-0.11,0.04
12175,-1.36,-0.23,-0.05,0.03,-0.00,0.04
12176,-1.05,0.19,-0.26,-0.08,-0.11,-0.07
12177,-1.05,-0.33,-0.26,0.03,-0.11,0.04
12178,-1.16,0.19,0.05,-0.18,-0.21,-0.17
12179,-1.16,0.08,-0.05,-0.08,-0.11,-0.07
12180,-0.95,-0.23,-0.05,-0.08,-0.11,0.04
12181,-1.36,0.29,-0.16,0.03,-0.11,-0.07
12182,-1.36,0.19,0.16,-0.08,-0.21,-0.17
12183,-1.05,-0.23,-0.16,-0.08,-0.11,-0.07
12184,-1.36,0.29,-0.16,0.03,-0.11,0.04
12185,-1.47,0.19,0.16,0.13,-0.00,0.04
12186,-1.26,-0.54,-0.26,0.13,-0.00,0.04
12187,-1.26,-0.02,-0.16,0.03,-0.11,-0.07
12188,-1.16,0.08,0.16,0.03,-0.11,0.14
12189,-1.26,-0.23,-0.16,-0.08,-0.11,-0.07
12190,-1.26,0.08,-0.16,0.03,-0.11,-0.07
12191,-1.16,-0.13,-0.05,0.03,-0.00,0.04
12192,-1.26,-0.13,-0.16,0.13,-0.00,-0.07
12193,-1.47,0.50,0.26,-0.08,-0.21,0.04
12194,-1.26,-0.02,-0.05,-0.08,-0.11,-0.07
12195,-0.95,-0.13,-0.36,-0.08,-0.21,-0.17
12196,-1.47,0.08,-0.05,0.23,-0.00,0.04
12197,-1.47,-0.44,-0.05,0.13,0.10,0.14
12198,-1.16,-0.02,-0.05,0.03,-0.11,-0.17
12199,-1.16,-0.02,-0.16,0.03,-0.11,-0.17
12200,-1.26,-0.33,-0.05,0.03,0.10,-0.07
12201,-1.57,0.39,0.05,-0.08,-0.00,-0.07
12202,-1.36,-0.13,0.05,0.03,-0.00,0.04
12203,-1.05,-0.13,-0.16,-0.08,-0.11,-0.07
12204,-1.47,0.39,0.05,0.03,-0.00,0.04
12205,-1.36,-0.13,-0.05,0.03,-0.00,0.04
12206,-1.26,-0.23,-0.05,-0.08,-0.11,0.04
12207,-1.05,-0.02,0.05,0.03,-0.11,0.14
12208,-0.84,-0.23,-0.16,-0.08,-0.21,-0.07
12209,-1.26,0.29,0.05,-0.18,-0.11,-0.17
12210,-1.16,-0.33,0.05,0.13,-0.11,-0.17
12211,-1.16,0.19,-0.16,-0.08,-0.11,-0.17
12212,-1.26,-0.02,0.05,0.03,-0.00,0.14
12213,-1.26,-0.13,0.16,0.03,-0.21,-0.17
12214,-1.36,0.29,-0.26,0.03,-0.11,0.04
12215,-1.16,-0.33,-0.16,0.03,0.10,0.04
12216,-1.26,0.19,0.05,-0.08,-0.21,0.04
12217,-1.57,-0.02,-0.05,0.03,-0.11,0.14
12218,-1.26,-0.54,-0.05,0.13,-0.00,-0.07
12219,-1.16,0.29,-0.05,0.13,-0.00,0.04
12220,-0.95,-0.13,0.05,-0.18,-0.21,-0.17
12221,-1.36,-0.02,0.16,-0.08,-0.21,-0.17
12222,-1.36,0.08,-0.26,-0.08,-0.11,0.04
12223,-0.84,-0.33,0.16,0.03,-0.00,0.04
12224,-1.36,0.29,0.05,0.03,-0.11,-0.17
12225,-1.36,-0.44,-0.05,0.03,-0.11,-0.07
12226,-1.26,-0.13,0.16,0.03,-0.00,0.04
12227,-1.05,0.29,-0.16,0.03,-0.21,-0.17
12228,-1.16,-0.23,-0.05,0.13,-0.00,0.14
12229,-1.36,0.29,-0.16,-0.08,-0.11,-0.07
12230,-1.16,-0.65,-0.26,-0.08,-0.21,-0.17
12231,-1.26,0.50,0.05,0.03,0.10,0.14
12232,-1.36,0.08,0.05,-0.18,-0.31,-0.17
12233,-1.26,-0.23,-0.05,0.03,-0.00,-0.17
12234,-1.36,0.29,0.16,-0.08,-0.21,-0.17
12235,-1.16,0.19,-0.05,-0.18,-0.11,-0.07
12236,-1.36,0.08,-0.05,0.03,-0.11,0.04
12237,-1.16,-0.23,-0.05,-0.08,-0.21,-0.07
12238,-1.16,-0.02,-0.05,-0.08,-0.11,-0.07
12239,-1.05,-0.13,-0.05,-0.08,-0.11,-0.07
12240,-1.26,0.08,-0.05,0.13,-0.00,0.04
12241,-1.16,-0.13,-0.16,-0.08,-0.21,-0.07
12242,-1.36,-0.13,-0.05,0.13,-0.00,0.04
12243,-1.26,0.50,0.05,0.03,-0.00,0.04
12244,-1.26,-0.44,-0.16,0.03,-0.11,-0.07
12245,-1.57,0.19,-0.05,0.03,-0.11,-0.07
12246,-1.16,-0.23,-0.05,-0.08,-0.11,-0.17
12383,-1.16,-0.02,-0.26,0.03,-0.11,-0.07
12384,-1.36,0.19,-0.16,-0.08,-0.11,0.04
12385,-1.47,-0.65,-0.05,0.03,-0.00,0.14
12386,-1.26,0.39,-0.26,0.03,-0.21,-0.07
12387,-1.05,-0.02,0.05,-0.08,-0.11,0.04
12388,-1.26,-0.33,-0.16,-0.08,-0.21,-0.07
12389,-1.36,0.29,-0.16,0.03,-0.21,-0.07
12390,-1.47,-0.33,0.05,0.03,0.10,0.04
12391,-1.36,0.29,-0.26,0.03,-0.00,-0.17
12392,-1.26,0.08,-0.16,0.13,-0.00,0.04
12393,-1.16,-0.33,-0.05,0.03,-0.11,0.04
12394,-1.36,-0.02,-0.47,0.03,0.10,0.04
12395,-1.36,-0.13,0.05,0.03,-0.00,0.04
12396,-1.26,-0.02,-0.05,-0.08,-0.21,0.04
12397,-0.95,-0.23,-0.47,0.13,-0.11,0.04
12398,-1.05,0.19,0.36,0.03,-0.11,-0.17
12399,-1.57,-0.02,-0.47,0.03,-0.11,-0.07
12400,-1.16,-0.02,0.16,-0.08,-0.31,-0.07
12401,-1.16,0.29,0.05,0.03,-0.00,-0.07
12402,-1.16,-0.33,-0.57,0.03,-0.11,-0.07
12403,-1.26,0.08,0.26,-0.08,-0.21,-0.17
12404,-1.36,0.08,-0.16,0.13,-0.21,-0.17
12405,-1.05,-0.33,-0.16,0.13,0.10,-0.07
12406,-1.16,-0.02,0.05,0.03,-0.11,0.04
12407,-1.36,-0.02,-0.16,-0.08,-0.11,-0.07
12408,-1.26,-0.33,0.05,0.03,-0.00,-0.07
12409,-1.26,0.29,-0.36,0.13,-0.00,0.04
12410,-1.26,-0.13,-0.05,0.03,-0.00,0.04
12411,-1.26,-0.13,0.05,0.03,0.10,0.04
12412,-1.36,-0.23,-0.16,0.03,-0.00,-0.07
12413,-1.05,-0.13,0.26,0.03,-0.11,0.04
12414,-1.26,-0.02,-0.47,-0.08,-0.21,-0.07
12415,-1.36,-0.02,-0.05,-0.08,-0.00,-0.07
12416,-1.26,0.08,0.16,0.03,-0.00,-0.07
12417,-1.26,-0.13,-0.57,0.03,0.10,-0.07
12418,-1.05,-0.23,0.16,-0.08,-0.00,0.04
12419,-1.36,0.29,-0.26,0.03,-0.21,0.04
12420,-1.26,-0.02,0.05,-0.08,-0.21,-0.17
12421,-1.16,0.08,0.26,0.03,-0.11,0.04
12422,-1.47,-0.13,-0.26,0.03,-0.11,0.04
12423,-1.05,0.08,0.26,-0.08,-0.11,-0.17
12424,-1.36,-0.44,-0.47,0.23,-0.00,0.14
12425,-1.47,0.19,-0.05,0.13,-0.00,0.14
12426,-1.26,0.08,0.05,0.03,-0.11,0.04
12427,-1.36,-0.13,-0.26,0.13,-0.11,0.04
12428,-1.26,-0.23,-0.05,0.13,-0.00,0.04
12429,-1.26,-0.23,-0.05,-0.08,-0.21,-0.17
12430,-1.36,0.19,0.05,0.13,-0.11,0.04
12431,-1.26,-0.23,-0.16,0.13,-0.00,0.14
12432,-1.16,-0.13,-0.05,0.13,-0.11,0.14
12433,-1.26,-0.13,-0.16,-0.08,-0.00,-0.07
12434,-1.36,-0.13,0.05,0.03,-0.11,-0.17
12435,-1.36,0.19,0.16,0.13,-0.11,0.04
12436,-1.26,-0.33,-0.36,0.03,-0.00,-0.07
12437,-1.26,-0.33,-0.05,0.03,-0.00,0.04
12438,-1.68,0.08,-0.05,0.13,-0.00,0.04
12439,-1.26,0.08,-0.05,0.03,-0.11,0.04
12440,-1.16,-0.13,-0.05,0.13,-0.11,0.04
12441,-1.26,-0.54,-0.36,0.03,0.10,0.04
12442,-1.36,0.39,0.16,0.03,-0.21,0.04
12443,-1.57,-0.13,-0.16,0.03,-0.00,-0.07
12444,-1.05,-0.02,-0.05,0.03,0.10,0.14
12445,-0.95,-0.13,-0.16,-0.08,-0.11,0.04
12446,-1.47,0.08,-0.05,0.03,-0.11,0.04
12447,-1.47,-0.02,0.05,0.03,-0.00,-0.07
12448,-1.16,-0.02,-0.36,-0.08,-0.11,0.14
12449,-0.95,-0.13,-0.26,0.03,-0.11,0.04
12450,-1.26,-0.23,-0.05,0.03,-0.21,-0.07
12451,-1.68,-0.02,0.05,0.03,-0.00,0.04
12452,-1.26,0.19,0.16,-0.08,-0.11,-0.07
12453,-0.95,-0.33,-0.26,0.03,-0.00,-0.07
12454,-1.16,-0.23,-0.16,0.03,-0.11,-0.07
12455,-1.57,0.08,0.16,-0.08,-0.00,0.04
12456,-1.47,0.08,0.16,0.03,-0.11,0.14
12457,-0.95,0.08,-0.57,0.03,-0.00,0.04
12458,-0.84,-0.54,-0.16,-0.08,-0.21,-0.07
12459,-1.68,0.19,-0.05,0.03,-0.00,0.14
12460,-1.57,0.19,0.26,0.03,-0.11,-0.07
12461,-1.05,-0.13,-0.57,0.03,-0.11,0.04
12462,-1.16,-0.33,-0.57,0.13,0.10,0.04
12463,-1.57,-0.23,0.16,0.03,-0.00,0.04
12464,-1.47,0.29,0.26,-0.08,-0.11,-0.07
12465,-1.05,0.19,-0.16,0.03,-0.00,-0.07
12466,-0.84,-0.44,-0.68,-0.08,-0.21,-0.17
12467,-1.57,-0.02,0.05,0.13,0.10,0.04
12468,-1.57,0.19,0.36,0.13,-0.21,0.04
12469,-1.05,-0.02,-0.26,0.03,-0.11,0.04
12470,-1.05,-0.44,-0.57,0.03,0.10,0.04
12471,-1.57,-0.23,-0.05,0.13,-0.00,0.14
12472,-1.68,0.29,0.16,0.03,-0.00,0.04
12473,-0.95,0.19,-0.05,0.03,-0.11,-0.17
12474,-0.95,-0.44,-0.47,0.13,-0.00,-0.07
12475,-1.47,0.08,-0.16,0.03,-0.11,-0.07
12476,-1.78,-0.02,0.36,0.03,-0.00,0.14
12477,-1.05,0.19,-0.26,0.13,-0.00,-0.07
12478,-0.95,-0.44,-0.47,0.03,-0.00,0.14
12479,-1.26,-0.23,-0.16,0.03,-0.00,0.04
12480,-1.47,0.08,0.26,-0.18,-0.21,-0.17
12481,-1.16,0.29,-0.05,0.03,-0.00,0.04
12482,-1.05,-0.75,-0.78,0.13,0.10,0.14
12483,-1.36,-0.02,0.05,-0.08,-0.11,0.04
12484,-1.47,-0.13,0.26,0.03,-0.11,-0.07
12485,-1.05,0.39,0.16,-0.08,-0.31,-0.17
12486,-0.95,-0.44,-0.57,0.03,-0.00,0.04
12487,-1.36,-0.02,0.16,0.03,-0.11,-0.07
12488,-1.47,0.29,0.16,0.03,-0.00,-0.07
12489,-1.16,0.08,-0.05,0.03,-0.00,-0.07
12490,-1.16,-0.33,-0.36,0.13,0.10,0.14
12491,-1.68,-0.33,-0.16,0.13,0.21,0.04
12492,-1.68,0.29,0.05,0.13,0.10,0.04
12493,-1.26,-0.13,-0.16,0.13,0.10,0.04
12494,-0.95,-0.13,-0.05,-0.18,-0.21,-0.17
12495,-1.36,-0.23,0.05,-0.08,-0.11,0.04
12496,-1.47,-0.02,-0.05,0.13,0.10,0.14
12497,-0.95,-0.02,-0.26,-0.08,-0.21,-0.28
12498,-1.05,-0.13,-0.05,-0.08,-0.21,-0.17
12499,-1.36,0.19,0.05,-0.08,-0.21,-0.07
12500,-1.16,0.19,0.16,0.03,-0.21,-0.07
12501,-1.26,-0.23,-0.47,0.03,-0.00,0.04
12502,-1.47,-0.33,0.05,0.13,-0.00,0.04
12503,-1.16,0.29,0.05,-0.08,-0.21,-0.17
12504,-1.26,0.08,-0.16,0.13,-0.00,0.04
12505,-1.05,-0.44,-0.36,0.03,-0.00,-0.07
12506,-1.47,-0.13,-0.05,0.13,-0.11,0.04
12507,-1.47,0.19,0.16,0.13,-0.00,0.14
12508,-1.36,-0.13,-0.16,0.03,-0.00,-0.07
12509,-1.36,-0.44,-0.36,0.03,-0.00,0.04
12510,-1.26,-0.33,-0.16,0.13,-0.00,-0.07
12511,-1.16,0.39,0.16,-0.08,-0.00,-0.07
12512,-1.05,0.08,-0.16,0.03,-0.21,0.04
12513,-1.26,-0.54,-0.47,0.03,-0.11,0.14
12514,-1.36,0.08,0.05,-0.08,-0.11,0.04
12515,-1.26,0.19,0.26,0.13,0.10,0.04
12516,-1.36,-0.33,-0.26,0.13,0.10,0.14
12517,-1.16,-0.23,-0.26,-0.08,-0.21,-0.17
12518,-1.16,0.08,0.16,-0.28,-0.21,-0.07
12519,-1.26,0.50,0.05,0.03,-0.11,-0.07
12520,-1.36,-0.54,-0.36,0.03,-0.00,-0.07
12521,-1.47,-0.44,-0.05,0.03,0.10,0.14
12522,-1.57,0.29,-0.16,-0.08,-0.00,0.04
12523,-0.95,0.29,0.16,-0.08,-0.11,0.04
12524,-1.26,-0.33,-0.26,0.03,-0.11,-0.07
12525,-1.57,-0.54,-0.26,0.03,-0.11,-0.07
12526,-1.26,0.50,0.26,-0.08,-0.11,0.04
12527,-0.84,0.19,-0.16,0.03,-0.11,-0.07
12528,-1.26,-0.75,-0.47,0.13,0.10,0.04
12529,-1.68,-0.02,-0.05,0.13,0.10,0.04
12530,-1.47,0.50,0.16,0.03,0.10,-0.07
12531,-0.95,-0.23,-0.47,0.13,-0.00,0.04
12532,-1.47,-0.54,-0.36,0.03,0.10,-0.07
12533,-1.78,0.19,0.26,-0.08,-0.21,-0.17
12534,-1.05,0.71,0.16,-0.08,-0.21,-0.17
12535,-0.74,-0.44,-0.47,-0.08,-0.21,-0.07
12536,-1.57,-0.54,-0.16,-0.08,-0.21,-0.17
12537,-1.88,0.60,0.57,0.03,-0.11,-0.07
12539,-1.05,0.29,-0.16,0.13,-0.00,0.04
12539,-0.74,-0.65,-0.68,0.03,-0.11,-0.07
12540,-1.57,-0.33,0.05,0.03,-0.00,-0.07
12541,-1.47,0.91,0.57,0.03,-0.11,-0.07
12736,-1.26,0.29,-0.16,0.13,-0.00,-0.07
12737,-1.16,-0.13,0.16,0.03,-0.21,-0.17
12738,-1.36,-0.13,0.05,-0.08,-0.21,-0.17
12739,-1.05,0.39,-0.26,-0.18,-0.21,-0.17
12740,-1.36,-0.02,-0.05,0.03,-0.00,0.04
12741,-1.68,-0.23,-0.16,0.23,-0.00,0.14
12742,-0.95,-0.02,-0.36,0.03,-0.00,-0.07
12743,-1.05,-0.02,0.16,0.03,-0.11,-0.07
12744,-1.57,-0.02,-0.05,0.03,-0.11,0.04
12745,-1.05,-0.13,-0.36,-0.08,-0.11,-0.17
12746,-0.95,-0.13,-0.05,0.03,-0.11,-0.07
12747,-1.47,-0.13,-0.05,0.13,-0.00,0.14
12748,-1.36,-0.02,-0.16,0.13,-0.00,-0.07
12749,-1.16,-0.23,-0.26,0.03,-0.11,0.04
12750,-1.16,-0.02,0.16,-0.08,-0.11,-0.07
12751,-1.26,0.19,-0.16,0.03,-0.11,0.04
12752,-1.47,-0.02,-0.26,0.13,-0.00,0.04
12753,-1.26,-0.13,0.05,0.13,-0.00,-0.07
12754,-1.36,-0.13,-0.16,0.13,-0.00,0.04
12755,-1.16,-0.02,-0.26,0.03,-0.00,0.04
12756,-1.36,-0.13,0.16,-0.18,-0.00,-0.07
12757,-1.26,-0.13,-0.05,0.03,-0.11,-0.07
12758,-1.05,0.08,-0.36,-0.08,-0.21,-0.17
12759,-1.36,-0.13,0.16,0.03,-0.11,0.04
12760,-1.36,-0.13,0.16,-0.08,-0.21,-0.17
12761,-1.05,0.19,-0.36,-0.08,-0.21,-0.17
12762,-1.05,0.08,0.16,-0.08,-0.11,-0.07
12763,-1.47,0.08,0.16,0.03,-0.21,-0.17
12764,-1.36,-0.13,-0.26,0.03,-0.11,0.04
12765,-1.16,-0.23,-0.16,0.13,0.10,0.04
12766,-1.26,0.08,0.05,0.13,-0.11,-0.07
12767,-1.26,-0.02,-0.26,-0.08,-0.11,-0.07
12768,-1.36,-0.33,-0.16,0.03,0.10,0.04
12769,-1.05,-0.02,-0.05,0.03,-0.11,0.04
12770,-1.26,0.19,-0.36,0.03,-0.11,-0.07
12771,-1.57,-0.23,-0.05,-0.08,-0.11,-0.07
12772,-1.16,-0.02,-0.05,0.03,-0.00,0.14
12773,-1.16,-0.13,-0.47,0.03,-0.00,0.04
12774,-1.68,0.08,0.16,0.03,-0.11,-0.07
12775,-1.26,-0.13,-0.05,-0.08,-0.11,0.04
12776,-1.05,-0.13,-0.36,0.03,-0.00,0.04
12777,-1.47,0.08,0.05,-0.08,-0.11,-0.07
12778,-1.16,-0.02,0.05,-0.18,-0.11,-0.07
12779,-1.16,-0.23,-0.16,-0.08,-0.11,0.04
12780,-1.36,-0.02,-0.26,0.03,-0.11,0.04
12781,-1.05,0.08,0.16,0.03,-0.11,-0.07
12782,-1.36,-0.13,-0.26,0.03,-0.11,0.04
12783,-1.36,0.08,-0.16,-0.08,-0.11,0.04
12784,-1.05,-0.02,0.16,-0.08,-0.11,-0.07
12785,-1.26,0.08,-0.16,0.03,-0.11,-0.07
12786,-1.47,0.19,-0.16,0.03,-0.11,-0.07
12787,-1.16,-0.23,0.05,0.03,-0.00,0.04
12788,-1.26,-0.13,-0.16,0.13,-0.11,-0.07
12789,-1.16,0.08,-0.26,0.03,-0.11,0.04
12790,-1.16,-0.33,0.16,0.03,-0.00,-0.07
12791,-1.47,-0.33,-0.16,0.03,-0.00,0.04
12792,-1.16,0.19,-0.57,0.03,-0.00,0.14
12793,-1.36,-0.33,0.26,-0.08,-0.11,-0.07
12794,-1.57,-0.23,-0.16,0.03,-0.11,-0.07
12795,-1.16,0.29,-0.36,0.03,-0.00,-0.07
12796,-1.47,-0.13,0.16,0.03,-0.11,0.04
12797,-1.47,-0.02,-0.16,0.03,-0.00,0.04
12798,-0.95,-0.02,-0.16,0.03,-0.11,0.04
12799,-1.36,-0.02,0.26,0.03,-0.00,0.04
12800,-1.47,-0.13,-0.26,0.13,-0.00,0.04
12801,-1.16,-0.02,-0.36,0.03,-0.11,0.04
12802,-1.26,-0.13,0.16,0.13,-0.00,-0.07
12803,-1.26,0.08,-0.16,-0.08,-0.11,-0.07
12804,-1.16,-0.02,-0.16,0.03,-0.11,-0.07
12805,-1.36,-0.02,0.16,0.03,-0.11,-0.07
12806,-1.26,-0.02,-0.05,0.03,-0.00,0.04
12807,-1.26,0.08,-0.26,0.03,-0.11,0.04
12808,-1.36,-0.23,0.05,0.03,-0.11,-0.07
12809,-1.16,-0.02,-0.05,-0.08,-0.21,-0.07
12810,-1.16,0.19,-0.36,0.03,-0.00,-0.07
12811,-1.26,-0.13,0.16,0.03,-0.11,0.04
12812,-1.26,-0.02,0.05,-0.18,-0.00,0.04
12813,-1.26,-0.02,-0.47,0.13,-0.11,0.04
12814,-1.26,-0.13,0.16,0.03,-0.00,-0.07
12815,-1.26,0.19,-0.05,0.03,-0.21,-0.07
12816,-1.16,-0.33,-0.47,0.03,-0.00,0.14
12817,-1.26,0.08,0.36,0.03,-0.00,0.04
12818,-1.26,0.08,-0.26,0.03,-0.00,0.04
12819,-1.36,-0.23,-0.57,0.03,-0.11,0.04
12820,-1.26,-0.13,0.36,-0.08,-0.00,-0.07
12821,-1.05,0.19,-0.26,0.03,-0.11,-0.17
12822,-1.16,-0.13,-0.36,-0.08,-0.11,-0.07
12823,-1.26,-0.13,0.26,-0.08,-0.11,0.04
12824,-1.16,-0.02,-0.47,0.03,-0.11,-0.07
12825,-1.36,-0.13,-0.36,0.03,-0.11,0.04
12826,-1.26,0.08,0.36,0.13,-0.00,0.04
12827,-1.16,-0.02,-0.36,0.03,-0.00,0.04
12828,-1.57,-0.02,-0.05,0.03,-0.11,-0.17
12829,-1.16,0.08,0.26,-0.18,-0.21,-0.17
12830,-1.16,-0.13,-0.36,0.03,0.10,-0.07
12831,-1.36,-0.02,-0.16,0.03,-0.11,-0.07
12832,-1.16,-0.23,0.16,0.13,-0.00,0.04
12833,-1.36,-0.02,-0.47,0.13,-0.00,-0.07
12834,-1.36,-0.13,-0.05,0.03,-0.00,-0.07
12835,-1.16,-0.02,0.16,0.13,-0.11,0.04
12836,-1.36,-0.02,-0.26,-0.08,-0.21,-0.17
12837,-1.26,-0.23,-0.05,-0.08,-0.11,-0.07
12838,-1.16,0.08,0.05,0.03,-0.00,-0.07
12839,-1.57,0.08,-0.36,0.03,-0.11,0.04
12840,-1.16,-0.23,-0.16,0.03,-0.00,0.04
12841,-1.26,-0.23,0.16,-0.08,-0.21,-0.07
12842,-1.36,0.19,-0.47,0.03,-0.00,0.04
12843,-1.16,-0.23,0.05,0.13,-0.00,0.04
12844,-1.26,-0.23,-0.05,-0.08,-0.21,-0.17
12845,-1.26,0.08,-0.57,-0.08,-0.00,0.04
12846,-1.26,-0.23,0.36,0.03,-0.11,0.04
12847,-1.47,-0.13,-0.16,0.13,-0.00,0.04
12848,-1.16,0.08,-0.47,-0.08,-0.21,-0.07
12849,-1.36,-0.02,0.26,0.13,0.10,0.14
12850,-1.36,-0.13,-0.36,0.03,-0.11,-0.07
12851,-0.95,-0.02,-0.26,-0.08,-0.21,-0.07
12852,-1.26,-0.13,0.47,-0.08,-0.21,-0.07
12853,-1.36,-0.02,-0.57,0.03,-0.00,0.04
12854,-1.26,-0.13,-0.36,0.13,0.10,-0.07
12855,-1.36,-0.23,0.36,0.03,-0.00,0.04
12856,-1.05,0.19,-0.36,0.03,-0.11,-0.07
12857,-1.36,-0.02,-0.05,0.03,-0.00,0.04
12858,-1.47,-0.23,0.05,-0.08,-0.00,-0.07
12859,-1.16,0.19,-0.47,-0.08,-0.11,0.04
12860,-1.36,-0.02,-0.05,0.13,-0.00,0.04
12861,-1.26,-0.13,0.26,0.03,-0.00,0.04
12862,-1.36,-0.02,-0.47,-0.08,-0.00,-0.07
12863,-1.16,-0.13,-0.05,0.03,-0.00,0.04
12864,-1.36,-0.02,0.16,0.03,-0.00,0.04
12865,-1.16,-0.13,-0.68,0.03,-0.11,0.04
12866,-1.36,-0.13,0.16,0.03,-0.00,-0.07
12867,-1.36,-0.02,0.05,0.03,-0.00,0.04
12868,-1.16,-0.02,-0.47,-0.08,-0.11,-0.17
12869,-1.26,-0.02,0.26,0.03,-0.11,0.04
12870,-1.26,0.19,-0.05,-0.18,-0.11,0.04
12871,-1.26,-0.13,-0.47,-0.08,-0.11,-0.17
12872,-1.26,-0.13,0.47,-0.08,-0.00,-0.17
12873,-1.16,0.29,-0.26,0.03,-0.00,-0.07
12874,-1.26,-0.13,-0.47,0.03,-0.00,0.04
12875,-1.26,-0.33,0.26,0.03,-0.00,0.04
12876,-1.26,0.08,-0.57,0.03,-0.00,-0.17
12877,-1.26,-0.23,-0.05,0.03,-0.00,0.04
12878,-1.16,-0.02,0.26,0.13,-0.00,0.04
12879,-1.36,0.08,-0.68,-0.08,-0.21,-0.07
12880,-1.47,-0.23,0.16,0.13,-0.00,0.04
12881,-1.16,-0.13,0.05,0.23,-0.00,0.04
12882,-1.57,-0.23,-0.68,0.03,-0.00,0.04
12883,-1.05,-0.02,0.47,0.03,-0.00,0.14
12884,-1.16,-0.13,0.05,0.03,-0.00,0.04
12885,-1.57,-0.13,-0.68,0.23,-0.11,0.04
12886,-0.95,-0.13,0.36,0.03,-0.21,-0.07
12887,-1.16,-0.02,-0.05,0.03,-0.11,-0.17
12888,-1.16,0.08,-0.36,0.03,-0.21,-0.07
12889,-1.36,-0.23,0.36,0.03,-0.11,0.04
12890,-1.57,0.29,-0.36,-0.08,-0.31,-0.17
12891,-1.05,-0.13,-0.36,0.13,-0.11,0.04
12892,-1.16,-0.23,0.57,0.03,-0.11,-0.07
12893,-1.36,0.19,-0.57,0.03,-0.00,0.04
12894,-1.05,-0.23,-0.05,-0.08,-0.11,-0.17
12895,-1.47,-0.13,0.36,0.03,-0.11,0.04
12896,-1.26,-0.02,-1.09,0.13,-0.00,0.04
12897,-1.16,-0.23,0.36,-0.08,-0.00,-0.07
12898,-1.36,0.19,0.16,0.13,-0.11,0.14
12899,-1.26,-0.13,-0.99,0.13,-0.11,0.04
12900,-1.47,-0.13,0.68,0.03,-0.11,0.04
12901,-1.36,0.08,-0.57,0.03,-0.11,0.04
12902,-1.05,-0.23,-0.57,-0.08,-0.11,-0.07
12903,-1.36,0.08,0.78,0.13,-0.00,0.04
12904,-1.26,-0.02,-0.99,0.13,0.10,-0.07
12905,-1.26,-0.33,-0.16,0.03,0.10,-0.07
12906,-1.36,-0.13,0.36,0.13,0.10,0.14
12907,-1.26,-0.13,-1.30,0.13,0.10,0.04
12908,-1.26,-0.13,0.57,0.03,-0.11,0.04
12909,-1.36,0.08,0.26,-0.08,-0.11,-0.17
12910,-1.36,0.08,-1.09,-0.08,-0.11,0.04
12911,-1.16,-0.23,0.57,0.03,0.10,0.04
12912,-1.36,0.08,-0.36,-0.08,-0.00,-0.07
12913,-1.16,-0.02,-0.57,0.03,-0.11,-0.07
12914,-1.16,-0.13,0.78,-0.08,-0.21,-0.07
12915,-1.26,0.19,-0.88,0.03,-0.11,-0.07
12916,-1.16,-0.33,-0.16,0.03,0.10,-0.07
12917,-1.26,-0.13,0.47,0.03,-0.00,0.04
12918,-1.26,0.08,-0.88,0.13,-0.00,-0.07
12919,-1.16,-0.13,0.16,0.13,-0.00,-0.07
12920,-1.47,0.29,0.26,0.03,-0.11,0.04
12921,-1.26,-0.13,-1.09,0.03,-0.00,0.14
12922,-1.05,-0.23,0.88,-0.08,-0.11,-0.07
12923,-1.36,0.19,-0.26,0.13,-0.00,0.04
12924,-1.16,-0.13,-0.68,-0.08,-0.11,-0.07
12925,-1.16,-0.13,0.68,0.13,0.10,0.14
12926,-1.36,-0.13,-0.88,0.13,-0.00,0.14
13098,-1.26,0.08,-0.16,0.03,-0.11,-0.07
13099,-1.16,-0.13,-0.26,-0.08,-0.21,-0.17
13100,-1.05,-0.02,0.16,0.03,-0.11,0.04
13101,-1.36,-0.13,-0.57,-0.08,-0.11,0.14
13102,-1.36,-0.13,0.16,0.13,-0.00,0.14
13103,-1.16,-0.13,-0.36,0.03,-0.11,-0.07
13104,-1.16,-0.02,-0.16,-0.08,-0.21,-0.17
13105,-1.05,0.08,0.16,0.03,-0.00,-0.07
13106,-1.36,-0.13,-0.36,0.03,-0.11,-0.07
13107,-1.05,0.08,0.26,0.13,-0.21,-0.07
13108,-1.26,-0.13,-0.57,0.03,-0.00,0.04
13109,-1.16,-0.02,0.05,0.03,-0.11,-0.07
13110,-1.26,0.08,-0.16,0.13,-0.11,0.04
13111,-1.36,-0.13,-0.26,0.03,-0.11,-0.07
13112,-1.05,-0.13,0.26,0.13,-0.11,0.04
13113,-1.47,0.19,-0.47,-0.08,-0.11,-0.07
13114,-1.05,-0.13,0.05,0.03,-0.00,0.04
13115,-1.57,0.08,-0.05,-0.08,-0.11,-0.17
13116,-1.16,-0.13,-0.36,0.13,-0.00,0.04
13117,-1.16,0.08,0.26,-0.08,-0.21,0.04
13118,-1.26,-0.13,-0.57,-0.08,-0.00,-0.07
13119,-1.16,-0.13,0.26,0.03,-0.00,-0.07
13120,-1.36,0.08,-0.36,0.03,-0.00,-0.07
13121,-1.26,-0.23,-0.16,0.03,-0.00,-0.07
13122,-1.36,0.19,0.16,0.03,-0.00,-0.07
13123,-1.16,-0.13,-0.36,0.03,-0.00,0.04
13124,-1.36,-0.02,0.26,0.03,-0.11,0.04
13125,-1.36,-0.13,-0.57,0.03,-0.11,-0.07
13126,-1.36,-0.23,0.16,0.03,-0.00,-0.07
13127,-1.16,0.08,-0.16,0.03,0.10,-0.07
13128,-1.36,-0.13,-0.36,0.03,-0.00,0.04
13129,-1.26,0.08,0.26,0.03,-0.00,0.04
13130,-1.47,-0.13,-0.57,0.13,-0.00,0.04
13131,-1.16,0.08,0.47,0.03,-0.21,0.04
13132,-1.36,-0.13,-0.47,0.03,-0.11,-0.07
13133,-1.36,-0.02,0.26,-0.08,-0.11,-0.07
13134,-1.26,-0.02,-0.16,0.03,-0.11,-0.07
13135,-1.26,-0.23,-0.26,0.03,-0.00,0.04
13136,-1.16,0.08,0.26,0.13,-0.11,-0.07
13137,-1.36,-0.02,-0.57,0.03,-0.00,-0.17
13138,-1.26,-0.02,0.16,0.03,-0.21,-0.07
13139,-1.26,0.08,-0.26,0.03,-0.00,0.04
13140,-1.16,-0.23,-0.05,0.13,-0.00,0.04
13141,-1.26,0.08,-0.05,0.03,-0.11,0.04
13142,-1.26,-0.13,-0.26,-0.08,-0.21,-0.17
13143,-1.16,-0.02,0.26,0.03,-0.11,0.04
13144,-1.05,0.08,-0.47,-0.08,-0.00,-0.07
13145,-1.26,-0.02,0.05,0.03,-0.11,0.04
13146,-1.16,-0.13,-0.05,-0.08,-0.11,-0.07
13147,-1.26,-0.02,-0.26,0.03,-0.11,-0.07
13148,-1.16,0.08,0.16,0.03,-0.11,0.04
13149,-1.47,-0.02,-0.36,0.03,-0.21,0.04
13150,-1.16,-0.02,0.26,0.13,-0.00,-0.07
13151,-1.26,-0.02,-0.36,-0.08,-0.11,-0.07
13152,-1.16,-0.23,0.05,0.13,-0.11,-0.07
13153,-1.36,-0.13,-0.16,0.03,-0.00,0.04
13154,-1.26,-0.23,-0.26,0.03,-0.00,0.04
13155,-1.16,-0.02,0.16,-0.08,-0.11,0.04
13156,-1.36,0.08,-0.36,0.03,-0.21,-0.07
13157,-1.05,-0.02,0.16,0.13,-0.11,-0.17
13158,-1.47,0.08,-0.47,0.13,-0.00,0.04
13159,-1.16,-0.23,0.05,-0.08,-0.11,-0.07
13160,-1.47,0.08,-0.05,0.13,-0.11,0.04
13161,-1.16,-0.13,-0.36,0.03,-0.11,-0.17
13162,-1.47,-0.02,0.36,0.03,-0.00,0.04
13163,-1.26,-0.13,-0.68,0.13,0.10,-0.07
13164,-1.05,-0.13,0.16,-0.08,-0.00,-0.07
13165,-1.26,0.19,-0.26,0.13,-0.00,0.04
13166,-1.36,-0.23,-0.26,-0.08,-0.00,-0.07
13167,-1.16,0.19,0.16,0.03,-0.11,-0.07
13168,-1.26,-0.33,-0.68,0.03,-0.00,0.04
13169,-1.16,0.19,0.47,-0.08,0.10,0.14
13170,-1.36,-0.02,-0.47,0.03,-0.11,-0.17
13171,-1.36,-0.13,0.26,0.03,-0.11,0.04
13172,-1.26,-0.02,-0.36,0.03,-0.00,0.04
13173,-1.26,-0.02,-0.05,0.03,-0.21,-0.07
13174,-1.16,0.19,0.05,0.13,-0.00,0.04
13175,-1.47,-0.13,-0.57,0.03,-0.00,-0.07
13176,-1.16,-0.02,0.05,0.13,-0.00,0.14
13177,-1.16,-0.02,-0.47,0.03,-0.11,-0.07
13178,-1.36,-0.02,0.05,0.03,-0.00,-0.07
13179,-1.26,-0.13,-0.47,0.03,0.10,0.04
13180,-1.26,-0.13,0.16,0.03,-0.11,-0.07
13181,-1.26,0.08,-0.05,-0.08,-0.11,-0.07
13182,-1.26,-0.23,-0.16,0.03,-0.11,0.04
13183,-1.36,0.08,0.05,0.13,-0.00,0.14
13184,-1.26,-0.23,-0.57,0.13,-0.00,-0.07
13185,-1.26,0.08,0.26,-0.08,-0.11,-0.07
13186,-1.26,-0.02,-0.36,-0.08,-0.11,-0.17
13187,-1.26,-0.23,-0.16,0.13,-0.00,0.04
13188,-1.05,0.08,-0.05,-0.08,-0.11,-0.07
13189,-1.36,-0.13,-0.36,0.03,-0.11,-0.07
13190,-1.26,0.08,0.26,0.03,-0.00,-0.07
13191,-1.26,-0.23,-0.57,0.03,-0.00,-0.28
13192,-1.05,-0.02,0.16,0.03,-0.11,0.04
13193,-1.36,-0.02,-0.26,0.03,-0.00,0.04
13194,-1.26,-0.23,0.05,0.13,-0.11,0.04
13195,-1.16,0.08,-0.16,0.13,-0.11,-0.07
13196,-1.26,-0.13,-0.36,0.03,-0.00,0.04
13197,-1.36,0.08,0.16,-0.08,-0.00,-0.07
13198,-1.36,-0.13,-0.26,0.03,-0.21,-0.07
13199,-1.16,-0.13,0.16,0.03,-0.00,0.04
13200,-1.26,0.08,-0.26,-0.18,-0.11,-0.17
13201,-1.26,-0.13,0.05,0.03,-0.11,-0.07
13202,-1.47,0.08,-0.16,0.03,-0.21,0.04
13203,-1.05,-0.23,-0.26,0.03,-0.11,0.04
13204,-1.47,0.19,0.05,0.03,-0.00,0.04
13205,-1.26,-0.13,-0.47,0.13,-0.11,0.04
13206,-1.36,0.08,0.26,-0.08,-0.11,0.04
13207,-1.16,-0.13,-0.57,0.13,-0.00,0.04
13208,-1.16,-0.02,0.26,-0.18,-0.11,-0.07
13209,-1.36,0.08,-0.16,-0.08,-0.11,-0.07
13210,-1.47,-0.33,-0.47,0.03,0.10,0.04
13211,-1.16,0.08,-0.05,0.03,-0.00,0.04
13212,-1.36,-0.23,-0.36,0.13,-0.11,0.04
13213,-1.26,0.08,0.26,0.13,0.10,0.04
13214,-1.36,-0.13,-0.57,-0.08,-0.00,-0.07
13215,-1.26,0.08,0.16,-0.08,-0.11,-0.07
13216,-1.26,-0.02,-0.36,0.13,-0.11,-0.07
13217,-1.36,-0.13,0.16,-0.08,-0.21,0.04
13218,-1.05,0.08,-0.05,-0.08,-0.11,0.04
13219,-1.36,-0.33,-0.47,0.03,-0.11,-0.07
13220,-1.16,0.19,0.05,-0.08,-0.11,-0.07
13221,-1.26,-0.23,-0.16,0.03,-0.11,-0.17
13222,-1.16,0.08,0.05,0.03,-0.00,0.04
13223,-1.26,-0.02,-0.36,0.03,-0.11,0.04
13224,-1.47,0.08,0.26,0.13,-0.00,-0.07
13225,-1.36,-0.02,-0.47,0.03,-0.11,-0.17
13226,-1.05,-0.13,0.16,0.03,-0.11,-0.07
13227,-1.16,0.08,-0.16,0.03,-0.11,-0.07
13228,-1.36,-0.13,-0.36,0.03,-0.11,0.04
13229,-1.26,0.19,0.26,-0.08,-0.11,-0.17
13230,-1.36,-0.33,-0.68,0.13,-0.00,0.04
13231,-1.16,0.08,0.47,0.03,-0.11,0.04
13232,-1.36,-0.02,-0.26,0.03,-0.11,-0.07
13233,-1.26,0.08,-0.05,-0.08,-0.11,-0.07
13234,-1.26,0.08,-0.26,-0.08,-0.11,-0.07
13235,-1.16,-0.13,-0.05,-0.08,-0.11,-0.07
13236,-1.26,0.08,0.16,0.03,0.10,-0.07
13237,-1.16,-0.13,-0.36,0.03,-0.11,-0.07
13238,-1.26,0.08,-0.05,-0.08,-0.00,0.04
13239,-1.16,0.08,-0.36,0.03,-0.21,0.04
13240,-1.26,-0.13,0.26,0.03,-0.00,0.04
13241,-1.26,0.08,-0.47,0.03,-0.11,-0.07
13242,-1.05,-0.33,0.05,0.13,-0.00,0.04
13243,-1.47,-0.02,0.05,0.03,0.10,0.14
13244,-1.36,-0.23,-0.36,-0.08,-0.00,0.04
13245,-1.36,0.19,0.05,0.03,-0.11,0.04
13246,-1.16,-0.23,-0.36,0.03,-0.00,0.04
13247,-1.16,0.29,0.47,-0.08,-0.21,-0.17
13248,-1.16,-0.02,-0.47,-0.08,-0.21,-0.17
13249,-1.47,0.08,0.26,0.03,-0.11,-0.07
13250,-1.16,-0.13,-0.47,0.03,-0.00,0.04
13251,-1.36,-0.02,0.36,-0.08,-0.11,0.14
13252,-1.16,0.08,-0.16,-0.08,-0.11,-0.17
13253,-1.36,-0.13,-0.16,0.03,-0.11,0.04
13254,-1.16,0.19,0.16,0.03,-0.21,-0.07
13255,-1.47,-0.23,-0.36,0.13,-0.00,-0.07
13256,-1.05,0.08,0.26,0.03,-0.11,0.04
13257,-1.36,-0.23,-0.36,0.13,-0.11,0.04
13258,-1.16,0.08,0.16,-0.18,-0.00,-0.07
13259,-1.36,-0.13,-0.36,0.13,0.10,-0.07
13260,-1.16,-0.13,0.26,-0.08,-0.11,0.04
13261,-1.16,0.19,-0.26,-0.08,-0.00,0.04
13262,-1.36,-0.33,0.05,0.13,-0.00,0.04
13263,-1.47,0.19,-0.05,0.03,-0.11,0.04
13264,-1.26,-0.33,-0.36,0.03,-0.00,0.04
13265,-1.26,0.19,0.16,-0.08,-0.00,0.14
13266,-1.26,-0.13,-0.36,0.03,-0.11,0.04
13267,-1.16,0.08,0.16,0.03,-0.11,0.14
13268,-1.26,-0.13,-0.57,0.03,-0.00,0.04
13269,-1.26,0.08,0.05,-0.08,-0.00,-0.07
13270,-1.16,0.08,-0.26,0.03,-0.00,-0.07
13271,-1.16,-0.13,0.16,0.03,-0.11,-0.07
13272,-1.16,0.08,-0.16,0.13,-0.11,0.04
13273,-1.36,-0.13,-0.16,-0.08,-0.11,-0.07
13274,-1.05,0.19,0.16,0.03,-0.11,0.04
13275,-1.26,-0.33,-0.47,0.13,-0.00,0.04
13276,-1.16,0.08,0.26,0.03,-0.21,0.04
13277,-1.36,-0.13,-0.36,0.03,-0.00,0.04
13278,-1.16,-0.02,-0.05,0.03,-0.11,-0.07
13279,-1.47,0.08,-0.57,0.03,0.10,-0.07
13280,-1.05,-0.23,-0.05,0.03,-0.11,-0.07
13281,-1.47,0.19,-0.26,-0.08,0.10,0.04
13282,-1.16,-0.23,-0.16,0.03,-0.00,0.04
13283,-1.57,0.08,0.05,0.03,-0.11,-0.07
13284,-1.16,-0.23,-0.47,0.13,-0.11,0.04
13285,-1.47,0.19,0.36,0.03,-0.11,-0.07
13286,-1.05,-0.23,-0.47,-0.08,-0.21,-0.07
13287,-1.47,-0.02,0.26,-0.08,-0.00,0.04
13288,-1.26,-0.23,-0.36,-0.08,-0.00,-0.07
13289,-1.36,-0.13,-0.05,-0.08,-0.11,0.04
13290,-1.05,-0.02,-0.26,0.03,-0.00,0.04
13291,-1.47,-0.23,0.05,-0.08,-0.11,0.04
13292,-1.05,0.19,-0.16,0.03,-0.00,-0.07
13293,-1.47,-0.33,-0.05,0.13,-0.00,0.04
13294,-1.05,0.19,0.05,0.03,-0.11,0.04
13295,-1.47,-0.23,-0.36,0.03,-0.00,0.04
13296,-1.16,0.08,0.47,0.13,-0.11,0.04
13297,-1.26,-0.02,-0.47,0.13,-0.11,-0.07
13298,-1.16,-0.02,0.26,0.03,-0.11,0.04
13299,-1.36,-0.02,-0.26,0.03,-0.00,-0.07
13300,-1.26,-0.13,0.05,0.03,-0.11,0.04
13301,-1.16,0.19,-0.26,0.13,-0.21,-0.07
13302,-1.26,-0.23,0.05,0.03,-0.00,-0.07
13303,-1.26,0.08,-0.05,0.03,-0.00,-0.07
13304,-1.16,-0.33,-0.05,0.03,-0.11,0.04
13305,-1.26,0.29,-0.05,-0.08,-0.21,-0.07
13306,-1.36,-0.33,-0.47,0.13,-0.11,0.04
13307,-1.26,0.19,0.36,-0.08,-0.11,-0.07
13308,-1.16,-0.23,-0.36,0.13,-0.11,0.04
13309,-1.16,0.08,0.36,0.13,-0.11,-0.07
13310,-1.36,-0.13,-0.36,0.13,-0.11,0.04
13311,-1.26,0.19,0.16,-0.08,-0.11,-0.07
13312,-1.26,-0.02,-0.57,0.03,-0.11,-0.07
13313,-1.16,-0.02,0.26,0.03,-0.11,0.04
13314,-1.26,-0.02,-0.26,0.03,-0.11,-0.07
13315,-1.16,-0.23,-0.05,0.03,-0.11,0.04
13316,-1.26,0.08,-0.16,0.03,-0.00,0.04
13317,-1.16,-0.23,-0.16,0.03,-0.11,-0.07
13318,-1.47,0.19,0.26,-0.08,-0.00,-0.07
13319,-1.16,-0.13,-0.57,0.13,-0.00,-0.07
13320,-1.47,-0.02,0.16,0.03,-0.21,-0.07
13321,-1.16,-0.02,-0.26,0.03,-0.11,-0.07
13322,-1.36,-0.13,0.16,0.03,-0.00,-0.07
13323,-1.16,-0.02,-0.36,0.03,-0.21,-0.07
13324,-1.36,-0.23,0.05,-0.08,-0.11,0.04
13325,-1.16,0.19,-0.26,-0.08,-0.11,-0.07
13326,-1.36,-0.33,0.05,0.03,-0.11,-0.07
13327,-1.26,0.19,-0.26,-0.08,-0.00,-0.17
13328,-1.36,-0.13,-0.16,-0.08,-0.11,0.04
13329,-1.26,0.19,0.05,-0.08,-0.00,-0.07
13330,-1.26,-0.23,-0.26,-0.08,-0.00,0.04
13331,-1.16,0.19,0.16,-0.08,-0.00,-0.07
13332,-1.36,-0.13,-0.26,0.03,-0.11,0.04
13333,-1.16,0.08,0.16,0.03,-0.11,0.04
13334,-1.26,0.08,-0.36,-0.08,-0.00,-0.07
13335,-1.16,-0.13,0.26,-0.08,-0.00,-0.07
13336,-1.26,0.19,-0.36,-0.08,-0.21,-0.07
13338,-1.16,-0.02,0.26,0.03,-0.11,-0.07
13338,-1.36,-0.02,-0.26,0.13,-0.11,-0.07
13339,-1.26,-0.23,0.05,0.13,-0.00,0.04
13340,-1.26,0.29,-0.16,-0.08,-0.11,-0.07
13341,-1.16,-0.33,-0.16,0.03,-0.11,0.04
13342,-1.16,0.19,0.05,0.03,-0.11,0.04
13343,-1.26,-0.23,-0.05,0.03,-0.00,0.04
13344,-1.26,0.19,-0.05,0.13,-0.11,0.04
13345,-1.26,-0.23,-0.26,0.03,-0.00,0.04
13346,-1.16,0.08,0.16,-0.08,-0.11,-0.17
13347,-1.16,-0.13,-0.36,-0.08,-0.11,-0.07
13348,-1.05,0.08,0.16,-0.08,-0.21,-0.07
13349,-1.26,-0.13,-0.26,0.03,-0.11,0.04
13350,-1.26,-0.02,0.16,0.03,-0.00,-0.07
13351,-1.26,-0.13,-0.26,-0.08,-0.11,-0.17
13352,-1.26,-0.02,-0.05,0.03,0.10,-0.07
13353,-1.26,-0.02,-0.16,-0.08,-0.11,-0.07
13354,-1.26,-0.13,-0.05,0.13,-0.11,0.04
13355,-1.36,0.19,-0.26,0.03,-0.11,0.14
13356,-0.95,-0.13,0.16,0.03,-0.00,-0.07
13357,-1.47,-0.02,-0.26,0.13,-0.00,-0.07
13358,-1.16,-0.23,-0.26,0.03,-0.11,-0.17
13359,-1.26,0.19,0.05,0.03,-0.11,-0.17
13360,-1.26,-0.23,-0.26,0.13,-0.11,0.04
13361,-1.36,0.08,0.26,0.03,-0.11,0.14
13362,-1.16,-0.23,-0.36,0.03,-0.11,-0.07
13363,-1.36,-0.02,0.05,0.03,-0.11,0.04
13364,-1.26,-0.13,-0.26,0.03,-0.00,-0.07
13365,-1.47,0.08,0.16,0.03,-0.21,-0.07
13366,-1.26,-0.13,-0.26,0.03,-0.00,-0.07
13367,-1.47,-0.13,0.05,0.13,-0.00,0.04
13368,-1.26,0.08,-0.36,0.03,-0.00,0.04
13369,-1.26,-0.23,0.16,-0.08,-0.00,-0.07
13370,-1.26,0.08,-0.26,0.03,-0.11,0.04
13371,-1.36,-0.23,-0.05,0.03,-0.00,-0.07
13372,-1.16,0.08,0.05,0.03,-0.11,-0.07
13373,-1.36,-0.02,-0.16,-0.08,-0.21,0.04
13374,-1.16,-0.02,0.05,0.03,-0.11,-0.07
13488,-0.53,0.29,1.20,0.03,-0.31,-0.17
13488,-1.16,0.19,-0.36,0.03,0.10,0.04
13489,-1.16,-0.23,-0.16,0.03,-0.11,0.04
13490,-1.26,0.19,0.05,0.03,-0.00,-0.07
13491,-1.36,-0.23,-0.36,0.13,-0.00,-0.07
13492,-1.26,0.29,0.16,0.03,-0.11,-0.07
13493,-1.16,-0.13,-0.26,-0.08,-0.11,0.04
13494,-1.16,0.08,0.16,0.03,-0.00,0.04
13495,-1.26,-0.13,-0.26,-0.08,-0.11,0.04
13496,-1.16,0.08,-0.05,0.03,-0.21,-0.07
13497,-1.16,-0.13,-0.16,-0.08,-0.00,-0.07
13498,-1.16,-0.02,0.05,0.03,-0.11,-0.07
13499,-1.26,-0.13,-0.26,0.03,-0.00,0.04
13500,-1.26,0.08,0.05,0.13,-0.00,0.04
13501,-1.26,-0.13,-0.26,-0.08,0.10,0.04
13502,-1.16,-0.02,0.16,-0.08,-0.11,0.04
13503,-1.26,-0.13,-0.05,0.03,-0.11,-0.07
13504,-1.16,-0.02,-0.05,0.03,-0.00,-0.07
13505,-1.26,-0.02,-0.16,-0.08,-0.11,-0.07
13506,-1.05,-0.02,0.16,0.13,-0.00,0.04
13507,-1.36,-0.02,-0.16,0.13,0.10,0.04
13508,-1.16,0.08,0.16,0.03,-0.11,-0.07
13509,-1.47,-0.02,-0.36,0.03,-0.11,0.04
13510,-1.26,-0.02,0.05,0.03,0.10,0.04
13511,-1.26,-0.13,-0.36,0.03,-0.00,0.04
13512,-1.26,0.08,0.16,-0.08,-0.11,0.04
13513,-1.26,-0.13,-0.26,0.03,-0.11,0.04
13514,-1.47,0.08,0.16,-0.08,-0.00,0.04
13515,-1.16,-0.13,-0.36,0.03,-0.11,0.04
13516,-1.36,0.08,0.16,0.03,-0.11,0.04
13517,-1.26,-0.13,-0.16,-0.08,-0.00,-0.07
13518,-1.26,-0.02,0.16,0.13,-0.11,0.14
13519,-1.36,-0.13,-0.26,0.03,-0.11,0.04
13520,-1.26,-0.02,0.16,-0.08,-0.11,0.14
13521,-1.26,0.08,-0.16,0.13,-0.11,-0.07
13522,-1.26,-0.02,0.16,-0.08,-0.11,0.04
13523,-1.26,0.19,-0.16,-0.08,-0.11,-0.07
13524,-1.16,-0.02,0.05,0.03,-0.11,0.04
13525,-1.36,0.08,-0.26,0.03,-0.11,0.14
13526,-1.16,-0.02,0.05,0.13,-0.11,0.04
13527,-1.26,-0.02,-0.26,-0.08,-0.00,-0.07
13528,-1.26,-0.13,0.05,-0.08,-0.00,-0.07
13529,-1.26,0.19,-0.26,0.13,-0.21,-0.07
13530,-1.26,-0.13,0.05,0.03,-0.00,-0.07
13531,-1.26,-0.02,-0.16,0.03,-0.11,0.04
13532,-1.26,-0.02,-0.05,0.03,-0.00,0.14
13533,-1.16,0.08,-0.36,-0.08,-0.21,-0.07
13534,-1.16,-0.02,-0.05,0.03,-0.00,0.04
13535,-1.16,0.08,-0.16,0.13,-0.00,-0.07
13536,-1.16,-0.13,0.16,-0.08,-0.21,-0.07
13537,-1.16,-0.02,-0.16,0.03,-0.00,0.04
13538,-1.26,-0.23,-0.05,-0.08,-0.00,0.04
13539,-1.16,-0.02,-0.36,0.03,-0.11,0.04
13540,-1.26,-0.23,0.16,0.13,-0.00,0.04
13541,-1.36,-0.13,-0.26,0.13,-0.11,0.04
13542,-1.05,-0.23,0.05,-0.08,-0.11,-0.07
13543,-1.26,0.29,-0.26,0.03,0.10,0.04
13544,-1.26,-0.13,0.05,-0.08,0.10,-0.07
13545,-1.16,-0.02,-0.16,0.03,-0.11,-0.07
13546,-1.26,-0.13,0.05,0.03,-0.11,-0.07
13547,-1.26,-0.13,-0.26,0.03,-0.11,0.04
13548,-1.36,-0.02,0.05,0.03,-0.11,-0.07
13549,-1.16,-0.13,-0.36,-0.08,-0.11,-0.07
13550,-1.47,-0.02,0.05,0.03,-0.11,-0.07
13551,-1.26,-0.23,-0.36,0.03,-0.00,-0.07
13552,-1.36,0.08,0.26,-0.18,-0.00,0.04
13553,-1.36,0.08,-0.36,-0.08,-0.11,-0.07
13554,-1.26,-0.02,-0.05,-0.08,-0.11,-0.07
13555,-1.16,-0.02,-0.16,-0.08,-0.11,-0.07
13556,-1.26,-0.13,0.16,0.03,-0.00,0.04
13557,-1.36,0.08,-0.16,0.03,-0.11,-0.28
13558,-1.26,-0.13,0.05,0.13,-0.11,-0.07
13559,-1.47,0.08,-0.47,-0.08,-0.00,0.04
13560,-1.16,-0.13,0.05,0.03,-0.11,0.04
13561,-1.26,0.08,-0.16,-0.18,-0.00,-0.07
13562,-1.36,-0.02,0.16,-0.08,-0.11,0.04
13563,-1.26,-0.02,-0.26,-0.08,-0.11,-0.07
13564,-1.36,0.08,-0.05,-0.08,-0.11,-0.07
13565,-1.26,-0.23,-0.16,-0.08,-0.00,0.04
13566,-1.26,0.08,0.05,0.03,-0.11,-0.07
13567,-1.26,-0.13,-0.26,0.13,-0.00,-0.07
13568,-1.26,-0.02,0.16,0.03,-0.11,0.04
13569,-1.36,-0.13,-0.47,0.13,-0.11,-0.07
13570,-1.16,-0.13,0.05,0.03,-0.11,-0.07
13571,-1.05,-0.13,-0.16,0.03,-0.11,0.04
13572,-1.16,0.08,0.16,0.03,-0.11,-0.07
13573,-1.36,0.08,-0.26,0.13,-0.11,-0.17
13574,-1.26,-0.13,-0.16,-0.08,-0.11,-0.07
13575,-1.16,-0.02,-0.16,0.03,-0.11,-0.07
13576,-1.16,-0.02,-0.05,0.13,-0.00,0.04
13577,-1.36,-0.23,-0.16,0.03,-0.11,-0.17
13578,-1.26,0.08,0.05,0.03,-0.00,0.04
13579,-1.16,-0.13,-0.36,-0.08,-0.11,0.04
13580,-1.36,0.19,0.16,0.13,-0.00,0.04
13581,-1.05,-0.13,-0.16,0.13,-0.11,0.04
13582,-1.36,0.08,0.05,-0.08,-0.21,-0.17
13583,-1.16,-0.33,-0.26,0.03,-0.00,0.04
13584,-1.47,0.19,-0.05,-0.08,-0.11,-0.07
13585,-1.05,-0.23,-0.26,0.03,-0.00,0.04
13586,-1.36,0.08,0.05,0.03,-0.11,-0.17
13587,-1.26,-0.13,-0.26,0.03,-0.11,-0.07
13588,-1.36,-0.02,-0.05,0.03,-0.21,0.04
13589,-1.36,-0.13,-0.16,0.03,-0.11,-0.07
13590,-1.36,-0.02,-0.05,0.03,-0.11,-0.17
13591,-1.26,-0.13,-0.16,0.03,-0.00,-0.07
13592,-1.26,0.19,-0.05,0.03,-0.11,-0.17
13593,-1.47,-0.23,-0.16,0.03,-0.11,-0.17
13594,-1.26,0.19,-0.05,-0.08,-0.11,-0.07
13595,-1.16,-0.13,-0.16,-0.08,-0.11,-0.17
13596,-1.36,0.29,0.05,0.03,-0.11,-0.07
13597,-1.26,-0.33,-0.16,0.03,-0.21,0.04
13598,-1.36,0.08,-0.16,0.13,-0.11,-0.07
13599,-1.05,-0.33,-0.16,0.13,-0.00,0.04
13600,-1.26,0.19,-0.05,-0.08,-0.11,-0.17
13601,-1.16,-0.13,-0.05,0.13,-0.00,0.04
13602,-1.36,0.08,-0.16,0.03,-0.00,-0.07
13603,-1.16,-0.02,-0.05,-0.08,-0.11,-0.07
13604,-1.16,0.08,-0.26,0.03,-0.00,-0.07
13605,-1.26,-0.13,0.05,0.03,-0.00,0.04
13606,-1.26,0.08,-0.16,0.03,-0.11,0.14
13607,-1.16,-0.13,-0.05,0.03,-0.00,0.04
13608,-1.26,0.08,-0.16,-0.08,-0.11,0.04
13609,-1.16,-0.33,0.05,0.03,-0.11,-0.07
13610,-1.26,0.19,-0.05,-0.08,-0.21,-0.07
13611,-1.16,-0.23,-0.05,0.03,-0.00,0.04
13612,-1.36,0.19,-0.16,0.03,-0.00,-0.07
13613,-1.05,-0.13,0.05,0.03,-0.11,-0.07
13614,-1.26,-0.02,-0.26,0.13,0.10,0.14
13615,-1.16,-0.02,0.05,0.03,-0.21,-0.17
13616,-1.26,-0.02,-0.16,-0.08,-0.11,-0.07
13617,-1.47,-0.02,0.05,0.03,-0.11,-0.07
13618,-1.16,-0.13,-0.26,-0.08,-0.11,-0.07
13619,-1.26,0.08,0.05,0.13,-0.00,0.04
13620,-1.16,-0.13,-0.05,0.03,-0.00,0.14
13621,-1.47,0.19,0.05,0.03,-0.00,0.04
13622,-1.47,-0.23,-0.26,0.13,-0.11,0.04
13623,-1.26,0.08,-0.16,0.03,-0.00,-0.07
13624,-1.26,-0.13,-0.05,-0.08,-0.00,-0.07
13625,-1.26,0.08,0.05,0.03,-0.11,-0.07
13626,-1.47,-0.13,-0.26,0.03,-0.00,0.04
13627,-1.26,-0.02,-0.05,0.13,-0.11,0.14
13628,-1.26,-0.13,-0.16,0.03,-0.11,0.14
13629,-1.26,0.08,0.05,0.03,-0.11,0.04
13630,-1.16,-0.23,-0.16,0.03,-0.21,-0.07
13631,-1.16,0.29,-0.16,0.03,-0.00,-0.07
13632,-1.36,-0.33,-0.05,-0.08,-0.11,-0.17
13633,-1.36,0.19,-0.05,-0.08,-0.11,-0.07
13634,-1.16,-0.23,-0.16,0.03,-0.11,-0.07
13635,-1.26,0.29,-0.16,-0.08,-0.00,0.04
13636,-1.26,-0.23,-0.05,0.03,-0.11,-0.07
13637,-1.36,0.08,-0.05,0.13,-0.21,-0.07
13638,-1.26,-0.33,-0.16,0.03,-0.11,0.04
13639,-1.16,0.08,-0.16,-0.08,-0.00,-0.07
13640,-1.26,-0.13,-0.05,0.03,-0.11,0.04
13641,-1.26,-0.02,0.05,0.03,-0.11,0.04
13642,-1.16,-0.13,-0.05,-0.08,-0.00,-0.07
13643,-1.16,0.08,-0.16,0.03,-0.11,0.04
13644,-1.16,-0.13,-0.05,0.03,-0.11,-0.07
13645,-1.36,-0.02,-0.26,0.03,-0.00,0.04
13646,-1.16,-0.13,-0.05,0.03,-0.11,0.04
13647,-1.26,0.08,-0.16,-0.08,0.10,0.14
13648,-1.16,-0.13,0.05,0.03,-0.00,0.04
13649,-1.26,-0.13,-0.16,0.03,-0.00,0.04
13650,-1.36,0.08,-0.05,-0.08,-0.11,-0.07
13651,-1.16,-0.23,-0.26,0.03,-0.00,0.04
13652,-1.47,0.19,0.05,0.03,-0.11,-0.07
13653,-1.16,-0.33,-0.05,0.03,-0.21,0.04
13654,-1.26,-0.02,0.05,-0.08,-0.11,-0.07
13655,-1.26,-0.23,-0.26,0.03,-0.11,-0.07
13656,-1.36,0.08,-0.05,0.03,-0.11,-0.07
13657,-1.26,-0.13,-0.05,-0.08,0.10,-0.07
13658,-1.26,-0.13,-0.05,-0.08,-0.00,-0.07
13659,-1.36,-0.02,-0.05,0.03,-0.00,-0.07
13660,-1.26,-0.02,0.05,-0.08,-0.00,0.04
13661,-1.26,-0.02,0.05,0.03,-0.11,-0.07
13662,-1.36,-0.02,-0.16,0.03,-0.00,0.04
13663,-1.26,-0.13,-0.05,0.03,-0.00,-0.07
13664,-1.36,0.19,-0.05,0.13,-0.11,0.04
13665,-1.26,-0.33,0.05,0.13,-0.11,0.04
13666,-1.36,0.08,-0.16,0.03,-0.11,-0.07
13667,-1.26,-0.13,0.16,-0.08,-0.11,-0.17
13668,-1.36,0.08,-0.26,0.03,-0.00,0.14
13669,-1.16,-0.02,0.05,-0.08,-0.11,-0.07
13670,-1.26,-0.13,-0.16,0.03,-0.21,-0.07
13671,-1.36,0.08,0.05,0.13,-0.11,0.04
13672,-1.16,-0.23,-0.16,0.03,-0.11,0.04
13673,-1.36,-0.02,0.05,0.03,-0.00,0.04
13674,-1.16,-0.13,-0.05,-0.08,-0.11,-0.17
13675,-1.26,-0.02,-0.05,0.03,-0.11,0.04
13676,-1.26,-0.02,-0.26,0.03,-0.00,0.14
13677,-1.16,-0.02,-0.05,0.03,-0.21,-0.07
13678,-1.16,-0.13,-0.16,0.03,-0.11,0.04
13679,-1.36,-0.13,-0.16,0.13,-0.11,0.14
13680,-1.16,-0.02,-0.05,0.03,-0.11,0.04
13681,-1.26,0.19,-0.26,0.03,-0.00,-0.07
13682,-1.16,-0.33,-0.05,0.03,-0.11,0.04
13683,-1.26,0.19,-0.05,0.13,-0.00,0.14
13684,-1.16,-0.33,0.05,0.03,-0.21,-0.07
13685,-1.26,0.08,-0.36,-0.08,-0.11,0.04
13686,-1.36,-0.33,0.05,0.03,-0.11,-0.07
13687,-1.16,0.08,-0.16,-0.08,-0.11,-0.07
13688,-1.36,-0.02,0.05,0.03,-0.00,0.04
13689,-1.05,-0.13,-0.16,0.13,-0.11,0.04
13690,-1.57,0.08,0.16,0.03,0.10,-0.07
13691,-1.16,-0.23,-0.26,-0.08,-0.21,0.04
13692,-1.36,0.08,-0.05,-0.08,-0.11,0.04
13693,-1.16,-0.02,-0.26,0.13,-0.00,0.04
13694,-1.36,-0.13,-0.26,0.13,-0.11,0.04
13695,-1.47,0.08,-0.16,-0.08,-0.11,-0.17
13696,-1.16,-0.02,-0.16,-0.18,-0.11,-0.17
13697,-1.36,-0.13,-0.05,0.13,-0.11,0.04
13698,-1.26,0.08,-0.05,-0.08,-0.11,-0.07
13699,-1.36,-0.13,-0.16,0.13,-0.00,0.04
13700,-1.26,0.08,-0.26,-0.08,-0.00,-0.07
13701,-1.26,-0.33,-0.05,0.03,-0.11,0.04
13702,-1.26,0.29,-0.05,0.03,-0.11,0.04
13704,-1.26,-0.33,0.05,0.03,0.10,0.04
13704,-1.26,0.19,-0.16,0.13,-0.11,0.04
13705,-1.36,-0.13,-0.05,-0.08,-0.11,-0.07
13706,-1.26,-0.23,-0.26,0.03,-0.00,0.04
13707,-1.36,0.08,0.05,0.03,-0.11,0.04
13708,-1.16,-0.23,-0.16,0.03,-0.00,0.04
13709,-1.26,0.08,-0.05,-0.08,-0.11,0.04
13710,-1.36,-0.02,-0.26,0.03,-0.00,0.04
13711,-1.16,-0.02,-0.05,0.03,-0.11,0.04
13712,-1.26,-0.02,-0.16,0.03,-0.00,-0.07
13713,-1.16,-0.13,-0.05,0.03,-0.11,-0.17
13714,-1.26,-0.13,-0.16,0.13,-0.11,0.04
13715,-1.36,-0.02,0.05,0.13,-0.11,0.04
13716,-1.05,-0.23,-0.16,0.03,-0.00,0.04
13717,-1.36,0.19,-0.16,0.03,-0.11,0.04
13718,-1.16,-0.33,-0.05,0.03,-0.11,-0.07
13719,-1.26,0.19,-0.16,0.03,-0.00,-0.07
13720,-1.26,-0.23,-0.05,0.03,-0.00,-0.07
13721,-1.05,-0.02,-0.26,0.03,-0.00,-0.07
13722,-1.26,-0.02,0.05,-0.08,-0.11,-0.07
13723,-1.16,-0.33,-0.16,0.03,-0.11,0.04
13724,-1.36,0.19,-0.05,-0.08,-0.11,0.04
13725,-1.16,-0.33,-0.26,-0.18,-0.00,-0.07
13726,-1.36,0.19,-0.05,0.13,-0.11,0.04
13727,-1.36,-0.23,-0.16,0.03,-0.21,-0.07
13728,-1.26,-0.02,-0.05,0.03,-0.00,-0.07
13729,-1.47,-0.02,-0.26,0.03,-0.00,0.04
13730,-1.26,0.08,0.05,0.03,-0.21,0.04
13731,-1.36,0.08,0.05,-0.08,-0.21,0.04
13732,-1.16,0.08,-0.16,0.03,-0.11,0.14
13733,-1.16,-0.13,-0.05,0.03,-0.11,-0.07
13734,-1.26,0.29,-0.05,-0.08,-0.11,-0.17
13735,-1.36,-0.33,-0.16,0.03,-0.00,0.14
13736,-1.36,0.08,-0.05,0.03,-0.00,0.04
13737,-1.26,-0.23,-0.05,-0.08,-0.11,0.04
13738,-1.26,0.08,-0.26,0.03,-0.11,-0.17
13739,-1.36,-0.02,0.05,0.03,-0.11,0.14
13740,-1.26,-0.02,-0.05,0.13,-0.11,0.04
13741,-1.26,-0.02,-0.05,0.03,-0.00,0.04
13742,-1.16,-0.13,-0.16,0.03,-0.21,0.04
13743,-1.16,-0.02,0.05,0.03,-0.00,0.24
13744,-1.26,-0.02,-0.26,0.03,-0.11,-0.07
13745,-1.36,-0.02,0.05,-0.18,-0.00,-0.07
13746,-1.26,-0.02,-0.16,0.13,-0.00,0.04
13747,-1.36,-0.13,-0.16,0.13,-0.11,-0.07
13748,-1.16,-0.02,-0.16,-0.08,-0.21,-0.17
13749,-1.47,0.08,-0.16,0.03,-0.00,-0.07
13750,-1.16,-0.23,-0.16,0.03,-0.00,-0.07
13751,-1.36,0.08,-0.16,0.03,-0.00,0.04
13752,-1.26,-0.13,-0.05,0.13,-0.00,0.04
13753,-1.26,0.19,-0.16,0.03,-0.21,-0.07
13754,-1.26,-0.13,-0.05,-0.08,-0.11,0.04
13755,-1.05,-0.23,-0.05,-0.08,-0.11,-0.07
13756,-1.36,0.19,-0.05,0.03,-0.11,0.04
13757,-1.26,-0.33,-0.36,0.13,0.10,0.04
13758,-1.36,0.19,-0.16,0.03,-0.11,0.04
13759,-1.26,-0.23,-0.05,0.03,-0.11,-0.17
13760,-1.36,-0.02,-0.26,0.03,-0.11,0.04
13761,-1.36,-0.02,0.05,0.03,-0.21,0.14
13762,-1.26,-0.13,-0.26,0.03,-0.00,-0.07
13763,-1.16,-0.02,-0.05,-0.08,-0.11,-0.07
13764,-1.26,-0.02,-0.16,0.03,-0.11,-0.07
13765,-1.26,-0.02,-0.05,0.03,-0.11,0.04
13766,-1.26,0.08,-0.16,0.03,-0.11,-0.07
13767,-1.26,-0.23,0.05,0.03,-0.00,0.04
13768,-1.26,0.08,-0.05,0.03,-0.00,0.04
13769,-1.26,-0.02,0.05,0.13,-0.11,0.04
13770,-1.16,-0.23,-0.16,0.03,-0.00,-0.07
13771,-1.26,0.08,0.05,-0.08,-0.00,-0.07
13772,-1.26,-0.23,-0.16,-0.08,-0.11,-0.07
13773,-1.26,0.29,0.05,0.03,-0.11,-0.07
13774,-1.16,-0.23,-0.05,0.03,-0.11,0.04
13775,-1.26,0.19,-0.05,-0.08,-0.11,0.04
13776,-1.16,-0.13,-0.05,0.03,-0.11,-0.07
13777,-1.16,-0.13,-0.05,-0.08,-0.00,-0.07
13778,-1.26,0.08,-0.05,0.03,-0.11,-0.07
13779,-1.36,-0.13,-0.16,0.03,-0.00,-0.07
13780,-1.36,-0.23,-0.16,0.03,-0.00,0.04
13781,-1.36,-0.13,-0.36,0.13,-0.00,0.14
13782,-1.26,-0.02,-0.05,0.03,0.10,0.04
13783,-1.26,-0.13,0.05,0.03,-0.11,-0.07
13784,-1.36,-0.02,-0.26,0.13,-0.11,-0.07
13785,-1.16,-0.23,-0.16,0.13,-0.00,0.04
13786,-1.57,0.19,-0.16,0.03,-0.00,0.04
13787,-1.26,-0.23,-0.05,0.03,-0.11,-0.07
13788,-1.26,0.08,-0.16,0.03,-0.00,-0.17
13789,-1.26,-0.13,-0.05,0.03,-0.00,0.04
13790,-1.26,-0.23,-0.16,0.03,-0.00,-0.07
13791,-1.36,0.19,-0.05,0.03,-0.00,-0.07
13792,-1.26,-0.33,-0.26,0.03,0.10,0.04
13942,-1.26,-0.02,-0.26,0.03,-0.11,-0.07
13943,-1.16,-0.13,-0.05,0.13,-0.11,0.04
13944,-1.36,-0.13,-0.26,0.03,-0.11,0.04
13945,-1.26,0.08,0.16,-0.08,-0.11,-0.07
13946,-1.16,-0.13,-0.05,-0.08,-0.11,-0.07
13947,-1.26,0.29,-0.05,-0.08,-0.00,-0.07
13948,-1.05,-0.33,-0.16,-0.08,-0.11,0.04
13949,-1.26,0.29,-0.05,0.03,-0.11,-0.17
13950,-1.16,-0.33,-0.05,0.03,-0.00,0.04
13951,-1.16,0.08,-0.26,0.13,-0.11,-0.07
13952,-1.36,-0.02,0.05,0.03,-0.11,0.04
13953,-1.16,-0.54,-0.26,0.03,-0.00,0.04
13954,-1.26,0.50,0.16,0.03,-0.21,0.04
13955,-1.36,-0.33,-0.26,0.03,-0.11,-0.07
13956,-1.36,0.19,0.05,0.03,-0.00,0.04
13957,-1.36,-0.02,0.16,-0.08,-0.11,-0.07
13958,-1.26,-0.23,-0.26,0.03,-0.00,0.04
13959,-1.26,0.08,0.16,0.03,-0.11,0.04
13960,-1.47,-0.13,-0.26,0.13,-0.00,0.04
13961,-1.26,-0.02,-0.05,0.03,-0.11,-0.07
13962,-1.36,-0.13,0.05,0.13,-0.11,0.04
13963,-1.47,-0.02,-0.16,-0.08,-0.11,0.04
13964,-1.26,-0.13,-0.05,-0.08,-0.00,0.04
13965,-1.26,0.19,-0.05,0.03,-0.00,0.04
13966,-1.36,-0.13,-0.05,-0.08,-0.00,-0.07
13967,-1.26,0.08,0.05,0.03,-0.11,0.04
13968,-1.26,-0.02,-0.26,-0.08,-0.00,-0.07
13969,-1.16,-0.13,-0.16,-0.08,-0.11,-0.07
13970,-1.26,0.19,-0.16,0.03,-0.00,0.04
13971,-1.36,-0.23,-0.05,0.03,-0.00,-0.07
13972,-1.16,0.08,-0.16,0.03,-0.00,0.04
13973,-1.36,-0.13,0.16,0.03,-0.11,-0.07
13974,-1.26,-0.02,-0.47,0.03,-0.11,-0.07
13975,-1.36,-0.13,0.05,0.03,-0.00,0.04
13976,-1.16,-0.13,-0.16,0.03,-0.00,-0.07
13977,-1.26,0.08,0.05,0.03,-0.11,-0.07
13978,-1.16,-0.44,-0.26,0.13,0.21,0.14
13979,-1.36,0.39,-0.05,-0.08,-0.11,-0.07
13980,-1.26,-0.54,-0.16,0.03,0.10,-0.07
13981,-1.36,0.19,-0.16,-0.08,-0.21,-0.07
13982,-1.26,0.08,0.05,0.03,-0.11,-0.07
13983,-1.16,-0.33,-0.36,0.03,-0.11,0.04
13984,-1.47,0.39,0.05,0.03,-0.11,-0.07
13985,-1.26,-0.44,-0.36,0.23,0.10,0.14
13986,-1.36,0.29,-0.16,-0.08,-0.11,0.04
13987,-1.26,-0.33,-0.05,0.13,-0.00,-0.07
13988,-1.26,0.08,-0.16,-0.18,-0.11,-0.07
13989,-1.36,0.19,0.16,0.03,-0.00,0.04
13990,-1.26,-0.23,-0.36,0.03,-0.11,-0.07
13991,-1.16,0.19,0.16,-0.08,-0.00,0.04
13992,-1.36,-0.02,-0.05,-0.08,-0.00,-0.07
13993,-1.16,0.08,-0.05,-0.08,-0.11,0.04
13994,-1.26,-0.02,-0.05,0.03,-0.00,0.14
13995,-1.47,-0.02,-0.05,0.03,-0.11,0.04
13996,-1.16,-0.23,-0.16,-0.08,-0.00,-0.07
13997,-1.26,-0.13,-0.26,0.13,-0.11,-0.07
13998,-1.26,0.08,-0.05,0.13,-0.11,-0.07
13999,-1.36,-0.23,-0.26,0.03,-0.11,0.04
14000,-1.36,0.50,0.16,0.03,-0.11,-0.07
14001,-1.26,-0.23,-0.26,0.03,-0.11,-0.17
14002,-1.26,0.19,-0.16,0.03,-0.00,-0.17
14003,-1.26,-0.23,-0.05,0.03,-0.00,-0.17
14004,-1.47,-0.02,-0.26,0.03,-0.00,-0.07
14005,-1.05,0.08,-0.05,0.03,-0.21,-0.07
14006,-1.26,-0.23,-0.05,0.13,-0.00,0.04
14007,-1.36,0.08,0.05,0.03,-0.00,-0.07
14008,-1.05,-0.13,-0.16,-0.08,-0.00,-0.07
14009,-1.36,0.19,-0.05,0.03,-0.11,-0.07
14010,-1.05,-0.23,-0.26,-0.08,-0.11,-0.07
14011,-1.16,-0.02,-0.16,-0.08,-0.11,-0.17
14012,-1.26,0.08,-0.05,0.13,-0.00,0.04
14013,-1.26,-0.44,-0.16,0.03,-0.21,0.04
14014,-1.36,0.29,0.05,0.13,-0.11,-0.07
14015,-1.36,-0.54,-0.05,0.03,-0.11,0.04
14016,-1.05,0.19,-0.26,0.03,-0.11,-0.07
14017,-1.36,0.08,0.16,0.03,-0.11,-0.07
14018,-1.16,-0.33,-0.26,0.03,0.10,0.04
14019,-1.36,0.50,0.05,-0.08,-0.00,0.04
14020,-1.26,-0.33,-0.16,-0.08,-0.00,0.04
14021,-1.47,0.19,-0.16,0.13,-0.00,0.04
14022,-1.16,-0.13,0.05,0.03,-0.11,0.14
14023,-1.36,0.08,-0.16,0.03,-0.11,-0.07
14024,-1.26,-0.02,-0.05,-0.08,-0.11,0.04
14025,-1.47,-0.23,-0.16,-0.08,-0.11,0.04
14026,-1.16,0.08,0.05,0.03,-0.11,-0.07
14027,-1.26,-0.02,-0.16,0.03,-0.21,0.04
14028,-1.36,0.29,-0.05,0.13,-0.00,-0.07
14029,-1.16,-0.13,-0.05,-0.08,-0.11,-0.17
14030,-1.26,0.08,-0.05,0.03,-0.00,0.04
14031,-1.26,-0.13,-0.16,0.13,-0.11,-0.07
14032,-1.26,-0.13,-0.05,-0.08,-0.00,-0.07
14033,-1.36,-0.02,-0.05,0.13,0.10,0.04
14034,-1.26,-0.33,-0.26,0.03,-0.11,0.04
14035,-1.26,0.19,0.05,0.03,-0.11,0.04
14036,-1.16,-0.33,-0.05,0.03,-0.11,0.04
14037,-1.36,-0.02,-0.16,0.13,-0.00,-0.07
14038,-1.16,-0.02,0.16,-0.08,-0.00,-0.17
14039,-1.26,0.08,-0.36,0.03,-0.11,-0.07
14040,-1.26,0.08,-0.05,0.03,-0.00,0.04
14041,-1.05,-0.44,-0.05,0.03,-0.00,-0.07
14042,-1.47,0.39,-0.26,-0.08,-0.00,-0.17
14043,-1.16,-0.44,0.05,0.03,-0.00,-0.07
14044,-1.26,0.29,-0.05,0.03,-0.11,-0.17
14045,-1.36,-0.02,-0.16,0.03,0.10,0.14
14046,-1.05,-0.33,-0.05,0.03,-0.00,-0.07
14047,-1.36,0.39,0.05,0.03,-0.11,-0.17
14048,-1.26,-0.44,-0.26,0.03,-0.00,0.04
14049,-1.26,0.19,-0.05,-0.08,-0.11,-0.07
14050,-1.36,-0.13,-0.16,0.13,-0.00,0.04
14051,-1.26,-0.33,-0.16,-0.08,-0.00,0.04
14052,-1.26,0.29,0.05,0.03,-0.00,0.04
14053,-1.36,-0.33,-0.26,0.03,-0.00,0.04
14054,-1.36,0.19,-0.05,0.03,-0.00,-0.07
14055,-1.26,-0.13,0.05,0.03,-0.00,0.04
14056,-1.36,0.08,-0.05,-0.08,-0.11,-0.07
14057,-1.16,-0.13,-0.05,0.03,-0.00,0.04
14058,-1.36,-0.02,-0.05,-0.08,-0.11,-0.07
14059,-1.16,0.08,-0.16,0.03,-0.11,0.14
14060,-1.26,-0.33,-0.05,0.03,-0.11,0.04
14061,-1.36,0.39,0.05,-0.08,-0.00,0.04
14062,-1.16,-0.23,-0.16,0.03,-0.00,-0.07
14063,-1.26,0.29,-0.05,0.03,-0.11,0.04
14064,-1.26,-0.33,-0.16,-0.08,-0.11,0.04
14065,-1.36,-0.13,-0.26,0.13,-0.00,-0.07
14066,-1.26,0.08,0.05,0.03,-0.11,-0.07
14067,-1.26,-0.23,-0.26,0.13,-0.00,0.04
14068,-1.36,0.19,-0.16,-0.08,-0.00,-0.07
14069,-1.05,-0.33,-0.16,0.03,-0.11,0.04
14070,-1.26,0.19,-0.26,-0.18,-0.21,-0.07
14071,-1.26,-0.02,-0.05,-0.08,-0.00,-0.17
14072,-1.16,-0.23,-0.05,-0.08,-0.21,-0.07
14073,-1.36,0.39,-0.16,0.03,-0.00,0.04
14074,-1.16,-0.54,-0.26,0.13,-0.11,-0.07
14075,-1.36,0.29,-0.05,0.03,-0.21,-0.07
14076,-1.16,-0.33,-0.05,0.03,-0.11,0.04
14077,-1.26,-0.13,-0.26,0.13,-0.11,0.04
14078,-1.36,0.39,0.05,0.03,-0.11,-0.07
14079,-1.26,-0.44,-0.16,0.13,-0.00,0.04
14080,-1.26,0.50,-0.05,0.03,0.10,0.14
14081,-1.47,-0.44,-0.16,0.13,-0.00,0.14
14082,-1.26,0.08,0.05,-0.18,-0.21,-0.28
14083,-1.26,0.19,0.16,0.03,-0.11,0.04
14084,-1.36,-0.33,-0.36,0.13,0.10,0.04
14085,-1.26,0.29,0.05,-0.18,-0.11,-0.07
14086,-1.26,-0.13,-0.16,0.13,-0.11,0.04
14087,-1.36,0.19,-0.05,0.03,-0.11,-0.07
14088,-1.05,-0.13,-0.05,-0.18,-0.11,-0.07
14089,-1.36,-0.02,-0.05,0.03,-0.00,0.04
14090,-1.16,0.19,0.05,0.03,-0.00,0.04
14091,-1.26,-0.23,-0.05,-0.08,-0.11,0.04
14092,-1.36,0.19,-0.05,0.03,-0.11,0.04
14093,-1.26,-0.44,-0.16,0.03,-0.11,-0.07
14094,-1.26,0.39,-0.05,0.03,-0.11,-0.17
14095,-1.26,-0.23,-0.05,0.03,-0.11,0.04
14096,-1.26,0.08,-0.16,-0.08,-0.11,0.04
14097,-1.16,0.19,-0.05,0.03,-0.00,0.04
14098,-1.16,-0.23,-0.26,0.03,-0.00,-0.07
14099,-1.36,0.08,-0.05,0.03,-0.00,0.04
14100,-1.26,-0.44,-0.26,0.03,-0.00,0.04
14101,-1.26,0.08,-0.26,0.03,-0.00,-0.17
14102,-1.26,-0.13,-0.05,-0.08,-0.11,-0.07
14103,-1.16,-0.13,-0.05,-0.08,-0.11,0.04
14104,-1.36,0.29,-0.16,0.23,-0.00,0.14
14105,-1.16,-0.44,-0.05,0.03,-0.11,0.04
14106,-1.26,0.39,-0.05,-0.08,-0.11,-0.07
14107,-1.47,-0.33,-0.26,0.03,-0.00,0.04
14108,-1.16,-0.13,-0.05,0.03,-0.11,0.04
14109,-1.36,0.39,-0.05,0.13,0.10,0.04
14110,-1.16,-0.33,-0.05,0.03,-0.21,-0.07
14111,-1.36,0.19,-0.16,0.13,-0.11,0.14
14112,-1.36,-0.02,-0.05,0.03,-0.11,0.04
14113,-1.36,-0.13,-0.05,0.03,-0.00,-0.17
14114,-1.26,0.19,-0.05,0.03,-0.11,-0.07
14115,-1.36,-0.13,-0.16,0.03,-0.00,-0.17
14116,-1.26,0.19,0.05,0.13,-0.00,-0.07
14117,-1.26,-0.13,-0.16,0.13,-0.00,0.14
14118,-1.57,0.08,-0.16,0.03,0.10,0.14
14119,-1.26,-0.13,-0.05,0.03,-0.11,0.14
14120,-1.36,-0.02,-0.26,0.03,-0.11,-0.07
14121,-1.26,0.19,-0.05,0.03,-0.21,-0.07
14122,-1.16,-0.23,0.05,0.03,-0.11,0.04
14123,-1.36,0.19,-0.16,0.13,-0.00,0.04
14124,-1.26,-0.33,-0.16,-0.08,-0.11,-0.17
14125,-1.36,0.08,-0.05,0.13,-0.00,0.04
14126,-1.16,-0.02,0.16,0.03,-0.21,-0.07
14127,-1.36,-0.13,-0.26,0.03,-0.11,-0.07
14128,-1.26,0.29,-0.16,0.03,-0.11,-0.07
14129,-1.26,-0.54,-0.16,0.03,-0.00,0.04
14130,-1.26,0.08,-0.16,0.03,-0.11,-0.07
14131,-1.05,-0.13,-0.05,0.03,-0.00,-0.07
14132,-1.16,-0.13,-0.16,0.03,-0.11,-0.07
14133,-1.36,0.29,0.05,0.03,-0.11,-0.07
14134,-1.05,-0.54,-0.05,-0.08,-0.11,-0.17
14135,-1.36,0.29,-0.16,0.03,-0.00,0.04
14136,-1.26,-0.33,-0.05,0.03,-0.11,-0.17
14137,-1.16,-0.02,-0.16,0.03,-0.11,-0.07
14138,-1.36,0.29,-0.05,-0.08,-0.11,-0.07
14139,-1.26,-0.44,-0.26,0.03,-0.11,0.04
14140,-1.16,0.29,-0.05,0.03,-0.21,0.04
14141,-1.36,-0.13,-0.05,0.13,-0.11,0.04
14142,-1.26,-0.13,-0.05,0.03,-0.11,0.04
14143,-1.16,0.08,-0.05,0.13,-0.11,0.14
14144,-1.26,-0.44,-0.26,0.03,-0.11,0.04
14145,-1.36,0.39,-0.05,0.03,0.10,0.04
14146,-1.26,-0.13,-0.05,0.03,-0.11,0.04
14147,-1.26,0.19,-0.16,0.13,-0.11,0.04
14148,-1.16,-0.13,-0.05,0.03,-0.11,0.04
14149,-1.36,-0.02,-0.05,0.03,-0.00,-0.07
14150,-1.16,0.19,-0.05,-0.08,-0.11,0.04
14151,-1.26,-0.23,-0.05,0.03,-0.11,-0.07
14152,-1.47,0.19,-0.16,0.03,-0.00,-0.07
14153,-1.26,-0.13,-0.16,-0.08,-0.11,-0.07
14154,-1.36,0.08,-0.26,0.03,-0.00,0.04
14155,-1.26,0.19,0.05,0.03,-0.00,0.04
14156,-1.36,-0.23,-0.26,0.13,-0.11,-0.07
14157,-1.36,0.29,-0.16,-0.08,-0.00,-0.17
14158,-1.05,-0.33,-0.16,-0.08,-0.00,-0.07
14159,-1.26,0.19,-0.05,0.03,-0.00,0.04
14160,-1.05,-0.02,-0.05,-0.08,-0.00,0.04
14161,-1.26,-0.23,-0.16,-0.08,-0.00,0.04
14162,-1.26,0.29,-0.05,-0.08,-0.21,-0.07
14163,-1.16,-0.44,-0.16,0.03,-0.00,-0.07
14164,-1.36,0.08,-0.16,0.13,-0.00,0.04
14165,-1.36,-0.23,-0.05,-0.08,-0.00,-0.07
14166,-1.16,-0.13,-0.26,0.23,-0.00,-0.07
14167,-1.26,0.19,0.05,-0.08,-0.21,-0.17
14168,-1.16,-0.54,-0.26,0.13,-0.00,0.04
14169,-1.16,0.29,-0.05,0.03,-0.11,-0.07
14170,-1.16,-0.02,-0.05,-0.08,-0.00,-0.07
14171,-1.16,-0.33,0.05,0.03,-0.00,0.04
14172,-1.16,0.39,0.05,-0.08,-0.11,-0.07
14173,-1.36,-0.33,-0.26,0.03,-0.00,0.04
14174,-1.16,0.08,-0.05,0.03,-0.11,0.04
14175,-1.26,-0.02,0.05,0.03,-0.11,-0.07
14176,-1.26,-0.02,-0.26,0.03,-0.00,0.04
14177,-1.26,0.08,-0.05,0.03,-0.00,0.04
14178,-1.26,0.08,0.05,0.03,-0.11,-0.07
14179,-1.36,-0.02,-0.16,0.13,0.10,0.04
14180,-1.26,-0.23,-0.05,0.03,-0.00,0.04
14181,-1.36,0.29,0.05,-0.08,-0.00,0.04
14182,-1.36,0.19,-0.05,0.13,0.10,-0.07
14183,-1.26,-0.23,-0.05,0.03,-0.00,-0.07
14184,-1.26,0.39,-0.05,0.03,-0.11,0.04
14185,-1.26,-0.23,-0.16,0.03,-0.11,-0.17
14186,-1.26,0.19,-0.16,0.03,-0.21,-0.07
14187,-1.26,-0.13,0.05,0.03,-0.11,0.04
14188,-1.26,-0.13,-0.36,0.03,-0.11,-0.07
14189,-1.26,0.08,-0.05,0.13,-0.00,-0.07
14190,-1.36,-0.33,-0.16,0.03,0.10,0.04
14191,-1.26,0.19,-0.16,0.03,-0.11,-0.07
14192,-1.16,-0.13,-0.05,0.03,-0.11,0.04
14193,-1.26,-0.23,-0.16,0.13,-0.11,-0.07
14194,-1.26,0.19,-0.16,-0.08,-0.11,-0.07
14195,-1.05,-0.65,-0.05,0.03,-0.00,-0.07
14196,-1.26,0.39,-0.16,0.03,-0.11,-0.07
14197,-1.47,-0.44,-0.36,0.13,0.10,0.04
14198,-1.26,-0.13,0.05,0.13,-0.00,0.04
14199,-1.26,0.29,-0.05,0.13,-0.11,-0.07
14200,-1.26,-0.33,-0.16,0.13,0.10,-0.07
14201,-1.16,0.19,0.05,0.13,-0.11,0.04
14202,-1.36,-0.02,-0.16,0.03,-0.11,-0.17
14203,-1.26,-0.13,-0.16,0.03,-0.11,0.04
14204,-1.26,0.19,-0.05,0.03,-0.00,-0.07
14205,-1.36,-0.23,-0.16,0.13,-0.11,0.04
14206,-1.36,0.19,-0.05,0.03,-0.11,-0.07
14207,-1.05,-0.13,-0.05,0.03,-0.11,-0.17
14208,-1.36,0.08,-0.05,0.03,-0.11,-0.07
14209,-1.36,-0.02,-0.16,0.13,-0.00,-0.07
14210,-1.16,-0.02,0.05,0.03,-0.11,-0.07
14211,-1.36,0.29,-0.16,0.03,-0.11,0.04
14212,-1.26,-0.23,-0.05,0.13,-0.00,-0.17
14213,-1.36,-0.02,-0.05,0.03,-0.00,-0.17
14214,-1.26,-0.02,-0.26,0.03,-0.21,0.04
14215,-1.26,-0.23,-0.05,0.03,-0.00,-0.07
14216,-1.36,0.29,-0.05,0.03,-0.00,0.04
14217,-1.16,-0.33,-0.16,-0.08,-0.11,-0.07
14218,-1.47,0.19,-0.16,0.13,-0.00,0.14
14219,-1.16,-0.13,-0.26,0.13,-0.11,0.04
14220,-1.36,-0.23,-0.16,0.03,0.10,0.04
14221,-1.36,0.19,-0.05,0.13,-0.00,0.14
14222,-1.05,-0.33,-0.16,0.03,-0.11,-0.07
14223,-1.36,0.08,-0.16,0.03,-0.21,0.04
14224,-1.26,-0.02,0.05,-0.08,-0.00,-0.17
14225,-1.16,-0.23,-0.26,0.03,-0.00,0.04
14226,-1.36,0.29,0.05,-0.08,-0.21,0.04
14227,-1.26,-0.65,-0.26,0.13,-0.11,-0.07
14228,-1.16,0.29,-0.05,0.03,-0.11,0.04
14229,-1.16,-0.13,0.05,0.03,-0.11,-0.07
14230,-1.26,-0.33,-0.16,0.13,-0.00,-0.07
14231,-1.16,0.39,-0.05,0.03,-0.00,0.04
14232,-1.26,-0.23,-0.05,0.03,-0.11,-0.07
14233,-1.26,-0.02,-0.16,0.03,-0.11,-0.17
14234,-1.16,0.19,0.16,-0.08,-0.21,-0.07
14235,-1.47,-0.33,-0.16,0.13,-0.00,0.04
14236,-1.26,0.29,-0.16,0.03,-0.00,0.04
14237,-1.16,-0.13,0.05,-0.08,-0.00,0.04
14238,-1.57,0.08,-0.26,0.03,-0.00,0.04
14239,-1.26,-0.13,0.05,-0.08,-0.11,-0.07
14240,-1.26,-0.02,0.05,0.13,-0.00,0.04
14241,-1.16,0.19,-0.16,-0.08,-0.11,-0.07
14242,-1.16,-0.13,0.05,0.13,-0.11,-0.07
14243,-1.26,0.29,-0.05,-0.08,-0.11,0.04
14244,-1.26,0.08,-0.26,-0.08,-0.00,0.04
14245,-1.05,-0.13,0.05,-0.08,-0.21,-0.07
14246,-1.36,0.29,0.05,0.03,-0.00,0.04
14247,-1.26,-0.44,-0.36,0.13,-0.00,-0.07
14248,-1.26,0.39,0.05,0.03,-0.11,0.04
14249,-1.16,-0.13,-0.26,0.13,-0.00,0.04
14250,-1.26,-0.13,-0.05,0.03,-0.11,-0.07
14251,-1.26,0.19,-0.16,-0.08,-0.11,-0.07
14252,-1.16,-0.23,-0.05,-0.08,-0.11,0.04
14253,-1.26,0.19,-0.26,-0.08,-0.11,0.04
14254,-1.36,-0.23,0.05,0.03,-0.11,-0.07
14255,-1.16,-0.13,-0.16,0.03,-0.11,0.04
14256,-1.36,0.19,-0.26,0.13,-0.00,0.04
14257,-1.26,-0.54,-0.05,0.03,-0.00,-0.07
14258,-1.26,0.29,-0.16,0.03,-0.00,0.04
14259,-1.16,-0.13,-0.26,0.03,-0.11,0.04
14260,-1.16,-0.44,0.05,0.03,-0.11,-0.07
14261,-1.26,0.19,-0.26,0.13,-0.11,0.04
14262,-1.47,-0.23,-0.05,0.03,-0.11,-0.07
14263,-1.16,-0.02,-0.05,0.13,-0.21,-0.07
14264,-1.26,0.19,-0.05,0.03,-0.11,-0.07
14265,-1.47,-0.33,-0.05,0.03,-0.11,0.04
14266,-1.26,0.29,-0.05,-0.08,-0.11,-0.07
14267,-1.26,-0.23,-0.05,0.13,0.10,-0.07
14451,-1.26,0.19,0.05,-0.08,-0.11,-0.07
14452,-1.26,0.08,-0.16,0.03,-0.11,-0.07
14453,-1.36,-0.13,-0.05,0.13,-0.00,0.14
14454,-1.26,0.19,-0.05,0.13,-0.00,0.14
14455,-1.26,-0.23,-0.16,-0.08,-0.00,-0.07
14456,-1.16,0.39,0.05,-0.08,-0.21,-0.17
14457,-1.36,0.08,-0.05,-0.08,-0.11,-0.28
14458,-1.36,-0.33,-0.36,0.13,-0.00,0.04
14459,-1.26,0.39,-0.05,-0.18,-0.21,-0.17
14460,-1.16,-0.33,0.05,-0.08,-0.31,-0.07
14461,-1.16,-0.13,-0.16,0.03,-0.00,0.14
14462,-1.36,0.19,-0.16,-0.08,-0.00,0.04
14463,-1.36,-0.44,-0.16,0.13,-0.11,0.04
14464,-1.16,0.19,-0.16,0.03,-0.00,-0.07
14465,-1.36,-0.02,-0.16,0.03,-0.21,0.04
14466,-1.16,-0.23,-0.16,0.03,-0.00,-0.07
14467,-1.26,-0.13,-0.16,0.13,-0.00,0.04
14468,-1.36,-0.02,-0.05,-0.08,-0.11,-0.07
14469,-1.05,0.08,-0.05,0.03,-0.11,-0.07
14470,-1.05,0.08,0.16,-0.18,-0.21,-0.07
14471,-1.36,-0.13,-0.05,0.03,-0.11,-0.07
14472,-1.26,-0.02,-0.16,0.13,-0.21,-0.07
14473,-1.26,-0.02,0.05,0.13,-0.11,0.04
14474,-1.36,-0.02,-0.16,0.13,-0.00,0.04
14475,-1.36,0.08,-0.16,0.13,-0.11,0.04
14476,-1.16,-0.02,0.05,0.03,-0.11,-0.17
14477,-1.36,-0.02,-0.05,0.13,0.10,0.04
14478,-1.16,0.29,-0.16,0.03,-0.00,-0.07
14480,-1.36,-0.13,0.05,0.03,0.10,0.04
14480,-1.16,0.19,-0.05,0.03,-0.11,-0.17
14481,-1.26,0.08,0.05,0.03,-0.11,-0.17
14482,-1.36,-0.33,-0.26,0.13,0.10,0.04
14483,-1.36,0.08,0.05,0.03,-0.00,0.04
14484,-1.26,-0.33,-0.26,0.13,-0.00,0.04
14485,-1.36,-0.02,-0.16,0.03,-0.00,0.04
14486,-1.26,0.08,-0.16,0.13,-0.11,-0.07
14487,-1.16,-0.33,-0.26,0.03,-0.21,-0.07
14488,-1.26,0.29,-0.16,0.03,-0.11,0.04
14489,-1.36,-0.13,-0.16,0.03,-0.11,-0.07
14490,-1.05,-0.23,-0.16,-0.08,-0.11,-0.07
14491,-1.26,0.19,-0.26,0.13,-0.11,0.04
14492,-1.57,-0.23,-0.16,0.03,-0.21,0.04
14493,-0.95,-0.13,0.05,-0.08,-0.21,-0.17
14494,-1.16,0.08,-0.16,0.03,-0.11,-0.07
14495,-1.47,-0.23,-0.36,-0.18,-0.00,-0.07
14496,-1.26,-0.13,-0.05,0.03,-0.00,0.04
14497,-1.26,0.08,-0.26,0.03,-0.00,-0.07
14498,-1.26,-0.13,-0.26,0.13,-0.00,0.04
14499,-1.26,-0.02,0.05,-0.08,-0.11,-0.17
14500,-1.05,-0.13,-0.05,0.03,-0.11,-0.07
14501,-1.16,0.19,-0.16,0.03,-0.11,-0.07
14502,-1.36,0.08,0.05,0.03,-0.11,-0.07
14503,-1.26,-0.13,-0.05,0.03,0.10,0.04
14504,-1.36,0.08,0.05,0.03,-0.21,-0.07
14505,-1.16,0.19,-0.05,-0.08,-0.21,-0.17
14506,-1.16,-0.23,0.16,0.03,-0.11,-0.07
14507,-1.36,0.19,-0.05,0.03,-0.00,-0.07
14508,-1.26,-0.02,-0.05,-0.08,-0.21,0.04
14509,-1.05,0.08,0.05,0.03,-0.11,-0.07
14510,-1.26,0.08,-0.05,-0.08,-0.11,-0.07
14511,-1.26,-0.13,-0.05,-0.08,-0.11,-0.17
14512,-1.36,0.29,-0.16,-0.08,-0.11,-0.07
14513,-1.26,-0.13,-0.05,-0.08,-0.11,-0.07
14514,-1.16,-0.23,-0.16,0.03,-0.00,0.04
14515,-1.26,0.39,0.05,-0.08,-0.11,-0.07
14516,-1.26,-0.44,-0.26,0.13,-0.00,-0.07
14517,-1.26,-0.02,-0.36,-0.08,-0.11,-0.07
14518,-1.26,0.19,-0.05,0.03,-0.11,0.04
14519,-1.26,-0.33,-0.16,-0.08,-0.21,-0.17
14520,-1.16,0.29,-0.05,-0.18,-0.21,-0.28
14521,-1.26,0.19,-0.16,-0.08,-0.21,-0.17
14522,-1.36,-0.23,-0.26,0.03,-0.11,0.04
14523,-1.05,-0.02,-0.05,-0.08,-0.21,-0.07
14524,-1.57,-0.13,-0.16,0.13,-0.00,0.04
14525,-1.16,-0.13,-0.05,-0.08,-0.11,-0.07
14526,-1.26,-0.02,-0.16,0.03,-0.11,0.04
14527,-1.26,0.08,-0.05,0.03,-0.11,-0.07
14528,-1.26,-0.23,-0.16,0.03,-0.11,0.14
14529,-1.16,-0.13,0.05,0.03,-0.00,-0.07
14530,-1.16,-0.02,0.05,-0.08,-0.11,-0.17
14531,-1.26,0.08,-0.05,-0.08,-0.21,-0.07
14532,-1.36,0.08,-0.16,0.03,-0.21,-0.07
14533,-1.05,0.08,-0.05,0.03,-0.11,-0.07
14534,-1.26,0.19,0.05,0.03,-0.00,-0.07
14535,-1.26,-0.23,-0.05,0.13,0.10,0.04
14536,-1.26,-0.02,0.05,0.03,-0.11,-0.07
14537,-1.36,0.19,-0.36,0.03,-0.11,0.04
14538,-1.16,-0.33,-0.05,-0.08,-0.11,-0.07
14539,-1.16,0.08,0.05,0.03,-0.00,-0.07
14540,-1.26,-0.13,0.05,0.03,0.10,0.04
14541,-1.16,-0.13,-0.16,-0.08,-0.00,-0.07
14542,-1.47,0.29,-0.16,0.03,0.10,-0.07
14543,-1.05,-0.13,-0.16,-0.08,-0.21,-0.07
14544,-1.36,-0.13,-0.05,0.03,0.10,0.04
14545,-1.26,0.19,0.05,-0.08,-0.21,-0.07
14546,-1.16,-0.23,-0.26,0.03,-0.21,-0.17
14547,-1.26,0.19,-0.05,-0.08,-0.21,-0.07
14548,-1.26,0.08,-0.16,-0.18,-0.31,-0.17
14549,-1.16,-0.44,-0.05,-0.08,-0.11,-0.07
14550,-1.16,0.19,-0.05,0.03,-0.00,0.04
14551,-1.47,-0.13,-0.47,0.03,-0.00,-0.07
14552,-1.26,-0.13,-0.05,0.03,0.10,0.14
14553,-1.36,-0.02,-0.16,0.23,-0.11,0.04
14554,-1.26,0.08,-0.16,-0.08,-0.21,-0.07
14555,-1.16,-0.13,0.05,-0.08,-0.11,-0.07
14556,-1.36,0.08,0.05,-0.08,-0.00,-0.07
14557,-1.26,-0.02,-0.36,0.23,0.10,0.04
14558,-1.26,-0.13,0.05,0.03,-0.11,0.04
14559,-1.05,0.08,0.05,-0.08,-0.21,-0.17
14560,-1.26,0.19,-0.05,0.03,-0.11,-0.17
14561,-1.36,-0.02,-0.05,0.03,-0.00,0.14
14562,-1.26,-0.13,-0.16,0.13,0.10,0.14
14563,-1.16,-0.02,0.05,0.03,-0.11,-0.07
14564,-1.26,0.19,-0.05,0.03,-0.00,-0.07
14565,-1.36,-0.13,-0.16,0.13,0.10,0.04
14566,-1.05,0.08,-0.05,-0.08,-0.11,-0.07
14567,-1.36,-0.02,-0.05,0.13,-0.00,0.04
14568,-1.36,-0.23,-0.16,0.13,-0.00,0.04
14569,-1.47,0.19,0.05,-0.08,-0.11,-0.07
14570,-1.16,-0.23,-0.26,0.03,-0.11,0.14
14571,-1.26,-0.13,0.05,0.03,-0.11,-0.17
14572,-1.47,0.08,-0.26,0.13,-0.11,-0.07
14573,-1.26,-0.54,-0.36,0.13,0.10,0.04
14574,-1.36,-0.02,-0.05,0.13,-0.00,0.04
14575,-1.47,0.08,-0.36,0.03,-0.00,-0.07
14576,-1.36,-0.44,-0.26,0.03,-0.00,-0.07
14577,-1.26,-0.02,-0.05,0.03,-0.11,0.04
14578,-1.47,-0.02,-0.26,0.13,-0.11,0.04
14579,-1.05,-0.23,-0.16,-0.08,-0.11,-0.17
14580,-1.36,-0.02,-0.16,0.13,0.10,0.04
14581,-1.47,-0.02,-0.36,-0.08,-0.00,-0.07
14582,-1.26,-0.02,-0.05,0.03,-0.11,0.04
14583,-1.05,-0.13,-0.05,0.03,-0.00,-0.17
14584,-1.36,-0.13,-0.16,0.03,0.10,0.04
14585,-1.26,-0.02,0.05,0.03,-0.00,-0.07
14586,-1.26,-0.02,-0.16,0.03,-0.11,-0.07
14587,-1.16,-0.02,0.05,0.03,-0.21,-0.17
14588,-1.26,0.08,-0.05,-0.08,-0.11,0.04
14589,-1.26,-0.02,0.16,-0.08,-0.21,-0.07
14590,-1.05,-0.13,-0.05,0.03,-0.00,0.04
14591,-1.26,0.19,-0.16,0.03,-0.11,-0.07
14592,-1.16,-0.02,0.05,-0.08,-0.11,0.04
14593,-1.36,-0.13,0.05,0.03,0.10,0.14
14594,-1.26,0.29,-0.16,0.13,-0.11,0.04
14595,-1.26,-0.13,-0.05,-0.08,-0.21,-0.07
14596,-1.26,0.08,0.05,-0.18,-0.11,-0.17
14597,-1.05,0.08,-0.16,0.03,-0.21,-0.07
14598,-1.16,-0.23,0.05,0.03,-0.00,0.04
14599,-1.47,0.19,-0.05,0.13,-0.11,0.04
14600,-1.26,-0.23,-0.26,0.03,-0.11,0.04
14601,-1.16,-0.13,-0.16,-0.08,-0.11,0.04
14602,-1.36,0.19,-0.05,0.03,-0.00,-0.07
14603,-1.36,-0.33,-0.26,-0.08,-0.00,-0.07
14604,-1.26,-0.33,0.05,0.03,-0.00,-0.07
14605,-1.26,0.29,-0.16,-0.08,-0.00,-0.17
14606,-1.47,-0.33,-0.26,0.03,-0.11,-0.07
14607,-1.26,0.08,-0.16,0.13,-0.00,0.04
14608,-1.36,-0.13,-0.26,0.03,-0.00,0.04
14609,-1.36,-0.23,-0.16,0.13,-0.11,-0.07
14610,-1.16,-0.13,0.05,0.03,-0.00,-0.17
14611,-1.36,0.08,-0.16,0.03,-0.11,-0.07
14612,-1.26,-0.02,-0.26,0.03,-0.21,-0.07
14613,-1.26,-0.13,0.16,0.03,-0.11,-0.07
14614,-0.95,-0.02,0.05,0.03,-0.00,-0.07
14615,-1.57,-0.13,-0.16,0.13,-0.00,0.04
14616,-1.16,0.08,0.05,-0.08,-0.21,-0.07
14617,-1.16,-0.23,-0.05,0.03,-0.00,0.04
14618,-1.16,0.08,-0.05,-0.08,-0.00,-0.07
14619,-1.26,0.08,-0.05,-0.08,-0.00,0.04
14620,-1.16,-0.02,-0.05,0.03,-0.21,0.04
14621,-1.26,-0.02,-0.05,0.13,-0.00,0.04
14622,-1.36,0.19,-0.16,0.13,-0.00,0.04
14623,-1.16,0.08,-0.16,0.03,-0.00,-0.07
14624,-1.36,0.08,0.16,0.13,-0.00,0.14
14625,-1.16,-0.13,-0.16,-0.08,-0.21,-0.17
14626,-1.16,-0.02,-0.05,0.03,-0.00,0.04
14627,-1.47,0.08,-0.16,0.03,-0.00,0.04
14628,-1.16,-0.13,-0.26,0.03,-0.11,-0.07
14629,-1.26,-0.02,-0.16,-0.08,-0.00,-0.17
14630,-1.47,0.08,0.05,0.03,-0.11,0.04
14631,-1.36,-0.44,-0.47,0.03,0.10,0.14
14632,-1.16,-0.02,-0.05,-0.08,-0.00,-0.07
14633,-1.36,0.08,-0.26,0.03,-0.00,0.04
14634,-1.16,-0.33,-0.05,-0.18,-0.11,-0.07
14635,-1.16,0.19,-0.05,0.03,-0.00,0.04
14636,-1.47,-0.13,-0.36,0.13,-0.00,0.04
14637,-1.16,-0.02,0.05,0.03,-0.11,-0.07
14638,-1.26,-0.13,-0.26,0.13,0.21,0.04
14639,-1.36,-0.02,-0.26,0.03,-0.00,-0.07
14640,-1.26,-0.02,0.16,-0.08,-0.11,-0.07
14641,-1.26,-0.13,-0.05,0.03,-0.11,0.04
14642,-1.16,0.08,-0.05,-0.08,-0.21,-0.17
14643,-1.16,0.19,-0.05,0.03,-0.11,-0.07
14644,-1.36,-0.02,-0.05,0.03,-0.11,0.04
14645,-1.16,-0.02,0.05,0.03,-0.11,-0.07
14646,-1.36,0.08,-0.05,-0.08,-0.11,-0.07
14647,-1.26,-0.02,0.05,-0.08,-0.11,-0.07
14648,-1.16,-0.02,0.16,-0.08,-0.11,-0.07
14649,-1.26,0.08,-0.16,-0.08,-0.11,-0.07
14650,-1.05,-0.02,0.16,0.03,-0.11,-0.07
14651,-1.36,-0.23,-0.16,0.03,-0.00,0.04
14652,-1.26,0.08,0.05,0.13,-0.21,0.04
14653,-1.36,-0.13,-0.16,0.03,-0.11,0.04
14654,-1.26,0.19,-0.26,0.13,-0.11,-0.07
14655,-1.36,-0.13,-0.05,0.03,-0.00,0.04
14656,-1.05,-0.02,-0.05,-0.08,-0.11,-0.07
14657,-1.36,0.08,-0.16,0.03,-0.11,0.04
14658,-1.36,-0.13,-0.16,0.03,-0.00,0.04
14659,-1.36,-0.33,-0.26,0.03,-0.00,-0.17
14660,-1.16,0.19,-0.16,0.03,-0.11,0.04
14661,-1.47,-0.13,-0.26,0.03,-0.00,0.04
14662,-1.36,-0.44,-0.16,0.13,-0.00,0.04
14663,-1.26,0.08,-0.26,0.03,0.10,0.04
14664,-1.47,-0.23,-0.36,0.13,0.10,0.14
14665,-1.47,-0.13,-0.05,0.13,0.10,-0.07
14666,-1.16,-0.02,-0.26,0.03,-0.00,0.04
14667,-1.26,-0.02,-0.16,-0.08,-0.11,0.04
14668,-1.26,-0.02,0.05,0.03,-0.00,-0.07
14669,-1.36,-0.13,-0.16,0.03,0.10,-0.07
14670,-1.26,0.08,-0.05,0.03,-0.11,-0.07
14671,-1.26,-0.02,-0.05,0.03,-0.11,0.04
14672,-1.16,0.08,-0.16,0.03,-0.11,0.04
14673,-1.16,-0.13,-0.05,0.03,-0.00,0.04
14674,-1.47,0.19,0.16,-0.08,-0.11,-0.07
14675,-1.26,0.08,-0.26,0.03,-0.11,-0.07
14676,-1.05,-0.02,0.05,0.03,-0.11,-0.07
14677,-1.26,0.08,0.16,0.03,-0.00,0.04
14678,-1.16,0.08,-0.16,0.03,-0.21,0.04
14679,-1.26,-0.13,0.05,0.03,-0.21,-0.07
14680,-1.16,0.08,-0.26,0.03,-0.00,0.04
14681,-1.26,-0.23,0.16,0.03,-0.21,-0.07
14682,-1.47,-0.02,-0.16,0.03,-0.00,0.04
14683,-1.26,-0.13,-0.05,0.03,-0.11,0.04
14684,-1.05,-0.13,-0.05,-0.08,-0.11,-0.07
14685,-1.36,0.08,-0.16,0.13,-0.00,0.14
14686,-1.16,-0.13,-0.26,0.03,-0.11,-0.17
14687,-1.26,-0.23,-0.05,0.03,-0.21,-0.07
14688,-1.26,0.19,-0.36,-0.08,-0.11,0.04
14689,-1.36,-0.02,0.16,-0.08,-0.31,-0.17
14690,-1.16,-0.23,-0.26,0.13,-0.00,-0.17
14691,-1.36,-0.02,-0.26,0.03,-0.11,-0.07
14692,-1.26,-0.02,-0.26,-0.08,-0.11,0.04
14693,-1.36,-0.02,-0.05,0.03,-0.21,-0.07
14694,-1.16,-0.23,-0.26,0.03,-0.11,-0.07
14695,-1.36,0.08,-0.16,0.03,-0.00,-0.07
14696,-1.26,-0.02,-0.16,0.23,-0.00,0.04
14697,-1.26,-0.13,-0.16,0.03,-0.11,0.04
14698,-1.16,0.08,-0.05,-0.08,-0.11,-0.07
14699,-1.26,0.08,-0.05,0.03,-0.11,0.04
14700,-1.05,0.08,0.05,0.03,-0.21,-0.07
14701,-1.26,-0.13,-0.05,0.03,-0.11,-0.07
14702,-1.26,0.08,0.05,-0.08,-0.11,-0.07
14703,-1.26,0.19,-0.05,0.03,-0.11,-0.17
14704,-1.16,-0.13,0.05,0.03,-0.11,-0.07
14705,-1.26,-0.02,0.16,0.03,-0.11,-0.07
14706,-1.26,0.19,-0.16,0.03,-0.11,-0.07
14707,-1.05,-0.02,0.05,-0.08,-0.11,-0.07
14708,-1.26,0.19,-0.05,0.03,-0.00,0.04
14709,-1.26,-0.02,-0.16,0.23,-0.11,0.14
14710,-1.36,-0.13,-0.16,-0.08,-0.11,0.04
14711,-1.26,0.08,-0.05,0.03,-0.11,-0.07
14712,-1.26,-0.33,-0.16,-0.08,-0.00,-0.07
14713,-1.36,0.08,-0.16,0.03,-0.11,0.04
14714,-1.36,-0.02,-0.36,-0.08,-0.11,-0.07
14715,-1.26,-0.23,-0.05,-0.08,-0.21,-0.17
14716,-1.05,0.08,-0.05,0.13,-0.11,0.04
14717,-1.26,0.19,-0.05,0.13,-0.11,-0.07
14718,-1.36,-0.33,-0.16,0.13,-0.11,-0.07
14719,-1.16,-0.02,-0.26,0.03,0.10,0.04
14720,-1.57,-0.13,-0.26,0.13,0.10,0.14
14721,-1.05,0.08,-0.05,-0.08,-0.21,-0.17
14722,-1.26,-0.13,-0.05,0.03,-0.00,0.14
14723,-1.26,0.08,-0.16,0.13,0.21,0.14
14724,-1.36,0.08,-0.16,-0.08,-0.31,-0.17
14725,-1.36,-0.23,-0.05,0.03,0.10,0.14
14726,-1.16,-0.02,-0.05,0.03,-0.21,-0.07
14727,-1.26,0.08,-0.26,0.03,-0.00,0.04
14728,-1.26,-0.02,0.16,0.03,-0.21,-0.07
14729,-1.16,-0.23,-0.26,0.03,0.10,0.04
14730,-1.26,0.08,0.05,0.03,-0.00,0.04
14731,-1.16,-0.02,-0.16,0.03,-0.00,-0.07
14732,-1.36,-0.02,-0.05,0.03,-0.00,-0.07
14733,-1.26,-0.13,0.05,0.03,-0.11,0.04
14734,-1.26,0.08,-0.05,-0.08,-0.11,0.04
14735,-1.26,-0.13,-0.26,0.13,-0.00,0.14
14736,-1.36,-0.02,0.16,0.03,0.10,0.14
14737,-1.16,0.08,-0.16,0.03,-0.11,-0.07
14738,-1.16,-0.13,-0.16,-0.08,-0.00,-0.07
14739,-1.47,0.08,0.05,0.03,-0.00,0.04
14740,-1.26,-0.13,-0.16,0.03,-0.00,0.04
14741,-1.26,-0.23,-0.05,0.03,-0.00,0.04
14742,-1.16,0.19,-0.16,-0.08,-0.11,-0.17
14743,-1.26,-0.23,-0.16,0.03,0.10,0.04
14744,-1.05,-0.13,-0.05,-0.08,-0.21,-0.07
14745,-1.36,0.19,-0.47,0.03,-0.00,0.04
14746,-1.36,-0.13,-0.05,0.13,-0.00,-0.07
14747,-1.16,-0.23,-0.05,0.03,-0.21,-0.07
14748,-1.36,-0.02,-0.36,0.03,-0.00,0.14
14749,-1.36,-0.13,-0.05,-0.08,-0.11,-0.07
14750,-1.26,-0.13,-0.05,0.03,-0.00,0.04
14751,-1.16,-0.13,-0.16,0.03,-0.11,-0.07
14752,-1.36,0.08,-0.16,0.13,-0.00,0.04
14753,-1.36,-0.02,-0.05,-0.08,-0.21,-0.07
14754,-1.16,-0.02,-0.05,0.13,-0.00,0.04
14755,-1.36,-0.13,-0.16,-0.08,-0.00,-0.07
14756,-1.26,0.19,0.05,0.03,-0.00,0.04
14757,-1.26,0.08,-0.05,0.03,-0.00,-0.17
14758,-1.26,-0.23,-0.16,0.13,-0.00,0.04
14759,-1.26,0.08,0.05,0.03,-0.00,0.04
14760,-1.16,0.19,-0.16,0.03,-0.00,-0.17
14761,-1.26,-0.33,0.05,0.03,-0.00,0.04
14762,-1.16,0.29,0.05,-0.08,-0.00,-0.07
14763,-1.36,-0.02,-0.16,0.03,-0.11,0.04
14764,-1.26,-0.02,-0.05,0.03,-0.11,-0.07
14765,-1.26,-0.02,-0.05,0.03,-0.11,-0.17
14766,-1.05,-0.23,-0.16,-0.08,-0.21,-0.07
14767,-1.47,-0.02,-0.05,0.03,-0.00,0.14
14768,-1.36,0.08,-0.47,0.13,0.10,0.04
14769,-1.16,-0.33,-0.16,0.03,-0.00,-0.07
14770,-1.16,0.08,0.05,0.13,-0.11,0.04
14771,-1.47,0.08,-0.26,0.03,-0.00,0.14
14772,-1.47,-0.44,-0.05,0.13,0.21,0.04
14773,-1.16,-0.13,-0.16,0.13,-0.00,0.04
14774,-1.26,-0.02,-0.16,0.03,-0.21,0.04
14775,-1.36,-0.13,-0.16,0.03,-0.00,0.04
14776,-1.26,-0.13,-0.16,0.03,-0.00,-0.17
14777,-1.26,-0.02,-0.26,0.03,0.10,-0.07
14778,-1.26,0.08,-0.16,0.03,-0.00,0.04
14779,-1.16,-0.13,0.26,-0.08,-0.11,-0.07
14780,-1.36,-0.13,-0.26,0.13,0.10,0.04
14781,-1.47,-0.02,-0.36,0.03,-0.00,0.04
14922,-1.26,-0.02,0.05,0.13,0.10,0.14
14923,-1.16,0.19,0.05,-0.08,-0.11,-0.17
14924,-1.16,-0.02,0.05,-0.08,-0.21,-0.07
14925,-0.95,-0.13,0.16,-0.08,-0.21,-0.07
14926,-1.16,0.19,-0.05,0.03,-0.11,-0.07
14927,-1.26,-0.02,-0.26,-0.18,-0.21,-0.17
14928,-1.26,-0.02,0.05,0.03,-0.21,-0.07
14929,-1.16,-0.02,-0.16,0.03,-0.11,-0.07
14930,-1.05,-0.13,0.05,-0.08,-0.31,-0.17
14931,-1.16,0.08,0.05,-0.08,-0.31,-0.28
14932,-1.26,0.19,-0.05,-0.08,-0.21,-0.17
14933,-1.16,-0.23,-0.16,-0.08,-0.11,-0.07
14934,-1.05,-0.13,-0.05,0.03,-0.11,-0.07
14935,-1.26,0.19,-0.16,0.03,-0.21,-0.17
14936,-1.57,-0.23,-0.26,0.03,-0.00,0.04
14937,-1.26,-0.23,-0.26,0.03,0.21,0.04
14938,-1.36,0.08,-0.26,0.03,-0.00,-0.17
14939,-1.26,-0.02,-0.36,0.13,-0.11,0.04
14940,-1.47,-0.13,0.16,0.03,0.10,-0.07
14941,-1.36,-0.13,-0.26,0.13,-0.00,0.04
14942,-1.26,0.08,-0.16,0.03,-0.21,0.04
14943,-1.36,0.08,-0.05,0.03,0.10,0.04
14944,-1.16,-0.23,-0.05,0.03,-0.21,-0.07
14945,-1.26,-0.02,-0.16,0.03,-0.00,0.04
14946,-1.26,0.08,-0.16,0.13,0.10,0.14
14947,-1.57,0.08,-0.05,0.23,0.10,0.14
14948,-1.05,-0.13,-0.16,0.03,-0.11,-0.07
14949,-1.16,0.19,0.26,0.03,-0.21,-0.07
14950,-1.26,0.19,0.05,0.03,-0.11,-0.07
14951,-1.16,0.08,-0.05,0.03,-0.21,-0.17
14952,-1.16,-0.13,0.16,-0.08,-0.21,-0.07
14953,-1.36,-0.02,-0.05,0.13,-0.00,-0.07
14954,-1.36,-0.02,-0.16,0.03,-0.00,0.04
14955,-1.05,0.08,0.16,-0.18,-0.21,-0.17
14956,-1.16,0.08,-0.05,0.03,-0.00,-0.17
14957,-1.05,-0.23,-0.26,-0.08,-0.11,-0.07
14958,-1.47,-0.02,0.05,0.13,-0.00,0.04
14959,-1.26,0.39,-0.16,0.03,-0.21,-0.17
14960,-1.26,-0.44,-0.16,0.13,-0.00,0.04
14961,-1.16,-0.02,0.16,-0.08,-0.21,-0.17
14962,-1.47,0.19,-0.47,0.03,-0.00,0.14
14963,-1.47,-0.33,-0.36,0.03,-0.00,-0.07
14964,-1.16,-0.02,0.05,0.03,-0.00,0.14
14965,-1.16,-0.02,-0.16,0.03,-0.00,-0.07
14966,-1.36,-0.02,-0.26,-0.08,-0.11,-0.07
14967,-1.47,-0.23,-0.16,0.03,0.10,0.04
14968,-1.26,-0.33,-0.57,0.13,0.10,0.14
14969,-1.26,0.08,-0.05,0.03,-0.11,-0.07
14970,-1.36,0.08,0.05,0.03,-0.00,0.04
14971,-1.36,-0.23,-0.36,0.03,-0.00,-0.07
14972,-1.36,-0.13,-0.36,0.23,-0.00,0.14
14973,-1.36,-0.02,-0.16,0.23,0.10,0.14
14974,-1.36,0.08,0.05,0.13,-0.00,0.04
14975,-1.16,-0.13,-0.16,-0.08,-0.11,0.04
14976,-1.26,0.08,-0.05,0.13,-0.00,0.04
14977,-1.26,0.08,0.05,0.03,-0.11,-0.17
14978,-1.26,0.08,-0.16,0.03,-0.11,-0.07
14979,-1.05,-0.33,0.05,-0.08,-0.11,-0.17
14980,-1.36,0.19,-0.16,0.13,-0.00,0.14
14981,-1.26,0.08,-0.05,0.03,-0.11,-0.07
14982,-1.26,-0.02,0.05,-0.08,-0.11,0.04
14983,-1.26,0.08,-0.16,-0.08,-0.00,0.04
14984,-1.16,-0.23,0.05,0.03,-0.21,-0.07
14985,-1.36,-0.02,-0.26,0.23,-0.00,0.04
14986,-1.57,0.08,-0.05,0.23,-0.00,0.04
14987,-1.16,-0.23,-0.36,0.03,-0.11,-0.17
14988,-1.26,-0.13,-0.05,0.03,-0.00,0.04
14989,-1.26,0.19,0.05,0.03,-0.21,-0.07
14990,-1.47,-0.02,-0.05,0.03,-0.21,-0.07
14991,-1.26,-0.33,-0.26,0.03,-0.00,0.04
14992,-1.05,0.19,-0.05,-0.18,-0.31,-0.17
14993,-1.16,0.08,-0.26,0.03,-0.11,-0.07
14994,-1.36,-0.13,0.05,0.13,0.10,0.04
14995,-1.26,-0.23,-0.16,0.03,-0.11,0.04
14996,-1.26,0.19,-0.16,-0.08,-0.21,-0.17
14997,-1.26,0.19,-0.16,0.13,0.10,-0.07
14998,-1.05,-0.13,0.05,-0.08,-0.21,-0.28
14999,-1.05,0.08,0.05,-0.18,-0.31,-0.07
15000,-1.16,0.19,0.05,-0.18,-0.31,-0.17
15001,-1.26,0.29,-0.05,-0.08,-0.11,-0.07
15002,-1.36,-0.23,-0.26,0.03,-0.00,0.04
15003,-1.16,-0.13,0.05,0.03,-0.11,-0.17
15004,-1.26,0.19,-0.05,0.13,-0.11,-0.07
15005,-1.36,0.08,-0.16,-0.08,-0.11,0.04
15006,-1.05,-0.02,-0.05,0.03,-0.11,-0.07
15007,-1.47,-0.02,0.16,0.03,-0.00,0.04
15008,-1.26,-0.02,-0.26,0.03,0.10,0.04
15009,-1.16,-0.02,0.05,-0.08,-0.31,-0.17
15010,-1.16,0.29,0.05,-0.08,-0.21,-0.07
15011,-1.16,-0.13,-0.16,0.03,-0.11,-0.07
15012,-1.16,-0.23,-0.05,-0.08,0.10,0.14
15013,-1.36,-0.02,-0.05,0.03,-0.00,0.04
15014,-1.36,-0.02,-0.16,-0.08,-0.11,0.04
15015,-1.05,-0.23,-0.05,0.03,-0.21,-0.17
15016,-0.95,0.08,0.05,-0.08,-0.11,-0.28
15017,-1.36,0.08,-0.26,-0.08,-0.21,-0.17
15018,-1.47,-0.44,-0.26,0.13,0.10,-0.07
15019,-1.05,-0.02,-0.05,0.03,-0.11,0.04
15020,-1.36,-0.13,-0.36,0.03,0.21,0.04
15021,-1.47,-0.23,-0.26,0.13,0.10,0.24
15022,-1.57,-0.33,0.05,0.13,-0.00,0.04
15023,-1.26,-0.13,-0.36,0.13,-0.00,0.04
15024,-1.05,0.29,0.05,-0.08,-0.21,-0.17
15025,-1.16,-0.02,0.16,-0.08,-0.11,0.04
15026,-1.26,-0.13,-0.16,0.03,-0.11,-0.07
15027,-1.16,-0.02,0.05,0.03,-0.11,-0.17
15028,-1.36,0.29,-0.05,0.03,0.10,-0.07
15029,-1.16,0.19,-0.05,-0.08,-0.11,-0.17
15030,-1.26,-0.33,-0.16,0.13,-0.00,0.04
15031,-1.26,-0.02,0.05,0.13,-0.00,0.04
15032,-1.47,0.19,-0.16,0.13,-0.00,0.04
15033,-1.47,-0.13,-0.16,0.13,-0.00,0.04
15034,-1.05,-0.13,-0.05,-0.08,-0.11,0.04
15035,-1.16,0.19,0.05,0.03,-0.11,-0.07
15036,-1.26,-0.02,-0.16,0.03,-0.21,0.04
15037,-1.36,0.08,0.05,0.03,-0.21,-0.17
15038,-1.26,-0.13,-0.36,0.13,-0.00,0.04
15039,-1.05,-0.02,0.05,-0.08,-0.11,-0.07
15040,-1.16,-0.02,0.05,0.13,-0.11,-0.07
15041,-1.47,-0.02,-0.05,-0.08,-0.11,-0.07
15042,-1.26,-0.33,-0.26,0.13,0.10,0.14
15043,-1.26,-0.33,-0.26,0.23,-0.00,0.14
15044,-1.36,0.08,-0.16,0.13,-0.00,-0.07
15045,-1.47,-0.23,-0.26,-0.08,-0.11,-0.07
15046,-1.26,-0.44,-0.26,-0.08,-0.00,0.04
15047,-1.26,0.08,-0.26,-0.08,-0.11,-0.17
15048,-1.36,-0.02,-0.36,0.13,-0.00,0.04
15049,-1.57,-0.33,-0.05,0.13,0.10,0.14
15050,-1.16,-0.33,-0.26,0.03,0.10,0.04
15051,-1.36,0.19,-0.05,0.03,-0.00,-0.07
15052,-1.26,0.29,-0.16,0.03,-0.11,-0.07
15053,-1.26,-0.13,0.05,0.03,-0.11,-0.07
15054,-1.26,-0.23,-0.16,0.03,0.10,-0.07
15055,-1.16,0.08,0.05,-0.08,-0.21,0.04
15056,-1.36,0.29,0.05,0.13,-0.11,0.04
15057,-1.05,0.08,-0.16,-0.18,-0.11,-0.07
15058,-1.16,-0.13,-0.05,0.03,-0.00,-0.07
15059,-1.36,0.08,0.16,0.03,-0.11,-0.07
15060,-1.16,0.39,0.05,-0.18,-0.31,-0.07
15061,-1.26,-0.23,-0.16,0.03,-0.00,0.04
15062,-1.05,0.19,0.05,-0.08,-0.21,-0.17
15063,-1.16,-0.02,-0.16,0.03,-0.21,-0.17
15064,-1.36,-0.33,-0.16,0.13,0.10,0.14
15065,-1.05,0.29,-0.05,-0.18,-0.21,-0.17
15066,-1.36,-0.02,-0.26,0.03,-0.11,0.04
15067,-1.16,-0.23,-0.05,-0.08,-0.11,0.04
15068,-1.16,0.08,-0.05,-0.08,-0.00,-0.07
15069,-1.57,0.08,-0.36,0.03,0.10,0.04
15070,-1.26,-0.33,-0.26,0.13,-0.00,0.04
15071,-1.05,-0.13,-0.16,0.13,-0.11,-0.17
15072,-1.47,-0.02,-0.26,0.13,0.10,0.14
15073,-1.57,-0.13,-0.16,0.03,-0.11,-0.07
15074,-1.26,-0.13,0.05,-0.08,-0.21,-0.28
15075,-1.16,-0.13,-0.47,0.03,-0.11,-0.07
15076,-1.26,-0.02,-0.05,0.03,0.21,0.04
15077,-1.36,-0.13,0.16,0.13,-0.00,0.04
15078,-1.47,-0.33,-0.47,0.13,-0.00,0.04
15079,-1.16,0.08,-0.16,-0.18,-0.21,-0.07
15080,-1.05,-0.02,-0.05,-0.18,-0.11,0.04
15081,-1.36,0.19,0.05,0.03,-0.00,0.04
15082,-1.26,-0.23,-0.26,0.13,-0.00,0.04
15083,-1.26,-0.02,0.05,0.13,-0.00,0.14
15084,-1.57,0.08,-0.05,0.13,0.10,0.04
15085,-1.26,-0.13,-0.16,0.03,0.10,-0.07
15086,-1.05,-0.13,0.05,-0.08,-0.21,-0.07
15087,-1.26,0.08,0.05,0.13,-0.00,0.04
15088,-1.36,0.19,0.05,0.03,-0.11,0.04
15089,-1.26,-0.13,-0.05,-0.08,-0.00,0.04
15090,-1.36,-0.02,-0.05,-0.08,-0.11,0.04
15091,-1.16,-0.23,-0.16,0.13,-0.00,0.24
15092,-1.26,-0.23,-0.05,0.03,-0.00,0.04
15093,-1.57,0.19,-0.05,0.13,-0.00,0.14
15094,-1.47,-0.13,-0.47,0.13,-0.00,0.04
15095,-1.26,-0.33,-0.26,0.13,-0.00,0.04
15096,-0.84,-0.02,0.16,-0.08,-0.21,-0.07
15097,-1.57,0.08,-0.26,0.13,-0.00,0.04
15098,-1.36,-0.23,-0.26,-0.08,-0.00,-0.07
15099,-0.95,-0.02,-0.16,-0.08,-0.21,-0.07
15100,-1.36,-0.02,-0.36,0.03,-0.11,-0.07
15101,-1.16,-0.02,-0.16,0.03,-0.11,-0.07
15102,-1.47,-0.33,0.05,0.03,-0.00,-0.07
15103,-1.26,-0.02,-0.36,-0.08,-0.11,-0.07
15104,-1.26,0.08,-0.26,0.03,-0.11,-0.07
15105,-1.47,-0.13,0.05,0.03,-0.00,0.04
15106,-1.16,-0.02,-0.05,-0.08,-0.00,-0.17
15107,-1.16,-0.02,-0.05,0.03,-0.11,-0.07
15108,-1.26,0.29,0.05,-0.08,-0.11,-0.07
15109,-1.16,0.19,0.16,-0.08,-0.21,-0.17
15110,-1.16,-0.13,-0.16,-0.08,-0.11,-0.07
15111,-1.16,-0.13,0.05,0.13,-0.11,0.04
15112,-1.26,0.19,-0.16,0.03,-0.11,-0.07
15113,-1.26,0.08,0.05,0.03,-0.00,0.04
15114,-1.26,-0.23,-0.05,0.03,-0.00,-0.07
15115,-1.26,0.08,-0.05,0.03,-0.11,-0.07
15116,-1.36,-0.13,-0.05,-0.08,-0.00,0.04
15117,-1.36,-0.13,-0.16,0.03,-0.11,-0.07
15118,-1.26,0.19,-0.05,0.03,-0.21,-0.07
15119,-1.26,-0.33,-0.26,0.03,-0.11,-0.07
15120,-1.05,0.08,0.16,-0.18,-0.21,-0.17
15121,-1.36,0.08,-0.26,0.03,-0.00,0.04
15122,-1.47,0.19,-0.26,-0.08,-0.11,-0.17
15123,-1.16,-0.44,-0.16,-0.08,-0.00,0.04
15124,-1.05,-0.02,-0.16,-0.08,-0.11,0.04
15125,-1.26,0.19,-0.16,-0.08,-0.11,0.04
15126,-1.47,-0.23,-0.16,0.03,-0.11,0.04
15127,-1.26,-0.23,-0.26,-0.08,-0.00,-0.07
15128,-1.05,0.19,-0.26,0.03,-0.11,0.04
15129,-1.47,0.19,-0.16,0.13,-0.00,0.04
15130,-1.47,-0.33,-0.16,0.03,0.10,0.04
15131,-1.26,-0.23,-0.05,-0.08,-0.00,-0.07
15132,-1.36,0.08,-0.16,0.13,-0.00,0.04
15133,-1.16,0.08,0.05,-0.08,-0.11,-0.07
15134,-1.26,0.19,0.36,-0.08,-0.21,-0.17
15135,-1.16,-0.23,-0.36,0.03,-0.00,-0.17
15136,-1.26,0.19,0.05,0.03,0.10,-0.07
15137,-1.47,0.19,-0.05,0.03,0.10,0.04
15138,-1.16,-0.02,-0.26,0.03,-0.00,-0.07
15139,-1.26,-0.23,-0.16,0.03,-0.11,-0.07
15140,-1.16,0.19,0.36,-0.08,-0.11,0.04
15141,-1.26,0.08,-0.05,-0.08,-0.11,0.14
15142,-1.26,-0.13,-0.26,0.03,-0.11,0.04
15143,-1.26,0.19,-0.05,-0.18,-0.21,-0.17
15144,-1.26,-0.23,-0.26,0.13,-0.11,0.14
15145,-1.05,-0.13,-0.05,-0.08,-0.11,0.04
15146,-1.36,0.19,-0.05,-0.08,-0.00,0.04
15147,-1.26,0.08,-0.26,0.03,-0.11,-0.07
15148,-1.36,-0.13,-0.05,0.13,-0.00,0.04
15149,-0.95,-0.13,-0.05,-0.08,-0.21,-0.17
15150,-1.26,0.39,-0.16,-0.18,-0.31,-0.17
15151,-1.68,-0.44,-0.36,0.13,0.21,0.04
15152,-1.36,-0.44,-0.16,0.13,0.21,0.04
15153,-1.26,-0.02,-0.47,0.03,0.10,0.04
15154,-1.36,0.08,-0.26,0.13,-0.00,0.04
15155,-1.57,-0.23,-0.05,0.13,0.10,0.14
15156,-1.36,-0.44,-0.47,0.13,0.10,0.14
15157,-1.16,0.19,-0.05,-0.18,-0.21,-0.07
15158,-1.26,0.19,-0.05,0.03,-0.11,0.04
15159,-1.26,-0.13,-0.16,0.03,-0.00,-0.07
15160,-1.05,-0.13,-0.05,0.03,-0.00,0.04
15161,-1.16,0.29,-0.05,-0.08,-0.21,-0.07
15162,-1.36,0.08,0.05,0.03,-0.00,0.14
15163,-1.26,-0.02,-0.16,0.03,-0.21,-0.17
15164,-1.16,-0.02,-0.16,0.03,-0.00,0.04
15165,-1.26,0.08,0.16,0.13,-0.11,-0.07
15166,-1.16,0.29,0.05,-0.08,-0.00,-0.28
15167,-1.26,-0.02,-0.26,0.03,-0.00,0.04
15168,-1.26,-0.13,-0.16,0.13,0.21,0.04
15169,-1.26,-0.02,0.05,-0.08,-0.21,0.04
15170,-1.16,-0.13,0.16,-0.08,-0.21,-0.07
15171,-1.36,0.19,-0.16,0.03,-0.00,0.14
15172,-1.47,-0.02,-0.36,0.03,0.10,-0.07
15173,-0.95,-0.33,-0.05,0.03,-0.11,-0.07
15174,-1.05,-0.02,0.16,-0.08,-0.21,-0.17
15175,-1.47,0.08,-0.36,0.03,-0.00,0.04
15176,-1.47,-0.33,-0.36,0.13,0.10,0.04
15177,-1.16,-0.23,-0.05,0.03,-0.11,-0.07
15178,-1.05,0.19,-0.05,0.03,-0.00,-0.07
15179,-1.47,-0.13,-0.26,0.03,-0.00,0.04
15180,-1.57,-0.02,-0.16,-0.08,-0.21,0.04
15181,-1.16,-0.23,-0.47,0.03,-0.11,-0.07
15182,-1.16,0.08,-0.16,-0.08,-0.00,-0.07
15183,-1.16,0.19,-0.05,-0.08,0.10,-0.07
15184,-1.57,-0.44,-0.05,-0.08,0.10,0.04
15185,-1.26,-0.02,-0.26,-0.08,-0.11,-0.07
15186,-1.36,-0.02,-0.05,0.03,-0.00,-0.07
15187,-1.16,0.29,-0.05,0.03,-0.21,-0.07
15188,-1.47,-0.02,-0.16,0.03,-0.00,0.04
15189,-1.05,-0.23,-0.16,0.13,-0.11,0.04
15190,-1.16,0.29,0.26,0.03,-0.11,0.04
15191,-1.16,0.19,0.05,0.03,-0.11,0.04
15192,-1.26,-0.02,-0.16,-0.08,-0.11,0.04
15193,-1.26,-0.13,-0.16,-0.08,-0.21,-0.07
15194,-1.26,-0.02,0.05,0.13,-0.00,0.04
15195,-1.05,-0.02,-0.05,-0.08,-0.00,-0.17
15196,-1.26,-0.02,-0.05,-0.08,-0.00,-0.17
15197,-1.26,-0.02,-0.26,0.03,-0.11,0.04
15198,-1.26,-0.33,-0.16,0.03,0.10,0.04
15199,-1.05,-0.23,0.26,-0.08,-0.11,-0.07
15200,-1.36,0.19,-0.16,0.13,-0.00,0.04
15201,-1.47,-0.13,-0.26,-0.08,-0.11,0.04
15202,-1.16,-0.44,-0.16,0.03,-0.00,0.04
15203,-1.05,0.19,0.05,-0.18,-0.21,-0.17
15204,-1.26,0.19,-0.26,0.03,-0.00,-0.07
15205,-1.57,-0.33,-0.36,0.13,-0.00,0.04
15206,-1.16,-0.23,-0.05,0.13,-0.11,0.04
15207,-1.26,-0.13,-0.16,0.03,-0.00,0.04
15208,-1.26,0.19,-0.26,0.03,-0.11,0.04
15209,-1.47,-0.23,0.05,-0.08,-0.11,-0.17
15210,-1.26,-0.23,-0.16,0.13,-0.11,0.04
15211,-1.16,0.19,-0.16,-0.08,-0.11,-0.07
15212,-1.26,0.08,-0.05,0.03,-0.00,-0.07
15213,-1.26,0.19,0.05,0.03,-0.11,-0.07
15214,-1.47,-0.13,-0.36,0.03,-0.11,-0.07
15215,-1.05,-0.02,0.26,-0.08,-0.21,-0.07
15216,-1.26,0.08,0.05,-0.08,-0.11,0.04
15217,-1.26,0.08,-0.26,0.13,-0.00,0.04
15218,-1.26,-0.23,-0.05,0.03,-0.11,-0.17
15219,-1.26,-0.02,0.05,0.03,-0.11,0.04
15220,-1.16,0.08,-0.16,0.03,-0.00,0.04
15221,-1.26,-0.02,-0.05,0.03,-0.11,0.04
15222,-1.57,-0.13,-0.16,0.23,0.10,0.04
15223,-1.05,-0.23,0.05,-0.08,-0.11,0.04
15224,-1.05,-0.13,-0.05,0.13,-0.11,0.04
15225,-1.26,0.19,-0.16,0.03,-0.11,-0.07
15226,-1.47,-0.02,-0.36,0.03,-0.11,-0.07
15227,-1.26,-0.13,-0.36,-0.18,-0.11,0.04
15228,-1.16,-0.23,-0.05,0.03,-0.00,0.04
15229,-1.16,0.19,0.05,0.03,-0.21,-0.17
15230,-1.57,-0.13,-0.36,0.13,-0.00,0.04
15231,-1.16,-0.23,-0.26,-0.08,-0.00,-0.07
15232,-1.16,-0.13,-0.16,0.03,-0.11,0.04
15233,-1.26,0.08,-0.16,0.03,-0.00,0.04
15234,-1.36,0.08,-0.05,0.13,-0.00,0.04
15235,-1.36,-0.33,0.05,-0.08,-0.11,0.04
15236,-1.05,-0.13,-0.05,-0.08,-0.11,-0.07
15237,-1.47,0.08,-0.26,0.03,-0.00,-0.07
15238,-1.16,0.19,-0.05,-0.08,-0.11,-0.17
15239,-1.36,-0.23,-0.05,-0.08,-0.11,-0.17
15240,-1.16,-0.13,0.05,0.03,-0.11,-0.17
15241,-1.16,0.29,0.05,-0.08,-0.00,-0.07
15242,-1.36,0.29,-0.05,0.03,-0.11,0.04
15243,-1.26,-0.02,-0.26,0.03,-0.00,0.04
15244,-1.05,-0.02,0.05,0.03,-0.21,0.04
15245,-1.26,0.19,0.26,0.03,-0.11,0.04
15246,-1.26,-0.02,-0.36,0.03,0.10,0.14
15247,-1.26,-0.23,-0.05,-0.08,-0.21,-0.07
15248,-1.16,0.19,-0.26,0.03,-0.11,-0.07
15249,-1.26,-0.23,0.05,0.13,-0.00,0.04
15250,-1.16,-0.13,-0.16,-0.08,-0.00,0.14
15251,-1.57,0.08,-0.36,0.03,0.10,0.04
15252,-1.36,-0.13,-0.36,0.03,0.10,0.04
15253,-1.47,-0.33,-0.16,0.13,-0.00,0.04
15254,-1.05,-0.13,-0.05,0.03,-0.11,-0.07
15255,-1.26,0.29,-0.16,-0.08,-0.11,-0.17
15256,-1.47,-0.13,-0.47,-0.08,-0.11,-0.17
15257,-1.16,-0.23,-0.05,-0.08,-0.00,0.04
15258,-1.05,0.19,-0.05,-0.08,-0.21,-0.17
15259,-1.16,0.29,-0.05,-0.08,-0.11,-0.17
15260,-1.57,-0.33,-0.16,0.13,-0.00,0.04
15261,-1.26,-0.23,-0.36,0.13,0.10,-0.07
15262,-1.16,0.29,-0.16,0.03,-0.21,-0.07
15263,-1.26,0.08,-0.16,-0.08,0.10,0.14
15264,-1.36,-0.02,-0.05,0.03,-0.11,-0.07
15265,-1.26,-0.13,-0.05,0.03,-0.21,-0.17
15266,-1.05,-0.13,0.05,0.03,-0.11,-0.07
15267,-1.16,0.29,0.16,-0.08,-0.11,0.04
15268,-1.26,0.08,-0.16,0.03,-0.11,-0.07
15412,-1.16,0.29,-0.05,0.03,-0.11,-0.07
15413,-1.47,-0.02,-0.36,0.03,-0.00,-0.17
15414,-1.57,-0.23,-0.26,0.03,-0.00,-0.07
15415,-1.05,-0.23,-0.16,-0.08,-0.11,-0.07
15416,-1.05,0.19,-0.05,-0.08,-0.00,0.04
15417,-1.36,-0.02,-0.16,0.03,-0.00,0.04
15418,-1.47,-0.33,-0.16,-0.08,-0.00,0.04
15419,-1.57,-0.13,-0.47,0.03,-0.00,0.04
15420,-1.05,-0.23,-0.05,-0.18,-0.21,-0.07
15421,-1.05,0.50,0.05,0.03,-0.21,-0.07
15422,-1.36,0.19,-0.16,0.03,-0.11,0.04
15423,-1.47,-0.13,-0.05,-0.08,-0.11,-0.07
15424,-1.16,-0.02,-0.05,-0.08,-0.21,-0.07
15425,-1.05,0.19,0.36,0.03,-0.11,-0.07
15426,-1.16,0.29,0.05,0.03,-0.11,-0.07
15427,-1.47,-0.23,-0.36,0.03,-0.00,-0.07
15428,-1.16,-0.13,-0.16,0.03,-0.11,-0.07
15429,-1.16,0.19,0.16,0.03,-0.00,-0.07
15430,-1.16,-0.13,-0.36,0.03,0.10,0.04
15431,-1.36,0.19,0.16,0.03,-0.11,-0.07
15432,-1.36,-0.23,-0.26,0.03,-0.00,-0.07
15433,-1.26,-0.13,-0.36,0.13,-0.11,0.04
15434,-1.16,-0.02,0.16,0.13,-0.11,0.04
15435,-1.16,-0.02,-0.26,0.13,-0.00,-0.07
15436,-1.68,0.19,-0.36,0.03,-0.00,-0.07
15437,-1.47,-0.23,-0.47,0.13,-0.00,0.04
15438,-1.16,-0.13,0.05,0.03,-0.11,-0.17
15439,-1.05,-0.02,-0.26,0.13,0.10,0.04
15440,-1.57,0.19,-0.05,0.03,0.21,0.14
15441,-1.47,-0.33,-0.16,0.03,-0.11,0.04
15442,-1.36,-0.33,-0.26,0.13,-0.00,0.04
15443,-1.16,0.08,-0.05,-0.08,-0.00,-0.07
15444,-1.16,0.19,0.05,-0.08,-0.21,-0.17
15445,-1.57,0.08,-0.26,0.03,0.10,0.14
15446,-1.26,-0.13,-0.16,-0.08,-0.21,-0.07
15447,-1.05,-0.13,0.16,-0.08,-0.21,0.04
15448,-1.16,0.29,0.05,-0.08,-0.11,0.04
15449,-1.36,0.19,-0.26,-0.08,-0.11,-0.17
15450,-1.36,-0.02,-0.16,0.03,-0.21,-0.07
15451,-0.95,-0.13,-0.05,0.03,-0.11,-0.07
15452,-1.16,0.29,0.26,0.03,-0.00,-0.07
15453,-1.16,0.19,-0.05,-0.08,-0.21,-0.17
15454,-1.47,-0.23,-0.26,0.13,-0.11,0.04
15455,-1.26,0.08,-0.16,0.03,-0.00,0.04
15456,-1.26,-0.23,0.05,0.03,-0.11,-0.07
15457,-0.95,-0.02,0.05,-0.08,-0.21,-0.07
15458,-1.16,-0.02,-0.05,-0.08,-0.11,-0.07
15459,-1.47,-0.02,-0.16,0.03,0.10,0.04
15460,-1.47,-0.13,-0.36,0.03,-0.00,-0.07
15461,-1.05,-0.44,-0.05,0.03,-0.00,0.04
15462,-1.16,-0.02,-0.05,0.13,0.21,0.14
15463,-1.36,0.19,-0.36,-0.08,-0.21,-0.07
15464,-1.68,-0.33,-0.36,0.13,-0.11,-0.07
15465,-1.05,-0.13,-0.16,-0.08,-0.11,-0.07
15466,-0.95,0.08,0.05,-0.08,-0.11,-0.07
15467,-1.05,0.29,0.05,-0.08,-0.21,-0.17
15468,-1.57,-0.23,-0.26,0.13,-0.00,0.04
15469,-1.47,-0.33,-0.26,0.13,0.21,0.14
15470,-1.16,-0.02,-0.05,0.13,0.10,0.14
15471,-1.16,-0.02,-0.05,0.13,-0.00,0.04
15472,-1.26,0.19,-0.05,0.13,-0.00,0.04
15473,-1.47,-0.23,-0.16,0.03,-0.11,-0.07
15474,-1.16,-0.23,0.05,0.03,-0.00,-0.07
15475,-1.05,0.29,0.26,0.03,-0.11,-0.07
15476,-1.36,0.29,-0.05,0.03,-0.00,-0.07
15477,-1.36,-0.02,-0.26,0.03,-0.11,-0.07
15478,-1.16,-0.13,0.05,-0.08,-0.11,-0.07
15479,-1.05,0.19,0.16,-0.08,-0.11,0.04
15480,-1.16,-0.02,-0.05,-0.08,-0.00,-0.17
15481,-1.36,-0.02,-0.05,0.03,0.10,0.04
15482,-1.36,-0.13,-0.26,0.13,-0.11,0.04
15483,-1.26,0.08,-0.26,0.03,-0.21,0.04
15484,-1.16,-0.02,0.16,0.13,-0.00,0.04
15485,-1.16,-0.13,-0.05,-0.08,-0.21,-0.07
15486,-1.36,0.19,-0.36,0.03,-0.11,-0.07
15487,-1.57,-0.23,-0.26,0.03,-0.11,-0.07
15488,-1.16,-0.44,-0.26,0.03,-0.00,-0.07
15489,-1.05,-0.02,0.16,0.03,-0.11,0.04
15490,-1.36,-0.02,-0.05,0.03,-0.00,0.04
15491,-1.57,-0.02,-0.36,-0.08,-0.00,0.04
15492,-1.36,-0.23,-0.16,-0.08,0.10,0.14
15493,-0.95,-0.13,-0.26,0.13,0.10,0.04
15494,-1.26,0.19,0.05,0.03,-0.00,0.04
15495,-1.36,0.19,-0.05,0.03,-0.21,-0.07
15496,-1.57,-0.33,-0.16,0.03,-0.00,0.04
15497,-1.16,-0.13,-0.05,0.03,-0.11,0.04
15498,-1.05,0.29,0.16,0.03,-0.00,0.04
15499,-1.36,0.08,-0.05,0.03,-0.21,-0.07
15500,-1.36,-0.13,-0.16,-0.08,-0.11,-0.07
15501,-1.36,-0.13,-0.16,0.03,0.10,0.04
15502,-0.95,-0.13,0.16,0.03,0.10,0.04
15503,-1.16,0.39,0.36,-0.08,-0.11,-0.07
15504,-1.16,-0.02,-0.16,0.03,-0.00,0.04
15505,-1.36,-0.33,-0.16,0.03,-0.00,-0.17
15506,-1.26,0.29,0.16,0.03,-0.11,-0.07
15507,-1.05,-0.02,-0.05,-0.08,-0.11,0.04
15508,-1.26,-0.02,-0.05,-0.08,-0.11,-0.07
15509,-1.36,0.08,-0.16,0.03,-0.11,-0.07
15510,-1.47,-0.23,-0.36,0.03,-0.00,0.04
15511,-1.26,-0.02,-0.16,0.03,-0.11,-0.17
15512,-0.95,-0.13,0.16,0.13,-0.11,-0.07
15513,-1.26,0.08,-0.26,0.13,-0.00,0.04
15514,-1.68,-0.23,-0.57,0.13,-0.11,0.04
15515,-1.36,-0.23,-0.16,-0.08,-0.11,0.04
15516,-0.95,-0.13,-0.16,0.13,-0.00,0.04
15517,-1.05,0.08,0.05,0.03,-0.11,0.04
15518,-1.36,0.29,-0.36,0.03,-0.11,-0.07
15519,-1.68,-0.33,-0.26,0.03,-0.00,0.04
15520,-1.16,-0.02,-0.16,0.03,-0.11,-0.07
15521,-1.16,-0.02,0.05,-0.08,-0.11,0.04
15522,-1.05,0.19,-0.16,0.03,-0.00,-0.07
15523,-1.78,0.39,-0.05,-0.08,-0.00,0.04
15524,-1.36,-0.23,-0.26,-0.08,-0.11,-0.07
15525,-0.95,-0.13,0.05,0.03,-0.00,-0.07
15526,-1.16,0.19,0.26,0.03,-0.11,0.04
15527,-1.36,0.08,-0.36,-0.08,-0.00,0.04
15528,-1.57,-0.02,-0.16,0.03,-0.11,-0.07
15529,-0.95,-0.13,-0.26,-0.08,-0.11,0.04
15530,-1.16,0.08,0.47,0.13,0.10,-0.07
15531,-1.26,-0.02,-0.16,0.13,0.10,0.04
15532,-1.57,-0.23,-0.36,0.13,0.21,0.04
15533,-1.57,-0.13,-0.16,0.13,-0.00,0.04
15534,-1.26,0.08,-0.36,0.13,-0.00,-0.07
15535,-1.16,-0.23,0.05,0.13,-0.00,0.14
15536,-1.16,-0.23,-0.16,0.13,-0.00,0.14
15537,-1.57,0.08,-0.47,0.03,-0.00,-0.07
15538,-1.47,-0.13,-0.36,0.03,-0.21,-0.07
15539,-1.26,-0.44,-0.16,0.13,-0.00,-0.07
15540,-1.16,-0.02,-0.05,0.13,0.10,0.14
15541,-1.26,-0.02,-0.16,-0.08,-0.00,-0.17
15542,-1.68,-0.02,-0.26,0.03,-0.00,0.04
15543,-1.36,-0.23,-0.26,-0.08,-0.21,-0.17
15544,-1.16,-0.33,-0.05,0.03,0.10,-0.07
15545,-1.26,0.29,-0.26,0.13,0.10,0.04
15546,-1.36,-0.02,-0.05,-0.08,-0.21,-0.07
15547,-1.57,-0.02,-0.26,0.03,-0.11,-0.07
15548,-1.16,-0.02,-0.16,0.03,-0.11,0.04
15549,-0.95,0.08,0.05,0.03,0.10,0.04
15550,-1.26,0.29,0.05,-0.08,-0.11,0.04
15551,-1.57,-0.02,-0.16,0.03,-0.11,0.04
15552,-1.26,-0.13,-0.16,-0.08,-0.00,0.04
15553,-1.16,-0.23,0.16,0.13,-0.11,0.04
15554,-1.16,0.29,0.05,0.13,-0.00,-0.07
15555,-1.26,0.08,-0.05,-0.08,-0.11,-0.07
15556,-1.26,0.08,-0.26,0.03,-0.11,-0.17
15557,-1.47,0.08,0.05,0.13,-0.00,0.04
15558,-1.05,-0.13,-0.05,0.03,-0.00,-0.07
15559,-1.05,0.08,-0.05,0.03,-0.11,-0.07
15560,-1.26,-0.02,-0.16,0.03,-0.11,-0.07
15561,-1.47,-0.13,-0.36,0.03,-0.11,0.04
15562,-1.47,-0.13,-0.26,0.03,0.10,0.04
15563,-0.95,-0.33,0.05,0.03,-0.00,0.04
15564,-1.16,0.19,0.05,0.03,-0.11,0.04
15565,-1.57,-0.02,-0.68,0.13,-0.11,-0.07
15566,-1.57,-0.33,-0.26,0.03,-0.11,-0.07
15567,-1.26,-0.23,-0.26,0.03,0.10,0.04
15568,-0.95,-0.13,0.05,0.03,-0.11,-0.07
15569,-1.16,0.19,-0.16,-0.08,-0.21,-0.17
15570,-1.57,0.08,-0.36,0.03,-0.11,-0.07
15571,-1.26,-0.23,-0.05,0.03,-0.11,-0.07
15572,-1.16,-0.02,0.05,0.03,0.10,0.04
15573,-1.16,0.08,0.05,-0.08,-0.11,0.04
15574,-1.47,0.19,0.16,0.03,-0.11,0.04
15575,-1.36,-0.13,-0.26,0.03,-0.11,0.14
15576,-1.05,-0.02,-0.16,-0.08,-0.11,-0.07
15577,-1.05,-0.13,0.26,0.03,-0.11,-0.07
15578,-1.16,0.19,0.26,0.13,-0.21,-0.07
15579,-1.47,0.19,-0.36,0.03,-0.00,0.14
15580,-1.47,-0.33,-0.26,-0.08,-0.00,-0.07
15581,-1.16,-0.02,-0.16,0.03,-0.00,0.14
15582,-1.16,0.08,0.47,0.03,-0.11,0.04
15583,-1.05,-0.13,-0.16,0.03,-0.11,-0.28
15584,-1.47,-0.02,-0.16,0.03,-0.11,-0.07
15585,-1.36,-0.13,-0.16,-0.08,-0.21,0.04
15586,-1.16,-0.02,-0.16,0.03,-0.11,0.14
15587,-1.05,-0.13,0.05,-0.08,-0.11,-0.07
15588,-1.16,-0.23,-0.16,0.13,-0.11,-0.07
15589,-1.47,0.19,-0.36,0.03,-0.00,0.04
15590,-1.47,-0.33,-0.36,0.03,-0.11,-0.07
15591,-1.16,-0.23,0.05,0.03,-0.11,0.04
15592,-1.05,-0.02,-0.16,0.03,-0.11,0.04
15593,-1.47,-0.02,-0.26,0.13,0.10,0.04
15594,-1.57,-0.02,-0.26,-0.08,-0.21,-0.07
15595,-1.36,-0.23,-0.05,-0.08,-0.21,-0.07
15596,-0.84,-0.02,0.16,-0.08,-0.00,-0.17
15597,-1.16,0.29,0.05,0.03,-0.11,-0.07
15598,-1.57,0.08,-0.36,0.03,-0.11,-0.07
15599,-1.47,-0.13,-0.16,0.13,-0.00,-0.07
15600,-1.05,-0.02,-0.16,0.03,-0.21,-0.07
15601,-1.05,0.08,0.36,0.03,-0.11,-0.07
15602,-1.16,0.19,0.16,0.13,-0.00,0.14
15603,-1.57,0.19,-0.47,0.13,-0.00,-0.07
15604,-1.26,-0.33,-0.26,0.03,-0.00,-0.07
15605,-1.05,0.08,0.05,0.03,-0.00,0.04
15606,-1.05,0.19,0.26,0.03,-0.21,-0.07
15607,-1.26,-0.23,-0.26,0.03,-0.21,-0.07
15608,-1.47,0.19,-0.26,0.13,-0.21,-0.07
15609,-1.36,-0.23,-0.16,0.03,-0.11,-0.07
15610,-1.05,-0.13,0.05,0.03,-0.21,0.04
15611,-1.16,-0.02,-0.05,0.03,-0.11,0.04
15612,-1.47,-0.23,-0.16,0.03,-0.00,0.04
15613,-1.68,-0.02,-0.57,0.13,-0.11,0.04
15614,-1.36,-0.02,-0.36,-0.08,-0.11,-0.07
15615,-1.05,-0.54,-0.05,-0.08,-0.11,-0.07
15616,-1.05,0.08,0.05,-0.08,-0.11,-0.07
15617,-1.47,-0.13,-0.26,-0.08,-0.00,0.04
15618,-1.57,-0.02,-0.36,0.03,-0.11,0.04
15619,-1.26,-0.44,-0.47,0.03,-0.11,-0.07
15620,-1.05,-0.23,0.16,0.03,-0.00,0.04
15621,-1.16,0.29,-0.05,-0.08,-0.00,-0.07
15622,-1.47,0.19,-0.05,0.03,-0.11,-0.07
15623,-1.47,-0.23,-0.36,0.03,-0.11,0.04
15624,-1.16,-0.23,0.05,0.03,-0.00,0.14
15625,-0.95,0.19,0.05,0.03,-0.00,0.04
15626,-1.47,0.29,-0.16,0.03,-0.00,0.14
15627,-1.36,0.08,-0.16,0.03,-0.11,-0.07
15628,-1.47,-0.13,-0.36,0.13,-0.00,0.04
15629,-0.95,-0.02,0.26,0.13,-0.11,-0.07
15630,-1.16,0.08,0.26,0.03,-0.00,0.04
15631,-1.26,-0.02,-0.16,0.03,-0.11,-0.07
15632,-1.47,-0.02,-0.26,0.03,-0.11,-0.07
15633,-1.36,0.08,-0.16,0.03,-0.11,-0.07
15634,-1.05,0.08,0.05,-0.08,-0.31,-0.07
15635,-1.05,-0.02,0.05,0.03,-0.11,0.04
15636,-1.26,-0.13,-0.16,0.03,-0.11,-0.07
15637,-1.47,-0.13,-0.26,0.03,-0.00,-0.07
15638,-1.47,-0.02,-0.47,0.23,-0.11,0.04
15639,-1.05,-0.44,-0.26,0.13,-0.00,0.04
15640,-1.16,-0.02,0.05,0.03,-0.00,0.04
15641,-1.36,0.08,-0.47,0.03,-0.11,0.04
15642,-1.68,-0.13,-0.47,0.03,-0.00,0.04
15643,-1.16,-0.02,-0.16,-0.08,-0.11,-0.07
15644,-1.26,-0.44,-0.16,0.03,-0.00,0.04
15645,-1.05,0.29,0.05,0.13,-0.00,-0.17
15646,-1.68,0.08,-0.36,0.03,-0.11,-0.07
15647,-1.47,-0.23,-0.36,-0.08,-0.00,-0.17
15648,-1.26,-0.02,0.05,0.03,0.10,0.04
15649,-0.95,-0.13,0.05,0.03,-0.11,-0.07
15650,-1.26,0.19,-0.05,0.03,0.21,0.14
15651,-1.57,0.08,0.05,-0.08,-0.11,-0.07
15652,-1.26,-0.23,-0.36,0.03,-0.21,-0.07
15653,-0.95,0.19,0.26,-0.08,-0.11,-0.17
15654,-0.95,0.08,0.26,-0.08,-0.11,-0.07
15655,-1.47,0.29,-0.05,-0.08,-0.00,-0.07
15656,-1.26,-0.02,-0.47,0.03,-0.00,0.04
15657,-1.36,-0.13,-0.16,0.23,0.10,0.04
15658,-0.95,0.29,0.05,0.03,-0.11,0.04
15659,-1.16,-0.23,0.26,0.03,-0.00,-0.07
15660,-1.16,-0.02,-0.26,0.03,-0.00,-0.07
15661,-1.36,-0.02,-0.26,-0.08,-0.11,-0.17
15662,-1.36,-0.02,-0.16,0.23,-0.11,0.14
15663,-1.16,-0.23,-0.26,0.03,-0.11,-0.17
15664,-1.16,-0.23,0.16,0.03,-0.00,-0.07
15665,-1.36,0.19,-0.16,0.03,-0.11,0.04
15666,-1.57,-0.02,-0.47,-0.08,-0.11,-0.07
15667,-1.36,-0.23,-0.26,0.03,-0.11,-0.07
15668,-1.05,-0.23,-0.05,0.13,-0.00,0.04
15669,-1.05,-0.02,0.05,0.03,-0.00,-0.07
15670,-1.47,0.19,-0.16,0.13,-0.00,0.04
15671,-1.47,0.08,-0.36,-0.08,-0.00,-0.07
15672,-1.36,-0.23,-0.16,0.03,-0.00,-0.07
15673,-0.84,0.08,0.16,0.03,0.10,-0.17
15674,-1.16,0.08,-0.05,0.13,-0.11,0.04
15675,-1.36,0.29,-0.05,-0.08,-0.11,-0.07
15676,-1.57,-0.13,-0.36,0.13,-0.11,0.04
15677,-1.05,-0.13,-0.05,0.03,-0.00,0.04
15678,-0.95,-0.02,0.47,0.03,-0.11,-0.07
15679,-1.36,0.08,0.05,0.03,-0.11,0.04
15680,-1.47,0.08,-0.26,0.03,-0.00,-0.07
15681,-1.47,-0.13,-0.26,-0.08,-0.11,-0.07
15682,-0.84,0.08,-0.05,0.03,-0.00,0.04
15683,-1.05,-0.02,0.47,-0.08,-0.21,-0.07
15684,-1.16,-0.02,-0.26,0.13,-0.00,0.04
15685,-1.47,-0.02,0.05,0.03,-0.11,-0.17
15686,-1.26,0.08,-0.26,-0.08,-0.31,-0.28
15687,-1.36,-0.02,-0.26,0.03,-0.11,0.14
15688,-0.84,-0.23,0.05,0.03,-0.21,-0.17
15689,-1.16,0.08,0.05,-0.08,-0.21,-0.17
15690,-1.47,0.19,-0.47,0.03,-0.00,-0.17
15691,-1.47,-0.33,-0.57,0.03,-0.11,-0.07
15692,-1.16,-0.13,0.05,0.03,-0.21,0.04
15693,-1.05,-0.23,0.05,0.03,-0.00,-0.07
15694,-1.26,0.08,-0.05,-0.08,-0.11,-0.07
15695,-1.57,0.29,-0.47,-0.08,-0.11,-0.07
15696,-1.47,-0.33,-0.47,0.03,-0.00,-0.07
15697,-0.95,-0.02,0.16,0.03,-0.11,-0.07
15698,-1.16,0.08,0.05,0.03,-0.00,-0.07
15699,-1.47,-0.02,-0.26,0.03,-0.00,0.04
15700,-1.68,0.19,-0.16,0.13,-0.00,0.04
15701,-0.95,-0.13,-0.26,-0.08,-0.21,-0.07
15702,-0.95,0.08,0.26,-0.08,-0.11,0.04
15703,-1.16,0.08,0.26,-0.08,-0.11,0.04
15704,-1.36,0.29,-0.26,0.03,-0.11,-0.07
15705,-1.57,0.08,-0.16,0.03,0.10,0.04
15706,-1.05,-0.13,-0.16,-0.08,-0.21,-0.07
15707,-1.16,-0.02,0.26,0.03,-0.11,0.04
15708,-1.16,0.19,0.26,-0.08,-0.11,-0.07
15709,-1.36,-0.23,-0.47,0.03,-0.00,0.14
15710,-1.26,0.08,-0.16,-0.08,-0.11,-0.07
15711,-1.26,-0.02,-0.16,0.03,-0.00,-0.07
15712,-1.05,-0.13,-0.16,0.13,-0.00,0.04
15713,-1.16,-0.23,0.16,0.13,-0.11,0.04
15714,-1.36,-0.13,-0.26,0.03,-0.00,0.04
15715,-1.47,0.19,-0.36,-0.08,-0.00,0.04
15716,-1.47,-0.23,-0.47,0.03,-0.11,-0.07
15717,-1.05,-0.23,0.05,0.03,0.10,-0.07
15718,-1.05,-0.02,0.16,-0.08,-0.11,-0.07
15719,-1.26,0.08,-0.47,-0.08,-0.00,0.04
15720,-1.68,0.19,-0.26,-0.08,0.10,-0.07
15721,-1.47,-0.33,-0.26,0.03,-0.00,0.04
15722,-0.95,-0.13,0.16,-0.08,-0.00,0.04
15723,-1.16,0.19,0.05,-0.08,-0.21,-0.07
15724,-1.47,-0.02,-0.36,0.03,-0.00,0.04
15725,-1.47,0.19,-0.36,0.03,-0.11,0.04
15726,-1.16,-0.23,-0.16,0.13,-0.00,-0.17
15727,-0.84,0.08,0.36,-0.08,-0.11,-0.07
15728,-1.16,0.19,0.26,0.03,-0.00,0.04
15729,-1.47,0.08,-0.26,0.03,-0.11,0.04
15730,-1.36,0.19,-0.36,-0.08,-0.21,-0.07
15731,-1.26,-0.33,-0.26,0.03,-0.00,0.14
15732,-0.95,0.19,0.47,0.03,-0.11,-0.07
15733,-1.16,0.08,0.16,0.03,-0.11,0.04
15734,-1.36,-0.23,-0.36,0.03,-0.00,0.04
15735,-1.47,0.08,-0.16,0.03,-0.11,-0.07
15736,-1.16,0.19,-0.16,0.03,-0.11,0.04
15737,-1.05,-0.13,-0.05,-0.18,-0.11,0.04
15738,-1.26,-0.13,0.05,0.03,-0.00,-0.07
15739,-1.26,-0.13,-0.26,0.03,-0.00,-0.07
15740,-1.47,0.08,-0.26,-0.08,-0.00,0.04
15741,-1.36,-0.33,-0.47,0.03,-0.21,-0.07
15742,-1.16,-0.23,-0.05,0.03,-0.00,0.04
15743,-1.16,-0.13,0.05,0.13,-0.00,0.04
15744,-1.57,0.08,-0.57,0.13,-0.00,0.04
15745,-1.68,-0.02,-0.47,0.03,-0.00,0.04
15746,-1.26,-0.23,-0.05,-0.08,-0.11,-0.07
15747,-0.84,-0.02,0.05,0.03,-0.11,0.04
15748,-1.47,0.08,0.16,0.03,-0.00,0.04
15749,-1.47,-0.02,-0.47,0.03,-0.11,0.04
15750,-1.36,0.29,0.05,-0.08,-0.21,-0.07
15751,-1.05,-0.13,-0.05,0.03,-0.00,-0.07
15752,-0.95,-0.02,0.05,0.03,-0.11,-0.07
15753,-1.16,-0.02,0.26,0.13,-0.11,0.04
15754,-1.57,0.08,-0.36,0.13,-0.11,-0.07
15755,-1.47,0.19,-0.36,0.03,-0.00,0.14
15756,-1.16,-0.13,0.05,0.03,-0.11,-0.07
15757,-0.95,0.08,0.26,0.03,-0.00,-0.07
15758,-1.16,-0.02,0.16,0.03,-0.11,-0.07
15759,-1.47,-0.23,-0.47,0.03,-0.21,0.04
15760,-1.47,0.19,-0.26,0.03,-0.00,0.04
15761,-1.16,-0.13,-0.05,-0.08,-0.00,0.04
15762,-1.05,-0.02,-0.05,-0.08,-0.11,0.04
15763,-1.26,-0.23,-0.05,0.03,-0.11,-0.07
15764,-1.36,-0.02,-0.26,-0.08,-0.11,-0.17
15765,-1.47,0.19,-0.47,0.03,-0.11,0.04
15766,-1.26,-0.44,-0.47,0.13,-0.00,0.04
15767,-1.16,-0.23,0.16,0.03,-0.21,-0.07
15768,-0.95,-0.02,0.16,0.13,-0.11,0.04
15769,-1.47,0.08,-0.36,-0.08,-0.11,-0.07
15770,-1.47,0.08,-0.47,-0.08,-0.00,-0.07
15771,-1.36,-0.33,-0.16,0.03,-0.11,-0.07
15772,-0.95,-0.13,0.26,0.03,-0.11,0.04
15773,-1.26,0.08,0.05,0.03,-0.11,0.04
15774,-1.26,-0.02,-0.47,-0.08,-0.00,0.04
15775,-1.57,0.08,-0.16,0.13,-0.00,0.04
15776,-1.16,-0.13,-0.05,0.03,-0.11,0.04
15777,-0.95,-0.02,0.26,0.03,-0.00,0.04
15778,-1.36,-0.13,0.16,0.13,-0.00,0.04
15779,-1.47,0.08,-0.26,0.03,-0.11,-0.07
15780,-1.47,0.29,-0.26,0.03,-0.11,-0.07
15781,-1.16,-0.23,-0.16,0.03,-0.11,-0.07
15782,-0.84,0.08,0.36,0.03,-0.11,-0.07
15783,-1.26,0.08,0.16,0.03,-0.11,-0.07
15784,-1.47,-0.33,-0.47,0.03,-0.21,-0.07
15785,-1.36,0.19,-0.26,0.03,-0.21,-0.17
15786,-1.26,-0.13,-0.05,0.03,-0.11,0.04
15787,-1.05,-0.02,-0.16,-0.08,-0.21,-0.17
15788,-1.05,-0.33,0.05,-0.08,-0.11,-0.17
15789,-1.36,-0.02,-0.26,0.03,0.10,-0.07
15790,-1.36,0.29,-0.36,0.13,-0.11,-0.17
15791,-1.36,-0.33,-0.36,0.03,-0.11,0.04
15792,-1.26,-0.13,-0.05,0.03,-0.00,-0.07
15793,-1.05,-0.33,0.05,-0.08,-0.11,-0.07
15794,-1.26,0.19,-0.16,-0.08,-0.21,-0.07
15795,-1.57,0.19,-0.36,0.03,-0.11,-0.07
15796,-1.36,-0.33,-0.36,-0.08,-0.00,0.04
15797,-1.16,-0.23,0.26,0.13,0.10,0.04
15798,-1.16,-0.02,0.05,0.03,-0.00,-0.07
15799,-1.47,0.08,-0.16,0.03,-0.11,-0.07
15800,-1.47,0.29,-0.36,0.03,-0.11,0.04
15801,-1.26,-0.23,-0.16,0.03,-0.00,0.04
15802,-0.95,0.19,0.36,-0.08,-0.00,0.04
15803,-1.16,0.08,0.26,0.03,-0.11,-0.07
15804,-1.36,0.19,-0.16,-0.08,-0.00,-0.07
15805,-1.57,0.08,-0.16,0.03,-0.11,-0.07
15806,-1.26,-0.02,-0.26,-0.08,-0.21,-0.17
15807,-0.95,-0.02,0.47,-0.18,-0.21,-0.07
15808,-0.95,0.19,0.26,-0.08,-0.11,-0.17
15809,-1.36,-0.13,-0.26,0.03,-0.11,-0.07
15810,-1.36,-0.02,-0.26,0.03,-0.11,-0.07
15811,-1.36,-0.02,-0.36,0.03,-0.11,-0.07
15812,-1.05,0.08,0.05,-0.08,-0.11,-0.07
15813,-1.36,-0.44,-0.16,0.03,-0.00,0.04
15814,-1.16,-0.13,-0.16,0.03,-0.00,-0.07
15815,-1.36,-0.13,-0.47,0.03,-0.00,-0.07
15816,-1.68,-0.13,-0.47,0.03,-0.00,0.14
15817,-1.26,-0.13,-0.26,0.23,-0.00,0.04
15818,-1.16,-0.23,0.05,0.03,-0.11,-0.07
15819,-1.26,0.08,-0.16,-0.08,-0.00,-0.07
15820,-1.57,0.08,-0.47,0.13,-0.00,0.04
15821,-1.36,-0.13,-0.36,-0.08,-0.21,0.04
15822,-1.05,-0.13,0.16,-0.08,-0.00,0.04
15823,-1.16,-0.02,0.26,0.03,-0.11,0.04
15824,-1.36,0.08,-0.05,0.03,-0.11,-0.07
15825,-1.36,0.39,-0.36,0.03,-0.11,-0.28
15826,-1.36,0.08,-0.16,-0.08,-0.11,0.04
15827,-1.16,-0.13,-0.05,0.03,0.10,0.04
15828,-1.16,0.08,0.26,0.03,-0.11,-0.07
15829,-1.16,-0.02,0.05,0.03,-0.00,-0.07
15830,-1.36,0.29,-0.26,0.03,-0.11,-0.17
15831,-1.26,-0.02,-0.26,-0.08,-0.11,-0.07
15832,-1.16,-0.33,0.16,0.13,-0.21,0.04
16021,-1.57,-0.02,-0.47,-0.08,-0.00,0.04
16022,-1.05,-0.13,0.05,-0.08,-0.11,-0.17
16023,-1.05,-0.13,0.16,0.03,-0.11,0.04
16024,-1.26,0.29,0.05,0.13,-0.11,0.04
16025,-1.47,0.08,0.05,0.03,-0.11,0.04
16026,-1.47,0.19,-0.16,-0.08,-0.11,-0.07
16027,-1.26,-0.13,-0.26,0.03,-0.11,0.14
16028,-0.95,-0.13,0.36,-0.08,-0.11,-0.07
16029,-1.05,0.19,0.36,0.13,-0.00,0.04
16030,-1.36,-0.02,-0.05,0.03,-0.00,0.14
16031,-1.36,0.08,-0.26,0.03,-0.11,-0.07
16032,-1.26,-0.13,-0.26,0.13,-0.11,0.14
16033,-1.16,0.08,-0.05,0.03,-0.11,0.04
16034,-1.26,-0.02,-0.05,0.03,-0.11,-0.07
16035,-1.26,-0.23,-0.36,-0.08,-0.21,-0.17
16036,-1.26,-0.23,0.05,0.03,-0.11,-0.07
16037,-1.16,0.08,-0.16,0.13,-0.11,-0.17
16038,-1.36,-0.02,-0.36,0.03,-0.11,-0.07
16039,-1.47,-0.23,-0.16,0.03,-0.21,-0.07
16040,-1.26,-0.13,-0.16,0.03,-0.11,0.04
16041,-1.16,-0.13,-0.26,0.03,-0.00,-0.07
16042,-1.36,0.29,-0.26,0.03,-0.11,-0.07
16043,-1.36,-0.02,-0.57,0.03,0.10,0.04
16044,-1.36,-0.13,0.05,0.13,0.10,-0.07
16045,-1.36,-0.13,0.05,0.03,-0.00,0.14
16046,-1.16,-0.13,0.05,-0.08,-0.11,0.04
16047,-1.47,0.19,-0.16,-0.08,-0.00,-0.07
16048,-1.47,0.08,-0.47,-0.08,-0.00,0.04
16049,-1.16,0.08,0.05,0.03,-0.11,-0.07
16050,-0.84,0.08,0.16,0.03,-0.00,0.04
16051,-1.26,-0.13,0.26,0.13,-0.00,0.04
16052,-1.26,0.19,-0.05,0.03,-0.21,0.04
16053,-1.47,-0.02,-0.26,0.03,-0.11,-0.07
16054,-1.16,-0.13,-0.26,0.13,-0.11,-0.07
16055,-1.16,0.08,0.26,0.13,-0.11,0.04
16056,-1.16,0.08,-0.05,0.03,-0.11,-0.07
16057,-1.26,-0.02,-0.05,-0.08,-0.11,-0.07
16058,-1.26,-0.02,-0.36,0.13,-0.00,0.04
16059,-1.26,-0.23,-0.05,0.03,-0.11,-0.17
16060,-1.26,0.19,-0.05,-0.08,-0.00,-0.07
16061,-1.47,-0.13,-0.26,-0.08,-0.11,0.04
16062,-1.16,-0.33,-0.26,-0.08,-0.11,0.04
16063,-1.16,-0.13,-0.05,-0.08,-0.00,0.14
16064,-1.26,-0.13,-0.26,0.13,-0.00,-0.07
16065,-1.47,0.19,-0.36,-0.08,-0.00,-0.07
16066,-1.47,-0.33,-0.36,0.03,-0.00,0.14
16067,-1.05,-0.13,0.05,0.03,-0.00,-0.07
16068,-1.26,-0.02,-0.05,0.03,-0.00,0.04
16069,-1.47,0.19,-0.26,0.13,-0.00,0.04
16070,-1.47,-0.02,-0.47,0.03,0.10,-0.07
16071,-1.16,0.08,0.05,-0.08,-0.11,0.04
16072,-0.95,-0.13,0.16,0.13,-0.00,0.14
16073,-1.16,-0.02,0.36,0.03,-0.11,-0.07
16074,-1.26,0.29,-0.16,0.03,-0.00,-0.07
16075,-1.47,0.19,-0.16,-0.08,-0.00,-0.07
16076,-1.16,0.19,-0.05,0.03,-0.11,-0.07
16077,-0.95,-0.23,0.16,0.13,-0.00,0.04
16078,-0.95,0.29,0.26,0.13,-0.11,0.04
16079,-1.36,-0.02,-0.05,0.03,0.10,-0.07
16080,-1.26,-0.13,-0.47,0.03,-0.00,0.04
16081,-1.26,-0.13,-0.16,0.03,-0.11,-0.07
16082,-1.16,-0.02,-0.16,0.03,-0.00,0.04
16083,-1.36,0.08,-0.05,0.13,-0.00,0.04
16084,-1.26,-0.23,-0.36,-0.08,-0.11,-0.07
16085,-1.36,-0.44,-0.16,-0.08,-0.11,-0.07
16086,-1.26,-0.02,-0.16,0.03,-0.00,-0.07
16087,-1.26,-0.02,-0.36,-0.08,-0.11,-0.07
16088,-1.47,-0.33,-0.47,0.03,-0.11,0.04
16089,-1.36,-0.13,0.05,-0.08,-0.21,0.04
16090,-1.16,-0.44,-0.36,0.03,-0.11,0.04
16091,-1.26,0.08,-0.16,0.03,-0.11,-0.17
16092,-1.57,0.19,-0.47,0.03,-0.11,0.14
16093,-1.26,-0.02,-0.26,0.13,-0.00,-0.07
16094,-1.36,-0.23,0.26,0.03,-0.11,0.04
16095,-1.05,0.08,0.05,0.03,-0.00,-0.17
16096,-1.36,0.08,0.05,-0.08,-0.11,-0.17
16097,-1.36,0.19,-0.26,0.03,-0.00,0.04
16098,-1.36,-0.02,-0.05,-0.08,-0.00,-0.07
16099,-1.05,0.19,0.05,-0.08,-0.11,-0.07
16100,-1.16,-0.13,0.16,0.03,-0.11,0.04
16101,-1.16,0.08,0.16,0.03,-0.00,-0.17
16102,-1.47,0.19,-0.05,-0.08,-0.21,-0.17
16103,-1.26,-0.02,-0.36,0.13,-0.00,-0.07
16104,-1.16,-0.13,0.16,0.03,-0.11,-0.07
16105,-1.16,-0.02,0.16,0.03,-0.00,0.04
16106,-1.36,-0.02,-0.16,0.13,-0.11,-0.07
16107,-1.26,-0.23,-0.16,0.03,-0.21,0.14
16108,-1.26,-0.13,-0.05,0.03,-0.00,-0.17
16109,-1.26,-0.13,-0.26,0.13,-0.00,-0.07
16110,-1.36,-0.02,-0.26,0.13,-0.11,0.24
16111,-1.36,-0.13,-0.26,0.03,-0.11,0.04
16112,-1.16,-0.23,0.05,-0.18,-0.11,-0.07
16113,-1.16,-0.13,-0.05,0.03,-0.11,0.04
16114,-1.36,0.08,-0.26,0.13,-0.11,0.04
16115,-1.36,0.08,-0.36,0.03,-0.21,0.04
16116,-1.57,-0.33,-0.26,0.13,-0.00,-0.07
16117,-0.95,-0.13,0.26,0.03,-0.11,0.04
16118,-1.16,-0.02,0.16,0.03,-0.00,-0.07
16119,-1.47,-0.02,-0.36,0.03,-0.11,0.04
16120,-1.57,0.08,-0.05,-0.18,0.10,0.04
16121,-1.16,-0.02,-0.05,0.03,-0.00,-0.17
16122,-0.95,0.08,0.16,0.03,-0.11,-0.07
16123,-1.16,0.19,0.26,-0.08,-0.11,0.04
16124,-1.36,0.08,-0.05,0.03,-0.21,0.04
16125,-1.26,0.19,0.05,-0.08,-0.11,-0.07
16126,-1.26,-0.02,-0.05,0.03,-0.00,0.04
16127,-1.16,-0.23,-0.05,0.03,-0.11,-0.07
16128,-1.05,0.19,0.47,0.03,-0.11,0.04
16129,-1.26,-0.23,-0.26,0.03,-0.11,-0.07
16130,-1.26,-0.13,-0.26,-0.08,-0.21,-0.07
16131,-1.16,-0.23,-0.16,0.03,-0.21,0.04
16132,-1.16,-0.02,-0.05,0.03,-0.00,-0.07
16133,-1.36,-0.02,-0.16,0.03,-0.11,-0.07
16134,-1.57,-0.33,-0.26,0.03,-0.00,-0.07
16135,-1.16,-0.23,-0.16,0.13,-0.11,-0.07
16136,-1.05,-0.13,-0.16,0.03,-0.00,-0.07
16137,-1.36,0.08,-0.36,0.03,-0.11,-0.07
16138,-1.57,-0.13,-0.57,0.03,-0.00,0.04
16139,-1.36,-0.23,-0.05,0.13,-0.00,-0.07
16140,-1.05,-0.23,-0.05,0.13,-0.00,-0.07
16141,-1.26,-0.02,0.16,0.03,-0.00,0.04
16142,-1.47,0.19,-0.36,0.03,-0.11,-0.07
16143,-1.47,-0.02,-0.47,0.13,0.10,0.04
16144,-1.05,-0.13,0.16,0.03,-0.00,0.04
16145,-1.05,0.08,0.26,0.03,-0.00,-0.17
16146,-1.16,0.08,0.26,-0.08,-0.00,-0.07
16147,-1.47,-0.02,-0.16,0.13,-0.00,-0.07
16148,-1.36,0.08,-0.26,0.03,-0.11,0.04
16149,-1.05,0.08,0.05,0.03,-0.00,-0.07
16150,-1.05,-0.13,0.16,-0.08,-0.00,-0.28
16151,-1.26,0.08,0.05,-0.08,-0.11,0.04
16152,-1.26,0.08,-0.26,0.03,-0.11,0.04
16153,-1.47,-0.13,-0.47,0.03,-0.11,-0.07
16154,-1.16,-0.13,0.05,-0.08,-0.00,-0.07
16155,-1.16,0.08,0.05,0.03,-0.11,-0.07
16156,-1.36,-0.02,-0.16,0.03,-0.00,-0.07
16157,-1.47,-0.13,-0.26,-0.08,-0.00,0.04
16158,-1.26,-0.33,-0.26,0.03,-0.11,0.04
16159,-1.16,0.08,-0.05,0.03,-0.11,0.04
16160,-1.36,0.19,-0.26,0.03,-0.00,-0.07
16161,-1.47,-0.02,-0.36,0.03,-0.11,-0.07
16162,-1.26,-0.23,0.05,0.03,-0.11,0.04
16163,-0.95,-0.33,-0.36,-0.08,-0.21,0.04
16164,-1.26,0.08,-0.05,0.03,-0.11,-0.07
16165,-1.47,-0.02,-0.47,0.03,-0.00,-0.07
16166,-1.57,-0.02,-0.26,0.13,-0.11,-0.07
16167,-1.16,-0.13,-0.05,0.03,-0.11,0.04
16168,-1.05,-0.02,0.16,-0.08,-0.11,-0.07
16169,-1.36,0.08,-0.16,0.13,0.10,-0.07
16170,-1.36,0.19,-0.26,-0.08,-0.00,-0.07
16171,-1.36,-0.13,-0.05,0.03,-0.00,-0.17
16172,-1.05,0.29,-0.05,0.13,0.10,0.04
16173,-1.16,-0.02,0.47,-0.08,-0.11,-0.17
16174,-1.26,-0.02,-0.05,0.13,-0.00,-0.07
16175,-1.36,0.08,0.16,-0.08,-0.21,-0.17
16176,-1.16,-0.02,-0.36,0.03,-0.11,0.04
16177,-1.36,-0.13,-0.05,0.13,-0.11,0.04
16178,-1.16,0.08,0.16,0.03,-0.00,0.04
16179,-1.26,-0.02,-0.05,0.03,-0.00,0.04
16180,-1.26,-0.23,-0.16,0.03,-0.00,-0.07
16181,-1.36,-0.33,0.05,0.03,-0.00,0.04
16182,-1.26,-0.02,-0.26,0.03,-0.11,0.04
16183,-1.47,0.19,-0.16,0.13,-0.00,0.04
16184,-1.57,-0.33,-0.68,0.03,-0.11,-0.07
16185,-1.26,-0.23,-0.16,0.03,-0.00,0.04
16186,-1.16,-0.23,-0.05,0.03,-0.11,0.04
16187,-1.16,0.19,-0.36,0.03,-0.11,0.04
16188,-1.47,0.08,-0.47,0.03,-0.00,0.04
16189,-1.36,-0.02,-0.26,0.03,-0.11,0.04
16190,-1.16,-0.33,0.05,0.03,-0.11,-0.07
16191,-1.05,-0.02,0.16,0.03,0.10,0.04
16192,-1.36,-0.13,-0.26,0.03,-0.00,0.04
16193,-1.36,0.29,-0.05,0.13,0.10,0.14
16194,-1.26,-0.02,-0.16,-0.08,-0.11,0.04
16195,-1.16,-0.02,0.05,0.03,-0.00,0.04
16196,-1.05,-0.02,0.26,0.03,-0.00,-0.07
16197,-1.36,-0.13,-0.16,0.03,-0.11,-0.07
16198,-1.36,0.08,0.05,0.03,-0.11,-0.07
16199,-1.16,0.08,-0.05,0.03,-0.11,0.04
16200,-1.05,-0.02,-0.05,-0.08,-0.21,-0.07
16201,-1.26,-0.02,0.16,0.03,0.10,0.04
16202,-1.36,-0.13,0.05,-0.08,-0.11,0.04
16203,-1.26,-0.13,-0.36,0.13,-0.00,0.04
16204,-1.16,-0.23,-0.05,0.03,-0.11,-0.17
16205,-1.16,0.08,-0.16,0.03,-0.21,0.04
16206,-1.36,-0.02,-0.26,0.03,-0.11,0.14
16207,-1.57,-0.33,-0.36,0.03,-0.11,-0.17
16208,-1.36,-0.13,-0.36,0.03,-0.00,-0.07
16209,-1.05,-0.23,0.05,0.03,-0.11,-0.07
16210,-1.16,-0.02,-0.16,0.03,-0.11,0.04
16211,-1.57,0.08,-0.57,-0.08,-0.11,-0.07
16212,-1.36,-0.02,-0.26,0.03,-0.00,0.04
16213,-1.36,-0.23,-0.26,-0.08,0.10,0.04
16214,-1.05,-0.02,0.36,0.03,0.10,0.04
16215,-1.36,0.08,-0.05,0.03,-0.11,0.04
16216,-1.47,0.08,-0.36,0.13,-0.00,0.14
16217,-1.36,0.08,-0.05,-0.08,-0.11,-0.07
16218,-1.16,-0.13,-0.16,-0.08,-0.11,-0.07
16219,-1.05,0.08,0.26,0.03,-0.00,0.04
16220,-1.16,0.08,0.05,-0.08,-0.11,-0.07
16221,-1.36,0.08,-0.16,0.13,-0.00,-0.07
16222,-1.36,0.19,-0.05,0.03,-0.11,0.04
16223,-1.05,-0.02,0.05,0.03,-0.11,0.04
16224,-1.26,-0.23,-0.16,-0.08,-0.11,0.04
16225,-1.26,0.08,0.16,-0.08,-0.11,-0.07
16226,-1.36,-0.02,-0.26,-0.08,-0.21,-0.17
16227,-1.16,-0.02,0.05,0.13,-0.21,0.04
16228,-1.16,-0.23,-0.16,0.03,-0.11,0.04
16229,-1.36,0.08,-0.05,0.03,-0.11,-0.07
16230,-1.57,-0.13,-0.16,0.03,-0.21,0.04
16231,-1.26,-0.13,-0.47,-0.08,-0.11,-0.07
16232,-1.16,-0.33,-0.16,0.13,0.10,0.04
16233,-1.16,0.08,-0.05,0.03,-0.00,-0.07
16234,-1.36,0.08,-0.36,0.03,-0.00,-0.07
16235,-1.57,-0.02,-0.47,0.03,-0.00,0.04
16236,-1.26,-0.23,-0.16,0.03,-0.11,-0.07
16237,-1.16,-0.23,0.05,-0.08,-0.11,0.04
16238,-1.16,0.08,-0.05,0.03,-0.11,0.04
16239,-1.57,-0.02,-0.47,0.03,-0.00,0.04
16240,-1.36,-0.02,-0.36,0.03,-0.00,-0.07
16241,-1.36,0.08,0.16,0.03,-0.11,0.04
16242,-1.16,-0.13,0.16,-0.08,-0.11,-0.07
16243,-1.05,0.08,0.36,0.03,-0.11,0.14
16244,-1.36,-0.02,-0.05,-0.08,-0.00,-0.07
16245,-1.36,0.19,-0.26,0.03,-0.00,-0.07
16246,-1.16,0.08,0.05,0.13,-0.00,0.14
16247,-1.05,0.08,-0.05,0.03,-0.00,0.04
16248,-1.05,-0.13,0.26,0.13,-0.00,0.04
16249,-1.26,0.19,0.16,0.03,-0.11,0.04
16250,-1.26,-0.13,-0.26,0.03,-0.00,0.04
16251,-1.16,-0.02,-0.16,0.03,-0.00,-0.07
16252,-1.26,-0.23,-0.16,0.03,-0.00,0.04
16253,-1.26,0.19,-0.05,-0.08,-0.21,-0.07
16254,-1.36,-0.13,-0.16,0.13,0.10,0.04
16255,-1.26,-0.23,-0.47,0.13,-0.11,0.04
16256,-1.16,-0.23,0.16,0.13,-0.00,0.14
16257,-1.26,-0.02,-0.26,0.03,-0.11,0.04
16258,-1.68,-0.13,-0.47,0.03,-0.00,-0.07
16259,-1.26,-0.13,-0.36,-0.08,-0.00,-0.07
16260,-1.26,-0.33,-0.05,-0.08,-0.00,0.04
16261,-1.16,-0.13,0.16,0.03,0.10,-0.07
16262,-1.36,0.08,-0.16,0.03,-0.11,-0.07
16263,-1.36,0.08,-0.36,0.03,0.10,-0.07
16264,-1.26,-0.02,-0.16,0.13,-0.11,-0.07
16265,-1.16,-0.13,0.05,0.03,-0.11,0.04
16266,-1.26,-0.13,0.16,0.03,-0.00,0.04
16267,-1.36,0.08,-0.05,0.13,0.10,0.04
16268,-1.26,0.19,-0.16,0.03,-0.00,0.04
16269,-1.36,-0.02,-0.05,0.03,-0.00,0.04
16270,-1.16,0.29,0.05,0.03,-0.11,0.04
16271,-1.05,-0.23,-0.05,0.13,-0.11,0.04
16272,-1.16,0.29,0.26,0.03,-0.11,-0.07
16273,-1.47,0.08,-0.16,-0.08,-0.00,0.04
16274,-1.05,-0.13,-0.16,-0.08,-0.11,-0.07
16275,-1.26,-0.13,-0.05,0.03,-0.11,-0.07
16276,-1.26,0.19,-0.05,0.03,-0.11,-0.07
16277,-1.36,-0.13,-0.16,0.03,-0.11,0.14
16278,-1.36,-0.13,-0.36,-0.08,-0.11,-0.07
16279,-1.16,-0.33,-0.26,0.03,-0.00,0.04
16280,-1.16,0.19,-0.05,-0.08,-0.11,0.04
16281,-1.36,-0.02,-0.36,0.13,-0.00,0.04
16282,-1.57,-0.23,-0.26,0.03,-0.00,-0.07
16283,-1.26,-0.02,-0.16,0.03,-0.00,-0.07
16284,-1.16,-0.44,-0.16,0.03,-0.00,0.04
16285,-1.16,-0.13,0.05,0.03,-0.11,-0.07
16286,-1.47,0.29,-0.47,0.03,-0.11,0.04
16287,-1.36,-0.02,-0.26,0.03,-0.11,-0.07
16288,-1.26,0.08,-0.05,0.03,-0.11,0.04
16289,-1.16,-0.23,0.26,0.13,-0.11,-0.07
16290,-1.16,0.19,0.16,0.03,-0.00,0.04
16291,-1.26,-0.02,-0.26,0.03,-0.11,-0.17
16292,-1.26,0.08,-0.16,0.03,-0.00,-0.07
16293,-1.26,0.19,0.16,-0.08,-0.00,-0.17
16294,-1.16,-0.02,-0.16,-0.08,-0.00,-0.07
16295,-1.05,-0.02,0.16,0.03,-0.11,-0.17
16296,-1.36,0.08,0.16,0.03,-0.11,-0.07
16297,-1.26,0.08,-0.05,0.03,-0.11,0.04
16298,-1.36,-0.13,-0.16,-0.08,-0.11,-0.07
16299,-1.26,-0.02,-0.05,-0.08,-0.11,-0.07
16300,-1.26,0.08,-0.05,0.03,-0.11,-0.07
16301,-1.36,-0.13,-0.26,-0.08,-0.00,-0.17
16302,-1.36,-0.13,-0.36,0.03,-0.11,0.04
16303,-1.16,-0.23,0.05,-0.08,-0.11,-0.07
16304,-1.16,0.19,-0.26,0.03,-0.11,-0.07
16305,-1.47,-0.13,-0.36,0.03,-0.00,-0.07
16306,-1.36,-0.13,-0.47,0.03,-0.00,-0.07
16307,-1.26,-0.13,-0.36,0.03,-0.00,0.04
16308,-1.05,-0.23,0.16,0.03,-0.11,0.14
16309,-1.36,-0.02,-0.16,-0.08,-0.00,0.04
16310,-1.57,0.08,-0.68,0.03,-0.00,-0.07
16311,-1.36,-0.02,-0.05,0.03,-0.11,-0.07
16312,-1.16,-0.13,-0.16,0.03,-0.00,0.04
16313,-1.05,-0.23,0.16,0.03,-0.00,0.04
16314,-1.26,0.19,0.05,-0.18,-0.11,-0.07
16315,-1.36,0.19,-0.26,0.13,-0.11,-0.07
16316,-1.36,-0.02,0.05,0.03,-0.11,0.04
16317,-1.16,0.08,0.16,0.13,-0.11,0.04
16318,-1.16,-0.13,0.05,-0.08,-0.11,-0.17
16319,-1.16,-0.02,0.05,0.13,-0.00,0.04
16320,-1.36,0.08,0.05,0.03,-0.21,-0.07
16321,-1.26,-0.02,-0.05,-0.08,-0.21,-0.17
16322,-1.16,-0.13,-0.16,0.03,-0.11,-0.07
16323,-1.26,-0.02,0.16,0.03,-0.11,0.04
16324,-1.26,-0.02,-0.05,0.13,0.10,0.04
16325,-1.26,-0.02,-0.26,-0.08,-0.00,0.04
16326,-1.26,-0.23,-0.16,0.03,-0.11,-0.17
16327,-1.16,-0.23,-0.16,-0.08,-0.11,0.04
16328,-1.16,0.19,-0.16,-0.08,-0.11,0.04
16329,-1.36,-0.13,-0.26,0.03,-0.11,0.04
16330,-1.47,-0.23,-0.68,-0.08,-0.11,-0.07
16331,-1.16,-0.23,0.05,-0.08,-0.11,-0.07
16332,-1.26,-0.13,-0.16,0.03,-0.11,-0.07
16333,-1.26,0.08,-0.26,-0.08,-0.00,-0.07
16334,-1.47,-0.02,-0.47,0.03,-0.00,-0.07
16335,-1.36,0.08,-0.36,0.13,-0.11,0.04
16336,-1.16,-0.13,0.05,-0.08,-0.00,-0.07
16337,-1.16,-0.13,0.26,0.13,0.10,0.04
16338,-1.16,0.08,-0.16,0.03,-0.00,-0.17
16339,-1.16,0.19,-0.16,0.03,-0.21,-0.07
16340,-1.47,0.19,-0.05,0.13,-0.00,0.04
16341,-1.16,-0.02,-0.16,0.03,-0.00,0.04
16342,-1.05,-0.13,0.26,0.03,-0.11,-0.07
16343,-1.16,0.08,0.05,0.03,-0.00,0.04
16344,-1.26,-0.02,0.16,0.03,-0.00,0.14
16345,-1.26,-0.02,-0.16,0.03,-0.11,0.04
16346,-1.16,-0.02,-0.26,0.03,-0.21,-0.07
16347,-1.26,-0.13,0.26,0.03,-0.11,-0.07
16348,-1.26,-0.02,-0.05,0.13,-0.11,0.04
16349,-1.36,-0.13,-0.26,0.03,-0.11,0.04
16515,-1.36,0.08,-0.16,0.13,-0.11,0.04
16516,-1.26,-0.02,-0.26,0.03,-0.11,-0.07
16517,-1.16,-0.33,0.05,0.13,-0.11,-0.07
16518,-1.16,-0.13,-0.05,-0.08,-0.00,0.04
16519,-1.47,-0.02,-0.16,-0.08,-0.11,0.04
16520,-1.47,-0.13,-0.36,-0.08,-0.11,-0.07
16521,-1.36,-0.13,-0.47,0.13,-0.00,-0.07
16522,-1.26,-0.23,0.26,0.03,-0.00,-0.07
16523,-1.16,-0.13,-0.16,0.03,-0.11,0.04
16524,-1.36,0.08,-0.36,0.03,-0.11,-0.07
16525,-1.47,0.08,-0.57,0.03,-0.00,0.04
16526,-1.26,0.08,-0.26,0.03,-0.00,-0.07
16527,-0.95,-0.13,0.16,-0.08,-0.00,-0.07
16528,-1.16,0.08,0.16,0.03,-0.00,0.14
16529,-1.36,0.19,-0.16,0.03,-0.00,0.04
16530,-1.26,0.08,-0.26,0.03,-0.00,0.04
16531,-1.26,0.19,-0.05,0.13,-0.11,-0.07
16532,-0.95,-0.02,0.16,0.13,-0.11,-0.07
16533,-1.16,0.19,0.26,0.03,-0.11,0.04
16534,-1.36,-0.13,-0.16,0.13,-0.11,-0.07
16535,-1.26,0.08,0.05,0.03,-0.11,-0.07
16536,-1.26,-0.02,-0.05,0.03,-0.11,0.04
16537,-1.16,-0.02,-0.05,-0.08,-0.21,0.04
16538,-1.26,-0.13,0.05,0.03,-0.00,-0.07
16539,-1.36,-0.02,-0.26,0.03,-0.11,-0.07
16540,-1.26,-0.02,-0.26,0.13,-0.11,0.04
16541,-1.36,-0.13,-0.26,0.03,-0.11,0.04
16542,-1.26,-0.23,-0.05,0.03,-0.11,-0.07
16543,-1.26,-0.13,0.05,0.03,-0.00,-0.07
16544,-1.47,0.08,-0.57,0.03,-0.21,-0.07
16545,-1.47,-0.13,-0.68,0.03,-0.11,0.04
16546,-1.26,-0.13,-0.36,0.03,-0.00,0.04
16547,-1.16,-0.33,0.05,-0.18,-0.00,-0.07
16548,-1.05,0.08,0.16,0.03,-0.00,0.14
16549,-1.47,-0.13,-0.47,0.03,-0.11,0.04
16550,-1.36,0.08,-0.47,0.03,-0.11,0.04
16551,-1.26,-0.02,-0.26,0.13,-0.11,-0.07
16552,-0.95,-0.02,0.05,0.03,0.10,-0.17
16553,-1.05,0.19,0.26,-0.08,-0.00,-0.07
16554,-1.36,-0.02,-0.16,-0.08,-0.00,0.04
16555,-1.36,0.19,0.05,-0.08,0.10,-0.07
16556,-1.16,0.19,0.16,0.03,-0.11,-0.07
16557,-0.95,0.08,0.16,0.03,-0.00,0.14
16558,-1.26,0.19,0.05,0.03,-0.11,0.04
16559,-1.26,-0.13,-0.05,0.13,-0.11,0.04
16560,-1.26,0.08,-0.05,0.03,-0.11,-0.07
16561,-1.05,-0.02,-0.05,0.03,-0.11,0.04
16562,-1.05,-0.02,0.05,0.03,-0.11,-0.07
16563,-1.26,-0.23,0.05,0.13,-0.00,0.04
16564,-1.47,-0.13,-0.26,0.03,-0.11,0.04
16565,-1.36,-0.02,-0.26,-0.08,-0.21,-0.17
16566,-1.36,-0.13,-0.26,0.03,-0.11,-0.07
16567,-1.16,-0.23,-0.26,0.03,-0.21,-0.07
16568,-0.95,-0.13,0.05,-0.08,-0.11,-0.07
16569,-1.36,0.19,-0.16,-0.08,-0.00,0.04
16570,-1.57,-0.02,-0.68,-0.08,-0.11,-0.07
16571,-1.36,0.08,-0.47,-0.08,-0.21,-0.07
16572,-1.05,-0.44,-0.16,-0.08,-0.00,-0.07
16573,-1.05,-0.02,0.26,0.03,0.10,-0.07
16574,-1.36,0.08,-0.16,0.03,-0.21,-0.07
16575,-1.57,0.08,-0.47,0.03,-0.00,0.04
16576,-1.16,0.08,-0.16,0.03,-0.11,-0.07
16577,-1.05,0.08,0.16,0.03,-0.11,0.04
16578,-1.05,-0.02,0.26,-0.08,-0.00,0.04
16579,-1.26,0.08,0.05,0.03,-0.00,0.04
16580,-1.26,0.08,-0.16,0.03,-0.11,0.04
16581,-1.36,-0.02,0.16,0.13,-0.00,0.04
16582,-1.16,-0.02,0.05,-0.08,-0.11,-0.07
16583,-1.16,-0.13,0.05,0.13,-0.00,0.04
16584,-1.36,-0.02,-0.05,0.03,-0.11,-0.07
16585,-1.26,-0.02,-0.16,0.03,-0.11,0.04
16586,-1.26,-0.02,-0.16,0.13,-0.11,-0.07
16587,-1.16,-0.23,-0.05,0.13,-0.21,0.04
16588,-1.16,-0.02,0.05,0.13,-0.21,0.04
16589,-1.36,-0.02,-0.26,0.13,0.10,0.04
16590,-1.47,-0.02,-0.36,0.03,-0.00,-0.07
16591,-1.47,-0.13,-0.57,0.03,-0.00,-0.07
16592,-1.26,-0.13,-0.05,0.13,-0.21,0.04
16593,-1.16,-0.23,-0.05,0.13,-0.21,-0.07
16594,-1.26,0.08,-0.05,0.03,-0.11,0.04
16595,-1.68,-0.02,-0.78,0.03,-0.00,-0.07
16596,-1.36,-0.02,-0.36,-0.08,-0.11,-0.07
16597,-1.05,-0.13,-0.05,0.13,-0.00,-0.07
16598,-1.05,-0.13,0.16,0.03,-0.00,0.14
16599,-1.36,-0.02,0.05,0.03,-0.00,-0.07
16600,-1.47,0.08,-0.36,0.03,-0.00,0.04
16601,-1.26,0.08,-0.26,0.03,-0.00,-0.07
16602,-1.16,-0.02,0.26,-0.08,-0.11,0.04
16603,-1.16,0.19,0.26,0.03,-0.11,0.04
16604,-1.26,-0.02,0.05,0.03,0.10,0.04
16605,-1.26,-0.02,-0.16,-0.08,-0.11,0.04
16606,-1.26,0.29,0.16,0.13,-0.00,0.04
16607,-1.16,0.08,0.05,0.03,-0.11,-0.07
16608,-1.16,-0.02,0.05,0.03,-0.11,-0.07
16609,-1.36,-0.13,0.05,0.03,-0.00,0.14
16610,-1.26,0.08,-0.36,0.13,-0.11,-0.07
16611,-1.26,-0.13,-0.26,0.03,-0.00,0.04
16612,-1.16,-0.23,-0.26,-0.08,-0.21,-0.07
16613,-1.16,-0.23,-0.05,0.03,-0.21,0.04
16614,-1.36,0.19,-0.05,0.03,-0.00,0.04
16615,-1.57,-0.13,-0.47,0.03,-0.11,0.04
16616,-1.57,-0.02,-0.57,0.13,-0.11,0.04
16617,-1.26,-0.23,-0.26,-0.08,-0.11,-0.07
16618,-1.05,-0.33,0.05,0.03,-0.00,0.04
16619,-1.16,-0.02,-0.05,-0.08,-0.00,0.04
16620,-1.36,-0.02,-0.36,-0.18,-0.11,-0.07
16621,-1.57,0.19,-0.47,-0.08,-0.11,-0.07
16622,-1.05,0.08,-0.05,0.03,-0.00,-0.17
16623,-1.05,-0.02,0.36,0.03,-0.00,-0.07
16624,-1.26,-0.02,0.16,0.03,-0.11,-0.07
16625,-1.36,0.08,-0.16,0.03,0.10,0.04
16626,-1.26,0.08,-0.16,0.03,-0.11,0.04
16627,-1.16,0.19,0.16,0.03,-0.11,0.04
16628,-1.16,0.08,0.16,-0.08,-0.11,0.04
16629,-1.26,-0.02,0.16,0.13,-0.00,-0.07
16630,-1.26,-0.02,-0.05,0.03,-0.11,-0.07
16631,-1.26,0.08,-0.05,0.03,-0.11,0.14
16632,-1.16,0.08,0.05,0.03,-0.11,-0.07
16633,-1.26,-0.13,-0.05,0.03,-0.21,-0.07
16634,-1.26,-0.13,-0.26,0.03,-0.11,-0.07
16635,-1.47,-0.02,-0.05,0.03,-0.11,0.04
16636,-1.36,-0.02,-0.36,0.03,-0.00,0.04
16637,-1.36,-0.23,-0.26,0.03,-0.11,0.04
16638,-1.16,-0.33,-0.16,-0.08,-0.11,0.04
16639,-1.16,-0.23,-0.05,0.03,-0.11,0.04
16640,-1.57,-0.02,-0.26,0.03,-0.00,0.04
16641,-1.47,-0.02,-0.78,0.03,-0.11,-0.07
16642,-1.36,-0.13,-0.26,0.03,-0.11,-0.07
16643,-1.05,-0.13,-0.26,0.03,-0.11,0.14
16644,-1.05,0.08,0.36,0.03,-0.11,-0.17
16645,-1.36,0.08,-0.26,0.03,-0.11,0.14
16646,-1.47,-0.13,-0.57,0.13,-0.00,-0.07
16647,-1.26,0.29,-0.16,0.13,-0.11,0.04
16648,-1.16,-0.02,0.36,0.03,-0.00,-0.07
16649,-1.16,-0.02,0.16,0.03,-0.00,-0.07
16650,-1.26,-0.02,-0.05,0.03,-0.00,0.14
16651,-1.26,0.08,-0.16,0.13,-0.11,-0.07
16652,-1.05,0.08,0.16,0.13,-0.00,-0.07
16653,-1.05,0.08,0.26,0.03,-0.11,-0.07
16654,-1.16,-0.13,0.05,0.03,-0.00,0.04
16655,-1.36,-0.02,0.16,0.03,-0.00,-0.07
16656,-1.26,0.08,-0.16,-0.08,-0.11,-0.07
16657,-1.36,-0.02,-0.26,0.13,-0.00,-0.07
16658,-1.05,-0.13,-0.16,0.03,-0.11,-0.07
16659,-1.26,-0.13,-0.05,0.03,-0.11,0.04
16660,-1.26,0.08,-0.05,0.03,-0.21,-0.07
16661,-1.57,-0.02,-0.57,0.03,-0.11,0.04
16662,-1.36,-0.13,-0.47,0.03,-0.11,-0.07
16663,-1.26,-0.23,-0.36,0.03,-0.00,-0.07
16664,-1.26,-0.23,-0.05,0.03,-0.00,0.04
16665,-1.26,-0.23,-0.36,0.03,-0.00,0.04
16666,-1.47,-0.02,-0.16,-0.08,-0.11,-0.07
16667,-1.47,0.08,-0.78,0.13,-0.21,0.04
16668,-1.16,-0.23,-0.05,0.03,0.10,0.04
16669,-1.05,-0.02,0.16,-0.18,-0.00,-0.07
16670,-1.16,-0.02,0.26,0.03,-0.11,-0.07
16671,-1.26,0.19,-0.16,0.03,-0.11,0.04
16672,-1.26,0.08,-0.16,-0.08,-0.00,-0.07
16673,-1.16,0.19,0.36,0.03,-0.00,-0.07
16674,-1.16,-0.02,0.05,0.03,-0.11,0.04
16675,-1.16,0.19,0.26,-0.08,-0.00,0.04
16676,-1.26,-0.13,-0.16,0.03,-0.00,0.04
16677,-1.26,0.08,0.16,0.03,-0.00,0.04
16678,-1.26,0.19,0.16,-0.08,-0.11,-0.07
16679,-1.16,-0.33,-0.05,0.03,-0.11,0.04
16680,-1.16,0.08,0.05,0.03,-0.00,0.04
16681,-1.26,-0.02,0.05,0.03,-0.11,0.04
16682,-1.36,-0.02,-0.36,-0.08,-0.11,-0.07
16683,-1.26,-0.23,-0.26,0.03,-0.00,-0.07
16684,-1.16,-0.44,-0.16,0.13,-0.00,0.14
16685,-1.16,-0.13,-0.05,0.03,-0.00,-0.07
16686,-1.26,0.08,-0.26,0.03,-0.11,0.04
16687,-1.68,-0.23,-0.68,0.03,-0.11,0.04
16688,-1.36,-0.02,-0.36,0.03,-0.00,0.04
16689,-1.05,-0.33,-0.26,-0.08,-0.11,-0.07
16690,-1.16,-0.23,0.16,0.03,-0.11,0.14
16691,-1.26,-0.02,-0.16,0.03,-0.00,0.04
16692,-1.57,0.19,-0.36,-0.08,-0.00,-0.07
16693,-1.36,0.08,-0.36,0.03,0.10,0.04
16694,-1.16,0.08,0.05,0.03,-0.11,-0.07
16695,-1.16,0.19,0.36,-0.08,-0.00,0.04
16696,-1.16,-0.13,0.05,0.03,-0.11,0.04
16697,-1.36,0.08,-0.16,0.03,-0.00,0.04
16698,-1.16,-0.02,0.05,0.13,-0.00,-0.07
16699,-1.26,-0.02,0.26,0.03,-0.11,-0.07
16700,-1.05,-0.02,0.05,0.03,-0.11,0.04
16701,-1.16,-0.13,0.16,-0.08,-0.11,0.04
16702,-1.26,0.19,-0.16,0.03,-0.00,-0.07
16703,-1.36,-0.13,-0.16,0.13,-0.11,-0.07
16704,-1.16,-0.13,0.05,0.13,-0.11,0.04
16705,-1.05,-0.02,-0.05,0.03,-0.21,-0.07
16706,-1.26,-0.23,-0.05,0.03,-0.11,0.04
16707,-1.47,-0.23,-0.36,0.03,-0.00,-0.07
16708,-1.57,0.08,-0.36,-0.08,-0.00,-0.07
16709,-1.26,-0.23,-0.57,0.03,-0.11,0.04
16710,-1.26,-0.33,-0.16,0.13,-0.00,0.04
16711,-1.16,-0.13,-0.05,0.03,-0.00,0.04
16712,-1.36,-0.23,-0.47,-0.08,-0.21,-0.07
16713,-1.57,0.19,-0.57,-0.08,-0.11,-0.07
16714,-1.16,0.08,-0.47,-0.08,-0.00,-0.07
16715,-0.95,-0.02,0.16,0.03,-0.00,-0.17
16716,-1.16,-0.13,0.16,0.03,-0.11,0.14
16717,-1.36,-0.02,-0.26,-0.08,-0.00,-0.07
16718,-1.26,0.19,-0.36,-0.08,-0.11,-0.17
16719,-1.05,0.19,-0.05,-0.08,-0.00,0.04
16720,-1.26,-0.02,0.16,-0.08,-0.11,-0.07
16721,-1.16,0.08,0.36,0.03,-0.11,0.04
16722,-1.36,0.19,-0.16,0.03,-0.11,-0.07
16723,-1.26,-0.02,-0.05,0.03,-0.00,-0.07
16724,-1.16,0.19,0.16,-0.08,-0.00,-0.07
16725,-1.26,-0.02,0.05,0.03,0.10,-0.07
16726,-1.16,0.08,0.05,0.03,-0.11,-0.17
16727,-1.26,0.08,-0.16,-0.08,-0.31,-0.07
16728,-1.16,-0.02,-0.05,0.03,-0.21,0.04
16729,-1.36,-0.23,-0.26,0.13,-0.11,-0.17
16730,-1.26,-0.13,-0.16,0.03,-0.11,-0.17
16731,-1.16,-0.23,-0.16,0.13,-0.00,-0.07
16732,-1.26,-0.13,-0.16,0.03,-0.11,-0.07
16733,-1.26,-0.02,-0.47,0.03,-0.21,-0.07
16734,-1.57,-0.23,-0.47,0.03,-0.00,-0.17
16735,-1.26,-0.02,-0.47,-0.08,-0.11,0.04
16736,-1.05,-0.33,-0.05,0.03,-0.11,0.04
16737,-1.26,-0.13,0.05,-0.08,-0.11,-0.07
16738,-1.36,-0.02,-0.16,0.13,-0.00,0.04
16739,-1.57,-0.02,-0.36,-0.08,-0.00,0.04
16740,-1.26,0.19,-0.36,0.03,-0.11,-0.07
16741,-1.16,-0.13,0.16,0.03,-0.11,-0.07
16742,-1.16,0.08,0.16,0.03,-0.00,-0.07
16743,-1.26,0.08,0.05,0.03,-0.11,-0.07
16744,-1.26,0.19,-0.05,0.03,-0.11,-0.07
16745,-1.16,0.08,0.05,-0.08,-0.00,-0.07
16746,-1.26,-0.02,0.36,0.03,-0.11,-0.07
16747,-1.16,0.08,0.05,0.13,-0.00,0.04
16748,-1.36,-0.13,0.05,0.13,-0.00,0.04
16749,-1.26,-0.02,-0.05,0.03,-0.11,0.04
16750,-1.26,-0.23,-0.05,0.03,-0.11,0.14
16751,-1.26,-0.02,-0.05,0.03,-0.21,0.04
16752,-1.16,-0.13,-0.16,-0.08,-0.11,-0.17
16753,-1.36,-0.13,0.05,-0.08,-0.11,-0.07
16754,-1.47,-0.02,-0.26,0.23,0.10,0.04
16755,-1.47,0.08,-0.36,0.03,-0.11,-0.07
16756,-1.36,-0.33,-0.47,0.13,-0.00,-0.17
16757,-1.05,-0.23,-0.16,-0.18,-0.11,-0.17
16758,-1.47,-0.13,-0.16,0.03,-0.00,-0.07
16759,-1.26,-0.13,-0.47,0.13,-0.21,0.04
16760,-1.47,0.08,-0.36,0.13,-0.11,0.04
16761,-1.16,-0.02,-0.47,0.03,-0.00,0.04
16762,-1.16,-0.02,0.05,-0.08,-0.00,-0.07
16763,-1.26,-0.02,0.16,0.03,-0.00,-0.07
16764,-1.26,-0.13,-0.05,0.03,-0.11,0.04
16765,-1.36,0.08,-0.36,0.13,-0.00,-0.07
16766,-1.16,0.08,-0.05,0.03,0.10,-0.07
16767,-1.16,-0.02,0.26,0.13,0.10,-0.07
16768,-1.16,-0.02,-0.05,-0.08,-0.11,0.04
16769,-1.16,0.08,0.16,0.13,-0.11,0.04
16770,-1.16,-0.23,-0.16,0.03,-0.00,-0.07
16771,-1.16,0.19,0.36,0.03,-0.00,-0.07
16772,-1.36,-0.02,0.26,0.03,-0.00,0.04
16773,-1.05,-0.13,-0.05,0.13,-0.11,-0.07
16774,-1.26,-0.02,-0.05,0.03,-0.21,0.14
16775,-1.47,-0.13,-0.26,0.03,-0.00,0.04
16776,-1.36,0.08,-0.26,0.13,-0.11,-0.07
16777,-1.36,-0.13,-0.05,-0.08,-0.21,0.04
16778,-1.16,-0.13,-0.16,-0.08,-0.11,-0.07
16780,-1.26,-0.13,-0.16,-0.08,-0.11,-0.07
16780,-1.26,-0.13,-0.16,-0.18,-0.11,-0.17
16781,-1.36,-0.02,-0.47,-0.08,-0.21,-0.07
16782,-1.36,-0.02,-0.57,-0.08,-0.00,-0.07
16783,-1.16,-0.23,-0.26,-0.08,-0.00,0.04
16784,-1.05,-0.02,0.05,-0.08,-0.11,0.04
16785,-1.26,-0.13,-0.05,0.03,-0.00,0.14
16786,-1.36,0.08,-0.16,-0.08,-0.11,-0.17
16787,-1.36,0.19,-0.26,0.03,0.10,0.04
16788,-1.26,-0.02,-0.36,0.03,-0.00,-0.07
16789,-1.05,0.19,0.16,-0.08,-0.21,-0.17
16790,-1.36,-0.02,0.05,0.03,0.10,0.04
16791,-1.36,0.19,-0.05,0.03,-0.00,0.04
16792,-1.26,-0.13,0.05,0.13,0.10,0.04
16793,-1.26,0.08,0.26,-0.08,-0.21,-0.07
16794,-1.26,0.08,-0.05,0.03,-0.00,-0.07
16795,-1.16,-0.02,0.05,0.13,-0.21,-0.07
16796,-1.26,0.08,-0.16,0.03,-0.11,-0.07
16797,-1.36,-0.02,-0.05,0.03,-0.11,-0.07
16798,-1.36,-0.02,-0.05,0.13,-0.11,0.04
16799,-0.95,-0.13,-0.05,0.03,-0.21,-0.07
16800,-1.26,-0.33,-0.05,-0.08,-0.21,-0.07
16801,-1.47,-0.13,-0.26,0.03,-0.11,-0.07
16802,-1.47,-0.13,-0.36,0.03,-0.11,0.04
16803,-1.26,-0.23,-0.47,0.03,-0.11,0.04
16804,-1.26,-0.13,-0.16,0.03,-0.21,-0.07
16805,-1.26,-0.13,0.05,-0.08,-0.21,-0.17
16806,-1.36,-0.13,-0.26,0.03,-0.00,0.04
16807,-1.36,-0.02,-0.47,0.13,-0.00,0.04
16808,-1.36,0.08,-0.57,0.13,-0.00,0.04
16809,-1.26,-0.02,-0.05,0.03,-0.11,0.04
16810,-1.05,-0.02,0.16,0.03,-0.21,-0.07
16811,-1.26,-0.13,-0.16,0.03,-0.00,0.14
16955,-1.05,0.29,0.26,0.03,-0.00,0.04
16956,-1.16,0.19,0.16,0.03,-0.00,-0.07
16957,-1.16,0.08,0.05,0.03,-0.11,-0.07
16958,-1.16,-0.13,0.16,-0.08,-0.11,0.04
16960,-1.26,0.08,0.26,-0.08,-0.21,-0.07
16960,-1.05,0.08,0.05,0.03,-0.11,0.04
16961,-1.26,-0.13,0.05,0.13,-0.11,-0.07
16962,-1.26,-0.13,-0.05,0.13,-0.00,0.14
16963,-1.36,-0.23,-0.26,0.13,-0.11,-0.07
16964,-1.47,-0.02,-0.36,0.13,-0.11,0.04
16965,-1.36,-0.13,-0.26,0.03,-0.11,0.04
16966,-1.26,-0.13,-0.47,-0.08,-0.11,0.04
16967,-1.26,-0.23,-0.05,0.03,-0.11,0.04
16968,-1.36,-0.23,-0.16,-0.08,-0.21,-0.07
16969,-1.36,-0.02,-0.36,0.03,-0.11,0.04
16970,-1.36,0.08,-0.57,0.03,-0.11,0.04
16971,-1.26,-0.13,-0.36,0.03,-0.00,0.04
16972,-1.05,0.08,0.05,0.03,-0.11,0.14
16973,-1.26,-0.02,0.16,-0.08,-0.00,0.04
16974,-1.36,-0.02,-0.16,0.03,-0.00,0.04
16975,-1.26,0.29,-0.16,-0.08,-0.11,-0.07
16976,-1.16,0.08,-0.16,0.13,0.10,0.14
16977,-1.16,-0.02,0.16,0.03,-0.11,-0.17
16978,-1.16,0.08,0.26,0.03,-0.00,0.04
16979,-1.26,-0.02,0.05,0.03,-0.11,-0.07
16980,-1.16,0.08,0.05,0.13,0.10,0.14
16981,-1.05,-0.02,0.36,-0.08,-0.21,-0.17
16982,-1.16,-0.02,0.16,0.03,-0.00,-0.07
16983,-1.26,-0.02,-0.16,0.23,-0.00,0.04
16984,-1.16,-0.02,-0.05,0.03,0.10,0.04
16985,-1.36,-0.23,-0.16,-0.08,-0.21,-0.07
16986,-1.47,0.19,-0.05,0.03,-0.21,-0.07
16987,-1.47,-0.23,-0.36,0.03,-0.00,0.04
16988,-1.36,-0.13,-0.16,0.03,-0.21,0.04
16989,-1.26,-0.23,-0.26,-0.18,-0.11,-0.07
16990,-1.36,-0.23,-0.26,0.03,-0.00,-0.07
16991,-1.36,0.08,-0.26,-0.08,-0.11,-0.07
16992,-1.47,-0.13,-0.68,-0.08,-0.11,-0.07
16993,-1.26,-0.13,-0.36,-0.08,-0.11,-0.17
16994,-1.16,-0.23,-0.26,0.13,-0.00,-0.07
16995,-1.26,-0.13,0.26,-0.18,-0.11,-0.07
16996,-1.26,0.19,-0.26,-0.08,-0.11,-0.07
16997,-1.26,-0.02,-0.57,0.03,-0.11,-0.07
16998,-1.16,0.19,-0.05,-0.08,-0.11,-0.07
16999,-1.05,0.19,0.05,-0.18,-0.11,-0.07
17000,-1.16,0.08,0.47,-0.08,-0.11,0.04
17001,-1.16,0.19,0.16,-0.08,-0.00,-0.07
17002,-1.26,0.19,-0.05,-0.08,-0.11,-0.07
17003,-1.05,-0.02,0.26,0.03,0.10,-0.07
17004,-1.16,0.08,0.26,-0.08,-0.00,0.04
17005,-1.16,-0.02,0.16,0.13,-0.00,0.04
17006,-1.16,0.08,-0.05,-0.08,-0.00,-0.07
17007,-1.26,-0.23,-0.05,0.03,-0.00,-0.07
17008,-1.26,-0.02,0.16,0.03,-0.11,-0.07
17009,-1.16,-0.02,-0.05,-0.18,-0.31,-0.17
17010,-1.36,-0.23,-0.26,0.13,-0.11,-0.07
17011,-1.47,-0.33,-0.36,0.03,-0.00,0.04
17012,-1.26,-0.13,-0.16,0.03,-0.00,0.04
17013,-1.36,-0.13,-0.36,0.03,-0.00,0.04
17014,-1.47,-0.23,-0.68,0.03,-0.11,-0.07
17015,-1.36,-0.02,-0.47,-0.08,-0.11,0.04
17016,-1.16,-0.33,-0.26,0.13,-0.00,0.04
17017,-1.05,-0.13,-0.16,0.03,-0.00,0.04
17018,-1.36,-0.02,-0.05,0.03,-0.11,-0.07
17019,-1.57,0.08,-0.47,0.13,-0.11,0.04
17020,-1.26,0.19,-0.26,0.03,-0.00,0.04
17021,-1.16,0.08,0.05,0.03,0.10,0.04
17022,-1.26,-0.02,0.05,0.03,0.10,0.14
17023,-1.16,0.08,0.16,-0.08,-0.00,0.04
17024,-1.26,0.19,0.05,-0.08,-0.00,0.04
17025,-1.16,0.08,0.05,0.03,-0.11,0.04
17026,-1.05,-0.02,0.47,0.13,-0.00,0.04
17027,-1.16,0.19,0.16,0.13,-0.11,0.04
17028,-1.26,-0.13,-0.05,0.03,-0.11,0.04
17029,-1.36,-0.02,0.05,0.13,-0.11,-0.07
17030,-1.26,-0.13,-0.05,0.13,-0.21,0.04
17031,-1.36,-0.13,0.05,0.13,-0.11,-0.07
17032,-1.36,-0.13,-0.16,0.03,-0.11,0.04
17033,-1.47,-0.23,-0.05,0.03,-0.11,-0.07
17034,-1.36,-0.13,-0.16,-0.08,-0.11,-0.07
17035,-1.36,-0.02,-0.47,0.03,-0.11,0.04
17036,-1.47,-0.33,-0.47,0.03,-0.11,-0.17
17037,-1.36,-0.23,-0.47,0.03,-0.21,0.04
17038,-1.26,-0.13,-0.36,0.03,-0.00,-0.07
17039,-1.36,-0.23,-0.05,0.03,-0.00,0.14
17040,-1.26,-0.02,-0.26,-0.18,-0.11,-0.07
17041,-1.47,-0.13,-0.57,-0.08,-0.00,0.04
17042,-1.26,0.19,-0.47,0.03,-0.00,-0.07
17043,-1.26,-0.23,-0.26,0.13,-0.00,0.04
17044,-1.05,0.08,0.26,0.13,-0.00,0.14
17045,-1.26,-0.13,0.26,0.03,-0.21,-0.17
17046,-1.26,0.08,0.16,0.03,-0.21,-0.07
17047,-1.36,0.29,-0.05,-0.08,-0.11,-0.07
17048,-1.05,-0.02,0.16,0.03,-0.21,-0.07
17049,-1.16,0.08,0.26,0.03,-0.00,-0.07
17050,-1.16,-0.02,0.05,0.13,0.21,0.04
17051,-1.26,-0.13,0.05,0.03,-0.00,0.04
17052,-1.16,0.08,0.05,0.13,-0.00,0.04
17053,-1.26,-0.23,0.16,0.03,-0.00,-0.07
17054,-1.26,-0.02,-0.05,0.03,-0.11,-0.17
17055,-1.26,-0.33,-0.05,0.03,-0.00,-0.07
17056,-1.36,-0.13,-0.16,0.13,-0.00,0.04
17057,-1.36,0.08,-0.26,0.13,0.10,-0.07
17058,-1.36,-0.13,-0.36,0.03,-0.00,0.04
17059,-1.47,-0.13,-0.36,-0.08,-0.11,-0.07
17060,-1.36,-0.13,-0.68,0.03,-0.00,0.04
17061,-1.26,-0.23,-0.05,0.13,-0.00,0.04
17062,-1.26,-0.13,-0.26,0.03,-0.11,0.04
17063,-1.36,-0.23,-0.47,0.03,-0.00,0.04
17064,-1.57,0.08,-0.57,-0.08,-0.11,-0.17
17065,-1.26,-0.13,-0.57,0.03,-0.00,0.14
17066,-1.05,0.08,0.16,0.03,-0.11,0.04
17067,-1.26,0.08,0.05,0.03,-0.11,0.04
17068,-1.05,-0.13,-0.05,-0.08,-0.11,-0.07
17069,-1.26,0.19,-0.26,0.03,0.10,0.04
17070,-1.05,0.08,0.05,0.13,-0.00,0.04
17071,-1.16,-0.02,0.26,0.13,0.10,0.04
17072,-1.16,0.19,0.26,0.03,0.10,-0.07
17073,-1.16,-0.13,0.05,0.03,-0.00,0.04
17074,-1.16,0.19,0.05,-0.08,-0.11,-0.07
17075,-0.95,0.08,0.05,0.03,-0.11,-0.07
17076,-1.26,-0.13,0.16,0.13,-0.11,0.04
17077,-1.26,-0.02,-0.16,0.03,-0.00,-0.07
17078,-1.16,-0.13,0.05,0.03,-0.11,-0.07
17079,-1.36,-0.23,-0.26,0.03,-0.11,-0.07
17080,-1.36,-0.23,-0.36,0.13,-0.00,-0.07
17081,-1.36,-0.13,-0.36,0.03,-0.11,0.04
17082,-1.47,-0.23,-0.36,0.03,-0.00,0.04
17083,-1.36,-0.23,-0.26,-0.08,-0.11,0.04
17084,-1.26,-0.13,-0.05,-0.08,-0.11,-0.07
17085,-1.16,-0.13,-0.26,-0.08,-0.11,-0.07
17086,-1.47,0.08,-0.57,0.03,-0.21,-0.07
17087,-1.36,-0.02,-0.68,0.03,-0.11,-0.07
17088,-1.16,0.08,-0.16,0.13,0.10,0.04
17089,-1.05,0.08,0.05,-0.08,-0.11,-0.07
17090,-1.16,-0.13,0.16,-0.08,-0.11,-0.07
17091,-1.36,0.19,-0.05,0.03,-0.00,-0.07
17092,-1.16,0.19,-0.26,0.03,-0.00,-0.07
17093,-1.05,-0.02,0.05,0.03,-0.11,-0.07
17094,-1.16,0.19,0.16,0.03,0.10,-0.07
17095,-1.16,0.19,0.36,-0.08,0.10,-0.07
17096,-1.16,0.08,0.05,0.13,0.10,-0.07
17097,-1.16,0.08,0.26,0.03,-0.11,-0.07
17098,-1.36,-0.02,0.26,0.03,-0.11,-0.07
17099,-1.05,0.08,0.16,0.03,-0.11,-0.07
17100,-1.26,-0.13,0.05,0.03,-0.11,-0.07
17101,-1.16,-0.23,-0.05,-0.08,-0.11,-0.07
17102,-1.36,-0.13,-0.16,0.03,-0.21,-0.17
17103,-1.36,-0.02,-0.16,-0.08,-0.11,-0.17
17104,-1.47,-0.02,-0.36,0.03,-0.11,-0.07
17105,-1.47,-0.33,-0.36,0.03,-0.00,0.04
17106,-1.16,-0.23,-0.16,-0.18,-0.00,-0.07
17107,-1.47,-0.23,-0.47,0.03,-0.11,0.14
17108,-1.26,-0.13,-0.36,0.03,-0.21,-0.07
17109,-1.47,0.19,-0.57,0.03,0.10,-0.07
17110,-1.26,-0.13,-0.36,0.03,-0.00,-0.07
17111,-1.16,-0.02,-0.16,0.03,-0.11,-0.07
17112,-1.26,-0.13,-0.05,0.03,-0.00,-0.07
17113,-1.36,-0.13,-0.05,0.13,0.10,-0.07
17114,-1.36,0.29,-0.16,-0.08,-0.11,0.04
17115,-1.16,0.08,0.05,0.03,-0.11,0.04
17116,-1.16,0.08,0.16,0.03,-0.11,-0.07
17117,-1.26,0.08,0.16,0.03,-0.11,-0.07
17118,-0.95,0.29,0.26,0.03,-0.21,0.04
17119,-1.26,0.08,-0.05,0.13,-0.11,0.14
17120,-1.16,-0.02,0.16,0.13,-0.11,0.04
17121,-1.16,0.08,0.36,0.03,-0.11,0.04
17122,-1.16,-0.02,-0.05,0.03,-0.11,-0.17
17123,-1.16,-0.13,0.05,0.13,-0.11,-0.07
17124,-1.26,-0.13,-0.16,0.03,-0.11,0.04
17125,-1.47,-0.13,-0.05,0.03,-0.11,-0.17
17126,-1.26,-0.13,-0.26,0.03,-0.11,0.04
17127,-1.47,-0.44,-0.47,0.13,-0.11,-0.07
17128,-1.26,-0.13,-0.26,0.03,-0.00,-0.07
17129,-1.36,-0.23,-0.16,0.03,-0.21,-0.17
17130,-1.36,-0.23,-0.36,0.13,-0.11,-0.07
17131,-1.36,-0.02,-0.47,-0.08,-0.11,-0.07
17132,-1.26,-0.02,-0.57,0.03,-0.11,-0.07
17133,-1.05,-0.13,-0.26,0.03,-0.11,-0.07
17134,-1.05,-0.02,0.16,0.03,-0.11,0.14
17135,-1.26,-0.02,-0.05,-0.08,-0.00,0.04
17136,-1.26,-0.02,-0.16,-0.08,-0.11,-0.07
17137,-1.26,0.08,-0.36,0.03,-0.00,0.04
17138,-1.16,0.08,-0.05,-0.08,-0.00,0.04
17139,-1.16,0.29,0.16,0.13,-0.11,0.04
17140,-1.16,0.08,0.16,-0.08,-0.21,-0.17
17141,-1.16,0.19,0.05,0.03,0.10,0.04
17142,-1.16,-0.02,0.16,0.13,-0.00,0.04
17143,-1.16,-0.02,0.36,0.03,-0.11,-0.07
17144,-1.26,0.19,0.16,0.03,-0.00,-0.07
17145,-1.26,-0.02,0.05,0.03,-0.11,0.04
17146,-1.16,-0.13,0.05,0.03,-0.11,-0.17
17147,-1.36,-0.02,-0.05,-0.08,-0.11,-0.07
17148,-1.47,-0.13,-0.16,0.13,-0.11,0.04
17149,-1.47,-0.02,-0.16,0.03,-0.00,-0.17
17150,-1.36,-0.13,-0.36,-0.08,-0.21,-0.07
17151,-1.26,-0.33,-0.26,-0.08,-0.21,-0.07
17152,-1.47,-0.13,-0.16,-0.08,-0.11,-0.07
17153,-1.47,-0.23,-0.47,0.03,-0.00,0.14
17154,-1.47,0.08,-0.57,0.03,-0.11,0.14
17155,-1.26,-0.02,-0.47,-0.08,-0.00,-0.07
17156,-1.16,-0.23,-0.16,0.03,-0.00,0.04
17157,-1.26,-0.02,-0.16,0.13,0.10,0.04
17158,-1.16,0.08,-0.05,-0.08,-0.11,0.04
17159,-1.26,-0.02,-0.36,0.03,-0.11,-0.07
17160,-1.16,0.19,-0.16,-0.08,-0.00,0.04
17161,-1.05,-0.02,0.05,0.03,-0.11,-0.07
17162,-1.16,-0.02,0.26,0.03,-0.00,0.04
17163,-1.26,-0.02,0.05,0.03,-0.00,-0.07
17164,-1.05,0.08,0.16,-0.08,-0.00,0.04
17165,-1.05,0.08,0.05,-0.08,-0.11,-0.07
17166,-1.16,-0.13,0.36,0.03,-0.00,-0.07
17167,-1.16,0.19,0.26,-0.08,-0.31,-0.17
17168,-0.95,-0.13,0.05,0.13,-0.11,0.04
17169,-1.16,-0.02,0.16,0.03,-0.21,-0.17
17170,-1.26,-0.23,-0.16,0.13,-0.00,0.04
17171,-1.47,-0.23,-0.16,0.03,-0.11,-0.07
17172,-1.36,-0.02,-0.16,-0.08,-0.21,-0.07
17173,-1.26,-0.13,-0.36,0.13,-0.11,-0.07
17174,-1.36,-0.13,-0.16,-0.08,-0.21,-0.07
17175,-1.47,-0.23,-0.16,-0.08,-0.00,-0.07
17176,-1.57,-0.33,-0.57,0.03,-0.00,-0.07
17177,-1.57,-0.13,-0.68,0.13,0.10,0.04
17178,-1.47,0.19,-0.47,0.03,-0.00,-0.07
17179,-1.26,-0.02,-0.36,0.03,-0.00,0.14
17180,-1.16,-0.02,0.05,0.03,0.10,-0.07
17181,-1.36,-0.13,-0.05,0.03,0.10,0.04
17182,-1.26,-0.02,-0.36,0.03,-0.00,0.04
17183,-1.05,0.08,-0.36,-0.08,-0.11,-0.07
17184,-1.36,0.08,-0.05,0.13,0.10,0.14
17355,-1.26,-0.13,-0.36,0.03,-0.21,-0.07
17356,-1.26,-0.33,-0.36,0.03,-0.21,-0.07
17357,-1.36,-0.13,-0.26,0.03,-0.11,0.14
17358,-1.47,-0.02,-0.36,-0.08,-0.11,-0.07
17359,-1.68,-0.44,-0.57,0.23,-0.00,0.04
17360,-1.78,0.19,-0.36,0.03,-0.21,-0.17
17361,-1.36,-0.13,-0.36,-0.08,-0.11,0.04
17362,-1.26,-0.23,-0.26,0.03,-0.00,0.04
17363,-1.36,-0.02,-0.26,0.03,-0.11,-0.07
17364,-1.47,0.08,-0.47,-0.08,0.10,-0.07
17365,-1.36,0.08,-0.36,0.13,0.10,0.14
17366,-1.05,0.08,-0.16,0.13,0.10,0.04
17367,-1.16,-0.13,0.16,0.03,-0.00,0.14
17368,-1.16,0.19,0.05,-0.08,-0.11,-0.07
17369,-1.26,0.08,-0.05,-0.08,-0.11,0.04
17370,-1.05,0.19,0.16,0.13,-0.00,0.04
17371,-0.95,0.08,0.16,0.03,0.10,0.04
17372,-1.16,0.19,0.47,0.03,-0.00,0.04
17373,-1.26,-0.02,0.26,0.03,-0.00,0.04
17374,-1.05,-0.02,-0.16,0.03,-0.00,-0.07
17375,-1.16,-0.13,0.16,0.03,-0.11,0.04
17376,-0.95,-0.02,0.05,-0.08,-0.11,-0.07
17377,-1.26,-0.23,-0.05,0.03,-0.00,-0.07
17378,-1.36,-0.13,-0.05,0.03,-0.11,-0.17
17379,-1.36,-0.23,-0.26,0.03,-0.11,-0.07
17380,-1.47,-0.23,-0.26,0.03,-0.00,-0.07
17381,-1.47,-0.23,-0.36,-0.08,-0.21,0.04
17382,-1.57,-0.13,-0.36,0.03,-0.11,-0.07
17383,-1.57,-0.13,-0.68,0.03,-0.00,-0.17
17384,-1.68,0.08,-0.36,0.13,0.10,-0.07
17385,-1.26,-0.23,-0.47,0.03,-0.00,-0.07
17386,-1.26,-0.02,-0.05,-0.08,-0.00,0.04
17387,-1.47,0.08,-0.26,-0.08,0.10,0.04
17388,-1.47,-0.13,-0.57,-0.08,-0.11,0.04
17389,-1.16,0.19,-0.26,0.03,-0.00,-0.07
17390,-0.95,0.08,-0.05,0.13,-0.11,0.14
17391,-1.16,0.08,0.36,-0.08,-0.00,0.04
17392,-1.36,0.08,0.26,0.03,-0.00,0.04
17393,-1.16,0.08,-0.05,0.13,-0.11,0.04
17394,-0.95,-0.02,0.16,0.03,-0.00,-0.07
17395,-0.95,0.08,0.36,0.13,-0.11,0.14
17396,-1.16,0.19,0.36,-0.08,-0.11,0.04
17397,-1.05,-0.23,-0.05,0.03,-0.11,0.04
17398,-1.05,-0.02,0.05,0.03,-0.00,0.04
17399,-1.05,-0.23,0.05,0.03,-0.21,0.04
17400,-1.16,-0.23,-0.05,0.03,-0.11,-0.07
17401,-1.36,-0.02,-0.26,0.03,-0.21,-0.07
17402,-1.47,-0.23,-0.26,0.13,-0.11,-0.07
17403,-1.36,-0.13,-0.36,0.13,-0.00,0.04
17404,-1.47,-0.13,-0.16,0.03,-0.11,-0.07
17405,-1.47,-0.44,-0.36,0.03,-0.00,-0.07
17406,-1.68,-0.13,-0.57,0.03,-0.00,-0.07
17407,-1.47,-0.02,-0.47,0.13,-0.11,0.04
17408,-1.47,-0.23,-0.36,0.03,-0.11,0.04
17409,-1.16,0.08,-0.16,0.03,-0.00,0.04
17410,-1.26,-0.02,-0.05,-0.08,-0.21,-0.07
17411,-1.57,-0.02,-0.16,0.03,-0.11,-0.07
17412,-1.16,0.08,-0.57,0.03,-0.00,0.04
17413,-1.16,-0.02,-0.26,-0.08,-0.00,0.04
17414,-1.05,0.08,0.26,0.03,-0.00,0.04
17415,-1.26,-0.02,0.16,0.03,-0.00,-0.07
17416,-1.16,0.29,0.26,0.03,-0.00,-0.07
17417,-0.95,0.08,0.16,0.13,-0.00,0.04
17418,-1.05,0.08,0.36,0.03,0.10,0.04
17419,-0.95,-0.13,0.26,0.03,-0.11,-0.07
17420,-1.16,-0.02,0.16,0.03,-0.00,0.04
17421,-1.05,-0.13,0.26,0.03,-0.21,-0.07
17422,-1.05,-0.13,-0.05,0.03,-0.00,0.04
17423,-1.26,-0.13,0.05,0.03,-0.21,-0.07
17424,-1.36,-0.23,-0.16,0.03,-0.11,-0.07
17425,-1.68,-0.02,-0.57,0.13,0.10,0.04
17426,-1.47,-0.44,-0.47,0.03,-0.11,-0.07
17427,-1.26,-0.23,-0.16,0.03,-0.11,-0.07
17428,-1.47,-0.02,-0.16,-0.08,-0.21,-0.07
17429,-1.47,-0.23,-0.47,0.03,-0.00,0.04
17430,-1.78,0.08,-0.47,-0.08,-0.11,-0.07
17431,-1.47,-0.02,-0.78,0.13,0.10,-0.07
17432,-1.26,-0.02,-0.05,-0.08,-0.00,-0.07
17433,-1.16,0.08,-0.16,-0.18,-0.00,-0.07
17434,-1.36,-0.13,-0.16,0.03,-0.11,-0.07
17435,-1.36,-0.02,-0.16,0.03,-0.11,0.04
17436,-1.16,0.08,-0.05,0.13,0.10,0.04
17437,-1.05,0.19,0.05,0.03,-0.00,-0.07
17438,-1.16,0.08,0.16,-0.08,0.10,0.14
17439,-1.05,0.19,0.36,0.03,-0.11,-0.07
17440,-1.05,0.08,-0.05,0.13,-0.11,0.04
17441,-0.95,0.19,0.47,-0.08,-0.21,-0.17
17442,-1.05,-0.02,0.26,0.13,-0.00,0.04
17443,-1.05,-0.13,0.16,0.03,-0.21,0.04
17444,-1.05,0.08,0.26,-0.08,-0.31,-0.17
17445,-1.16,-0.13,-0.36,0.13,-0.00,0.04
17446,-1.16,-0.33,-0.05,0.03,-0.11,-0.07
17447,-1.47,-0.13,-0.26,0.03,-0.00,-0.07
17448,-1.47,0.08,-0.26,-0.08,-0.11,-0.07
17449,-1.68,-0.02,-0.57,0.03,-0.00,0.14
17450,-1.47,-0.13,-0.57,-0.08,-0.11,-0.07
17451,-1.47,-0.33,-0.57,0.03,-0.21,-0.07
17452,-1.47,-0.33,-0.05,-0.08,-0.11,-0.17
17453,-1.47,-0.02,-0.26,0.03,-0.00,0.04
17454,-1.68,-0.13,-0.78,-0.08,0.10,0.04
17455,-1.26,0.29,-0.36,-0.08,-0.00,-0.07
17456,-1.26,-0.02,-0.26,0.03,0.21,0.04
17457,-1.16,0.19,0.05,0.03,-0.00,-0.07
17458,-1.16,0.08,0.05,-0.08,-0.00,0.04
17459,-1.26,-0.02,-0.05,0.13,-0.00,0.04
17460,-1.16,0.19,0.05,0.13,0.10,0.14
17461,-1.05,0.08,0.26,0.03,0.10,0.04
17462,-1.05,-0.02,0.26,0.03,-0.00,0.04
17463,-1.26,0.29,0.16,0.03,-0.00,0.04
17464,-0.95,0.08,0.05,0.13,-0.00,0.14
17465,-0.95,-0.13,0.16,0.13,-0.11,-0.07
17466,-1.05,0.19,0.36,0.03,-0.11,0.04
17467,-1.26,-0.33,-0.26,0.03,-0.00,-0.07
17468,-1.36,-0.13,0.05,0.03,-0.21,0.04
17469,-1.16,-0.02,-0.26,0.13,-0.21,-0.17
17470,-1.36,-0.23,-0.26,0.13,-0.00,0.04
17471,-1.36,-0.02,-0.05,-0.08,-0.31,-0.07
17472,-1.57,-0.13,-0.47,0.03,-0.11,-0.07
17473,-1.68,-0.23,-0.68,0.03,-0.21,-0.07
17474,-1.68,-0.13,-0.47,-0.08,-0.11,0.04
17475,-1.47,-0.13,-0.26,0.03,-0.11,0.04
17476,-1.26,-0.23,-0.57,0.13,-0.00,-0.07
17477,-1.47,-0.13,-0.05,0.13,0.10,0.04
17478,-1.57,0.08,-0.26,0.13,0.10,0.04
17479,-1.26,0.08,-0.68,0.03,-0.00,-0.17
17480,-1.16,0.08,0.05,0.03,-0.00,0.14
17481,-1.16,0.08,-0.05,0.13,-0.00,-0.07
17482,-1.26,0.19,0.05,0.03,-0.00,0.04
17483,-1.16,0.08,0.05,0.03,-0.00,0.04
17484,-1.16,-0.02,0.05,0.03,-0.00,-0.07
17485,-0.95,0.08,0.26,-0.08,-0.11,0.04
17486,-1.05,0.19,0.47,0.03,-0.11,0.04
17487,-1.16,-0.02,0.26,0.13,0.10,0.24
17488,-0.95,-0.02,0.16,0.13,-0.11,0.14
17489,-0.95,0.08,0.16,0.03,-0.21,-0.07
17490,-1.16,-0.33,0.16,0.03,-0.11,0.04
17491,-1.26,-0.13,-0.16,0.03,-0.11,0.14
17492,-1.47,-0.13,-0.16,0.03,-0.11,-0.07
17493,-1.26,-0.23,-0.16,0.03,-0.11,-0.07
17494,-1.47,-0.23,-0.26,0.03,-0.00,-0.07
17495,-1.57,-0.23,-0.26,0.13,-0.21,-0.17
17496,-1.47,-0.23,-0.47,-0.08,-0.21,0.04
17497,-1.68,0.08,-0.57,-0.08,-0.21,-0.07
17498,-1.68,-0.02,-0.68,0.03,-0.11,-0.07
17499,-1.57,-0.02,-0.36,0.03,-0.21,0.04
17500,-1.16,0.08,-0.16,-0.08,-0.21,0.04
17501,-1.36,-0.13,-0.16,-0.08,0.10,-0.07
17502,-1.26,-0.02,-0.26,0.03,-0.00,-0.07
17503,-1.16,0.08,-0.47,-0.08,-0.00,-0.17
17504,-1.16,-0.02,-0.16,0.03,-0.00,0.04
17505,-1.16,0.29,0.16,0.03,-0.11,-0.07
17506,-1.26,0.19,0.05,0.03,0.21,0.04
17507,-0.95,0.19,0.16,-0.08,-0.21,-0.07
17508,-0.95,0.08,0.05,0.03,0.10,0.04
17509,-0.84,0.08,0.36,0.13,-0.11,0.04
17510,-1.05,-0.02,0.36,0.03,-0.00,-0.07
17511,-1.16,0.08,0.26,0.03,-0.11,0.04
17512,-0.95,-0.02,0.05,0.03,-0.11,-0.07
17513,-1.16,-0.13,0.05,0.03,-0.11,0.04
17514,-1.16,-0.13,-0.05,0.03,-0.11,-0.17
17515,-1.47,-0.33,-0.36,0.13,-0.11,0.04
17516,-1.47,-0.02,-0.26,-0.08,-0.11,-0.17
17517,-1.57,-0.23,-0.68,0.13,0.10,0.14
17518,-1.47,-0.23,-0.36,0.03,-0.11,-0.07
17519,-1.68,-0.23,-0.16,0.13,-0.00,-0.07
17520,-1.57,-0.02,-0.36,0.03,-0.11,-0.17
17521,-1.68,-0.23,-0.57,0.03,0.10,0.14
17522,-1.47,0.08,-0.47,-0.08,-0.11,0.04
17523,-1.36,0.19,-0.47,0.13,-0.00,-0.07
17524,-1.26,-0.02,-0.36,0.03,-0.00,0.04
17525,-1.26,0.08,0.05,0.03,0.10,0.14
17526,-1.05,0.08,-0.05,-0.08,-0.00,-0.07
17527,-1.26,-0.02,-0.26,0.03,0.10,0.04
17528,-1.26,0.29,-0.05,-0.18,-0.11,-0.07
17529,-1.05,-0.02,0.16,0.03,-0.00,-0.07
17530,-1.26,0.08,0.36,0.03,-0.21,0.04
17531,-0.74,0.29,0.36,0.03,-0.00,-0.07
17532,-0.95,0.08,0.36,0.13,-0.11,0.04
17533,-1.16,-0.02,0.05,0.03,-0.00,-0.07
17534,-1.05,0.19,0.26,-0.08,-0.11,-0.07
17535,-1.05,-0.02,0.16,-0.08,-0.11,-0.17
17536,-1.05,-0.02,-0.05,0.13,-0.11,0.04
17537,-1.36,-0.13,-0.16,0.03,-0.11,0.04
17538,-1.36,-0.33,-0.05,0.03,-0.21,-0.07
17539,-1.47,0.08,-0.36,0.03,-0.21,-0.07
17540,-1.47,-0.23,-0.68,0.13,-0.11,-0.17
17541,-1.57,-0.23,-0.36,0.13,-0.11,0.04
17542,-1.57,0.08,-0.47,0.03,-0.11,-0.07
17543,-1.57,-0.44,-0.26,0.03,-0.00,0.04
17544,-1.47,-0.13,-0.26,0.03,-0.11,0.04
17545,-1.36,0.08,-0.47,-0.08,-0.11,-0.07
17546,-1.47,0.08,-0.47,0.03,-0.00,-0.07
17547,-1.36,-0.13,-0.36,-0.08,0.10,0.04
17548,-1.16,0.08,-0.16,-0.08,-0.21,-0.17
17549,-1.26,-0.02,0.05,-0.08,-0.00,-0.07
17550,-1.05,0.39,0.26,0.03,-0.11,-0.07
17551,-1.16,0.08,0.05,0.03,-0.11,-0.07
17552,-1.16,-0.02,0.05,-0.08,-0.11,0.14
17553,-0.95,0.08,0.16,-0.08,-0.11,-0.07
17554,-0.95,-0.02,0.16,0.13,-0.00,0.14
17555,-1.05,-0.02,0.36,0.03,-0.00,-0.17
17556,-0.95,0.08,0.26,0.03,-0.21,0.04
17557,-1.05,-0.02,0.05,0.13,-0.00,-0.07
17558,-1.16,-0.13,0.05,0.03,-0.00,0.04
17559,-1.26,-0.13,-0.16,0.03,-0.11,0.04
17560,-1.26,-0.13,-0.26,0.03,-0.21,-0.17
17561,-1.36,-0.44,0.05,0.03,-0.11,-0.07
17562,-1.57,-0.23,-0.26,0.03,-0.11,-0.07
17563,-1.57,-0.33,-0.26,0.03,-0.11,-0.07
17564,-1.57,-0.13,-0.57,0.03,-0.00,-0.07
17565,-1.57,-0.13,-0.68,0.13,-0.11,0.04
17566,-1.57,-0.13,-0.47,0.13,-0.11,-0.07
17567,-1.47,-0.13,-0.26,-0.08,-0.11,-0.07
17568,-1.36,-0.02,-0.26,-0.08,-0.00,-0.07
17569,-1.47,-0.02,-0.16,0.03,0.10,0.04
17570,-1.47,-0.02,-0.26,0.03,0.10,0.04
17571,-1.26,0.19,-0.47,0.03,-0.00,-0.07
17572,-1.36,-0.13,-0.05,0.03,-0.00,0.14
17573,-1.16,0.19,0.26,-0.08,-0.11,0.04
17726,-1.57,-0.02,-0.05,0.03,0.10,0.04
17727,-1.36,-0.13,-0.26,0.03,-0.00,0.04
17728,-1.47,0.08,-0.36,-0.18,-0.21,-0.17
17729,-1.26,-0.02,-0.47,0.03,-0.00,-0.07
17730,-1.16,0.08,-0.16,-0.08,-0.00,-0.07
17731,-1.05,0.19,0.26,-0.08,-0.00,-0.07
17732,-1.05,0.19,-0.05,-0.08,-0.11,-0.07
17733,-1.16,0.29,0.16,0.03,0.10,0.04
17734,-0.84,0.29,0.05,-0.08,-0.00,0.04
17735,-0.74,0.19,0.57,-0.08,-0.21,-0.17
17736,-0.74,-0.02,0.36,0.13,-0.21,-0.07
17737,-1.16,0.08,0.36,-0.08,-0.11,-0.07
17738,-0.95,-0.02,0.05,0.13,-0.00,-0.07
17739,-1.05,-0.23,0.16,0.03,-0.11,0.04
17740,-0.95,-0.02,0.26,-0.08,-0.21,-0.28
17741,-1.36,-0.23,-0.05,0.03,-0.11,0.04
17742,-1.47,-0.02,-0.36,0.03,-0.00,-0.07
17743,-1.57,-0.13,-0.36,0.03,-0.11,-0.17
17744,-1.78,-0.23,-0.68,0.13,-0.00,0.14
17745,-1.57,-0.33,-0.26,0.03,-0.00,-0.07
17746,-1.26,-0.13,-0.16,-0.08,-0.21,-0.28
17747,-1.68,-0.13,-0.47,0.13,-0.00,0.04
17748,-1.68,-0.02,-0.57,-0.18,-0.21,-0.07
17749,-1.47,0.08,-0.47,0.13,-0.11,0.04
17750,-1.16,-0.13,-0.47,0.13,-0.00,0.04
17751,-1.26,-0.13,0.05,0.03,-0.00,0.04
17752,-1.26,0.08,0.05,0.03,-0.00,0.04
17753,-1.36,0.19,-0.36,0.03,-0.00,-0.07
17754,-1.05,0.08,-0.16,0.03,-0.11,0.04
17755,-0.95,0.19,0.26,0.23,-0.00,0.04
17756,-0.84,0.29,0.36,-0.18,-0.11,0.04
17757,-1.05,-0.02,0.26,0.13,-0.00,0.14
17758,-0.95,0.19,0.36,0.03,-0.21,-0.07
17759,-0.84,0.19,0.05,-0.08,-0.11,0.04
17760,-1.05,-0.13,0.26,0.13,-0.00,0.14
17761,-0.95,0.08,0.26,0.03,-0.21,-0.07
17762,-1.16,-0.02,0.26,-0.08,-0.21,-0.17
17763,-1.47,-0.23,-0.26,0.13,-0.00,0.04
17764,-1.36,-0.13,-0.26,0.03,-0.21,0.04
17765,-1.36,-0.23,-0.36,-0.08,-0.11,-0.07
17766,-1.36,-0.13,-0.16,0.03,-0.11,-0.07
17767,-1.78,-0.13,-0.57,0.03,-0.11,-0.17
17768,-1.68,-0.13,-0.68,0.03,-0.11,-0.07
17769,-1.57,-0.02,-0.57,-0.08,-0.11,-0.17
17770,-1.36,-0.13,-0.26,0.03,-0.00,-0.17
17771,-1.47,-0.02,-0.16,0.13,-0.00,0.14
17772,-1.68,-0.02,-0.36,0.03,0.10,-0.07
17773,-1.36,-0.13,-0.68,0.03,-0.11,-0.07
17774,-1.36,-0.02,-0.36,0.03,0.10,0.04
17775,-1.05,0.08,-0.05,-0.08,-0.00,0.04
17776,-1.16,0.08,0.16,0.03,0.10,0.04
17777,-1.05,0.19,0.05,-0.08,-0.00,-0.07
17778,-1.16,0.29,0.05,-0.08,0.10,0.04
17779,-0.64,0.19,0.05,-0.08,-0.11,-0.17
17780,-0.84,0.19,0.57,-0.08,-0.11,-0.07
17781,-0.84,0.08,0.47,0.03,0.10,0.04
17782,-1.16,-0.02,0.36,0.03,-0.00,0.04
17783,-1.16,0.19,0.36,-0.08,-0.00,-0.17
17784,-0.95,-0.23,-0.26,0.03,-0.00,-0.07
17785,-1.05,-0.33,0.16,0.13,-0.00,0.04
17786,-1.26,-0.33,0.05,0.13,-0.00,0.04
17787,-1.68,-0.02,-0.36,0.03,-0.11,-0.17
17788,-1.57,-0.13,-0.47,-0.08,-0.21,-0.17
17789,-1.68,-0.23,-0.36,0.03,-0.21,-0.07
17790,-1.36,-0.02,-0.36,0.03,-0.21,-0.17
17791,-1.47,-0.44,-0.36,0.13,-0.11,-0.07
17792,-1.68,-0.02,-0.26,0.03,-0.11,-0.07
17793,-1.57,-0.13,-0.68,0.13,-0.00,0.04
17794,-1.68,0.08,-0.47,0.03,-0.11,0.04
17795,-1.26,-0.02,-0.47,0.03,0.10,-0.07
17796,-1.16,0.19,-0.16,-0.08,-0.00,0.04
17797,-1.26,0.19,0.05,0.03,0.10,0.04
17798,-1.26,0.08,-0.26,0.13,0.21,0.14
17799,-1.36,0.08,-0.05,0.13,0.10,0.04
17800,-0.95,-0.02,0.05,-0.08,-0.00,-0.07
17801,-1.05,0.19,0.47,0.03,-0.00,0.14
17802,-0.74,0.19,0.47,0.03,-0.00,0.04
17803,-1.05,0.08,0.16,-0.08,-0.21,-0.07
17804,-0.84,-0.02,0.16,0.13,-0.00,0.04
17805,-1.05,-0.02,0.05,0.03,0.10,0.04
17806,-0.95,-0.13,0.47,0.03,-0.11,-0.07
17807,-1.16,-0.02,0.05,-0.08,-0.21,-0.17
17808,-1.36,0.08,-0.05,0.03,-0.21,-0.07
17809,-1.26,-0.33,-0.36,0.13,-0.21,0.04
17810,-1.36,-0.33,-0.36,0.03,-0.11,0.04
17811,-1.47,-0.23,-0.05,0.03,-0.21,0.04
17812,-1.78,-0.23,-0.47,0.13,-0.00,0.14
17813,-1.68,-0.13,-0.57,0.03,-0.11,-0.07
17814,-1.68,-0.02,-0.78,0.03,-0.11,-0.07
17815,-1.57,-0.02,-0.47,-0.08,-0.21,-0.17
17816,-1.47,-0.13,-0.26,0.03,-0.00,0.04
17817,-1.47,0.08,-0.16,0.03,-0.11,-0.07
17818,-1.36,-0.23,-0.36,0.03,-0.00,0.04
17819,-1.36,0.19,-0.47,0.13,-0.11,0.14
17820,-1.16,0.08,-0.05,0.03,-0.00,0.14
17821,-1.16,0.19,-0.16,0.03,0.21,0.04
17822,-1.16,0.08,-0.05,0.03,-0.00,0.14
17823,-0.95,0.19,0.05,0.03,-0.00,0.04
17824,-0.95,0.08,0.16,0.03,0.21,0.04
17825,-0.74,0.19,0.47,0.03,-0.11,0.04
17826,-1.05,0.08,0.26,0.03,-0.21,0.04
17827,-0.84,-0.02,0.57,0.03,-0.11,-0.07
17828,-1.05,0.29,0.16,-0.08,-0.21,0.04
17829,-1.05,-0.13,0.05,0.03,-0.00,0.04
17830,-1.16,-0.23,-0.05,0.03,-0.21,-0.07
17831,-1.26,-0.33,-0.16,0.03,-0.21,-0.17
17832,-1.57,-0.23,-0.16,0.03,-0.00,0.04
17833,-1.68,-0.02,-0.47,0.03,-0.00,0.04
17834,-1.68,-0.23,-0.68,0.03,-0.11,0.04
17835,-1.68,-0.13,-0.57,-0.08,-0.11,-0.07
17836,-1.47,-0.13,-0.36,0.13,-0.00,0.04
17837,-1.57,-0.13,-0.36,0.03,-0.11,-0.07
17838,-1.68,-0.13,-0.26,0.03,-0.00,0.04
17839,-1.68,-0.13,-0.68,0.13,-0.00,0.04
17840,-1.26,-0.02,-0.47,-0.08,-0.11,-0.07
17841,-1.26,0.08,-0.26,0.03,0.10,0.04
17842,-1.26,0.19,-0.16,0.03,-0.00,0.04
17843,-1.16,0.08,0.16,0.03,-0.11,0.04
17844,-1.05,0.29,-0.05,0.03,-0.00,0.14
17845,-1.16,-0.02,0.16,0.13,0.10,0.04
17846,-0.74,0.29,0.36,-0.08,-0.21,-0.07
17847,-1.05,0.08,0.26,0.03,-0.00,0.04
17848,-0.84,0.08,0.16,0.03,-0.00,0.04
17849,-0.95,-0.13,0.36,0.13,-0.00,0.04
17850,-0.95,-0.13,0.47,0.13,-0.00,0.14
17851,-1.05,-0.13,0.16,0.13,-0.00,-0.07
17852,-1.05,-0.13,0.26,0.03,-0.21,-0.07
17853,-1.16,-0.13,-0.05,-0.08,-0.11,-0.17
17854,-1.16,0.08,-0.16,-0.08,-0.21,-0.17
17855,-1.36,-0.23,-0.36,0.03,-0.00,-0.07
17856,-1.68,-0.33,-0.47,0.13,-0.11,-0.07
17857,-1.78,-0.33,-0.16,-0.08,-0.11,-0.07
17858,-1.57,-0.02,-0.47,-0.08,-0.11,-0.07
17859,-1.47,-0.13,-0.57,-0.08,-0.11,-0.07
17860,-1.68,0.08,-0.68,0.03,-0.11,-0.07
17861,-1.57,0.08,-0.36,0.03,-0.00,0.04
17862,-1.36,-0.02,-0.26,-0.08,-0.21,-0.07
17863,-1.26,0.08,-0.26,-0.08,-0.11,-0.17
17864,-1.36,0.08,-0.16,0.03,0.10,0.14
17865,-1.16,0.08,-0.26,-0.08,-0.11,-0.07
17866,-1.16,0.19,-0.05,0.03,0.10,0.04
17867,-1.05,-0.02,-0.26,-0.08,0.21,0.04
17868,-0.95,0.19,0.16,-0.08,-0.00,-0.07
17869,-0.95,0.29,0.16,-0.08,-0.00,0.14
17870,-0.74,0.29,0.47,-0.08,-0.11,-0.07
17871,-0.84,-0.02,0.36,0.03,-0.00,0.14
17872,-1.05,-0.02,0.36,0.13,-0.11,-0.07
17873,-0.95,0.08,0.16,0.03,-0.11,-0.07
17874,-1.16,-0.33,0.05,0.13,-0.00,-0.07
17875,-1.16,-0.13,0.05,0.03,-0.11,0.14
17876,-1.36,-0.23,0.05,0.03,-0.21,0.04
17877,-1.26,-0.13,-0.05,0.03,-0.21,-0.17
17878,-1.78,-0.23,-0.47,0.13,-0.00,0.04
17879,-1.57,-0.02,-0.47,0.03,-0.11,-0.17
17880,-1.68,-0.13,-0.68,0.03,-0.00,-0.07
17881,-1.47,-0.02,-0.47,0.03,-0.21,-0.07
17882,-1.57,-0.13,-0.47,0.03,-0.11,0.04
17883,-1.57,-0.13,-0.26,0.13,-0.00,-0.07
17884,-1.47,-0.13,-0.47,0.03,-0.00,-0.07
17885,-1.47,-0.13,-0.47,0.03,0.10,0.04
17886,-1.05,0.19,-0.26,-0.08,-0.11,-0.17
17887,-1.26,0.19,-0.16,-0.08,-0.11,0.04
17888,-1.26,0.08,-0.05,-0.08,0.10,0.14
17889,-1.16,0.19,0.16,0.03,0.10,0.04
17890,-0.95,0.19,-0.05,0.03,0.10,0.04
17891,-0.95,0.08,0.26,-0.08,-0.11,-0.07
17892,-0.95,0.08,0.47,0.03,-0.00,-0.07
17893,-0.95,-0.13,0.05,0.03,-0.11,0.14
17894,-1.16,0.08,0.36,0.03,-0.21,-0.07
17895,-0.74,0.08,0.36,0.03,-0.21,-0.07
17896,-0.95,0.08,0.36,-0.08,-0.11,-0.07
17897,-1.16,-0.44,0.16,0.03,-0.11,0.04
17898,-1.16,-0.13,-0.05,0.03,-0.11,-0.17
17899,-1.36,-0.13,-0.36,0.13,-0.11,-0.07
17900,-1.36,-0.33,-0.36,0.03,-0.11,-0.07
17901,-1.68,-0.13,-0.16,0.03,-0.11,-0.07
17902,-1.57,-0.02,-0.36,-0.08,-0.11,-0.17
17903,-1.68,-0.33,-0.36,0.03,-0.11,-0.07
17904,-1.47,-0.13,-0.68,0.03,-0.00,0.04
17905,-1.78,-0.02,-0.47,-0.08,-0.00,-0.07
17906,-1.57,-0.02,-0.57,0.03,0.10,0.04
17907,-1.47,0.08,-0.47,0.03,-0.00,-0.07
17908,-1.26,0.19,-0.26,-0.08,-0.00,-0.07
17909,-1.26,-0.02,-0.36,0.03,-0.00,0.04
17910,-1.26,0.08,0.05,0.03,0.10,0.04
17911,-1.05,0.19,0.05,0.03,0.10,0.04
17912,-1.16,0.08,-0.05,0.03,0.10,-0.07
17913,-0.84,0.19,0.26,-0.08,-0.11,-0.07
17914,-0.95,0.08,0.47,0.03,0.10,0.04
17915,-0.84,0.08,0.26,0.13,-0.11,-0.07
17916,-0.84,-0.02,0.16,0.03,-0.00,0.04
17917,-0.84,0.19,0.47,-0.08,-0.11,-0.07
17918,-0.95,-0.23,0.05,0.03,-0.00,0.04
17919,-1.36,-0.33,0.16,0.13,-0.00,0.04
17920,-1.26,-0.02,0.05,0.03,-0.11,-0.07
17921,-1.57,-0.23,-0.36,0.13,-0.00,0.04
17922,-1.26,-0.33,-0.26,0.13,-0.11,0.04
17923,-1.68,-0.13,-0.16,0.03,-0.11,-0.17
17924,-1.78,-0.23,-0.36,0.13,0.10,-0.07
17925,-1.57,-0.23,-0.57,0.13,-0.11,-0.07
17926,-1.68,-0.13,-0.47,0.03,-0.00,-0.07
17927,-1.68,-0.13,-0.88,0.03,0.10,0.04
17928,-1.68,0.08,-0.26,-0.08,-0.11,-0.07
17929,-1.36,-0.13,-0.47,0.13,0.10,0.04
17930,-1.36,-0.02,-0.26,-0.08,0.10,0.04
17931,-1.47,-0.13,-0.36,0.13,0.10,0.14
17932,-1.36,0.19,-0.26,0.03,-0.00,0.04
17933,-1.05,0.08,0.05,0.03,-0.11,-0.07
17934,-1.16,0.08,-0.16,0.03,0.10,0.04
17935,-1.05,-0.13,0.16,0.13,0.10,0.14
17936,-0.84,0.19,0.26,0.13,0.10,0.04
17937,-0.95,0.29,0.26,-0.08,-0.00,-0.07
17938,-0.84,-0.02,0.26,-0.08,-0.11,-0.07
17939,-1.05,-0.02,0.36,0.23,-0.00,0.04
17940,-1.05,-0.02,0.26,0.03,0.10,0.14
17941,-0.95,0.19,0.26,0.03,-0.21,0.04
17942,-0.95,-0.02,0.05,-0.08,-0.11,0.04
17943,-1.36,-0.44,-0.16,0.13,-0.00,0.04
17944,-1.57,-0.44,-0.26,0.13,-0.00,0.04
17945,-1.36,-0.23,-0.16,-0.08,-0.11,0.04
17946,-1.68,-0.13,-0.57,0.13,-0.11,-0.07
17947,-1.78,-0.23,-0.57,0.03,-0.00,-0.07
17948,-1.68,-0.13,-0.57,0.03,-0.11,-0.17
17949,-1.36,-0.13,-0.47,0.03,-0.11,-0.17
17950,-1.57,-0.23,-0.36,0.13,-0.00,0.14
17951,-1.68,-0.02,-0.26,-0.08,-0.00,0.04
17952,-1.47,0.08,-0.36,0.03,-0.11,-0.17
17953,-1.47,-0.02,-0.57,0.03,-0.00,0.04
17954,-1.05,0.08,-0.26,0.03,-0.11,-0.07
17955,-1.05,0.08,0.05,0.03,-0.00,-0.07
17956,-1.05,0.29,0.26,-0.08,-0.11,-0.17
17957,-0.95,0.19,0.16,0.03,-0.00,-0.07
17958,-1.05,0.08,0.36,0.13,0.10,0.14
17959,-0.84,0.29,0.05,-0.08,-0.11,0.04
17960,-0.95,0.08,0.36,-0.08,-0.11,-0.07
17961,-0.95,0.08,0.47,-0.08,-0.11,-0.28
17962,-0.95,-0.13,0.05,0.13,-0.00,0.04
17963,-1.05,-0.23,0.16,0.03,-0.21,-0.07
17964,-1.16,-0.23,0.16,0.13,-0.11,0.04
17965,-1.36,-0.33,-0.05,0.03,-0.11,-0.07
17966,-1.16,0.08,-0.26,-0.08,-0.21,-0.28
17967,-1.36,-0.13,-0.26,-0.08,-0.21,-0.07
17968,-1.78,-0.02,-0.26,0.03,-0.11,-0.07
17969,-1.68,-0.13,-0.47,0.03,-0.11,-0.17
17970,-1.57,-0.23,-0.26,0.03,-0.21,-0.07
17971,-1.57,-0.13,-0.78,0.13,0.10,0.04
17972,-1.47,-0.13,-0.26,-0.08,-0.11,0.04
17973,-1.78,-0.13,-0.68,0.23,-0.00,0.14
17974,-1.57,-0.23,-0.57,-0.08,-0.11,-0.07
17975,-1.47,0.08,-0.47,0.03,0.10,0.14
17976,-1.26,0.08,-0.05,0.03,-0.00,-0.07
17977,-1.16,0.29,0.36,-0.08,-0.00,-0.07
17978,-1.26,0.08,-0.05,-0.08,0.10,-0.07
17979,-1.16,0.19,-0.26,0.03,-0.11,-0.07
17980,-0.95,-0.02,0.05,-0.08,-0.00,-0.07
17981,-0.95,0.29,0.57,0.03,-0.00,-0.07
17982,-0.84,0.19,0.36,-0.08,-0.11,-0.17
17983,-0.95,-0.13,0.36,0.13,-0.00,-0.07
17984,-0.84,0.08,0.16,-0.08,-0.21,0.04
17985,-0.95,-0.13,0.16,0.03,-0.11,0.04
17986,-1.16,0.08,0.16,0.03,-0.11,0.04
17987,-1.16,-0.13,0.05,0.03,-0.11,0.04
17988,-1.26,-0.02,-0.05,0.03,-0.11,-0.07
17989,-1.57,-0.33,-0.36,0.13,-0.21,0.04
17990,-1.68,-0.13,-0.36,0.03,-0.11,-0.07
17991,-1.47,-0.13,-0.36,-0.08,-0.21,-0.17
17992,-1.68,-0.23,-0.36,0.03,-0.00,-0.07
17993,-1.57,0.08,-0.47,-0.08,-0.21,-0.17
17994,-1.68,-0.13,-0.47,-0.08,-0.11,-0.07
17995,-1.78,0.08,-0.47,0.03,-0.11,-0.07
17996,-1.47,-0.02,-0.47,-0.08,-0.00,0.14
17997,-1.26,0.08,-0.05,-0.08,-0.00,-0.07
17998,-1.26,-0.13,-0.26,0.13,0.10,0.24
17999,-1.36,0.08,-0.36,0.03,0.10,0.14
18000,-1.26,0.08,-0.36,0.03,0.10,-0.07
18001,-1.16,-0.02,-0.05,-0.08,-0.11,0.04
18002,-0.95,0.08,0.05,0.03,0.10,0.04
18003,-0.95,-0.02,0.36,0.03,-0.00,-0.07
18004,-0.84,0.29,0.36,0.03,-0.00,-0.07
18005,-1.05,-0.02,0.05,0.13,-0.11,0.14
18006,-0.95,0.19,0.57,0.03,-0.21,-0.07
18007,-0.95,-0.13,0.16,0.13,-0.00,0.14
18008,-1.05,0.08,0.36,-0.08,-0.11,-0.07
18009,-1.05,-0.13,-0.05,0.03,-0.11,-0.07
18010,-1.26,-0.23,-0.26,0.03,-0.00,-0.07
18011,-1.26,-0.44,-0.05,0.13,-0.11,0.04
18012,-1.47,-0.23,-0.26,-0.08,-0.11,-0.07
18013,-1.57,-0.02,-0.16,-0.08,-0.21,-0.07
18014,-1.78,-0.23,-0.47,0.03,-0.21,0.04
18015,-1.78,-0.13,-0.78,0.03,-0.11,-0.07
18016,-1.57,-0.13,-0.68,0.03,-0.00,0.04
18017,-1.78,-0.13,-0.26,0.03,0.10,0.04
18018,-1.68,-0.02,-0.36,0.13,0.10,0.14
18019,-1.68,-0.23,-0.47,0.13,0.10,0.04
18020,-1.36,-0.23,-0.57,0.13,0.10,0.04
18021,-1.26,0.19,-0.36,0.03,0.10,0.04
18022,-0.95,0.08,0.05,-0.08,-0.00,-0.07
18023,-1.26,-0.13,0.05,0.13,0.10,0.14
18024,-1.26,0.19,0.05,0.03,-0.00,0.04
18025,-0.74,0.29,0.36,-0.18,-0.21,-0.17
18026,-0.84,0.29,0.36,-0.08,-0.21,-0.17
18027,-0.74,0.29,0.36,0.03,-0.21,-0.17
18028,-0.84,-0.13,0.47,0.03,-0.11,-0.07
18029,-0.84,0.08,0.16,0.13,-0.00,0.14
18030,-1.05,-0.13,0.36,0.03,-0.21,-0.17
18031,-1.26,-0.13,0.05,0.03,-0.11,0.04
18032,-1.05,-0.33,-0.16,-0.08,-0.11,0.04
18033,-1.36,-0.23,-0.05,0.03,-0.11,-0.07
18034,-1.57,-0.23,-0.47,0.03,-0.11,-0.07
18035,-1.68,-0.13,-0.36,-0.08,-0.11,-0.07
18036,-1.57,-0.13,-0.57,-0.08,-0.11,-0.07
18037,-1.78,-0.13,-0.47,0.13,-0.00,0.04
18038,-1.57,-0.23,-0.47,0.13,0.10,-0.07
18039,-1.78,-0.23,-0.36,0.03,0.10,0.14
18040,-1.57,-0.13,-0.47,-0.18,-0.11,-0.07
18041,-1.47,-0.02,-0.68,-0.08,-0.11,-0.07
18042,-1.26,-0.02,-0.36,0.03,-0.11,-0.07
18043,-1.16,-0.02,-0.26,0.03,-0.00,-0.07
18044,-1.16,0.29,0.26,0.03,-0.00,-0.07
18045,-1.36,-0.02,-0.05,0.03,0.10,0.04
18046,-1.16,0.39,-0.05,-0.08,-0.11,-0.07
18047,-0.74,0.29,0.36,0.03,-0.21,-0.07
18048,-0.84,0.19,0.26,0.13,0.10,0.04
18049,-0.95,0.08,0.36,-0.08,-0.00,0.04
18050,-0.84,0.08,0.47,-0.08,-0.11,-0.07
18051,-0.74,-0.13,0.36,-0.08,-0.21,-0.17
18052,-0.95,-0.02,0.16,0.03,-0.00,-0.07
18053,-0.95,-0.33,0.16,0.03,-0.11,-0.07
18054,-1.05,-0.23,0.16,0.03,-0.31,-0.07
18055,-1.16,-0.02,-0.05,-0.08,-0.31,-0.17
18056,-1.47,-0.23,-0.26,0.03,-0.11,-0.17
18057,-1.57,-0.23,-0.47,0.03,-0.00,-0.07
18058,-1.57,-0.23,-0.36,-0.08,-0.21,-0.07
18059,-1.68,-0.33,-0.36,0.03,-0.00,-0.07
18060,-1.57,-0.33,-0.68,0.23,0.10,0.14
18061,-1.78,-0.13,-0.47,0.03,-0.11,-0.17
18062,-1.68,-0.02,-0.68,0.03,0.10,-0.07
18063,-1.78,-0.02,-0.57,0.03,0.10,0.04
18064,-1.05,0.19,-0.16,-0.08,-0.11,-0.07
18065,-1.05,0.19,-0.05,-0.08,-0.11,-0.17
18066,-1.26,0.19,0.05,0.03,-0.00,0.04
18067,-1.26,0.29,-0.05,-0.08,-0.00,-0.07
18068,-1.05,0.19,-0.16,0.03,-0.11,-0.17
18069,-0.95,-0.23,0.26,0.03,-0.00,0.04
18070,-0.95,0.08,0.47,0.13,-0.00,0.14
18071,-0.84,0.19,0.16,0.03,-0.00,-0.07
18072,-0.95,0.08,0.05,0.13,-0.00,0.04
18073,-0.95,-0.13,0.16,0.03,-0.00,0.04
18074,-0.74,-0.02,0.36,-0.08,-0.21,-0.17
18075,-0.84,-0.02,0.57,-0.08,-0.31,-0.07
18076,-1.05,-0.13,0.05,0.03,-0.21,-0.07
18077,-1.26,0.08,-0.16,0.13,-0.11,0.04
18078,-1.36,-0.54,-0.26,0.13,-0.00,-0.07
18079,-1.36,-0.13,-0.05,-0.08,-0.21,-0.07
18080,-1.68,-0.23,-0.26,0.23,-0.00,0.14
18081,-1.57,-0.23,-0.26,0.03,-0.00,-0.07
18082,-1.78,-0.02,-0.78,0.13,-0.11,0.04
18083,-1.68,-0.13,-0.47,-0.18,-0.11,-0.07
18084,-1.68,0.08,-0.78,0.13,0.10,0.14
18085,-1.47,0.08,-0.36,0.03,-0.11,-0.07
18086,-1.47,-0.13,-0.36,0.03,-0.00,0.14
18087,-1.36,0.08,-0.26,0.03,-0.00,0.04
18088,-1.16,0.29,0.05,0.03,0.10,0.04
18089,-1.26,-0.02,-0.16,-0.18,-0.00,-0.07
18090,-1.05,-0.02,0.05,0.13,0.10,0.14
18091,-0.95,0.29,0.26,0.03,0.10,0.04
18092,-1.05,0.19,0.47,0.03,-0.00,-0.07
18093,-0.84,0.19,0.16,0.13,0.10,0.04
18094,-1.05,-0.02,0.47,0.13,-0.00,0.04
18095,-0.64,-0.02,0.16,0.03,-0.21,-0.07
18096,-0.95,-0.13,0.26,0.13,-0.11,-0.07
18097,-0.95,0.08,0.36,0.03,-0.11,-0.07
18098,-1.16,-0.02,-0.16,-0.08,-0.11,0.04
18099,-1.26,-0.23,-0.26,0.03,-0.11,0.14
18100,-1.26,-0.23,-0.16,0.03,-0.21,-0.07
18101,-1.36,-0.23,-0.26,0.03,-0.11,0.04
18102,-1.47,-0.13,-0.47,0.03,-0.21,-0.17
18103,-1.88,-0.23,-0.47,-0.08,-0.11,-0.17
18104,-1.57,-0.02,-0.68,-0.08,-0.11,-0.17
18105,-1.78,-0.23,-0.78,0.03,-0.00,0.14
18247,-0.95,0.29,0.26,0.03,-0.00,0.04
18248,-0.95,0.19,0.36,-0.08,-0.00,0.04
18249,-0.84,0.19,0.47,0.03,-0.11,-0.07
18250,-0.74,-0.02,0.26,0.03,-0.11,-0.07
18251,-0.84,-0.13,0.16,0.13,-0.11,0.04
18252,-0.84,-0.02,0.36,0.03,-0.11,-0.07
18253,-1.26,-0.02,0.16,0.13,-0.11,0.04
18254,-1.05,-0.33,-0.05,-0.08,-0.21,0.04
18255,-1.26,-0.54,-0.16,0.03,-0.21,-0.07
18256,-1.47,-0.23,-0.16,0.03,-0.31,-0.17
18257,-1.68,-0.23,-0.36,0.03,-0.11,-0.07
18258,-1.57,-0.33,-0.57,0.03,-0.11,-0.07
18260,-1.68,-0.23,-0.57,0.03,-0.00,0.04
18260,-1.68,-0.02,-0.57,-0.08,-0.21,-0.07
18261,-1.57,0.19,-0.36,-0.08,-0.11,-0.07
18262,-1.57,-0.13,-0.78,0.03,-0.11,0.14
18263,-1.57,0.08,-0.26,0.03,-0.00,-0.07
18264,-1.36,-0.02,-0.16,-0.08,-0.11,0.04
18265,-1.36,-0.02,-0.36,0.13,0.10,0.04
18266,-1.47,0.08,-0.05,0.13,-0.00,-0.07
18267,-0.95,0.19,-0.05,-0.08,-0.11,-0.17
18268,-1.05,0.08,0.16,-0.18,-0.00,-0.07
18269,-0.95,0.19,0.16,0.13,0.10,0.14
18270,-1.16,0.29,0.47,0.03,-0.00,-0.07
18271,-0.74,0.19,0.36,0.03,-0.11,-0.07
18272,-0.95,-0.02,0.36,0.03,0.10,-0.07
18273,-0.84,-0.02,0.68,0.03,-0.21,-0.07
18274,-0.84,0.08,0.26,0.13,-0.11,0.04
18275,-0.95,0.08,0.16,0.13,-0.21,0.04
18276,-1.05,-0.44,-0.16,0.03,-0.00,0.04
18277,-1.36,-0.13,-0.05,0.03,-0.21,-0.07
18278,-1.47,-0.33,-0.26,0.13,-0.11,-0.07
18279,-1.57,-0.13,-0.26,-0.08,-0.21,-0.17
18280,-1.57,-0.23,-0.68,0.13,-0.21,-0.07
18281,-1.78,-0.33,-0.47,0.13,-0.11,0.04
18282,-1.57,-0.02,-0.78,0.03,-0.00,-0.17
18283,-1.68,0.08,-0.47,0.03,-0.11,0.04
18284,-1.68,-0.02,-0.47,-0.08,0.10,0.04
18285,-1.57,0.19,-0.16,-0.08,-0.11,-0.07
18286,-1.47,0.08,-0.36,0.03,-0.00,0.04
18287,-1.16,-0.02,-0.47,-0.08,-0.11,-0.07
18288,-1.36,0.29,-0.16,0.13,-0.00,0.04
18289,-1.05,0.19,0.05,0.03,-0.11,-0.17
18290,-1.26,0.19,0.16,0.03,0.10,0.04
18291,-0.84,0.19,0.36,0.03,-0.00,-0.07
18292,-1.05,0.19,0.36,0.13,-0.00,0.04
18293,-0.84,0.08,0.16,0.03,-0.11,0.04
18294,-0.95,-0.13,0.36,0.03,-0.11,-0.17
18295,-0.84,-0.13,0.36,0.13,-0.11,0.14
18296,-0.84,-0.02,0.26,0.03,-0.21,0.04
18297,-1.05,-0.13,0.16,0.03,-0.00,0.04
18298,-1.16,-0.33,-0.05,0.03,-0.21,-0.07
18299,-1.26,-0.44,-0.26,0.13,-0.11,0.04
18300,-1.57,-0.33,-0.16,0.13,-0.11,0.04
18301,-1.47,-0.13,-0.16,0.03,-0.21,-0.17
18302,-1.57,-0.23,-0.57,0.03,-0.21,-0.07
18303,-1.78,-0.13,-0.47,0.03,-0.21,-0.07
18304,-1.57,0.08,-0.78,0.13,-0.11,-0.07
18305,-1.68,0.08,-0.47,0.13,-0.21,0.04
18306,-1.36,0.08,-0.68,0.13,-0.11,-0.07
18307,-1.68,-0.23,-0.36,0.03,-0.00,-0.07
18308,-1.47,0.08,-0.26,0.03,-0.00,-0.07
18309,-1.36,0.08,-0.36,0.13,-0.00,0.04
18310,-1.26,0.08,-0.05,0.03,-0.00,0.14
18311,-1.16,0.19,-0.05,-0.08,-0.11,-0.07
18312,-1.16,0.08,0.16,-0.08,0.10,0.04
18313,-0.95,0.39,0.26,-0.08,-0.00,-0.07
18314,-1.05,0.19,0.26,0.03,-0.00,0.04
18315,-0.84,0.08,0.16,0.13,-0.00,0.14
18316,-0.95,-0.02,0.47,0.03,-0.11,-0.07
18317,-0.84,-0.02,0.16,0.03,-0.00,0.14
18318,-0.84,-0.02,0.26,0.03,-0.21,-0.07
18319,-1.05,-0.13,0.16,0.03,0.10,0.04
18320,-1.26,-0.44,-0.26,0.13,-0.00,0.04
18321,-1.26,-0.23,-0.16,0.03,-0.21,-0.17
18322,-1.47,-0.33,-0.16,-0.08,-0.21,-0.07
18323,-1.47,-0.23,-0.36,0.03,-0.21,-0.07
18324,-1.68,-0.33,-0.57,0.13,-0.11,0.04
18325,-1.78,-0.02,-0.57,0.03,-0.11,-0.07
18326,-1.68,-0.02,-0.78,0.03,-0.00,-0.07
18327,-1.57,-0.02,-0.36,0.03,-0.21,-0.07
18328,-1.47,-0.02,-0.36,0.03,-0.00,-0.17
18329,-1.68,-0.02,-0.47,0.03,-0.00,0.04
18330,-1.36,-0.02,-0.68,-0.08,-0.11,0.04
18331,-1.47,-0.02,-0.36,0.03,-0.11,0.04
18332,-1.26,0.19,-0.16,0.03,-0.11,0.04
18333,-0.95,0.19,0.16,0.03,0.10,0.04
18334,-1.05,0.19,0.26,0.03,-0.00,0.04
18335,-0.95,0.29,0.26,-0.08,-0.11,-0.07
18336,-1.16,0.19,0.26,0.13,-0.00,0.04
18337,-0.74,-0.02,0.26,0.03,-0.11,-0.07
18338,-0.95,-0.02,0.47,-0.08,-0.00,0.04
18339,-0.74,0.08,0.26,0.03,-0.00,0.04
18340,-0.95,0.08,0.36,0.13,-0.00,0.04
18341,-0.95,-0.23,0.16,0.03,-0.11,-0.17
18342,-1.16,-0.33,-0.16,-0.08,-0.21,0.04
18343,-1.16,-0.23,-0.16,0.03,-0.11,-0.07
18344,-1.36,-0.33,-0.36,0.13,-0.21,0.04
18345,-1.57,-0.23,-0.26,0.03,-0.21,-0.17
18346,-1.57,-0.23,-0.57,0.13,0.10,-0.07
18347,-1.68,-0.13,-0.47,-0.08,-0.11,-0.07
18348,-1.68,0.08,-0.78,0.13,-0.00,-0.07
18349,-1.57,-0.13,-0.47,-0.08,-0.00,-0.07
18350,-1.57,-0.13,-0.47,0.13,0.10,0.14
18351,-1.57,-0.02,-0.36,0.03,-0.00,0.04
18352,-1.57,0.19,-0.26,-0.18,-0.11,-0.07
18353,-1.26,-0.02,-0.26,0.13,0.10,0.14
18354,-1.16,0.29,-0.26,-0.18,-0.11,-0.17
18355,-1.16,-0.02,-0.05,0.03,0.10,-0.07
18356,-1.16,0.19,0.26,-0.08,0.10,0.04
18357,-0.95,0.29,0.16,-0.08,-0.00,-0.07
18358,-1.05,0.29,0.16,0.03,-0.00,0.14
18359,-0.84,0.08,0.47,-0.08,-0.00,0.04
18360,-0.74,0.08,0.36,-0.08,-0.00,-0.07
18361,-0.74,0.08,0.36,0.03,-0.11,-0.17
18362,-0.84,-0.23,0.16,0.03,-0.11,0.14
18363,-1.05,-0.13,-0.05,-0.08,-0.11,-0.07
18364,-1.05,-0.23,0.16,0.03,-0.11,0.04
18365,-1.16,-0.23,0.05,0.03,-0.21,-0.07
18366,-1.26,-0.23,-0.16,0.03,-0.21,-0.07
18367,-1.57,-0.33,-0.26,0.03,-0.11,0.04
18368,-1.57,-0.13,-0.47,0.03,-0.11,-0.07
18369,-1.78,0.08,-0.36,-0.18,-0.21,-0.07
18370,-1.68,-0.02,-0.78,-0.08,-0.11,-0.07
18371,-1.47,0.08,-0.26,-0.18,-0.11,-0.07
18372,-1.57,-0.02,-0.47,0.03,0.10,0.04
18373,-1.47,-0.02,-0.36,0.03,-0.11,0.14
18374,-1.47,0.08,-0.36,-0.08,-0.11,-0.07
18375,-1.26,0.08,-0.36,-0.08,-0.21,0.04
18376,-1.26,0.08,-0.36,0.03,0.10,0.14
18377,-1.16,0.08,-0.05,0.23,-0.00,0.04
18378,-1.26,-0.02,0.26,0.13,0.10,0.14
18379,-0.95,0.29,0.05,-0.08,-0.11,-0.17
18380,-1.05,0.19,0.36,-0.08,0.10,0.04
18381,-1.05,-0.02,0.05,0.03,0.10,0.04
18382,-0.84,-0.02,0.68,-0.08,-0.21,0.04
18383,-0.64,0.29,0.47,-0.08,-0.11,-0.07
18384,-0.95,-0.02,0.26,0.03,-0.00,-0.07
18385,-0.95,-0.02,0.05,0.03,-0.21,-0.17
18386,-1.26,-0.33,-0.05,0.03,-0.11,0.04
18387,-1.05,-0.23,-0.05,-0.08,-0.21,-0.17
18388,-1.36,-0.33,-0.16,0.03,-0.00,-0.07
18389,-1.68,-0.23,-0.16,-0.08,-0.00,0.04
18390,-1.78,-0.23,-0.57,0.03,-0.21,-0.07
18391,-1.78,-0.02,-0.78,0.03,-0.00,0.14
18392,-1.68,-0.23,-0.99,0.03,-0.00,0.04
18393,-1.57,-0.02,-0.16,0.03,-0.11,-0.07
18394,-1.47,0.19,-0.36,0.13,-0.00,0.04
18395,-1.57,-0.13,-0.36,-0.08,-0.00,-0.07
18396,-1.68,-0.13,-0.57,0.13,-0.00,0.14
18397,-1.57,0.19,-0.36,-0.08,-0.00,-0.17
18398,-1.05,0.19,-0.26,-0.08,-0.11,-0.07
18399,-1.36,-0.02,-0.05,0.03,0.10,-0.07
18400,-1.16,0.19,0.05,-0.08,-0.21,-0.07
18401,-1.26,0.08,0.26,0.03,0.10,0.04
18402,-0.95,0.39,0.26,0.03,0.10,0.04
18403,-0.95,0.08,0.26,0.03,-0.11,-0.07
18404,-0.84,0.08,0.47,0.03,-0.11,0.04
18405,-0.84,0.19,0.26,0.03,-0.11,-0.07
18406,-0.84,-0.13,0.36,0.03,-0.11,-0.07
18407,-0.95,-0.13,0.16,-0.08,-0.21,-0.07
18408,-1.16,-0.23,0.26,0.03,-0.11,-0.07
18409,-1.16,-0.33,-0.05,0.03,-0.11,-0.17
18410,-1.47,-0.44,-0.26,0.03,-0.21,-0.07
18411,-1.36,-0.33,-0.36,0.13,-0.11,0.04
18412,-1.68,-0.33,-0.36,0.03,-0.21,-0.07
18413,-1.78,-0.02,-0.57,-0.08,-0.21,-0.07
18414,-1.88,-0.13,-0.68,0.03,-0.11,0.14
18415,-1.57,0.08,-0.47,0.03,-0.21,0.04
18416,-1.36,0.08,-0.47,-0.08,-0.11,-0.07
18417,-1.47,0.19,-0.26,0.13,-0.00,-0.07
18418,-1.47,0.08,-0.47,0.03,-0.00,0.04
18419,-1.36,-0.02,-0.36,0.03,0.10,0.04
18420,-1.05,0.19,-0.16,-0.08,-0.11,0.04
18421,-1.05,-0.13,0.05,0.13,0.10,0.14
18422,-1.05,0.08,0.16,-0.08,-0.11,-0.07
18423,-1.16,0.19,0.16,0.03,-0.00,0.04
18424,-1.05,0.08,0.26,0.03,-0.00,0.04
18425,-1.05,-0.02,0.26,0.03,-0.00,0.04
18426,-0.95,-0.02,0.47,0.13,0.10,0.14
18427,-0.84,0.08,0.47,-0.08,-0.21,-0.17
18428,-0.95,-0.13,0.16,0.13,-0.11,0.14
18429,-1.05,-0.13,0.05,0.03,-0.11,-0.17
18430,-1.05,-0.23,0.16,0.03,-0.31,0.04
18431,-1.16,-0.13,-0.16,0.03,-0.11,0.04
18432,-1.26,-0.23,-0.05,0.03,-0.11,-0.07
18433,-1.36,-0.23,-0.26,0.03,-0.21,-0.17
18434,-1.57,-0.23,-0.68,-0.08,-0.21,-0.28
18435,-1.68,-0.13,-0.57,0.03,-0.11,-0.07
18436,-1.68,-0.02,-0.68,0.03,-0.11,-0.07
18437,-1.68,-0.02,-0.68,0.03,-0.00,0.04
18438,-1.57,0.08,-0.36,0.03,-0.00,0.04
18439,-1.47,0.19,-0.26,-0.08,-0.11,-0.17
18440,-1.57,-0.02,-0.47,0.03,-0.00,0.04
18441,-1.36,0.08,-0.47,-0.08,0.21,0.04
18442,-1.16,0.19,-0.16,-0.08,-0.11,-0.07
18443,-1.16,0.19,-0.05,-0.08,-0.11,0.04
18444,-1.26,0.08,0.26,0.03,0.10,0.04
18445,-1.05,0.19,0.26,-0.08,0.10,-0.07
18446,-1.05,0.19,0.26,0.13,-0.00,0.04
18447,-0.95,-0.13,0.36,-0.08,-0.11,-0.07
18448,-0.74,-0.02,0.47,0.03,-0.11,0.04
18449,-0.84,0.19,0.36,0.03,-0.11,-0.07
18450,-0.95,0.19,0.36,-0.08,-0.11,-0.17
18451,-1.05,-0.13,0.16,0.03,-0.11,0.04
18452,-1.16,-0.33,-0.16,-0.08,-0.11,-0.07
18453,-1.05,-0.33,-0.16,0.03,-0.11,0.04
18454,-1.16,-0.23,0.05,0.03,-0.11,-0.07
18455,-1.57,-0.23,-0.36,-0.08,-0.21,-0.17
18456,-1.78,-0.33,-0.47,0.13,0.10,0.04
18457,-1.57,-0.13,-0.47,0.03,-0.21,0.04
18458,-1.78,-0.23,-0.68,-0.18,-0.00,-0.07
18459,-1.47,0.19,-0.57,0.03,0.10,-0.07
18460,-1.47,-0.13,-0.47,-0.08,-0.21,0.04
18461,-1.68,-0.02,-0.36,0.03,-0.00,0.14
18462,-1.47,-0.02,-0.47,-0.08,-0.00,-0.07
18463,-1.36,0.19,-0.16,0.13,0.10,-0.07
18464,-1.26,0.19,-0.26,0.03,-0.00,-0.07
18465,-1.16,-0.02,0.05,-0.08,-0.11,-0.07
18466,-1.05,0.08,0.16,0.03,-0.00,0.04
18467,-1.16,0.19,0.36,0.03,-0.00,-0.17
18468,-1.05,0.29,0.36,0.03,-0.00,0.04
18469,-1.16,0.08,0.57,0.03,-0.00,0.04
18470,-0.74,-0.02,0.36,0.13,-0.00,0.04
18471,-0.74,-0.13,0.26,0.03,-0.21,-0.07
18472,-0.95,0.08,0.26,0.13,0.10,0.14
18473,-1.05,-0.02,0.16,0.03,-0.21,-0.17
18474,-1.05,-0.44,-0.16,0.13,-0.00,0.14
18475,-1.16,-0.33,-0.05,-0.18,-0.11,-0.17
18476,-1.26,-0.23,-0.36,0.13,-0.00,-0.07
18477,-1.47,-0.33,-0.05,0.03,-0.11,-0.07
18478,-1.57,-0.44,-0.68,0.03,-0.00,-0.07
18479,-1.78,-0.23,-0.68,-0.08,-0.11,-0.07
18480,-1.68,-0.13,-0.57,0.03,-0.00,-0.07
18481,-1.68,0.08,-0.57,-0.08,-0.11,0.14
18482,-1.57,0.08,-0.57,0.13,0.21,0.14
18483,-1.47,-0.02,-0.57,0.03,0.10,0.14
18484,-1.68,-0.02,-0.36,0.13,0.10,0.14
18485,-1.36,0.08,-0.36,0.03,0.10,0.14
18486,-1.26,0.19,-0.05,0.03,-0.00,-0.07
18487,-1.16,-0.02,-0.16,0.03,0.10,0.04
18488,-1.26,0.19,0.16,0.03,-0.00,0.04
18489,-1.05,0.29,0.05,0.03,-0.00,0.14
18490,-1.05,0.29,0.16,0.03,-0.00,0.04
18491,-0.84,0.08,0.36,0.03,0.10,-0.07
18492,-0.95,-0.23,0.26,0.13,-0.00,0.14
18493,-0.95,-0.02,0.36,0.03,-0.11,-0.07
18494,-0.95,-0.02,0.26,0.03,-0.11,0.04
18495,-1.16,-0.13,-0.16,0.03,-0.21,-0.07
18496,-1.05,-0.13,0.05,0.03,-0.11,-0.07
18497,-1.36,-0.33,-0.16,0.13,-0.11,0.04
18498,-1.26,-0.33,-0.36,0.03,-0.11,-0.17
18499,-1.68,-0.23,-0.05,0.03,-0.11,-0.07
18500,-1.47,-0.23,-0.36,0.03,-0.21,-0.07
18501,-1.68,-0.13,-0.57,0.03,-0.11,0.04
18502,-1.57,-0.02,-0.78,-0.08,-0.11,-0.07
18503,-1.88,-0.13,-0.68,-0.08,-0.11,-0.28
18504,-1.36,-0.02,-0.68,0.03,-0.00,0.14
18505,-1.68,-0.02,-0.36,0.03,-0.11,0.04
18506,-1.36,0.08,-0.26,-0.08,-0.11,-0.07
18507,-1.47,0.19,-0.47,-0.08,-0.00,-0.07
18508,-1.16,0.08,-0.16,0.03,-0.00,-0.07
18509,-1.16,0.08,-0.16,-0.08,0.10,-0.07
18510,-1.05,0.08,-0.05,0.03,-0.00,-0.07
18511,-1.05,-0.13,0.26,0.03,-0.11,-0.07
18512,-1.16,0.19,0.36,-0.08,0.10,0.04
18513,-0.95,0.08,0.47,-0.08,-0.11,-0.17
18514,-0.64,-0.02,0.36,0.03,-0.00,-0.07
18515,-0.64,-0.02,0.36,-0.08,-0.11,-0.07
18516,-1.05,-0.02,0.47,0.03,-0.00,-0.07
18517,-1.05,-0.02,0.05,0.13,-0.21,-0.07
18518,-0.95,-0.13,0.16,0.03,-0.21,-0.07
18519,-1.05,-0.33,-0.16,0.03,-0.11,-0.07
18520,-1.47,-0.33,-0.36,0.03,-0.11,-0.07
18521,-1.47,-0.23,-0.57,-0.08,-0.11,-0.07
18522,-1.68,-0.33,-0.26,0.03,-0.21,-0.07
18523,-1.57,-0.13,-0.47,0.13,-0.11,0.04
18524,-1.78,-0.13,-0.47,0.03,-0.11,-0.07
18525,-1.68,0.19,-0.68,-0.08,-0.21,0.04
18526,-1.57,-0.13,-0.78,0.03,-0.21,-0.07
18527,-1.47,0.19,-0.26,0.03,-0.11,0.04
18528,-1.47,0.29,-0.36,0.03,-0.00,0.14
18529,-1.36,-0.02,-0.16,-0.08,0.10,0.04
18530,-1.36,-0.02,-0.26,0.03,0.10,0.04
18531,-1.16,0.19,-0.16,-0.08,-0.00,-0.07
18532,-1.05,0.08,0.05,0.13,-0.00,-0.07
18533,-1.05,-0.13,0.05,0.03,-0.00,0.04
18534,-1.16,-0.02,0.36,0.13,0.10,-0.07
18535,-0.95,0.19,0.47,0.03,-0.21,-0.07
18536,-0.74,0.19,0.36,0.03,-0.00,0.04
18537,-0.84,-0.13,0.26,0.03,-0.00,-0.07
18538,-0.74,-0.02,0.26,0.03,-0.21,-0.07
18539,-1.16,-0.13,0.16,0.13,0.10,0.04
18540,-0.95,0.08,0.05,0.03,-0.31,-0.17
18541,-1.05,-0.23,-0.16,-0.18,-0.31,-0.17
18542,-1.47,-0.33,-0.26,0.03,-0.00,-0.07
18543,-1.57,-0.02,-0.05,0.03,-0.21,-0.07
18544,-1.47,-0.23,-0.47,0.03,-0.11,-0.17
18545,-1.78,-0.44,-0.68,0.03,-0.00,0.04
18546,-1.68,-0.13,-0.47,-0.18,-0.21,-0.07
18547,-1.68,0.19,-0.47,-0.08,-0.21,-0.17
18548,-1.57,-0.02,-0.78,0.03,-0.11,-0.07
18549,-1.57,0.08,-0.47,0.03,0.10,-0.07
18550,-1.57,-0.13,-0.47,0.13,0.10,-0.07
18551,-1.26,0.19,-0.26,-0.08,-0.11,-0.07
18552,-1.26,0.19,-0.05,-0.08,-0.00,-0.07
18553,-1.05,0.08,-0.05,-0.18,-0.11,-0.17
18554,-1.16,0.19,0.26,-0.08,-0.11,-0.07
18555,-1.05,0.29,0.36,0.03,0.10,-0.07
18556,-0.95,-0.02,0.16,0.03,-0.00,0.04
18557,-1.05,-0.13,0.26,0.03,0.10,0.04
18558,-0.84,0.08,0.57,0.03,-0.00,0.14
18559,-0.84,-0.02,0.26,0.03,-0.11,0.04
18560,-0.84,-0.13,0.26,0.13,-0.00,0.04
18561,-1.16,-0.44,0.26,0.03,-0.11,-0.17
18562,-1.16,0.08,0.05,0.13,-0.11,-0.07
18563,-1.16,-0.13,-0.16,0.03,-0.31,-0.07
18564,-1.57,-0.33,-0.26,0.03,-0.21,-0.07
18565,-1.68,-0.33,-0.47,0.13,-0.11,-0.07
18566,-1.47,-0.02,-0.36,0.03,-0.11,-0.07
18567,-1.68,-0.23,-0.57,0.03,-0.00,0.14
18568,-1.88,-0.44,-0.57,0.13,-0.00,0.04
18569,-1.57,-0.13,-0.78,0.03,-0.11,0.04
18570,-1.68,-0.13,-0.68,0.03,-0.00,0.14
18571,-1.57,0.08,-0.68,0.03,-0.00,0.04
18572,-1.57,-0.13,-0.47,0.03,0.10,0.14
18573,-1.36,0.19,-0.16,0.03,-0.11,-0.07
18574,-1.36,0.08,-0.05,0.03,-0.00,0.04
18575,-1.16,0.19,-0.05,0.03,-0.00,-0.07
18576,-1.16,-0.23,0.05,0.13,0.10,0.14
18577,-1.26,-0.02,0.36,0.03,-0.00,0.04
18578,-1.16,0.19,0.26,0.13,0.10,0.04
18579,-0.95,0.19,0.47,0.03,-0.00,0.04
18580,-0.64,-0.02,0.26,0.03,-0.00,-0.07
18581,-0.84,0.08,0.36,0.23,-0.11,-0.07
18582,-0.84,-0.13,0.26,0.13,-0.11,0.04
18583,-1.05,-0.13,0.05,0.13,-0.21,-0.07
18584,-1.05,-0.33,0.05,0.13,-0.11,-0.07
18585,-1.16,-0.13,-0.05,-0.08,-0.00,-0.07
18586,-1.36,-0.13,-0.36,0.03,-0.31,-0.17
18587,-1.57,-0.23,-0.47,0.03,-0.00,0.04
18588,-1.57,-0.23,-0.57,0.03,-0.11,-0.07
18589,-1.68,-0.13,-0.47,0.03,-0.11,-0.07
18590,-1.57,0.08,-0.47,0.03,-0.11,-0.17
18591,-1.68,-0.23,-0.57,0.13,-0.00,0.04
18592,-1.57,-0.23,-0.68,0.03,-0.11,-0.17
18593,-1.57,0.29,-0.36,0.03,-0.00,-0.07
18594,-1.36,0.19,-0.47,0.03,-0.00,-0.07
18595,-1.26,0.08,-0.36,0.03,-0.00,-0.07
18596,-1.26,-0.02,-0.05,-0.08,-0.11,-0.07
18597,-1.36,0.19,0.05,0.03,-0.00,0.14
18598,-1.05,0.19,0.05,-0.08,-0.00,0.04
18599,-0.95,0.08,0.05,0.03,-0.11,0.04
18600,-0.84,-0.13,0.36,0.03,0.10,0.14
18601,-1.05,0.08,0.26,0.03,-0.00,0.04
18602,-0.84,0.19,0.57,0.03,-0.11,0.04
18603,-0.74,0.08,0.36,0.13,-0.00,0.04
18604,-0.95,-0.23,0.26,0.13,-0.11,-0.07
18605,-0.95,-0.13,0.05,0.13,-0.00,-0.07
18606,-1.16,-0.02,0.05,0.03,-0.11,-0.07
18607,-1.16,-0.33,-0.16,0.03,-0.21,-0.07
18608,-1.68,-0.23,-0.26,0.13,-0.00,0.04
18609,-1.47,-0.23,-0.36,0.03,-0.11,-0.07
18610,-1.68,-0.13,-0.57,-0.08,-0.21,-0.17
18611,-1.68,-0.13,-0.88,0.13,-0.11,0.04
18612,-1.78,-0.02,-0.36,-0.08,-0.11,-0.07
18613,-1.47,-0.02,-0.47,0.03,-0.11,0.04
18614,-1.47,0.08,-0.57,-0.08,-0.00,0.14
18615,-1.57,-0.13,-0.36,-0.08,-0.11,-0.07
18616,-1.47,0.19,-0.26,-0.08,-0.11,0.04
18617,-1.16,0.19,-0.36,0.03,0.21,-0.07
18618,-1.26,-0.02,-0.16,-0.08,0.10,-0.07
18619,-1.26,0.08,0.16,0.03,-0.00,0.04
18620,-1.16,0.19,0.16,0.03,0.21,-0.07
18621,-1.05,0.39,0.47,0.03,-0.00,0.04
18622,-0.95,-0.02,0.26,0.03,-0.11,0.04
18623,-0.84,-0.02,0.36,0.13,-0.11,0.04
18624,-0.74,-0.02,0.47,0.03,-0.11,0.04
18625,-0.95,0.08,0.36,0.03,-0.21,0.04
18626,-1.05,0.08,0.05,0.03,-0.11,-0.17
18627,-1.05,-0.33,0.16,0.13,-0.11,0.04
18628,-1.05,-0.23,0.05,0.03,-0.11,-0.07
18629,-1.36,-0.23,-0.16,0.13,-0.11,0.04
18630,-1.57,-0.33,-0.36,0.03,-0.11,-0.07
18631,-1.47,-0.33,-0.36,-0.08,-0.21,-0.07
18632,-1.68,-0.23,-0.47,0.03,-0.11,0.04
18633,-1.78,-0.23,-0.47,-0.08,-0.00,-0.07
18634,-1.68,0.08,-0.57,0.13,-0.11,-0.07
18635,-1.57,-0.02,-0.88,0.13,0.10,-0.07
18636,-1.47,-0.02,-0.57,0.13,-0.11,-0.07
18637,-1.47,0.08,-0.26,0.03,-0.00,0.04
18638,-1.47,0.08,-0.16,0.03,-0.00,0.04
18639,-1.26,0.19,-0.36,-0.08,-0.00,-0.07
18640,-1.16,-0.13,-0.05,0.03,-0.00,0.04
18641,-1.16,0.19,0.16,0.03,0.10,0.04
18642,-1.05,-0.13,0.05,0.03,0.21,0.04
18643,-1.05,0.29,0.36,-0.08,-0.11,-0.07
18644,-0.95,-0.02,0.36,0.13,-0.11,-0.07
18645,-1.05,0.08,0.47,0.03,-0.00,-0.07
18646,-0.74,-0.02,0.26,0.03,-0.11,-0.07
18647,-1.05,-0.13,0.36,0.13,-0.11,-0.07
18648,-0.95,-0.23,0.16,0.13,-0.11,0.04
18649,-0.84,-0.13,-0.05,0.03,-0.11,-0.07
18650,-1.05,-0.13,-0.05,0.03,-0.21,-0.17
18651,-1.26,-0.23,-0.16,0.03,-0.11,-0.07
18652,-1.57,-0.33,-0.26,0.03,-0.11,0.04
18653,-1.47,-0.33,-0.47,-0.08,-0.21,-0.17
18654,-1.68,-0.33,-0.47,0.03,-0.00,-0.17
18655,-1.68,-0.13,-0.68,0.03,-0.11,-0.07
18656,-1.78,0.19,-0.47,-0.08,-0.11,-0.07
18657,-1.47,-0.23,-0.78,-0.08,-0.11,-0.17
18658,-1.57,-0.02,-0.57,-0.18,-0.11,0.04
18659,-1.47,0.19,-0.36,-0.18,-0.11,0.04
18660,-1.36,0.19,-0.16,-0.08,-0.00,-0.07
18661,-1.16,0.08,-0.16,0.03,-0.00,0.04
18662,-1.05,0.08,-0.16,0.03,-0.00,-0.07
18663,-1.26,0.08,-0.05,-0.08,-0.11,0.04
18664,-1.05,0.19,0.36,0.03,-0.00,-0.07
18665,-1.05,0.08,0.26,-0.08,-0.00,-0.07
18666,-0.95,0.08,0.47,0.03,-0.00,0.04
18667,-0.95,0.08,0.26,0.03,-0.11,-0.07
18668,-0.95,0.08,0.26,0.03,-0.21,-0.07
18669,-0.95,-0.23,0.26,0.13,-0.11,0.04
18670,-0.84,-0.23,0.26,0.03,-0.31,-0.07
18671,-0.84,0.08,0.16,0.03,-0.11,-0.17
18672,-1.26,-0.23,-0.16,0.13,-0.00,0.04
18673,-1.26,-0.33,-0.36,0.13,-0.11,-0.17
18674,-1.57,-0.33,-0.36,-0.08,-0.21,-0.17
18675,-1.57,-0.13,-0.47,0.13,-0.11,0.04
18676,-1.57,-0.13,-0.47,0.03,-0.11,-0.17
18677,-1.68,-0.23,-0.47,-0.08,-0.00,0.04
18678,-1.78,-0.13,-0.68,0.03,-0.11,0.04
18679,-1.57,-0.13,-0.78,0.03,-0.00,-0.07
18680,-1.47,0.19,-0.47,-0.08,-0.00,-0.07
18681,-1.47,0.19,-0.36,0.03,0.10,0.04
18682,-1.36,0.08,-0.05,-0.08,-0.00,0.04
18683,-1.36,0.08,-0.16,-0.08,-0.00,0.04
18684,-1.05,0.29,-0.05,-0.18,-0.00,-0.07
18685,-1.16,0.19,0.16,0.03,-0.00,-0.07
18686,-1.16,0.08,0.05,0.03,-0.00,-0.07
18687,-1.05,0.08,0.26,0.03,-0.00,-0.07
18688,-0.95,0.19,0.36,0.13,-0.00,0.04
18689,-0.84,0.19,0.57,-0.08,-0.21,-0.07
18690,-0.74,-0.13,0.26,0.03,-0.11,0.04
18691,-1.05,0.08,0.47,-0.08,-0.11,-0.07
18692,-0.95,-0.13,-0.05,0.13,-0.11,0.04
18693,-1.05,-0.23,-0.05,0.03,-0.21,-0.07
18694,-0.95,-0.44,0.05,0.13,-0.11,-0.17
18695,-1.36,-0.33,0.05,-0.08,-0.21,-0.17
18696,-1.47,-0.23,-0.68,0.03,-0.21,-0.07
18697,-1.78,-0.33,-0.47,0.03,-0.11,0.04
18698,-1.57,-0.44,-0.78,0.03,-0.21,-0.07
18699,-1.68,-0.02,-0.26,0.03,-0.11,-0.07
18700,-1.57,0.08,-0.36,-0.08,-0.11,-0.07
18811,-0.84,1.33,-0.78,0.03,-0.11,-0.17
18811,-0.22,-0.23,-0.68,-0.08,-0.31,-0.28
18812,-1.47,0.19,-0.47,0.03,-0.00,0.14
18813,-1.36,0.19,-0.36,-0.08,0.10,-0.17
18814,-1.05,0.19,-0.36,0.03,-0.00,-0.07
18815,-1.05,0.19,0.26,-0.08,-0.11,-0.07
18816,-1.05,0.19,0.36,-0.08,-0.11,-0.07
18817,-1.26,0.08,0.16,0.13,0.10,0.14
18818,-1.05,0.08,0.16,0.03,-0.00,-0.07
18819,-1.05,-0.02,0.47,0.13,-0.00,-0.07
18820,-0.74,0.08,0.36,0.03,-0.11,-0.07
18821,-0.95,-0.02,0.57,0.03,-0.00,-0.07
18822,-1.05,-0.13,0.26,0.03,-0.11,-0.07
18823,-0.95,-0.13,-0.05,0.13,-0.00,-0.07
18824,-1.05,-0.23,-0.05,-0.08,-0.11,-0.07
18825,-1.26,-0.23,-0.16,0.03,-0.11,0.04
18826,-1.26,-0.23,-0.26,0.13,-0.11,-0.07
18827,-1.57,-0.65,-0.47,0.13,-0.11,0.04
18828,-1.68,-0.23,-0.36,0.03,-0.11,-0.07
18829,-1.68,-0.23,-0.57,0.03,-0.21,-0.07
18830,-1.78,-0.13,-0.78,-0.08,-0.21,-0.07
18831,-1.57,-0.02,-0.68,-0.08,-0.11,-0.17
18832,-1.47,0.08,-0.57,0.03,-0.11,-0.07
18833,-1.36,0.08,-0.36,-0.08,-0.00,0.14
18834,-1.36,0.19,-0.05,-0.08,-0.00,0.14
18835,-1.36,0.19,-0.26,-0.08,-0.11,0.04
18836,-1.16,0.19,-0.26,-0.08,-0.11,-0.07
18837,-1.16,0.08,0.16,0.03,-0.00,0.14
18838,-1.26,0.08,0.16,0.13,-0.00,0.04
18839,-1.26,0.08,0.36,-0.08,-0.00,0.04
18840,-0.95,0.08,0.36,0.03,-0.11,0.04
18841,-1.05,0.29,0.47,-0.08,-0.00,-0.07
18842,-0.74,-0.02,0.16,0.03,-0.11,-0.07
18843,-1.05,-0.02,0.26,0.03,-0.11,0.04
18844,-0.84,-0.23,0.36,-0.08,-0.11,0.04
18845,-0.95,-0.02,-0.05,0.03,-0.11,-0.07
18846,-1.16,-0.13,-0.05,-0.08,-0.21,-0.17
18847,-1.36,-0.23,-0.26,0.13,-0.11,-0.07
18848,-1.36,-0.44,-0.47,0.03,-0.11,-0.07
18849,-1.36,-0.23,-0.47,0.03,-0.11,-0.07
18850,-1.68,-0.13,-0.47,0.03,-0.11,0.04
18851,-1.57,0.08,-0.36,0.03,-0.21,-0.07
18852,-1.78,-0.23,-0.47,0.03,-0.00,0.04
18853,-1.57,0.08,-0.68,-0.08,-0.00,-0.07
18854,-1.36,0.08,-0.68,0.03,-0.21,0.04
18855,-1.36,0.08,-0.26,0.03,-0.00,-0.07
18856,-1.47,0.19,-0.47,0.03,-0.11,-0.07
18857,-1.36,0.19,-0.26,0.03,0.21,0.04
18858,-1.05,0.08,0.05,-0.08,0.10,0.04
18859,-1.26,0.08,0.05,0.03,0.10,0.04
18860,-1.05,0.19,0.05,0.03,0.10,-0.07
18861,-1.26,-0.23,0.26,-0.08,-0.00,0.14
18862,-1.05,0.08,0.26,0.03,0.10,-0.07
18863,-0.95,0.08,0.57,0.03,-0.00,0.04
18864,-0.84,-0.02,0.36,0.03,-0.00,0.14
18865,-1.05,0.08,0.26,-0.08,-0.00,-0.07
18866,-1.05,-0.33,-0.05,0.03,-0.00,0.04
18867,-1.05,-0.33,-0.05,0.13,-0.11,0.04
18868,-1.16,-0.33,0.05,0.03,-0.11,0.04
18869,-1.26,-0.33,-0.05,-0.08,-0.21,-0.17
18870,-1.36,-0.23,-0.26,0.03,-0.21,-0.17
18871,-1.57,-0.33,-0.47,-0.08,-0.11,0.04
18872,-1.68,-0.23,-0.57,-0.08,-0.21,-0.17
18873,-1.68,-0.02,-0.57,0.03,-0.00,0.04
18874,-1.57,-0.02,-0.57,-0.08,-0.11,0.04
18875,-1.47,0.08,-0.57,0.03,0.10,-0.07
18876,-1.57,-0.02,-0.47,-0.08,-0.11,0.04
18877,-1.47,0.19,-0.26,-0.18,-0.00,-0.07
18878,-1.47,0.19,-0.57,0.03,-0.00,0.04
18879,-1.05,0.08,-0.26,0.03,-0.11,-0.07
18880,-1.26,0.19,-0.05,0.03,-0.11,0.04
18881,-1.16,0.19,0.16,0.03,0.10,0.04
18882,-1.16,0.29,0.36,-0.08,-0.11,-0.07
18883,-1.05,0.08,0.16,0.13,-0.00,0.04
18884,-0.84,0.08,0.57,0.03,-0.11,-0.07
18885,-0.95,-0.13,0.26,0.13,-0.00,0.14
18886,-1.16,0.08,0.36,0.03,-0.00,0.04
18887,-1.16,-0.13,0.16,0.03,-0.00,0.14
18888,-0.84,0.08,0.36,0.03,-0.31,-0.17
18889,-1.05,-0.23,-0.16,0.13,-0.21,-0.07
18890,-1.47,-0.44,-0.26,0.03,-0.00,-0.07
18891,-1.26,-0.13,-0.26,-0.08,-0.21,0.04
18892,-1.47,-0.54,-0.36,0.13,-0.11,-0.17
18893,-1.47,-0.23,-0.47,0.03,-0.00,-0.07
18894,-1.88,-0.33,-0.26,-0.08,-0.00,0.04
18895,-1.78,0.08,-0.78,0.13,-0.00,0.04
18896,-1.78,-0.13,-0.68,-0.08,-0.00,-0.17
18897,-1.26,0.29,-0.68,0.03,-0.00,0.04
18898,-1.36,0.08,-0.36,0.03,0.10,0.04
18899,-1.47,0.29,-0.26,0.03,-0.00,-0.07
18900,-1.36,0.29,-0.05,-0.08,-0.11,-0.17
18901,-1.16,0.29,-0.26,-0.18,-0.00,0.14
18902,-1.05,0.19,-0.05,-0.08,-0.00,0.04
18903,-1.16,0.08,0.16,0.03,0.10,0.04
18904,-1.26,0.08,0.16,0.13,-0.00,0.04
18905,-1.05,0.19,0.26,0.03,-0.00,-0.07
18906,-1.05,0.19,0.36,0.13,-0.00,0.04
18907,-0.95,0.08,0.47,0.03,-0.11,0.04
18908,-0.74,-0.13,0.26,0.13,-0.00,0.04
18909,-0.95,-0.23,0.36,0.03,-0.11,0.04
18910,-0.95,-0.23,0.05,0.03,-0.11,0.04
18911,-1.05,-0.13,-0.05,0.03,-0.21,-0.07
18912,-1.36,-0.33,-0.05,0.03,-0.00,-0.07
18913,-1.36,-0.23,-0.36,-0.08,-0.21,-0.07
18914,-1.47,-0.23,-0.47,0.03,-0.11,-0.07
18915,-1.47,-0.23,-0.57,-0.08,-0.21,-0.07
18916,-1.68,-0.23,-0.26,0.03,-0.21,-0.17
18917,-1.57,-0.02,-0.47,-0.08,-0.11,-0.07
18918,-1.57,0.08,-0.47,0.13,-0.00,-0.17
18919,-1.47,0.19,-0.36,0.03,-0.21,0.04
18920,-1.47,0.08,-0.68,0.13,-0.00,-0.07
18921,-1.47,0.29,-0.26,0.03,-0.11,0.04
18922,-1.36,0.08,-0.26,0.03,0.10,0.14
18923,-1.16,0.08,-0.05,0.03,-0.00,-0.07
18924,-1.16,0.19,0.16,0.03,-0.00,0.04
18925,-1.26,0.19,0.36,0.03,-0.00,0.04
18926,-1.05,0.08,0.16,-0.08,0.10,0.04
18927,-1.05,0.08,0.16,0.03,-0.00,-0.07
18928,-0.95,-0.02,0.47,0.03,-0.11,0.04
18929,-0.95,0.08,0.36,-0.08,-0.21,0.04
18930,-0.95,-0.02,0.26,-0.08,-0.21,-0.07
18931,-0.95,-0.23,0.26,0.13,-0.11,-0.07
18932,-1.05,-0.33,-0.05,0.13,-0.21,0.04
18933,-1.16,-0.13,0.05,0.03,-0.21,-0.07
18934,-1.26,-0.33,-0.16,0.03,-0.11,-0.07
18935,-1.47,-0.33,-0.36,0.03,-0.11,-0.07
18936,-1.68,-0.23,-0.36,0.03,-0.21,-0.07
18937,-1.57,-0.23,-0.47,-0.08,-0.11,-0.07
18938,-1.78,-0.13,-0.68,-0.08,-0.00,0.04
18939,-1.57,-0.23,-0.68,0.03,-0.00,0.04
18940,-1.57,-0.02,-0.57,0.03,-0.00,0.04
18941,-1.36,0.19,-0.36,0.03,-0.11,-0.07
18942,-1.26,0.19,-0.05,0.03,-0.00,-0.07
18943,-1.36,0.19,-0.16,0.03,0.10,0.04
18944,-1.16,0.19,-0.26,-0.08,0.10,0.04
18945,-1.16,0.08,-0.16,-0.08,-0.00,0.24
18946,-1.16,0.29,0.16,0.03,-0.00,0.04
18947,-1.16,0.29,0.36,0.03,-0.00,0.04
18948,-1.05,0.08,0.36,0.03,-0.00,0.14
18949,-0.95,0.19,0.47,-0.08,-0.11,-0.07
18950,-0.95,-0.02,0.16,0.03,-0.00,0.04
18951,-1.05,-0.23,0.26,0.03,-0.11,0.04
18952,-0.95,-0.02,0.26,0.03,-0.11,-0.07
18953,-0.95,0.08,0.05,0.03,-0.11,0.04
18954,-1.05,-0.13,0.05,0.13,-0.11,-0.07
18955,-1.36,-0.23,-0.16,-0.08,-0.11,-0.17
18956,-1.47,-0.23,-0.26,-0.08,-0.21,-0.17
18957,-1.47,-0.33,-0.47,0.13,-0.11,-0.07
18958,-1.57,-0.33,-0.26,0.03,-0.11,-0.07
18959,-1.68,-0.23,-0.47,0.03,-0.11,0.04
18960,-1.88,-0.02,-0.47,0.03,-0.11,-0.07
18961,-1.68,-0.13,-0.57,0.13,-0.00,0.04
18962,-1.36,-0.02,-0.68,-0.08,-0.21,0.04
18963,-1.36,0.19,-0.47,0.13,-0.11,0.04
18964,-1.36,0.08,-0.26,0.03,-0.11,-0.07
18965,-1.36,0.19,-0.16,0.03,-0.11,0.04
18966,-1.26,0.39,-0.16,0.03,-0.00,-0.07
18967,-0.84,0.08,0.05,-0.08,-0.11,-0.07
18968,-0.95,0.29,-0.05,-0.08,-0.00,0.04
18969,-1.16,-0.02,0.16,0.03,-0.11,0.04
18971,-1.16,-0.02,0.16,0.03,-0.00,0.04
18971,-0.95,0.19,0.47,-0.08,-0.00,0.04
18972,-0.84,0.19,0.47,-0.08,-0.11,0.04
18973,-1.05,-0.13,0.26,0.13,-0.00,-0.17
18974,-1.05,-0.23,0.16,-0.08,-0.21,-0.07
18975,-0.95,-0.33,0.05,0.03,-0.21,-0.07
18976,-1.05,-0.33,-0.26,0.03,-0.11,-0.07
18977,-1.26,-0.23,0.05,0.03,-0.21,-0.07
18978,-1.36,-0.33,-0.16,0.03,-0.11,-0.07
18979,-1.47,-0.23,-0.36,0.03,-0.21,-0.17
18980,-1.68,-0.13,-0.68,0.03,-0.11,0.04
18981,-1.68,-0.02,-0.57,0.03,-0.00,0.04
18982,-1.68,-0.23,-0.57,0.03,-0.11,0.04
18983,-1.47,-0.13,-0.36,0.03,-0.11,0.04
18984,-1.47,0.29,-0.36,0.03,-0.11,-0.07
18985,-1.47,0.29,-0.47,-0.08,-0.11,-0.17
18986,-1.36,0.08,-0.47,-0.08,-0.00,-0.07
18987,-1.36,-0.02,-0.36,0.03,-0.00,-0.17
18988,-1.05,0.08,-0.05,-0.08,-0.11,-0.07
18989,-1.16,0.19,0.26,0.03,-0.00,0.04
18990,-0.95,0.29,0.16,-0.08,-0.11,-0.07
18991,-1.26,-0.13,0.36,-0.08,-0.11,0.04
18992,-0.95,-0.02,0.16,0.03,-0.00,-0.07
18993,-1.26,-0.13,0.47,0.13,-0.00,0.04
18994,-0.95,-0.02,0.47,-0.08,-0.11,0.04
18995,-1.16,-0.13,0.16,0.03,-0.00,-0.07
18996,-0.84,-0.02,0.36,0.13,-0.21,0.04
18997,-1.05,-0.33,-0.05,0.03,-0.11,-0.17
18998,-1.16,-0.13,-0.05,0.13,-0.11,-0.07
18999,-1.26,-0.33,-0.26,0.13,-0.21,0.04
19000,-1.36,-0.44,-0.36,-0.08,-0.11,-0.07
19001,-1.57,-0.33,-0.47,0.03,-0.00,-0.07
19002,-1.47,-0.02,-0.26,0.03,-0.11,-0.07
19003,-1.88,-0.02,-0.57,0.03,-0.11,-0.28
19004,-1.78,-0.02,-0.78,0.03,-0.00,0.04
19005,-1.57,0.08,-0.57,0.03,-0.21,-0.07
19006,-1.16,-0.02,-0.36,0.13,-0.00,0.04
19007,-1.47,0.19,-0.26,0.03,0.10,0.04
19008,-1.36,0.29,-0.16,-0.08,-0.00,-0.07
19009,-1.16,0.08,-0.16,0.03,0.10,0.04
19010,-1.16,0.08,-0.16,0.03,-0.00,-0.07
19011,-1.05,0.19,0.26,-0.08,-0.11,-0.07
19012,-1.05,-0.02,0.26,0.13,-0.00,0.04
19013,-1.16,0.08,0.36,0.03,0.10,0.04
19014,-1.05,-0.02,0.26,0.03,-0.11,0.04
19015,-1.05,-0.02,0.47,0.03,-0.11,-0.07
19016,-1.05,0.08,0.26,0.03,-0.11,0.04
19017,-0.95,-0.13,0.16,-0.08,-0.11,-0.07
19018,-0.95,-0.23,0.16,0.13,-0.11,0.14
19019,-1.05,-0.23,0.05,0.03,-0.11,-0.07
19020,-1.26,-0.23,-0.05,0.03,-0.21,-0.07
19021,-1.57,-0.23,-0.16,0.03,-0.21,-0.07
19022,-1.47,-0.33,-0.57,-0.08,-0.11,-0.07
19023,-1.57,-0.13,-0.57,0.13,-0.11,-0.07
19024,-1.57,-0.13,-0.26,0.03,-0.21,-0.07
19025,-1.78,-0.02,-0.57,-0.08,-0.11,-0.07
19026,-1.47,-0.02,-0.36,0.03,-0.11,0.04
19027,-1.47,0.08,-0.57,0.03,-0.00,0.14
19028,-1.36,0.19,-0.57,-0.08,-0.00,0.14
19029,-1.26,0.39,-0.36,-0.08,-0.00,-0.07
19030,-1.36,0.08,-0.05,-0.08,-0.00,0.04
19031,-1.16,0.19,-0.16,0.03,-0.00,0.04
19032,-1.05,-0.02,0.05,0.03,0.10,0.14
19033,-1.05,0.19,0.26,0.03,0.10,0.04
19034,-1.26,-0.02,0.05,0.13,-0.00,0.04
19035,-1.16,0.19,0.26,0.03,-0.00,0.14
19036,-0.95,-0.02,0.36,0.03,-0.00,-0.07
19037,-0.95,-0.02,0.57,0.03,-0.11,0.14
19038,-1.05,0.08,0.16,0.03,-0.00,0.04
19039,-0.95,-0.02,0.05,0.03,-0.11,-0.07
19040,-0.84,-0.33,-0.16,0.03,-0.11,-0.17
19041,-1.16,-0.33,-0.16,-0.08,-0.11,-0.07
19042,-1.16,-0.23,-0.16,-0.08,-0.11,-0.07
19043,-1.47,-0.44,-0.16,0.13,-0.11,0.04
19044,-1.26,-0.23,-0.36,-0.08,-0.11,-0.07
19045,-1.78,-0.44,-0.47,0.13,-0.00,0.04
19046,-1.57,0.08,-0.47,0.03,-0.21,0.04
19047,-1.57,-0.13,-0.78,0.03,-0.11,0.04
19048,-1.47,-0.02,-0.57,-0.08,-0.21,-0.07
19049,-1.36,0.08,-0.36,0.03,0.10,0.04
19050,-1.36,0.29,-0.26,-0.08,-0.11,0.04
19051,-1.47,0.19,-0.16,0.03,-0.00,0.04
19052,-1.05,0.08,-0.26,0.03,-0.00,0.04
19053,-1.05,0.19,-0.26,0.03,-0.00,0.14
19054,-1.05,0.08,0.16,0.03,-0.11,-0.07
19055,-1.36,0.19,0.26,0.03,-0.00,-0.07
19056,-1.05,0.19,0.57,0.23,-0.00,0.04
19057,-1.05,0.19,0.36,0.03,-0.11,-0.17
19058,-1.05,0.08,0.47,-0.08,-0.11,-0.07
19059,-1.05,-0.13,0.26,0.13,-0.00,0.04
19060,-0.95,-0.13,0.26,-0.08,-0.00,-0.07
19061,-0.95,-0.13,0.16,0.13,-0.00,-0.07
19062,-0.95,-0.13,0.05,0.03,-0.11,-0.17
19063,-1.36,-0.33,0.05,0.13,-0.11,-0.07
19064,-1.36,-0.33,-0.47,0.03,-0.11,-0.07
19065,-1.47,-0.33,-0.47,0.03,-0.11,0.04
19066,-1.36,-0.13,-0.57,-0.08,-0.11,-0.07
19067,-1.57,-0.33,-0.47,0.13,-0.11,-0.07
19068,-1.68,-0.13,-0.36,0.03,-0.11,0.04
19069,-1.68,-0.13,-0.47,-0.08,-0.11,-0.07
19070,-1.36,0.19,-0.78,0.03,-0.11,0.14
19071,-1.36,0.19,-0.57,-0.08,0.10,0.04
19072,-1.26,0.29,-0.16,-0.08,-0.11,0.04
19073,-1.36,-0.02,-0.26,0.03,-0.00,0.04
19074,-1.05,0.39,-0.05,-0.08,-0.00,0.04
19075,-1.16,0.19,0.16,0.03,-0.00,0.14
19076,-0.95,0.19,0.05,-0.08,-0.00,0.04
19077,-1.26,-0.23,0.26,0.03,0.10,-0.07
19078,-1.05,-0.02,0.47,-0.08,-0.00,-0.07
19079,-1.16,-0.02,0.26,0.13,-0.00,-0.07
19080,-1.05,0.08,0.47,0.03,-0.00,-0.07
19081,-1.16,-0.13,0.36,0.13,0.10,0.04
19082,-0.95,-0.13,0.16,0.03,-0.11,0.04
19083,-1.16,-0.23,-0.16,0.03,-0.11,-0.17
19084,-1.05,-0.13,-0.16,0.13,-0.11,-0.07
19085,-1.26,-0.33,-0.16,0.13,-0.00,-0.17
19086,-1.36,-0.33,-0.16,0.03,-0.11,-0.17
19087,-1.36,-0.44,-0.36,0.03,-0.11,-0.17
19088,-1.68,-0.33,-0.57,0.03,-0.21,0.04
19089,-1.78,-0.02,-0.47,0.03,-0.11,-0.07
19090,-1.57,-0.23,-0.78,0.03,-0.11,0.04
19091,-1.47,-0.02,-0.57,0.03,-0.00,0.04
19092,-1.36,0.19,-0.26,0.03,-0.11,0.04
19093,-1.36,0.19,-0.16,-0.08,-0.11,0.04
19094,-1.36,0.29,-0.36,0.03,-0.00,-0.07
19095,-1.26,0.08,-0.36,0.03,0.10,-0.07
19096,-0.95,0.19,-0.05,0.13,-0.00,0.14
19097,-1.16,0.08,0.16,0.03,-0.00,0.04
19098,-1.16,0.19,0.36,0.13,-0.11,0.04
19099,-1.16,-0.02,0.26,0.03,-0.11,-0.07
19100,-1.05,-0.02,0.36,0.13,-0.00,0.04
19101,-0.95,-0.23,0.16,0.03,-0.00,-0.07
19102,-1.05,-0.02,0.57,-0.08,-0.00,0.04
19103,-0.84,-0.23,0.26,0.03,-0.11,-0.07
19104,-1.05,-0.02,0.16,0.03,-0.00,-0.17
19105,-0.95,-0.13,0.05,-0.08,-0.21,-0.17
19106,-1.26,-0.23,-0.36,0.13,-0.11,-0.07
19107,-1.36,-0.23,-0.26,0.13,-0.00,0.04
19108,-1.47,-0.33,-0.47,0.03,-0.21,-0.07
19109,-1.36,-0.23,-0.47,0.13,-0.11,-0.07
19110,-1.47,-0.13,-0.16,0.13,-0.11,-0.07
19111,-1.68,0.08,-0.36,-0.08,-0.21,-0.07
19112,-1.68,-0.13,-0.57,0.03,-0.00,-0.07
19113,-1.47,0.08,-0.78,-0.08,-0.00,-0.07
19114,-1.36,0.08,-0.36,0.03,-0.00,-0.07
19115,-1.26,0.08,-0.36,-0.08,0.10,0.04
19116,-1.26,0.29,-0.05,0.03,-0.11,-0.07
19117,-1.16,0.19,-0.05,0.03,0.10,0.04
19118,-1.05,0.08,-0.05,0.03,-0.00,-0.07
19119,-1.05,0.19,0.16,-0.08,-0.00,0.04
19120,-1.16,-0.02,0.05,0.13,-0.11,0.04
19121,-1.16,-0.13,0.47,0.03,-0.00,0.04
19122,-0.95,-0.02,0.26,0.13,-0.11,0.04
19123,-1.05,0.08,0.36,0.13,-0.11,0.04
19124,-1.05,0.08,0.26,0.13,-0.00,0.04
19125,-1.05,-0.13,-0.05,0.03,-0.11,-0.07
19126,-0.95,-0.33,-0.05,0.13,-0.11,0.04
19127,-1.05,-0.33,0.05,0.03,-0.31,0.04
19128,-1.16,-0.23,0.05,0.03,-0.21,0.04
19129,-1.47,-0.33,-0.16,0.23,-0.11,0.04
19130,-1.36,-0.33,-0.57,-0.08,-0.11,0.04
19131,-1.57,-0.33,-0.57,0.03,-0.11,-0.17
19132,-1.78,-0.23,-0.36,0.03,-0.11,-0.07
19133,-1.57,-0.02,-0.57,-0.18,-0.21,-0.07
19134,-1.57,0.08,-0.57,-0.08,0.10,0.14
19135,-1.36,0.08,-0.26,0.03,-0.00,0.04
19136,-1.47,0.08,-0.36,-0.08,-0.11,0.04
19137,-1.26,0.19,-0.36,0.03,-0.00,0.04
19138,-1.16,0.08,-0.36,0.03,-0.11,0.04
19139,-0.95,0.19,-0.05,0.03,-0.11,0.04
19140,-1.05,0.08,0.05,0.03,-0.00,0.14
19141,-1.26,-0.02,0.36,0.13,0.10,0.04
19142,-1.05,-0.02,0.26,0.03,0.10,0.04
19143,-1.05,0.19,0.26,0.03,-0.11,-0.07
19144,-1.05,0.08,0.47,0.03,-0.00,0.04
19145,-1.16,-0.13,0.16,0.03,-0.00,-0.17
19146,-1.05,-0.23,0.36,0.03,-0.11,-0.07
19147,-0.95,0.08,0.36,0.13,-0.11,-0.17
19148,-0.95,-0.23,-0.36,-0.08,-0.21,-0.07
19149,-1.36,-0.23,-0.16,0.13,-0.00,0.04
19150,-1.16,-0.44,-0.47,0.03,-0.11,0.04
19151,-1.36,-0.33,-0.36,-0.08,-0.21,-0.07
19152,-1.26,-0.13,-0.36,0.03,-0.11,0.04
19153,-1.68,-0.23,-0.26,0.03,-0.11,0.04
19154,-1.57,-0.02,-0.57,0.13,-0.11,-0.07
19155,-1.78,-0.23,-0.57,0.03,-0.00,0.14
19156,-1.47,-0.02,-0.47,-0.08,-0.11,0.04
19157,-1.26,0.29,-0.36,0.03,-0.11,0.04
19158,-1.36,0.39,-0.16,0.03,-0.00,0.14
19159,-1.26,0.08,-0.16,-0.08,-0.11,-0.07
19160,-1.16,0.08,-0.16,-0.18,-0.11,0.04
19161,-0.95,0.08,0.05,0.13,-0.00,0.04
19162,-1.05,0.29,0.16,0.03,0.10,0.04
19163,-1.05,0.08,0.26,0.03,-0.00,-0.07
19164,-1.05,-0.02,0.36,-0.08,-0.11,-0.07
19165,-1.16,-0.02,0.36,0.03,-0.00,0.04
19166,-1.05,0.08,0.16,-0.08,-0.11,0.04
19167,-0.95,0.08,0.36,0.13,-0.21,-0.17
19168,-0.95,-0.13,0.16,0.13,-0.11,-0.07
19169,-1.16,-0.33,0.05,-0.08,-0.11,-0.07
19170,-1.05,-0.33,-0.05,0.03,-0.00,-0.07
19171,-1.36,-0.23,-0.05,0.03,-0.21,-0.07
19172,-1.26,-0.23,-0.16,0.03,-0.21,-0.07
19173,-1.47,-0.44,-0.57,0.03,-0.21,-0.07
19174,-1.57,-0.23,-0.47,0.13,-0.00,0.04
19175,-1.78,-0.13,-0.47,0.03,-0.21,-0.07
19176,-1.57,0.08,-0.57,0.03,-0.11,-0.07
19177,-1.57,0.08,-0.36,-0.08,-0.21,-0.17
19178,-1.36,-0.13,-0.68,0.03,-0.11,-0.07
19179,-1.47,0.19,-0.36,-0.08,-0.11,0.04
19180,-1.36,0.39,-0.26,0.03,-0.00,0.14
19181,-1.26,0.29,-0.26,-0.08,-0.00,-0.17
19182,-0.95,0.29,-0.16,0.03,-0.00,0.04
19183,-0.95,-0.02,0.26,-0.08,0.10,-0.07
19184,-1.05,0.19,0.05,0.03,-0.00,0.14
19185,-1.36,-0.13,0.26,0.03,-0.00,0.04
19186,-1.05,0.29,0.36,0.03,-0.11,0.04
19187,-1.05,0.08,0.26,-0.08,-0.11,-0.17
19188,-0.95,-0.13,0.57,0.03,0.10,-0.07
19189,-1.26,-0.33,0.36,0.03,-0.00,-0.07
19190,-0.84,0.08,0.16,0.03,-0.11,-0.07
19191,-1.16,-0.13,-0.26,0.03,-0.11,-0.07
19192,-1.26,-0.23,-0.05,0.03,-0.21,-0.07
19193,-1.36,-0.44,-0.16,-0.18,-0.11,-0.07
19194,-1.57,-0.23,-0.57,0.03,-0.21,-0.07
19195,-1.47,-0.13,-0.36,-0.08,-0.31,-0.17
19196,-1.68,-0.13,-0.57,0.03,-0.11,-0.07
19197,-1.57,-0.02,-0.36,0.13,-0.11,-0.07
19198,-1.78,-0.23,-0.68,0.03,-0.00,0.04
19199,-1.57,-0.02,-0.57,0.13,-0.00,0.14
19200,-1.26,0.39,-0.36,-0.08,-0.11,-0.07
19201,-1.47,0.29,-0.47,0.13,-0.00,0.04
19202,-1.16,0.08,-0.36,-0.08,-0.21,-0.07
19203,-1.26,0.08,-0.05,-0.08,-0.00,0.04
19384,-1.05,-0.23,0.16,0.13,-0.21,-0.07
19385,-1.26,-0.44,-0.26,0.13,-0.11,-0.07
19386,-1.36,-0.23,-0.16,-0.08,-0.21,-0.07
19387,-1.36,-0.13,-0.36,-0.08,-0.11,-0.17
19388,-1.57,-0.33,-0.57,0.03,-0.11,-0.07
19389,-1.57,0.08,-0.47,-0.08,-0.21,-0.17
19390,-1.68,-0.13,-0.47,-0.08,-0.21,-0.07
19391,-1.68,-0.02,-0.36,-0.08,-0.00,-0.07
19392,-1.57,-0.02,-0.36,-0.08,0.10,-0.07
19393,-1.36,0.19,-0.47,-0.08,-0.11,-0.07
19394,-1.36,0.19,-0.57,0.03,0.10,0.14
19395,-1.26,0.08,-0.47,0.03,0.10,-0.07
19396,-1.16,0.19,-0.05,0.03,-0.00,0.04
19397,-0.95,0.19,0.05,0.03,-0.00,-0.07
19398,-0.95,0.39,0.26,0.03,0.10,0.04
19399,-1.05,-0.02,0.05,0.13,0.10,0.04
19400,-1.26,-0.23,0.36,0.03,-0.00,-0.07
19401,-1.05,0.08,0.36,0.03,-0.00,-0.07
19402,-1.16,0.08,0.47,0.03,-0.00,-0.07
19403,-1.16,0.08,0.47,0.13,-0.11,0.04
19404,-0.95,-0.02,0.16,0.03,-0.11,-0.07
19405,-0.95,-0.33,0.05,-0.08,-0.11,-0.07
19406,-1.16,-0.23,-0.26,0.03,-0.21,-0.17
19407,-1.47,-0.33,-0.36,0.13,-0.11,0.04
19408,-1.26,-0.23,-0.16,0.13,-0.21,-0.07
19409,-1.47,-0.33,-0.47,0.03,-0.11,-0.07
19410,-1.57,-0.33,-0.26,0.03,-0.11,0.14
19411,-1.68,-0.23,-0.47,-0.08,-0.21,-0.07
19412,-1.68,-0.13,-0.57,-0.08,-0.11,-0.07
19413,-1.57,0.08,-0.57,-0.08,-0.11,-0.07
19414,-1.47,0.19,-0.36,0.03,-0.00,-0.07
19415,-1.26,0.08,-0.47,0.03,-0.00,0.04
19416,-1.47,-0.02,-0.36,0.03,-0.00,0.04
19417,-1.05,0.29,-0.16,0.03,-0.11,0.04
19418,-0.95,0.39,-0.16,0.03,-0.11,-0.07
19419,-1.16,0.19,0.26,0.03,0.10,0.04
19420,-1.05,0.08,0.05,0.13,-0.00,0.14
19421,-1.16,-0.02,0.26,-0.08,-0.00,0.04
19422,-1.05,0.08,0.36,0.03,-0.11,0.04
19423,-1.16,0.19,0.26,0.13,0.10,0.04
19424,-0.95,-0.02,0.47,0.03,-0.21,-0.07
19425,-1.05,0.08,0.26,-0.08,-0.11,-0.07
19426,-1.16,-0.13,0.16,0.03,-0.21,-0.07
19427,-1.16,-0.13,-0.05,0.03,-0.21,-0.17
19428,-1.36,-0.33,-0.05,0.03,-0.11,0.04
19429,-1.26,-0.33,-0.36,-0.08,-0.11,0.04
19430,-1.36,-0.23,-0.26,0.13,-0.11,0.04
19431,-1.68,-0.44,-0.57,0.03,-0.21,-0.07
19432,-1.78,-0.23,-0.47,-0.08,-0.31,-0.07
19433,-1.78,-0.13,-0.78,0.03,0.10,-0.07
19434,-1.57,0.19,-0.47,0.03,-0.00,-0.07
19435,-1.47,0.19,-0.47,0.03,-0.11,0.04
19436,-1.36,-0.02,-0.68,0.13,-0.00,0.04
19437,-1.47,0.29,-0.36,-0.08,-0.00,0.04
19438,-1.16,0.29,-0.16,0.03,-0.00,-0.07
19439,-1.05,0.08,-0.16,0.03,-0.00,0.04
19440,-0.95,0.29,0.16,-0.08,-0.00,-0.07
19441,-1.05,0.08,0.05,-0.08,0.10,0.04
19442,-1.16,-0.23,0.05,-0.08,-0.00,0.04
19443,-1.26,-0.02,0.36,0.03,0.10,0.04
19444,-1.05,0.19,0.57,0.03,-0.11,-0.07
19445,-1.05,-0.02,0.47,0.13,-0.00,0.04
19446,-1.05,-0.23,0.36,-0.08,-0.11,-0.07
19447,-0.95,-0.13,0.05,0.03,-0.00,-0.07
19448,-0.95,-0.33,0.05,0.03,-0.00,-0.07
19449,-1.05,-0.13,-0.05,0.03,-0.00,-0.07
19450,-1.26,-0.23,-0.16,-0.08,-0.31,-0.17
19451,-1.26,-0.13,-0.36,0.03,-0.21,-0.07
19452,-1.68,-0.44,-0.57,0.03,-0.21,-0.07
19453,-1.47,-0.02,-0.68,0.03,-0.11,-0.07
19454,-1.57,-0.23,-0.47,0.03,-0.21,-0.17
19455,-1.68,-0.02,-0.57,0.13,0.10,0.04
19456,-1.78,-0.02,-0.26,-0.08,-0.11,-0.07
19457,-1.47,0.08,-0.47,0.03,0.10,0.14
19458,-1.36,0.29,-0.57,-0.08,0.10,0.04
19459,-1.26,0.08,-0.57,-0.08,0.10,0.04
19460,-1.16,0.19,-0.16,-0.08,0.21,0.04
19461,-1.05,0.08,0.05,0.13,-0.11,0.14
19462,-1.05,-0.02,0.05,0.03,-0.00,0.04
19463,-1.16,0.08,0.16,0.13,-0.00,0.04
19464,-1.05,0.08,0.36,0.13,-0.11,0.04
19465,-1.05,-0.02,0.26,0.03,-0.00,0.04
19466,-1.16,0.19,0.26,0.03,-0.11,0.04
19467,-1.16,-0.33,0.16,0.13,-0.00,0.04
19468,-1.05,-0.02,0.26,0.03,-0.11,0.04
19469,-0.95,-0.02,0.05,0.03,-0.11,0.04
19470,-1.26,-0.23,-0.05,0.13,-0.11,-0.07
19471,-1.26,-0.23,-0.47,0.03,-0.11,-0.07
19472,-1.36,-0.33,-0.26,0.03,-0.21,-0.07
19473,-1.36,-0.23,-0.57,0.13,-0.11,0.04
19474,-1.57,-0.23,-0.26,0.03,-0.11,0.04
19475,-1.68,-0.23,-0.47,0.03,-0.00,0.04
19476,-1.78,-0.13,-0.36,0.03,-0.00,-0.07
19477,-1.47,-0.02,-0.57,-0.08,-0.11,-0.07
19478,-1.57,-0.02,-0.57,-0.08,0.10,-0.07
19479,-1.36,0.08,-0.47,0.03,-0.11,-0.07
19480,-1.26,0.39,-0.16,-0.08,-0.00,-0.07
19481,-1.26,0.19,-0.05,0.03,0.21,0.14
19482,-0.95,0.19,-0.26,0.03,-0.00,-0.07
19483,-1.05,0.08,0.05,-0.08,0.10,-0.07
19484,-1.16,-0.13,-0.05,-0.08,0.10,0.14
19485,-1.26,0.08,0.16,-0.08,0.10,0.14
19486,-1.05,0.08,0.26,0.03,-0.00,-0.07
19487,-1.16,0.08,0.47,0.03,-0.00,0.04
19488,-1.16,-0.13,0.36,0.03,-0.00,-0.07
19489,-1.05,-0.02,0.26,0.03,-0.21,-0.07
19490,-1.16,-0.13,0.05,0.13,-0.00,0.14
19491,-1.05,-0.23,-0.05,0.13,-0.11,-0.07
19492,-1.26,-0.13,-0.16,0.13,-0.11,-0.07
19493,-1.36,-0.44,-0.16,0.13,-0.11,-0.28
19494,-1.36,-0.33,-0.26,0.13,-0.11,-0.07
19495,-1.68,-0.44,-0.26,-0.08,-0.21,-0.17
19496,-1.68,-0.13,-0.47,0.03,-0.11,0.04
19497,-1.78,-0.13,-0.68,0.03,-0.11,0.04
19498,-1.68,0.08,-0.68,0.13,-0.00,0.14
19499,-1.36,-0.02,-0.36,-0.08,-0.11,-0.07
19500,-1.26,0.08,-0.36,-0.08,-0.11,-0.07
19501,-1.47,0.19,-0.47,0.03,0.10,-0.07
19502,-1.16,0.29,-0.05,-0.08,-0.00,-0.07
19503,-1.05,0.08,-0.36,0.03,-0.00,0.04
19504,-1.05,0.19,0.05,0.03,0.10,0.04
19505,-1.05,-0.02,0.05,0.03,-0.00,-0.07
19506,-1.05,-0.02,0.16,0.13,0.10,0.04
19507,-1.16,0.08,0.26,0.03,-0.00,0.04
19508,-0.95,-0.02,0.36,-0.08,-0.21,-0.07
19510,-1.36,-0.13,0.36,0.03,0.10,0.04
19510,-1.16,-0.13,0.26,0.13,-0.11,0.04
19511,-1.05,-0.13,0.26,0.03,-0.11,0.04
19512,-0.95,-0.13,0.05,0.03,-0.21,-0.17
19513,-1.05,-0.02,0.16,-0.08,-0.21,-0.17
19514,-1.36,-0.33,-0.16,0.03,-0.11,-0.17
19515,-1.36,-0.33,-0.26,-0.08,-0.11,-0.07
19516,-1.57,-0.23,-0.36,-0.08,-0.11,-0.17
19517,-1.57,-0.13,-0.57,0.03,-0.11,0.04
19518,-1.57,-0.02,-0.47,-0.08,-0.21,-0.17
19519,-1.47,0.08,-0.26,-0.08,-0.21,0.04
19520,-1.47,-0.13,-0.47,0.03,-0.00,0.04
19521,-1.47,0.19,-0.36,0.03,0.10,0.04
19522,-1.26,0.29,-0.36,0.03,-0.00,-0.07
19523,-1.16,0.39,-0.36,0.03,-0.00,-0.07
19524,-0.95,0.19,-0.16,0.03,-0.11,-0.07
19525,-0.95,0.19,-0.16,-0.08,-0.00,0.04
19526,-1.05,-0.02,0.05,-0.08,-0.00,-0.07
19527,-1.05,-0.02,0.26,0.13,-0.00,0.14
19528,-1.05,0.19,0.36,-0.08,-0.21,-0.17
19529,-1.16,0.08,0.36,0.03,0.10,-0.07
19530,-1.26,0.08,0.26,0.03,-0.00,0.04
19531,-1.05,-0.23,0.26,-0.08,-0.11,-0.17
19532,-1.05,0.08,0.26,0.03,-0.11,0.04
19533,-1.05,-0.13,0.16,0.03,-0.31,-0.17
19534,-1.05,-0.02,0.05,0.13,-0.11,-0.07
19535,-1.26,-0.33,-0.26,0.03,-0.21,-0.07
19536,-1.26,-0.33,-0.47,0.03,-0.11,0.04
19537,-1.47,-0.33,-0.47,0.03,-0.11,-0.07
19538,-1.47,-0.02,-0.26,0.03,-0.21,-0.07
19539,-1.78,-0.02,-0.26,0.03,-0.11,-0.07
19540,-1.57,-0.13,-0.26,0.03,-0.11,-0.07
19541,-1.47,-0.02,-0.57,-0.08,-0.11,-0.07
19542,-1.36,-0.13,-0.57,-0.18,-0.11,-0.17
19543,-1.36,0.19,-0.26,0.13,-0.00,0.04
19544,-1.36,0.29,-0.16,0.13,-0.00,0.04
19545,-1.26,0.29,0.05,0.03,-0.11,-0.07
19546,-1.05,0.39,-0.05,-0.08,-0.11,0.04
19547,-1.05,0.19,0.05,0.03,-0.00,-0.07
19548,-0.95,-0.02,0.05,-0.08,-0.00,0.04
19549,-1.05,-0.02,0.26,-0.08,-0.00,-0.07
19550,-1.05,-0.13,0.36,0.13,0.10,0.04
19551,-1.16,0.19,0.57,0.03,-0.11,-0.07
19552,-1.05,-0.02,0.36,0.03,-0.21,-0.07
19553,-1.05,-0.13,0.16,0.03,-0.11,0.04
19554,-0.95,-0.23,-0.05,0.03,-0.11,-0.07
19555,-1.26,-0.13,-0.16,0.13,-0.11,-0.07
19556,-1.26,-0.13,-0.16,0.03,-0.00,-0.07
19557,-1.16,-0.13,-0.26,0.03,-0.11,-0.07
19558,-1.36,-0.54,-0.47,0.13,-0.00,-0.07
19559,-1.47,-0.44,-0.16,0.03,-0.11,-0.17
19560,-1.57,-0.02,-0.36,0.03,-0.21,-0.07
19561,-1.68,0.08,-0.26,0.03,-0.11,-0.07
19562,-1.57,0.08,-0.57,-0.08,-0.11,-0.07
19563,-1.47,0.19,-0.36,-0.08,-0.31,-0.07
19564,-1.47,0.19,-0.26,0.03,-0.00,0.04
19565,-1.26,0.19,-0.36,0.03,0.10,0.04
19566,-1.26,0.29,-0.16,0.03,-0.00,-0.07
19567,-0.95,0.39,-0.05,-0.18,-0.00,-0.07
19568,-1.16,0.19,0.16,-0.08,-0.00,0.04
19569,-0.95,-0.02,-0.16,0.03,-0.00,0.14
19570,-1.05,-0.13,0.36,-0.08,-0.00,0.14
19571,-1.16,-0.02,0.26,0.03,-0.00,0.04
19572,-1.05,0.08,0.36,-0.08,-0.11,0.04
19573,-1.16,0.19,0.47,0.13,-0.11,-0.07
19574,-0.95,-0.02,0.16,0.03,-0.00,-0.07
19575,-0.95,-0.23,0.16,0.03,-0.11,-0.17
19576,-1.16,-0.23,0.05,0.03,-0.11,-0.07
19577,-1.16,-0.13,-0.05,0.03,-0.21,-0.17
19578,-1.36,-0.33,-0.26,0.03,-0.11,0.04
19579,-1.36,-0.33,-0.36,0.13,-0.00,-0.07
19580,-1.68,-0.33,-0.47,-0.08,-0.21,-0.17
19581,-1.68,-0.02,-0.47,0.03,-0.00,0.04
19582,-1.68,-0.13,-0.36,0.03,-0.11,-0.07
19583,-1.68,-0.02,-0.57,0.03,-0.11,-0.07
19584,-1.47,0.08,-0.57,0.03,0.10,-0.07
19585,-1.36,0.29,-0.36,0.03,-0.00,-0.07
19586,-1.47,0.08,-0.26,0.03,-0.00,0.04
19587,-1.16,0.29,-0.26,0.13,-0.11,0.04
19588,-1.05,0.08,-0.26,-0.08,-0.00,-0.07
19589,-1.05,0.19,-0.16,0.03,0.10,0.04
19590,-1.05,0.08,0.05,-0.08,0.10,-0.07
19591,-1.16,0.08,0.16,0.13,-0.00,-0.07
19592,-1.05,-0.02,0.36,0.03,-0.11,-0.07
19593,-1.05,-0.02,0.47,0.03,-0.11,0.04
19594,-1.16,-0.02,0.47,0.03,-0.00,0.04
19595,-0.95,-0.02,0.26,0.03,-0.31,-0.17
19596,-0.84,-0.02,0.16,-0.08,-0.11,-0.07
19597,-0.95,-0.33,0.16,0.03,-0.21,-0.07
19598,-1.26,-0.13,0.16,0.03,-0.11,-0.07
19599,-1.16,-0.13,-0.05,0.03,-0.11,-0.07
19600,-1.36,-0.23,-0.47,0.03,-0.11,0.04
19601,-1.57,-0.23,-0.57,0.03,-0.21,-0.07
19602,-1.57,-0.23,-0.47,0.03,-0.11,-0.17
19603,-1.57,-0.33,-0.57,-0.08,-0.11,-0.07
19604,-1.68,0.19,-0.26,-0.08,-0.11,-0.17
19793,-1.68,-0.13,-0.57,0.03,-0.21,-0.07
19794,-1.57,-0.23,-0.47,0.03,-0.11,-0.07
19795,-1.57,0.08,-0.47,-0.18,-0.11,-0.07
19796,-1.47,0.08,-0.36,-0.18,-0.11,-0.17
19797,-1.47,0.19,-0.36,-0.08,-0.00,-0.07
19798,-1.36,0.19,-0.47,0.03,-0.11,-0.07
19799,-1.36,0.19,-0.16,0.03,0.10,0.14
19800,-1.05,0.19,-0.26,-0.08,-0.00,-0.07
19801,-1.05,0.08,-0.05,0.03,-0.00,0.04
19802,-1.05,0.19,-0.05,0.03,-0.00,0.04
19803,-1.05,-0.13,0.05,0.03,-0.00,0.04
19804,-0.95,-0.02,0.16,0.03,-0.11,-0.07
19805,-1.05,-0.02,0.36,0.03,0.10,0.04
19806,-1.16,0.08,0.57,0.13,-0.11,0.04
19807,-1.26,-0.13,0.26,0.13,0.10,0.04
19808,-1.05,-0.13,0.16,0.13,0.10,0.04
19809,-1.05,-0.02,0.05,0.13,-0.21,-0.07
19810,-1.16,-0.02,0.16,0.03,-0.11,0.04
19811,-1.47,-0.23,-0.26,0.13,-0.00,0.14
19812,-1.36,-0.33,-0.26,0.03,-0.00,0.04
19813,-1.57,-0.33,-0.36,-0.08,-0.21,-0.07
19814,-1.47,-0.13,-0.47,0.13,-0.00,-0.07
19815,-1.68,-0.13,-0.47,0.03,-0.21,-0.07
19816,-1.57,-0.02,-0.26,-0.08,-0.11,-0.07
19817,-1.68,-0.23,-0.36,0.03,-0.00,-0.07
19818,-1.47,0.29,-0.16,0.13,-0.00,0.04
19819,-1.36,0.08,-0.57,0.13,0.21,0.14
19820,-1.26,0.29,-0.16,0.03,-0.00,-0.07
19821,-0.95,0.19,-0.36,-0.08,-0.00,-0.17
19822,-1.05,0.08,0.05,0.03,-0.00,-0.07
19823,-0.95,0.19,-0.16,-0.08,-0.00,-0.07
19824,-1.16,-0.02,0.26,-0.08,0.10,0.04
19825,-1.16,0.08,0.16,0.13,-0.00,0.04
19826,-1.05,-0.02,0.26,-0.08,-0.11,-0.07
19827,-1.26,-0.02,0.36,0.03,-0.00,0.04
19828,-1.05,-0.33,0.36,0.03,-0.11,-0.07
19829,-1.05,-0.02,0.26,-0.08,-0.11,-0.17
19830,-1.05,-0.02,0.26,0.03,-0.11,-0.07
19831,-1.26,-0.23,-0.05,0.13,-0.11,0.04
19832,-1.36,-0.33,-0.26,0.13,-0.00,0.04
19833,-1.36,-0.23,-0.36,0.13,-0.11,-0.07
19834,-1.36,-0.23,-0.47,0.03,-0.21,-0.07
19835,-1.47,-0.13,-0.47,0.13,-0.00,-0.07
19836,-1.68,-0.33,-0.36,-0.08,-0.21,-0.07
19837,-1.47,-0.02,-0.47,0.03,-0.11,0.04
19838,-1.68,-0.02,-0.36,0.03,-0.00,-0.07
19839,-1.57,0.08,-0.57,0.03,0.10,-0.07
19840,-1.47,0.08,-0.36,-0.08,-0.00,0.04
19841,-1.36,0.19,-0.26,0.03,-0.00,0.04
19842,-1.16,0.19,-0.16,-0.08,-0.00,0.04
19843,-1.16,0.08,-0.05,-0.18,-0.11,-0.07
19844,-0.95,0.19,-0.05,-0.08,-0.00,0.04
19845,-0.95,0.19,0.26,-0.08,-0.11,0.04
19846,-1.16,0.08,0.26,-0.08,-0.00,-0.07
19847,-1.16,-0.13,0.26,0.03,-0.11,0.04
19848,-1.16,0.19,0.26,0.03,-0.11,-0.17
19849,-1.26,-0.23,0.26,0.03,-0.00,-0.07
19850,-1.05,-0.02,0.16,0.13,-0.00,-0.07
19851,-1.05,-0.13,0.16,-0.08,-0.11,-0.17
19852,-1.16,-0.13,0.05,-0.08,-0.21,0.04
19853,-1.16,-0.13,-0.16,-0.08,-0.21,-0.17
19854,-1.26,-0.13,-0.47,-0.08,-0.21,-0.17
19855,-1.36,-0.23,-0.36,0.13,-0.00,0.04
19856,-1.57,-0.33,-0.47,0.03,-0.11,-0.07
19857,-1.47,-0.23,-0.47,0.03,-0.00,0.04
19858,-1.57,-0.02,-0.36,-0.08,-0.11,-0.07
19859,-1.57,-0.02,-0.36,-0.08,-0.11,-0.17
19860,-1.68,0.19,-0.26,-0.08,-0.21,-0.17
19861,-1.36,0.08,-0.47,0.13,-0.00,0.14
19862,-1.36,0.19,-0.36,-0.08,-0.00,-0.07
19863,-1.05,0.29,-0.26,-0.08,0.10,0.04
19864,-1.16,0.19,-0.26,-0.08,-0.00,0.04
19865,-0.95,0.19,0.05,-0.08,-0.11,-0.07
19866,-1.05,0.08,0.26,-0.08,-0.00,-0.07
19867,-0.95,0.08,0.16,0.03,-0.00,0.04
19868,-1.05,-0.13,0.26,-0.08,-0.11,-0.07
19869,-1.16,0.08,0.36,0.03,-0.11,-0.07
19870,-1.16,-0.23,0.16,0.03,-0.11,-0.07
19871,-1.16,-0.13,0.36,0.03,-0.11,-0.07
19872,-1.05,-0.13,0.16,0.13,-0.00,0.04
19873,-1.16,-0.13,-0.05,0.03,-0.21,-0.17
19874,-1.16,-0.13,-0.16,-0.08,-0.21,-0.17
19875,-1.26,-0.23,-0.36,0.13,-0.11,0.14
19876,-1.26,-0.13,-0.26,0.03,-0.00,-0.07
19877,-1.57,-0.23,-0.26,0.03,-0.00,0.14
19878,-1.47,-0.23,-0.16,0.03,0.10,-0.07
19879,-1.68,-0.13,-0.36,0.13,-0.11,-0.17
19880,-1.36,0.19,-0.47,-0.08,-0.31,-0.17
19881,-1.47,0.29,-0.26,-0.08,-0.21,-0.07
19882,-1.36,0.08,-0.47,0.13,0.21,0.04
19883,-1.36,0.08,-0.36,0.03,0.10,0.14
19884,-1.05,0.19,-0.16,-0.18,-0.11,-0.07
19885,-1.16,0.08,-0.05,0.13,0.10,0.04
19886,-0.95,0.19,-0.16,-0.08,-0.00,-0.07
19887,-1.16,0.08,0.16,0.23,0.10,0.14
19888,-0.95,0.19,0.26,-0.18,0.10,-0.07
19889,-1.16,-0.13,0.26,0.13,0.10,0.14
19890,-1.16,-0.02,0.16,0.13,-0.00,-0.07
19891,-1.16,-0.23,0.36,-0.08,-0.00,-0.07
19892,-1.16,-0.13,0.05,0.13,-0.00,-0.07
19893,-1.05,-0.13,0.26,0.03,-0.11,-0.07
19894,-1.26,-0.13,-0.05,0.03,-0.11,0.04
19895,-1.26,-0.13,-0.26,0.13,-0.11,0.04
19896,-1.36,-0.23,-0.16,0.03,-0.00,0.04
19897,-1.26,-0.23,-0.26,-0.08,-0.11,-0.07
19898,-1.47,-0.13,-0.16,0.03,-0.21,-0.07
19899,-1.57,-0.02,-0.36,0.13,-0.11,-0.07
19900,-1.57,-0.02,-0.36,-0.08,-0.21,-0.17
19901,-1.78,-0.13,-0.68,0.13,0.10,0.04
19902,-1.57,0.19,-0.36,0.03,-0.11,-0.07
19903,-1.36,0.19,-0.36,-0.08,-0.11,-0.17
19904,-1.26,0.08,-0.16,0.03,-0.00,-0.07
19905,-1.26,0.39,-0.16,-0.18,-0.11,0.04
19906,-1.05,0.19,-0.05,0.03,-0.00,0.04
19907,-0.95,0.29,-0.05,0.03,0.10,0.04
19908,-0.95,-0.02,-0.05,0.03,-0.00,-0.07
19909,-1.05,-0.13,0.05,-0.08,-0.11,0.04
19910,-1.05,-0.13,0.16,-0.08,-0.00,0.04
19911,-1.16,-0.13,0.36,0.03,-0.11,-0.07
19912,-1.16,0.08,0.36,0.03,-0.21,-0.17
19913,-1.16,0.08,0.16,0.03,-0.21,-0.07
19914,-1.16,-0.33,-0.05,0.13,-0.00,-0.07
19915,-1.16,-0.23,0.05,-0.08,-0.21,-0.07
19916,-1.26,-0.23,-0.16,0.03,-0.11,-0.07
19917,-1.26,-0.23,-0.26,0.13,-0.21,-0.07
19918,-1.16,-0.13,-0.26,0.03,-0.11,-0.07
19919,-1.47,-0.23,-0.26,0.03,-0.11,-0.07
19920,-1.36,-0.13,-0.57,0.03,-0.00,0.04
19921,-1.68,-0.33,-0.57,0.13,-0.11,0.04
19922,-1.68,-0.02,-0.47,0.03,0.10,-0.07
19923,-1.57,0.19,-0.36,-0.08,-0.00,-0.07
19924,-1.36,0.29,-0.16,-0.08,-0.00,-0.17
19925,-1.36,0.08,-0.57,0.03,0.10,0.14
19926,-1.16,0.39,-0.05,0.03,-0.11,0.04
19927,-1.05,0.29,-0.16,-0.08,-0.11,0.04
19928,-1.05,0.19,0.16,0.03,-0.00,0.04
19929,-1.05,-0.02,-0.05,-0.08,-0.00,0.04
19930,-1.16,-0.02,0.16,0.03,-0.00,0.04
19931,-0.95,-0.13,0.26,-0.08,-0.11,-0.07
19932,-1.36,-0.13,0.16,0.03,-0.00,0.04
19933,-1.16,-0.13,0.26,0.13,0.10,-0.07
19934,-1.05,0.08,0.36,0.13,-0.11,0.04
19935,-1.16,-0.13,0.05,-0.08,-0.11,-0.07
19936,-1.16,-0.13,0.16,0.03,-0.11,-0.07
19937,-1.16,-0.13,-0.05,0.13,-0.11,0.04
19938,-1.16,-0.02,-0.26,0.13,-0.11,-0.07
19939,-1.36,-0.33,-0.26,0.03,-0.11,0.04
19940,-1.47,-0.33,-0.26,-0.18,-0.11,-0.07
19941,-1.68,-0.13,-0.36,-0.08,-0.11,-0.07
19942,-1.57,-0.13,-0.47,0.03,-0.00,-0.07
19943,-1.57,-0.02,-0.47,0.03,0.10,0.04
19944,-1.57,0.19,-0.47,-0.08,-0.11,-0.07
19945,-1.47,0.29,-0.36,-0.08,-0.00,0.04
19946,-1.26,0.08,-0.36,-0.08,-0.11,-0.07
19947,-1.36,0.19,-0.16,-0.08,-0.11,-0.07
19948,-1.16,0.19,-0.36,0.03,-0.11,-0.17
19949,-0.95,0.19,0.05,0.03,-0.00,-0.07
19950,-1.05,-0.02,-0.16,0.03,0.10,-0.07
19951,-1.16,-0.02,0.05,-0.08,-0.00,-0.07
19952,-1.05,-0.02,0.16,0.03,-0.11,-0.07
19953,-1.16,0.08,0.47,0.03,-0.00,0.04
19954,-1.16,-0.02,0.26,0.03,-0.11,-0.07
19955,-1.16,-0.13,0.26,0.03,-0.00,0.04
19956,-1.16,-0.13,0.16,0.03,-0.11,-0.07
19957,-1.05,-0.13,0.05,0.03,-0.11,-0.07
19958,-1.26,-0.23,-0.05,0.13,-0.11,0.14
19959,-0.95,-0.23,-0.26,0.03,-0.21,-0.17
19960,-1.57,-0.44,-0.16,0.03,-0.11,0.04
19961,-1.36,-0.33,-0.57,0.03,-0.11,0.04
19962,-1.57,-0.23,-0.16,-0.08,-0.21,-0.17
19963,-1.47,0.08,-0.47,-0.08,-0.21,-0.17
19964,-1.68,-0.02,-0.36,0.03,-0.00,-0.07
19965,-1.57,0.19,-0.36,-0.08,-0.00,0.04
19966,-1.47,0.19,-0.36,0.03,-0.00,0.04
19967,-1.26,-0.02,-0.36,0.03,-0.00,-0.07
19968,-1.26,0.29,0.05,0.13,0.21,0.04
19969,-1.26,0.08,-0.26,0.13,-0.00,-0.07
19970,-0.95,0.39,0.05,0.03,-0.00,0.04
19971,-1.05,-0.02,-0.05,0.03,-0.00,0.04
19972,-1.05,-0.02,0.05,-0.08,0.10,0.04
19973,-1.05,-0.02,0.05,-0.08,-0.11,0.04
19974,-1.16,0.08,0.47,0.23,-0.00,0.14
19975,-1.16,-0.13,0.26,0.03,-0.11,-0.07
19976,-1.16,-0.02,0.26,-0.08,0.10,-0.07
19977,-1.05,-0.02,0.26,0.03,-0.11,-0.17
19978,-1.26,-0.23,-0.16,0.03,-0.11,0.04
19979,-1.16,-0.23,-0.16,0.03,-0.21,-0.07
19980,-1.36,-0.54,-0.26,0.03,-0.21,-0.07
19981,-1.36,-0.33,-0.16,0.03,-0.11,0.14
19982,-1.57,-0.23,-0.26,-0.08,-0.00,-0.07
19983,-1.57,0.08,-0.36,0.03,-0.11,0.04
19984,-1.68,-0.23,-0.68,0.03,-0.11,-0.07
19985,-1.47,-0.02,-0.47,0.03,-0.11,-0.07
19986,-1.47,0.08,-0.47,-0.18,-0.11,-0.17
19987,-1.47,-0.02,-0.36,0.03,0.21,0.04
19988,-1.36,0.19,-0.16,0.13,-0.00,0.04
19989,-1.26,0.29,-0.26,-0.08,-0.00,0.04
19990,-1.16,0.29,-0.05,-0.18,-0.11,0.04
19991,-1.05,0.19,-0.26,-0.08,-0.00,0.04
19992,-1.16,-0.02,-0.05,0.03,-0.00,0.04
19993,-1.05,0.08,-0.05,0.13,0.10,0.04
19994,-1.16,-0.13,0.26,0.03,-0.00,0.04
19995,-1.05,0.19,0.26,0.03,-0.00,0.04
19996,-1.26,-0.02,0.26,0.13,-0.00,0.14
19997,-0.95,-0.13,0.26,-0.08,-0.21,-0.28
19998,-1.16,-0.02,0.16,0.03,-0.21,0.04
19999,-1.26,-0.13,0.16,0.13,-0.00,0.04
20000,-1.16,-0.23,-0.05,0.03,-0.11,0.14
20001,-1.26,-0.13,-0.05,-0.08,-0.31,-0.17
20002,-1.26,-0.02,-0.36,0.03,-0.00,-0.17
20003,-1.57,-0.33,-0.36,0.13,-0.11,0.04
20004,-1.47,-0.13,-0.26,-0.08,-0.31,-0.28
20005,-1.68,-0.23,-0.57,0.13,-0.11,-0.07
20006,-1.68,-0.02,-0.36,0.03,-0.00,-0.07
20007,-1.57,0.08,-0.36,0.03,-0.00,-0.07
20008,-1.47,0.19,-0.26,0.03,-0.00,0.04
20009,-1.26,0.19,-0.26,-0.08,-0.11,0.04
20010,-1.36,0.29,-0.16,0.03,0.10,0.04
20011,-1.16,0.39,-0.26,-0.08,0.21,0.04
20012,-0.95,0.19,-0.05,-0.08,-0.00,0.04
20013,-1.05,-0.02,-0.26,0.03,0.21,-0.07
20014,-1.05,-0.13,-0.05,0.03,-0.11,0.04
20015,-1.05,0.08,0.26,0.13,-0.11,-0.07
20016,-1.05,0.08,0.26,0.03,-0.00,-0.07
20017,-1.26,-0.02,0.26,0.13,-0.00,-0.07
20018,-1.16,-0.02,0.26,0.03,0.10,0.04
20019,-1.05,-0.33,0.05,0.13,0.10,0.04
20020,-1.36,-0.23,-0.16,0.13,-0.00,0.14
20021,-1.26,-0.23,-0.26,0.13,-0.11,-0.07
20022,-1.47,-0.23,-0.16,0.23,-0.00,0.04
20023,-1.16,-0.13,-0.26,-0.08,-0.21,0.04
20024,-1.57,-0.33,-0.16,0.03,-0.11,-0.07
20025,-1.47,-0.13,-0.57,0.03,-0.11,0.04
20026,-1.57,-0.23,-0.68,0.13,-0.11,0.04
20027,-1.57,-0.13,-0.47,0.03,-0.11,0.04
20028,-1.47,0.19,-0.36,0.03,-0.11,-0.07
20029,-1.36,0.29,-0.16,0.03,-0.11,0.14
20030,-1.36,0.19,-0.36,-0.08,-0.00,-0.17
20031,-1.47,0.19,-0.16,0.03,-0.00,0.04
20032,-1.05,0.19,-0.26,0.03,-0.00,-0.07
20033,-1.16,-0.02,0.05,0.03,0.10,0.04
20034,-0.95,0.19,-0.16,-0.08,-0.21,-0.07
20035,-1.05,0.19,0.26,-0.18,-0.21,-0.17
20036,-1.16,-0.02,-0.05,0.23,0.10,0.04
20037,-1.05,0.08,0.47,-0.08,-0.21,-0.17
20038,-1.16,-0.23,0.05,0.03,0.10,-0.17
20039,-1.05,-0.13,0.26,0.03,-0.11,-0.07
20040,-1.16,-0.02,0.47,0.03,-0.11,-0.17
20041,-1.05,-0.02,0.05,0.03,-0.11,-0.07
20042,-1.16,-0.02,0.05,-0.08,-0.31,-0.17
20043,-1.16,-0.13,-0.26,0.03,-0.11,-0.07
20044,-1.36,-0.33,-0.36,0.13,-0.00,0.04
20045,-1.36,-0.33,-0.26,-0.08,-0.21,-0.17
20046,-1.57,-0.23,-0.26,-0.08,-0.21,-0.17
20047,-1.68,-0.13,-0.57,0.13,-0.11,0.04
20048,-1.57,-0.02,-0.47,0.03,-0.11,-0.07
20049,-1.47,0.08,-0.47,-0.08,-0.11,0.04
20050,-1.47,0.19,-0.16,-0.08,-0.00,-0.07
20051,-1.36,0.08,-0.36,0.03,0.10,0.14
20052,-1.26,0.19,-0.05,-0.08,-0.00,-0.07
20053,-1.16,0.19,-0.26,0.03,-0.00,0.04
20054,-0.95,0.19,-0.05,0.03,-0.00,-0.07
20055,-1.05,-0.02,-0.16,0.03,-0.11,0.04
20056,-1.05,0.08,0.05,0.03,-0.11,-0.07
20057,-0.95,-0.02,0.16,-0.08,-0.00,-0.07
20058,-1.26,0.08,0.36,0.13,-0.00,0.04
20059,-1.26,0.08,0.36,0.03,-0.11,-0.07
20060,-1.16,-0.02,0.26,-0.08,-0.00,-0.07
20061,-1.16,-0.23,-0.05,0.03,-0.00,0.04
20062,-1.36,-0.13,0.05,0.13,-0.00,0.04
20063,-1.36,-0.23,0.05,0.13,-0.00,0.14
20064,-1.16,-0.13,-0.05,0.03,-0.21,-0.07
20065,-1.26,-0.13,-0.16,0.03,-0.21,-0.17
20066,-1.47,-0.44,-0.47,0.13,-0.00,-0.07
20067,-1.57,-0.13,-0.26,0.03,-0.11,-0.07
20068,-1.47,-0.13,-0.68,-0.08,-0.11,0.04
20069,-1.57,0.08,-0.36,-0.08,-0.00,-0.17
20070,-1.57,0.08,-0.36,-0.08,-0.11,-0.17
20071,-1.47,0.19,-0.26,0.03,0.10,0.04
20072,-1.26,0.08,-0.36,0.13,-0.00,0.14
20073,-1.26,0.19,-0.36,-0.08,-0.00,-0.07
20074,-1.26,0.29,0.05,0.03,0.10,0.04
20075,-0.95,0.29,-0.05,0.03,-0.11,-0.17
20076,-1.05,0.08,0.05,0.13,-0.00,-0.07
20077,-1.05,0.19,0.05,0.13,-0.00,0.04
20078,-0.95,-0.13,0.05,0.03,-0.11,-0.07
20079,-1.16,-0.13,0.16,0.03,0.21,0.04
20080,-1.26,-0.02,0.36,0.03,0.10,-0.07
20081,-1.16,-0.02,0.16,0.03,0.10,0.04
20082,-1.16,-0.02,0.16,0.13,-0.11,-0.07
20083,-1.16,-0.02,0.16,-0.18,-0.31,-0.17
20084,-1.16,-0.13,-0.26,-0.08,-0.21,-0.07
20085,-1.26,-0.33,0.05,0.13,-0.00,0.04
20086,-1.26,-0.44,-0.36,0.03,-0.11,-0.07
20087,-1.47,-0.23,-0.16,-0.08,-0.11,-0.17
20088,-1.47,-0.13,-0.36,0.13,-0.00,-0.07
20089,-1.68,-0.23,-0.88,0.13,-0.00,0.04
20090,-1.47,-0.13,-0.57,0.03,-0.00,0.04
20091,-1.68,0.08,-0.47,0.03,-0.21,0.04
20092,-1.36,0.08,-0.26,0.03,-0.11,0.04
20093,-1.36,0.19,-0.36,0.13,0.10,0.04
20094,-1.26,0.29,-0.36,0.03,-0.00,-0.07
20095,-1.26,0.08,-0.16,0.03,0.10,-0.07
20096,-1.16,0.29,-0.36,0.03,0.10,0.04
20097,-0.84,0.08,-0.05,-0.08,-0.11,-0.07
20098,-0.95,-0.02,0.05,0.03,-0.00,0.14
20099,-1.05,0.08,0.26,-0.08,-0.00,0.04
20100,-1.16,-0.02,0.26,-0.08,-0.11,-0.07
20101,-1.16,-0.13,0.26,0.13,-0.11,0.04
20102,-1.05,0.08,0.36,0.03,-0.21,-0.17
20103,-1.05,-0.02,0.16,0.13,-0.11,0.04
20104,-1.16,0.08,0.26,0.03,-0.21,-0.07
20105,-1.26,-0.23,-0.05,0.13,-0.11,0.04
20106,-1.05,-0.23,0.05,0.03,-0.21,-0.07
20107,-1.26,-0.23,-0.16,0.03,-0.31,-0.17
20108,-1.47,-0.44,-0.36,0.03,-0.11,0.04
20109,-1.68,-0.02,-0.26,-0.08,-0.21,-0.17
20110,-1.47,-0.23,-0.47,0.03,-0.21,-0.17
20111,-1.68,0.08,-0.47,-0.08,-0.11,-0.07
20112,-1.57,0.19,-0.36,-0.08,-0.00,-0.07
20113,-1.47,-0.02,-0.36,0.13,-0.00,0.14
20114,-1.36,0.08,-0.26,-0.18,-0.11,-0.17
20115,-1.47,0.39,-0.05,-0.08,-0.11,0.04
20116,-1.16,0.19,-0.16,0.03,0.10,-0.07
20117,-0.84,0.29,0.05,0.03,-0.00,-0.07
20118,-1.16,0.08,-0.36,0.13,0.10,0.04
20119,-0.95,0.08,0.16,-0.08,-0.11,-0.07
20120,-1.16,-0.33,-0.16,0.03,-0.00,0.04
20121,-0.95,-0.02,0.47,-0.08,-0.11,-0.17
20122,-1.16,-0.02,0.36,0.13,-0.11,0.04
20123,-1.36,0.08,0.26,0.23,0.10,-0.07
20124,-1.26,-0.02,0.05,0.13,-0.00,0.04
20125,-1.16,-0.13,-0.05,0.03,-0.21,-0.07
20126,-1.36,-0.23,-0.05,0.13,0.10,0.04
20127,-1.36,-0.33,-0.26,0.23,0.10,0.14
20128,-1.26,-0.13,-0.26,-0.08,-0.21,-0.17
20129,-1.47,-0.23,-0.26,0.03,-0.00,0.04
20130,-1.57,-0.02,-0.26,-0.08,-0.21,-0.17
20131,-1.36,-0.13,-0.68,0.03,-0.31,0.04
20132,-1.57,-0.02,-0.47,0.03,-0.11,0.04
20133,-1.47,-0.02,-0.47,0.03,-0.11,0.04
20134,-1.36,0.29,-0.26,-0.08,-0.21,-0.28
20135,-1.57,0.08,-0.16,0.03,-0.21,-0.07
20136,-1.16,0.19,-0.26,0.03,-0.11,-0.07
20137,-1.05,0.39,0.05,-0.18,-0.21,-0.28
20138,-1.05,0.29,-0.16,-0.08,-0.11,0.04
20139,-1.16,-0.02,-0.05,0.03,0.10,0.04
20140,-0.74,0.08,0.05,-0.08,-0.21,-0.17
20141,-1.05,-0.13,0.16,0.03,-0.00,-0.07
20142,-1.05,-0.02,0.16,0.03,0.10,-0.17
20143,-1.16,-0.13,0.26,0.03,-0.00,-0.07
20144,-1.36,-0.13,0.26,0.13,0.21,0.04
20145,-1.16,-0.02,0.26,0.13,-0.00,0.04
20146,-1.16,0.19,0.26,-0.08,-0.21,-0.17
20147,-1.36,-0.23,-0.26,0.03,-0.11,0.04
20148,-1.36,-0.44,-0.16,0.03,-0.11,0.04
20149,-1.16,-0.33,-0.26,0.03,-0.21,-0.07
20150,-1.57,-0.54,-0.26,0.03,-0.00,-0.07
20151,-1.47,-0.02,-0.26,-0.08,-0.31,-0.17
20152,-1.68,-0.23,-0.47,0.03,-0.11,-0.07
20153,-1.47,0.08,-0.47,-0.08,-0.21,-0.17
20154,-1.57,-0.02,-0.57,0.13,-0.00,0.04
20155,-1.36,0.08,-0.26,-0.08,-0.00,-0.07
20156,-1.36,0.08,-0.26,0.03,-0.11,-0.07
20157,-1.36,0.19,-0.26,0.03,-0.00,-0.07
20158,-1.16,0.29,-0.16,0.13,-0.11,0.24
20159,-1.16,0.19,-0.16,-0.08,0.10,-0.07
20160,-0.84,0.08,-0.16,-0.08,-0.21,-0.07
20161,-0.95,-0.02,0.05,0.03,-0.11,-0.07
20162,-1.16,-0.23,-0.05,0.03,-0.00,0.04
20163,-1.26,-0.13,0.36,0.13,0.10,-0.07
20164,-1.16,-0.02,0.36,-0.08,-0.11,-0.17
20165,-1.16,0.08,0.26,-0.08,-0.11,0.04
20166,-0.84,0.08,0.16,-0.18,-0.11,-0.28
20167,-0.95,-0.13,0.26,-0.08,-0.31,-0.17
20304,-1.36,0.19,-0.26,0.13,0.21,0.04
20305,-1.16,0.29,-0.16,0.03,-0.11,0.04
20306,-1.16,0.29,-0.36,0.13,0.10,0.14
20307,-0.95,-0.02,-0.05,-0.08,-0.00,0.04
20308,-0.95,0.19,0.16,-0.28,-0.00,-0.07
20309,-1.05,-0.02,0.26,0.03,-0.11,-0.07
20310,-1.16,-0.02,0.26,0.03,-0.11,-0.07
20311,-1.26,-0.23,0.16,0.03,-0.00,-0.07
20312,-1.16,-0.13,0.05,0.03,-0.11,-0.07
20313,-1.26,-0.23,0.16,0.13,0.10,0.04
20314,-1.16,-0.02,0.16,-0.08,-0.21,-0.17
20315,-1.26,-0.23,0.05,0.03,-0.00,0.04
20316,-1.16,-0.23,-0.16,0.03,-0.21,-0.07
20317,-1.36,-0.44,-0.47,0.13,-0.11,-0.07
20318,-1.68,-0.23,-0.36,-0.08,-0.00,0.04
20319,-1.57,-0.13,-0.57,-0.08,-0.21,0.04
20320,-1.57,0.08,-0.26,0.13,-0.00,0.04
20321,-1.47,-0.02,-0.47,-0.08,-0.11,-0.07
20322,-1.68,0.19,-0.36,0.13,0.21,0.14
20323,-1.47,-0.13,-0.36,0.13,-0.00,0.14
20324,-1.36,0.08,-0.47,0.03,-0.00,0.14
20325,-1.05,0.19,0.05,-0.08,-0.11,-0.17
20326,-1.16,0.19,-0.16,0.03,-0.11,0.04
20327,-0.95,0.19,0.05,-0.08,-0.21,-0.17
20328,-1.16,0.19,0.05,-0.08,-0.00,-0.17
20329,-0.95,0.19,0.16,0.03,-0.00,0.04
20330,-0.95,-0.02,0.16,0.13,-0.00,0.04
20331,-1.16,-0.13,0.36,0.03,-0.21,-0.07
20332,-1.05,-0.13,0.36,-0.18,-0.21,-0.17
20333,-0.95,-0.02,0.16,-0.08,-0.11,-0.17
20334,-1.16,-0.02,0.36,0.03,-0.11,0.04
20335,-1.26,0.08,0.16,-0.18,-0.11,-0.17
20336,-1.05,-0.23,0.05,0.03,-0.11,0.14
20337,-1.36,-0.13,-0.36,0.03,-0.11,0.04
20338,-1.47,-0.13,-0.26,0.03,0.10,-0.07
20339,-1.47,-0.13,-0.36,0.03,-0.00,-0.17
20340,-1.57,-0.13,-0.36,-0.08,-0.31,-0.07
20341,-1.36,-0.02,-0.47,-0.08,-0.21,-0.17
20342,-1.57,-0.33,-0.68,0.13,-0.00,0.04
20343,-1.36,0.29,0.05,-0.18,-0.21,-0.17
20344,-1.26,0.29,-0.16,-0.08,-0.21,-0.07
20345,-1.36,0.29,-0.36,0.13,0.21,-0.07
20346,-1.16,0.29,-0.16,-0.08,-0.11,0.04
20347,-0.95,0.29,-0.16,-0.08,-0.00,0.14
20348,-1.26,-0.02,-0.36,0.23,0.21,0.24
20349,-0.95,0.08,0.26,0.03,-0.00,-0.07
20350,-0.95,0.08,0.05,0.03,-0.11,-0.07
20351,-1.05,0.19,0.47,-0.08,-0.11,-0.07
20352,-1.16,-0.02,0.16,0.03,-0.00,0.04
20353,-0.84,-0.02,0.26,-0.08,-0.11,-0.17
20354,-1.05,-0.13,0.16,-0.08,-0.11,-0.17
20355,-1.26,-0.23,0.05,0.13,-0.00,0.14
20356,-1.26,-0.23,0.05,0.03,-0.11,0.04
20357,-1.16,-0.13,-0.16,0.03,-0.21,-0.07
20358,-1.26,-0.33,-0.26,0.13,-0.21,0.04
20359,-1.36,-0.02,-0.26,-0.08,-0.21,-0.17
20360,-1.57,0.08,-0.36,0.03,-0.00,0.04
20361,-1.57,-0.13,-0.57,0.13,-0.21,0.04
20362,-1.68,-0.23,-0.68,0.03,-0.00,-0.07
20363,-1.68,-0.23,-0.47,0.03,-0.11,0.04
20364,-1.57,-0.02,-0.36,0.03,-0.00,-0.17
20365,-1.26,0.19,-0.16,-0.18,-0.21,-0.28
20366,-1.26,0.19,-0.26,-0.08,-0.00,-0.17
20367,-1.26,0.39,-0.05,0.03,-0.00,0.04
20368,-1.16,0.29,0.05,0.03,-0.00,-0.07
20369,-1.05,0.19,-0.05,0.13,-0.00,-0.07
20370,-1.05,-0.02,-0.16,0.13,0.10,0.04
20371,-0.95,0.08,0.16,0.03,-0.21,0.04
20372,-1.26,-0.13,0.26,0.13,0.10,0.14
20373,-1.16,-0.13,0.26,0.03,-0.00,-0.07
20374,-1.05,-0.13,0.36,0.03,-0.00,0.04
20375,-1.05,0.08,0.16,-0.08,-0.31,-0.07
20376,-1.16,-0.02,0.26,0.03,-0.11,-0.07
20377,-1.36,-0.13,-0.26,0.13,-0.00,0.04
20378,-1.16,-0.33,0.05,-0.08,-0.00,-0.07
20379,-1.16,-0.23,-0.05,-0.08,-0.21,-0.17
20380,-1.68,-0.33,-0.26,0.13,-0.00,0.14
20381,-1.47,-0.23,-0.26,0.03,-0.11,-0.07
20382,-1.57,-0.13,-0.47,-0.08,-0.11,0.04
20383,-1.57,-0.13,-0.57,0.03,-0.00,0.14
20384,-1.68,0.19,-0.26,0.03,0.10,0.04
20385,-1.57,0.08,-0.47,0.03,-0.00,0.04
20386,-1.47,-0.02,-0.57,0.03,-0.00,0.04
20387,-1.26,0.08,-0.36,0.03,0.10,0.04
20388,-1.16,0.19,-0.05,0.03,-0.11,-0.07
20389,-0.95,0.39,0.05,-0.08,-0.00,-0.07
20390,-1.05,0.19,-0.05,0.13,-0.00,-0.07
20391,-1.05,0.08,0.16,0.03,-0.00,0.04
20392,-1.05,-0.02,0.05,-0.08,-0.11,0.04
20393,-1.16,-0.23,0.05,0.03,-0.11,0.04
20394,-1.05,-0.23,0.36,-0.08,-0.11,-0.07
20395,-1.16,-0.23,0.05,0.13,-0.00,0.14
20396,-1.05,-0.02,0.36,-0.08,-0.21,-0.17
20397,-1.26,-0.02,0.16,0.13,-0.00,0.04
20398,-1.05,0.08,-0.05,-0.08,-0.21,-0.17
20399,-1.26,-0.02,-0.26,0.03,-0.11,-0.07
20400,-1.36,-0.33,-0.57,0.13,-0.11,0.04
20401,-1.57,-0.23,-0.05,0.13,-0.11,-0.07
20402,-1.47,-0.13,-0.47,0.03,-0.00,-0.17
20403,-1.57,-0.33,-0.36,-0.08,-0.21,-0.07
20404,-1.47,0.08,-0.47,-0.08,-0.11,-0.28
20405,-1.78,-0.23,-0.57,0.03,-0.00,0.04
20406,-1.57,0.08,-0.47,0.13,-0.00,0.14
20407,-1.36,-0.02,-0.36,0.03,-0.00,0.04
20408,-1.26,0.39,-0.16,-0.08,-0.11,0.04
20409,-1.26,0.29,-0.16,0.13,-0.11,0.14
20410,-1.16,0.08,-0.05,0.03,0.10,0.14
20411,-0.84,-0.02,-0.16,0.13,-0.11,0.04
20412,-1.05,0.08,0.05,0.13,-0.11,0.04
20413,-1.05,0.08,0.36,0.03,-0.00,-0.07
20414,-1.26,-0.13,0.05,0.13,0.10,0.04
20415,-1.16,-0.02,0.26,0.13,-0.11,0.04
20416,-1.26,-0.13,0.26,0.13,-0.00,0.04
20417,-1.05,-0.23,-0.05,0.03,-0.00,0.04
20418,-1.26,-0.13,0.26,-0.08,-0.21,-0.17
20419,-1.36,-0.44,-0.05,0.13,-0.00,0.04
20420,-1.26,-0.13,-0.16,0.03,-0.21,-0.07
20421,-1.47,-0.23,-0.36,0.23,-0.00,0.04
20422,-1.36,-0.13,-0.36,0.03,-0.11,0.04
20423,-1.57,-0.13,-0.36,-0.08,-0.21,-0.07
20424,-1.47,-0.02,-0.36,-0.18,-0.11,-0.17
20425,-1.68,-0.13,-0.26,-0.08,-0.00,-0.07
20426,-1.57,0.19,-0.47,0.03,-0.00,-0.07
20427,-1.68,-0.23,-0.36,0.03,-0.00,0.04
20428,-1.36,-0.13,-0.57,0.03,0.10,0.04
20429,-1.16,0.29,-0.16,0.03,-0.11,-0.07
20430,-1.26,0.29,0.05,-0.08,-0.00,0.14
20431,-0.95,0.39,0.05,0.03,-0.00,0.04
20432,-1.05,-0.02,0.16,0.13,-0.00,0.04
20433,-0.64,0.19,0.26,-0.08,-0.11,-0.07
20434,-1.05,0.08,0.16,-0.08,-0.11,0.04
20435,-1.36,-0.33,0.05,0.13,-0.00,0.14
20436,-1.26,-0.33,0.36,0.03,-0.11,-0.07
20437,-1.05,-0.02,0.26,0.03,-0.00,0.04
20438,-1.05,-0.02,0.36,0.13,-0.00,0.04
20439,-1.16,-0.13,0.16,0.03,-0.11,-0.07
20440,-1.05,-0.23,-0.16,0.03,-0.21,-0.07
20441,-1.26,-0.23,-0.05,-0.08,-0.31,-0.07
20442,-1.47,-0.33,-0.68,0.13,-0.00,0.04
20443,-1.57,-0.23,-0.36,0.13,-0.11,-0.07
20444,-1.57,-0.23,-0.36,0.03,-0.11,-0.07
20445,-1.47,-0.13,-0.26,-0.08,-0.11,-0.17
20446,-1.26,0.08,-0.36,-0.18,-0.21,-0.17
20447,-1.68,0.08,-0.47,0.03,-0.00,0.14
20448,-1.26,0.29,-0.16,-0.08,-0.11,-0.07
20449,-1.26,0.19,-0.47,-0.08,-0.11,-0.07
20450,-1.26,0.19,-0.36,0.03,0.10,-0.07
20451,-1.26,-0.02,-0.36,0.03,0.10,-0.07
20452,-1.16,-0.13,-0.16,0.03,-0.00,0.04
20453,-0.95,-0.02,0.05,0.03,0.10,0.04
20454,-0.84,0.29,0.26,-0.08,-0.00,-0.07
20455,-0.95,0.19,0.26,0.03,-0.11,0.04
20456,-1.26,-0.23,0.05,0.13,0.21,0.14
20457,-1.05,-0.13,0.26,-0.08,-0.21,-0.17
20458,-1.05,-0.33,0.16,0.13,-0.11,-0.07
20459,-1.05,-0.33,0.26,-0.08,-0.11,-0.17
20460,-1.16,-0.02,0.26,0.03,-0.11,-0.17
20461,-1.36,-0.33,-0.05,0.13,-0.11,0.04
20462,-1.05,-0.02,0.05,-0.08,-0.31,-0.28
20463,-1.36,-0.13,-0.26,-0.08,-0.21,-0.17
20464,-1.57,-0.23,-0.57,0.13,-0.00,0.14
20465,-1.57,-0.33,-0.47,0.03,-0.11,-0.07
20466,-1.47,0.08,-0.36,0.03,-0.11,-0.17
20467,-1.57,-0.02,-0.47,-0.08,-0.21,0.04
20468,-1.47,0.08,-0.36,0.03,-0.11,0.04
20469,-1.26,0.08,-0.26,0.03,-0.11,-0.07
20470,-1.26,0.19,-0.16,-0.08,-0.00,0.04
20471,-1.36,0.39,-0.26,0.23,-0.00,0.14
20472,-1.16,0.19,0.05,0.03,-0.11,0.04
20473,-0.95,0.19,-0.16,0.03,-0.11,-0.07
20474,-0.84,-0.02,0.36,-0.08,-0.21,-0.07
20475,-0.84,-0.13,-0.05,0.03,-0.11,-0.17
20476,-1.16,-0.02,0.36,0.13,-0.11,0.04
20477,-1.26,-0.23,0.47,0.03,-0.00,0.04
20478,-1.05,0.08,0.36,0.03,-0.11,-0.07
20479,-1.05,0.08,0.36,0.03,-0.11,-0.07
20480,-1.26,-0.13,0.05,0.03,-0.00,-0.07
20481,-1.16,-0.02,-0.05,0.03,-0.11,-0.07
20482,-1.26,-0.54,-0.26,0.13,-0.11,0.04
20483,-1.36,-0.23,-0.16,0.13,-0.11,0.04
20484,-1.16,-0.23,-0.05,-0.08,-0.31,-0.17
20485,-1.47,-0.02,-0.26,-0.08,-0.31,-0.17
20486,-1.47,-0.33,-0.47,0.03,-0.11,-0.07
20487,-1.47,0.08,-0.36,-0.08,-0.31,-0.17
20488,-1.36,0.29,-0.26,-0.18,-0.11,-0.17
20489,-1.57,0.29,-0.36,0.13,-0.00,0.04
20490,-1.47,-0.02,-0.36,0.03,-0.00,0.14
20491,-1.26,0.19,-0.36,0.03,-0.00,0.04
20492,-1.26,0.08,-0.26,0.03,-0.00,0.04
20493,-1.05,0.19,-0.16,0.13,-0.00,-0.07
20494,-0.95,-0.13,-0.05,0.13,-0.00,0.04
20495,-1.16,-0.02,0.05,0.13,0.31,0.14
20496,-1.16,-0.13,-0.05,0.23,0.31,0.14
20497,-1.26,-0.13,0.05,0.13,-0.11,0.14
20498,-1.16,-0.02,0.16,0.03,-0.11,-0.07
20499,-1.16,-0.02,0.36,-0.08,-0.11,-0.17
20500,-0.95,0.08,0.26,-0.08,-0.21,-0.07
20501,-1.36,-0.23,-0.05,0.13,-0.00,0.04
20502,-1.36,-0.33,-0.36,0.13,-0.00,0.14
20503,-1.16,-0.13,-0.16,0.03,-0.21,-0.07
20504,-1.26,-0.23,-0.36,0.13,-0.21,0.04
20505,-1.36,-0.02,-0.26,-0.08,-0.11,-0.28
20506,-1.57,-0.13,-0.36,0.03,-0.11,-0.17
20507,-1.47,-0.02,-0.16,0.03,-0.11,-0.17
20508,-1.57,-0.23,-0.57,0.03,-0.00,-0.07
20509,-1.47,-0.02,-0.47,0.03,-0.21,-0.07
20510,-1.57,0.08,-0.57,-0.08,-0.11,-0.07
20511,-1.36,0.08,-0.36,0.03,-0.11,0.04
20512,-1.26,0.29,-0.16,0.03,-0.00,0.04
20513,-1.26,0.29,0.05,0.13,0.10,0.04
20514,-0.95,0.29,-0.16,-0.08,-0.00,-0.07
20515,-1.16,-0.13,-0.26,0.13,0.10,0.04
20516,-0.95,-0.02,-0.05,0.23,-0.11,0.04
20517,-1.16,-0.33,-0.05,0.03,0.10,0.14
20518,-1.16,-0.13,0.36,0.03,-0.11,0.04
20519,-1.26,-0.44,0.16,0.03,-0.00,0.14
20520,-1.05,0.19,0.36,0.03,-0.11,0.04
20521,-1.16,-0.13,0.16,-0.08,-0.11,0.04
20522,-1.16,-0.13,0.05,0.03,-0.21,-0.17
20523,-1.26,-0.02,0.16,-0.08,-0.11,-0.07
20524,-1.16,-0.02,-0.16,0.03,-0.21,-0.17
20525,-1.36,-0.33,-0.47,0.23,-0.00,0.04
20526,-1.47,-0.13,-0.36,0.03,-0.11,0.04
20527,-1.47,-0.23,-0.36,-0.08,-0.21,-0.07
20528,-1.57,-0.13,-0.47,0.03,-0.00,0.04
20529,-1.57,0.08,-0.16,-0.18,-0.11,-0.17
20530,-1.57,-0.02,-0.36,0.13,-0.00,0.04
20531,-1.57,0.19,-0.47,0.13,-0.00,0.14
20532,-1.36,0.08,-0.16,-0.08,0.10,-0.07
20533,-1.36,-0.02,-0.36,0.13,0.21,0.04
20534,-1.16,0.08,-0.05,0.03,-0.00,0.04
20535,-1.26,0.08,-0.16,0.13,0.10,0.24
20536,-1.16,-0.02,0.05,0.13,0.10,0.04
20537,-1.05,0.08,-0.05,0.13,-0.00,0.04
20538,-0.95,0.08,0.26,-0.08,-0.11,-0.07
20539,-1.26,-0.02,0.26,0.03,-0.00,-0.07
20540,-1.36,-0.13,0.26,0.13,-0.00,0.04
20541,-0.95,0.08,0.36,-0.08,-0.11,-0.07
20542,-1.05,0.08,0.26,-0.08,-0.21,-0.07
20543,-1.05,0.08,0.16,-0.18,-0.31,-0.17
20544,-1.36,-0.23,-0.05,-0.08,-0.21,0.04
20545,-1.26,-0.02,-0.16,0.13,-0.11,0.04
20546,-1.36,-0.33,-0.36,0.03,-0.21,-0.17
20547,-1.47,-0.13,-0.26,0.03,-0.11,-0.07
20548,-1.47,-0.13,-0.36,-0.08,-0.31,-0.28
20549,-1.47,-0.02,-0.36,0.03,-0.11,-0.07
20550,-1.57,-0.13,-0.57,0.13,0.10,0.14
20551,-1.47,-0.02,-0.26,0.03,-0.11,-0.07
20552,-1.57,-0.02,-0.47,0.13,0.10,0.14
20553,-1.26,0.19,-0.16,0.13,-0.11,0.04
20554,-1.05,0.29,-0.26,0.13,-0.00,0.04
20555,-1.26,0.19,-0.16,0.13,0.10,-0.07
20556,-1.05,0.19,-0.26,0.03,-0.11,-0.07
20557,-1.05,-0.02,-0.05,0.13,-0.11,0.04
20558,-0.95,0.08,0.05,0.03,-0.00,0.04
20559,-1.05,-0.02,0.16,0.03,-0.11,-0.07
20560,-0.95,-0.02,0.36,0.03,-0.21,-0.17
20561,-1.26,-0.23,0.16,0.03,-0.00,0.14
20562,-1.05,-0.13,0.16,0.13,-0.11,-0.07
20563,-1.26,-0.13,0.16,0.13,-0.00,-0.07
20564,-1.16,-0.13,0.26,-0.08,-0.21,-0.07
20565,-1.16,-0.13,0.05,0.03,-0.21,-0.17
20566,-1.16,-0.02,-0.05,0.03,-0.11,-0.07
20567,-1.47,-0.23,-0.36,0.13,-0.00,-0.07
20568,-1.47,-0.23,-0.47,-0.08,-0.11,0.04
20569,-1.57,-0.33,-0.57,0.03,-0.11,-0.07
20570,-1.36,0.19,-0.26,-0.18,-0.21,-0.28
20571,-1.36,0.08,-0.26,-0.08,-0.31,-0.28
20572,-1.57,0.19,-0.26,0.03,-0.00,-0.07
20573,-1.57,-0.02,-0.36,0.03,-0.11,0.04
20574,-1.26,0.29,-0.26,0.03,-0.11,0.14
20575,-1.36,0.19,-0.16,0.13,0.10,0.14
20576,-1.16,0.19,-0.16,0.03,-0.00,-0.07
20577,-1.05,-0.13,-0.05,0.03,-0.00,0.04
20578,-0.95,0.08,0.05,0.03,-0.11,-0.07
20579,-1.05,-0.13,-0.05,0.23,0.10,0.14
20580,-1.16,-0.13,0.05,0.13,-0.00,0.04
20581,-1.26,-0.23,0.26,0.13,-0.11,0.14
20582,-1.16,0.08,0.47,0.03,-0.11,-0.07
20583,-0.95,0.08,0.16,-0.08,-0.21,-0.17
20584,-1.36,-0.23,0.05,0.03,-0.00,0.04
20585,-1.36,-0.23,-0.16,0.03,-0.00,0.04
20586,-1.16,-0.23,-0.16,0.03,-0.21,-0.07
20587,-1.36,-0.13,-0.26,0.13,-0.11,0.04
20588,-1.47,-0.33,-0.16,0.13,-0.11,-0.07
20589,-1.57,-0.23,-0.47,-0.08,-0.11,0.04
20590,-1.47,-0.33,-0.36,0.03,-0.11,0.04
20591,-1.47,-0.02,-0.36,-0.08,-0.11,-0.07
20592,-1.47,0.19,-0.26,0.03,-0.00,-0.07
20593,-1.78,0.08,-0.36,0.13,-0.00,0.04
20594,-1.57,-0.02,-0.36,0.23,0.21,0.04
20595,-1.16,0.39,0.05,-0.18,-0.21,-0.17
20596,-1.05,0.39,-0.05,-0.18,-0.21,-0.07
20597,-1.16,0.19,0.05,-0.08,-0.11,-0.17
20598,-0.95,-0.02,0.05,-0.08,-0.11,-0.07
20599,-1.05,-0.02,0.26,0.03,0.10,0.14
20600,-0.95,0.08,0.26,-0.18,-0.21,-0.17
20601,-1.05,0.19,0.36,-0.18,-0.21,-0.17
20602,-1.16,-0.33,0.16,0.03,-0.00,0.04
20603,-1.26,-0.23,0.16,0.03,-0.11,0.04
20604,-1.26,-0.13,0.26,0.23,0.10,0.04
20605,-1.16,0.08,0.16,0.03,-0.21,-0.07
20606,-1.26,-0.13,-0.05,0.03,-0.21,-0.17
20607,-1.36,-0.23,-0.26,0.13,0.10,0.04
20608,-1.26,-0.23,-0.68,0.03,-0.00,0.04
20609,-1.36,-0.02,-0.16,-0.08,-0.11,-0.07
20610,-1.57,-0.13,-0.47,-0.08,-0.00,0.04
20611,-1.47,-0.23,-0.36,0.03,-0.11,-0.07
20612,-1.57,-0.02,-0.26,0.03,-0.11,-0.07
20613,-1.47,0.19,-0.26,0.03,-0.21,-0.07
20614,-1.47,-0.02,-0.47,0.03,-0.11,0.04
20615,-1.36,-0.02,-0.47,-0.08,-0.00,-0.07
20733,-1.78,-0.54,0.05,0.44,0.31,0.14
20733,-1.36,1.02,-1.09,0.23,0.10,0.14
20734,-1.57,-0.33,-0.26,0.03,-0.00,-0.07
20735,-1.57,-0.13,-0.36,0.03,-0.11,-0.07
20736,-1.68,-0.13,-0.47,0.03,-0.00,0.14
20737,-1.47,0.08,-0.05,-0.08,-0.00,-0.17
20738,-1.57,0.29,-0.16,0.03,-0.11,0.04
20739,-1.47,-0.02,-0.36,0.03,-0.11,-0.07
20740,-1.16,0.08,-0.16,0.03,-0.00,0.04
20741,-1.16,0.29,-0.16,0.03,-0.11,0.04
20742,-1.05,0.19,0.05,0.03,-0.00,0.04
20743,-1.05,0.08,-0.05,-0.08,-0.21,-0.07
20744,-0.84,0.08,0.16,0.03,-0.21,-0.07
20745,-1.05,-0.13,0.36,0.03,-0.00,-0.07
20746,-1.16,-0.02,0.05,0.03,0.10,0.04
20747,-1.16,-0.23,0.16,0.03,-0.11,0.04
20748,-1.05,-0.02,0.26,0.03,-0.11,0.04
20749,-1.05,-0.02,0.36,-0.08,-0.11,-0.17
20750,-1.26,-0.02,0.16,-0.18,-0.00,0.04
20752,-1.16,-0.13,-0.05,-0.08,-0.21,-0.17
20752,-1.36,-0.13,-0.05,0.03,-0.21,-0.17
20753,-1.26,-0.13,-0.47,-0.08,-0.11,-0.17
20754,-1.47,-0.13,-0.16,0.13,-0.11,-0.07
20755,-1.57,-0.23,-0.36,0.03,-0.00,-0.07
20756,-1.47,-0.02,-0.47,0.03,-0.11,0.04
20757,-1.47,-0.13,-0.36,0.03,-0.00,0.04
20758,-1.68,0.19,-0.26,0.13,-0.21,-0.07
20759,-1.47,-0.02,-0.47,0.03,-0.00,-0.07
20760,-1.16,0.08,-0.16,-0.08,-0.11,0.04
20761,-1.36,0.19,-0.36,0.13,0.10,0.04
20762,-1.16,0.39,-0.16,0.13,0.10,0.04
20763,-1.05,0.08,-0.05,0.03,-0.11,-0.07
20764,-1.05,-0.02,-0.16,0.03,-0.11,-0.07
20765,-0.95,-0.13,0.05,-0.08,-0.11,-0.07
20766,-1.26,-0.02,0.26,-0.08,-0.00,-0.07
20767,-1.16,0.08,0.36,0.13,-0.00,0.04
20768,-1.26,-0.23,0.16,0.03,-0.00,0.04
20769,-0.95,-0.02,0.16,0.13,-0.11,0.04
20770,-1.16,-0.13,0.05,0.03,-0.11,-0.07
20771,-1.47,-0.13,-0.05,0.13,0.10,0.04
20772,-1.36,-0.23,-0.16,0.03,-0.00,-0.07
20773,-1.26,-0.13,-0.16,0.13,-0.21,-0.17
20774,-1.36,-0.23,-0.36,0.03,-0.11,-0.17
20775,-1.57,-0.02,-0.36,-0.08,-0.21,-0.17
20776,-1.68,-0.33,-0.57,0.03,-0.11,-0.07
20777,-1.47,-0.13,-0.47,0.03,-0.21,-0.07
20778,-1.36,0.08,-0.26,-0.08,-0.21,-0.28
20779,-1.57,0.29,-0.16,-0.18,-0.00,-0.07
20780,-1.36,0.19,-0.47,-0.08,-0.11,-0.17
20781,-1.16,0.39,-0.26,-0.08,-0.11,-0.17
20782,-1.36,0.08,-0.36,0.03,-0.00,0.04
20783,-1.16,0.19,0.05,-0.08,-0.00,-0.07
20784,-1.05,0.19,-0.16,-0.18,-0.00,-0.07
20785,-0.95,0.19,-0.05,0.03,-0.00,0.04
20786,-0.95,-0.13,0.16,0.03,-0.00,0.04
20787,-1.05,0.08,0.26,0.03,-0.11,-0.07
20788,-1.16,-0.02,0.36,-0.08,-0.11,-0.07
20789,-1.26,-0.02,0.05,0.03,-0.00,0.14
20790,-1.05,-0.23,0.26,-0.08,-0.11,0.04
20791,-1.26,-0.33,0.16,0.13,0.10,0.04
20792,-1.26,-0.13,-0.16,0.03,-0.00,-0.07
20793,-1.26,-0.13,-0.16,0.03,-0.11,-0.07
20794,-1.16,-0.13,-0.36,0.03,-0.11,0.04
20795,-1.68,-0.33,-0.16,0.03,-0.11,0.04
20796,-1.68,-0.23,-0.26,0.03,-0.11,-0.17
20797,-1.57,-0.33,-0.36,0.03,-0.00,0.04
20798,-1.68,-0.33,-0.68,0.13,0.21,0.14
20799,-1.47,0.08,-0.47,0.03,-0.11,0.04
20800,-1.57,0.08,-0.26,-0.08,-0.00,-0.07
20801,-1.57,0.08,-0.36,0.13,0.10,0.14
20802,-1.05,0.29,-0.26,0.03,-0.00,0.04
20803,-1.26,0.19,-0.05,0.03,-0.00,-0.07
20804,-0.95,0.29,-0.05,0.03,-0.11,-0.07
20805,-1.05,-0.02,-0.16,0.03,-0.00,0.04
20806,-1.05,0.08,0.05,-0.08,-0.00,-0.07
20807,-1.05,-0.02,0.16,0.03,-0.00,0.14
20808,-1.16,-0.02,0.16,0.03,-0.11,-0.07
20809,-1.26,-0.44,0.26,0.03,0.10,0.14
20810,-1.16,-0.02,0.05,0.03,-0.11,-0.07
20811,-1.05,0.08,0.16,0.03,-0.11,0.14
20812,-1.36,-0.02,0.36,0.03,-0.11,-0.07
20813,-1.26,-0.13,-0.16,0.03,-0.21,-0.07
20814,-1.26,-0.33,-0.16,0.03,-0.00,0.04
20815,-1.26,-0.13,-0.36,0.13,-0.11,0.04
20816,-1.47,-0.13,-0.36,0.13,-0.11,-0.07
20817,-1.36,-0.23,-0.36,0.03,-0.11,0.14
20818,-1.57,-0.23,-0.26,-0.08,-0.00,-0.07
20819,-1.36,-0.13,-0.36,-0.08,-0.21,-0.07
20820,-1.47,0.08,-0.16,-0.08,-0.11,-0.07
20821,-1.57,0.19,-0.26,0.03,0.10,0.04
20822,-1.16,0.08,-0.47,0.03,-0.00,-0.07
20823,-1.36,0.08,-0.16,-0.08,-0.11,-0.07
20824,-1.05,0.39,0.05,-0.08,-0.11,0.04
20825,-1.05,0.29,-0.05,-0.08,-0.11,-0.07
20826,-0.95,0.08,0.05,0.03,-0.11,-0.07
20827,-1.05,-0.13,-0.05,0.13,0.10,0.14
20828,-1.05,0.08,0.26,0.03,-0.00,-0.07
20829,-1.26,0.08,0.26,0.03,-0.00,-0.07
20830,-1.26,-0.23,0.26,0.03,-0.00,-0.07
20831,-1.16,0.08,0.05,-0.08,-0.11,-0.07
20832,-1.16,-0.23,0.36,0.03,-0.11,0.04
20833,-1.16,-0.13,-0.05,0.03,-0.00,0.04
20834,-1.26,-0.13,-0.05,0.03,-0.11,0.04
20835,-1.36,-0.13,-0.05,0.03,-0.11,-0.07
20836,-1.26,-0.23,-0.16,0.03,-0.31,-0.07
20837,-1.68,-0.13,-0.36,0.03,-0.21,-0.07
20838,-1.36,-0.33,-0.68,0.03,-0.11,-0.07
20839,-1.68,-0.23,-0.57,0.13,-0.11,0.14
20840,-1.57,-0.13,-0.47,0.13,-0.00,0.24
20841,-1.47,0.29,-0.05,-0.08,-0.11,0.04
20842,-1.57,0.08,-0.57,-0.08,0.10,0.04
20843,-1.16,0.08,-0.16,-0.08,-0.00,-0.07
20844,-1.26,0.29,-0.26,0.03,-0.00,-0.07
20845,-1.26,0.19,-0.16,0.03,0.21,0.04
20846,-1.05,0.08,-0.05,0.03,-0.11,-0.07
20847,-1.05,0.08,-0.05,0.03,-0.00,-0.07
20848,-0.95,0.08,-0.05,-0.08,-0.11,-0.28
20849,-1.05,-0.02,0.16,0.03,-0.11,-0.07
20850,-1.16,-0.33,0.36,0.03,-0.11,-0.07
20851,-1.05,-0.02,0.05,-0.08,-0.11,0.04
20852,-1.05,-0.02,0.16,-0.08,-0.11,0.04
20853,-1.26,0.08,0.26,0.03,-0.00,-0.07
20854,-1.36,-0.23,-0.26,0.03,-0.00,-0.07
20855,-1.16,-0.13,-0.05,-0.08,-0.21,0.04
20856,-1.36,-0.33,-0.57,0.03,-0.11,0.04
20857,-1.36,-0.23,-0.05,-0.08,-0.21,-0.07
20858,-1.47,-0.23,-0.47,-0.08,-0.00,0.04
20859,-1.57,-0.13,-0.26,0.03,-0.00,-0.07
20860,-1.47,-0.23,-0.57,0.03,-0.11,-0.07
20861,-1.57,0.08,-0.26,0.03,-0.11,-0.07
20862,-1.47,0.19,-0.36,-0.08,-0.11,-0.07
20863,-1.36,0.08,-0.47,0.03,-0.00,-0.07
20864,-1.26,0.08,-0.16,0.13,-0.00,0.04
20865,-1.26,0.08,-0.16,0.03,0.10,0.04
20866,-1.16,0.08,-0.16,0.03,0.10,0.04
20867,-1.16,-0.02,-0.16,-0.08,-0.00,-0.07
20868,-0.84,0.08,0.16,0.03,-0.00,-0.07
20869,-0.95,-0.13,0.16,-0.08,-0.11,0.04
20870,-1.36,-0.02,0.26,0.13,-0.11,0.04
20871,-1.16,-0.02,0.16,-0.08,-0.11,-0.07
20872,-1.05,-0.02,0.16,0.03,-0.21,-0.17
20873,-1.05,-0.02,0.16,0.03,-0.21,-0.07
20874,-1.36,-0.13,0.16,0.13,-0.00,0.14
20875,-1.16,-0.13,0.05,-0.08,-0.21,-0.07
20876,-1.26,-0.13,-0.16,0.03,-0.11,0.04
20877,-1.36,-0.33,-0.47,0.03,-0.21,-0.07
20878,-1.47,-0.13,-0.26,0.03,-0.21,-0.07
20879,-1.36,-0.33,-0.57,0.03,-0.21,-0.07
20880,-1.47,-0.02,-0.47,-0.08,-0.00,0.04
20881,-1.57,-0.13,-0.36,0.03,0.10,-0.07
20882,-1.57,0.19,-0.16,0.03,-0.11,-0.07
20883,-1.47,0.08,-0.26,0.03,-0.00,0.04
20884,-1.26,0.29,-0.47,0.03,-0.11,-0.07
20885,-1.26,0.19,-0.36,0.03,0.10,0.04
20886,-1.05,0.29,-0.16,0.13,0.10,0.04
20887,-1.05,-0.02,-0.16,0.03,0.10,-0.07
20888,-0.95,0.08,0.05,-0.08,-0.00,-0.07
20889,-1.05,-0.02,0.05,0.03,0.10,0.14
20890,-1.05,0.08,0.16,-0.18,-0.21,-0.17
20891,-1.16,-0.13,0.26,0.03,-0.00,0.04
20892,-1.16,-0.23,0.26,0.03,-0.11,0.04
20893,-1.05,0.08,0.26,0.03,-0.11,0.04
20894,-1.05,-0.02,0.16,0.03,-0.11,-0.07
20895,-1.26,-0.02,0.05,0.13,-0.11,-0.07
20896,-1.16,-0.33,-0.16,0.03,-0.11,-0.07
20897,-1.16,-0.13,-0.05,-0.08,-0.21,-0.07
20898,-1.36,-0.23,-0.16,0.03,-0.11,-0.07
20899,-1.47,-0.13,-0.16,0.03,-0.11,-0.07
20900,-1.36,-0.23,-0.47,-0.08,-0.11,-0.07
20901,-1.47,-0.23,-0.47,0.03,-0.11,0.04
20902,-1.47,0.08,-0.47,-0.08,-0.11,-0.07
20903,-1.68,0.29,-0.26,0.13,-0.00,-0.07
20904,-1.47,0.08,-0.26,0.03,-0.00,-0.17
20905,-1.26,0.19,-0.36,0.03,-0.00,0.04
20906,-1.36,0.08,-0.05,0.13,-0.00,0.04
20907,-1.16,0.29,-0.05,-0.08,-0.11,-0.07
20908,-1.16,-0.13,-0.26,-0.08,-0.00,0.04
20909,-0.95,-0.02,0.05,-0.08,-0.21,-0.17
20910,-1.05,-0.13,0.05,0.13,-0.00,0.04
20911,-1.16,-0.02,0.16,0.13,-0.00,-0.07
20912,-1.26,-0.23,0.26,0.13,-0.00,0.04
20913,-1.16,0.08,0.16,0.03,-0.00,-0.07
20914,-0.95,-0.02,0.16,-0.08,-0.11,-0.17
20915,-1.26,-0.23,0.26,0.13,-0.00,0.14
20916,-1.36,-0.13,0.05,0.03,-0.00,-0.07
20917,-1.16,-0.02,-0.16,0.03,-0.11,0.04
20918,-1.26,-0.23,-0.26,0.13,-0.11,-0.07
20919,-1.36,-0.23,-0.36,-0.08,-0.11,-0.07
20920,-1.47,-0.23,-0.36,0.13,-0.11,-0.07
20921,-1.57,-0.13,-0.26,-0.08,-0.11,-0.17
20922,-1.47,-0.02,-0.36,0.13,-0.00,0.14
20923,-1.57,0.19,-0.26,0.03,-0.11,-0.07
20924,-1.47,0.19,-0.26,0.03,-0.00,0.04
20925,-1.36,-0.13,-0.57,0.13,-0.00,-0.07
20926,-1.26,0.29,-0.16,-0.08,-0.21,-0.07
20927,-1.16,0.39,-0.05,0.03,-0.00,0.14
20928,-1.16,0.19,-0.05,0.13,0.10,0.14
20929,-1.16,-0.23,-0.26,0.03,-0.00,0.04
20930,-0.95,0.08,-0.05,0.13,0.10,0.14
20931,-1.05,-0.13,0.05,0.03,-0.00,-0.17
20932,-1.05,-0.02,0.36,0.03,-0.21,-0.07
20933,-1.26,-0.33,0.16,-0.08,-0.11,-0.07
20934,-1.05,-0.13,0.16,0.03,-0.00,-0.07
20935,-1.16,-0.13,0.16,0.13,-0.00,0.14
20936,-1.36,-0.13,0.16,0.13,-0.11,-0.17
20937,-1.26,-0.13,-0.16,0.13,-0.11,0.04
20938,-1.36,-0.23,-0.05,0.13,-0.11,0.04
20939,-1.47,-0.23,-0.26,0.13,-0.11,-0.07
20940,-1.47,0.08,-0.26,-0.08,-0.21,-0.17
20941,-1.47,-0.33,-0.47,0.03,-0.11,0.04
20942,-1.36,-0.02,-0.57,-0.08,-0.00,-0.07
20943,-1.47,-0.23,-0.68,-0.08,-0.00,0.04
20944,-1.57,0.08,-0.16,0.03,-0.11,-0.07
20945,-1.36,0.08,-0.26,-0.08,-0.21,-0.07
20946,-1.26,0.29,-0.05,0.03,-0.11,-0.07
20947,-1.16,0.29,-0.26,0.03,-0.00,-0.07
20948,-1.16,0.29,-0.16,0.03,-0.11,-0.07
20949,-1.05,-0.02,-0.16,0.13,0.10,0.04
20950,-0.84,0.08,0.16,0.13,-0.11,0.04
20951,-0.95,-0.02,0.05,0.03,-0.00,0.04
20952,-1.26,0.08,0.05,0.13,-0.00,-0.07
20953,-1.16,-0.33,0.16,0.13,-0.11,-0.07
20954,-1.05,-0.02,0.26,-0.08,-0.21,-0.17
20955,-1.05,-0.23,0.16,0.13,-0.00,0.14
20956,-1.26,0.08,0.26,0.03,-0.11,-0.07
20957,-1.36,-0.02,-0.05,0.03,-0.11,-0.17
20958,-1.05,-0.13,-0.16,0.13,-0.21,-0.07
20959,-1.26,-0.13,-0.26,0.03,-0.31,-0.17
20960,-1.36,-0.02,-0.26,0.03,-0.11,0.04
20961,-1.47,-0.13,-0.26,-0.08,-0.21,-0.07
20963,-1.47,-0.23,-0.36,0.03,-0.00,0.04
20963,-1.47,-0.13,-0.26,-0.08,-0.11,-0.07
20964,-1.47,0.08,-0.26,0.03,-0.00,-0.07
20965,-1.47,0.19,-0.47,-0.18,-0.21,-0.28
20966,-1.26,-0.13,-0.47,0.03,-0.00,-0.07
20967,-1.26,-0.02,-0.36,0.03,0.10,0.04
20968,-1.26,0.29,0.16,-0.08,-0.00,-0.07
20969,-1.16,0.19,-0.16,0.13,0.10,0.04
20970,-0.95,0.08,0.05,0.03,-0.00,-0.07
20971,-0.95,0.08,-0.05,0.03,-0.11,-0.07
20972,-0.95,0.08,0.16,0.03,-0.00,0.04
20973,-1.16,-0.02,0.26,0.03,-0.21,-0.17
20974,-1.16,-0.02,0.16,0.03,-0.21,-0.07
20975,-0.95,-0.13,0.16,0.03,-0.00,0.04
20976,-1.05,-0.13,0.05,0.13,-0.11,-0.07
20977,-1.36,-0.02,0.05,0.03,-0.11,-0.17
20978,-1.36,-0.33,-0.05,-0.08,-0.11,-0.17
20979,-1.36,-0.13,-0.16,0.13,-0.11,0.04
20980,-1.47,-0.33,-0.47,0.03,-0.11,-0.07
20981,-1.36,-0.02,-0.16,-0.08,-0.21,-0.17
20982,-1.57,-0.23,-0.57,-0.08,-0.00,-0.07
20983,-1.47,-0.13,-0.68,0.03,0.10,0.14
20984,-1.47,-0.02,-0.36,-0.08,-0.21,0.04
20985,-1.57,0.08,-0.16,-0.18,-0.00,0.04
20986,-1.47,-0.02,-0.47,0.03,0.10,0.04
20987,-1.26,0.08,-0.26,0.13,-0.11,-0.07
20988,-1.16,0.08,-0.36,0.03,-0.00,0.04
20989,-1.16,0.08,-0.05,-0.08,-0.00,-0.07
20990,-1.26,0.08,-0.16,-0.08,-0.00,-0.07
20991,-1.05,0.08,-0.05,0.03,0.10,0.04
20992,-0.95,0.08,0.05,-0.08,-0.11,-0.17
20993,-0.95,0.19,0.26,0.03,-0.11,0.04
20994,-1.26,-0.02,0.05,0.13,-0.11,0.04
20995,-1.05,-0.13,0.26,0.03,-0.11,-0.07
20996,-1.16,-0.13,0.16,0.03,-0.21,-0.07
20997,-1.16,0.08,0.05,0.13,-0.11,0.14
20998,-1.16,-0.23,-0.05,0.03,-0.11,-0.17
20999,-1.26,-0.23,-0.16,0.03,-0.11,-0.28
21000,-1.16,-0.23,-0.26,-0.08,-0.11,-0.17
21001,-1.36,-0.23,0.05,0.03,-0.11,-0.17
21002,-1.36,-0.02,-0.26,-0.08,-0.11,0.04
21003,-1.57,-0.23,-0.47,0.03,-0.00,-0.07
21004,-1.36,-0.02,-0.36,0.03,-0.11,0.04
21005,-1.57,0.08,-0.47,-0.08,-0.11,-0.07
21006,-1.57,0.29,-0.36,-0.08,-0.00,-0.07
21007,-1.26,0.08,-0.26,0.03,-0.00,-0.07
21008,-1.16,0.19,-0.26,0.03,-0.11,-0.07
21009,-1.26,0.19,-0.16,0.03,-0.11,0.14
21010,-1.16,0.08,0.16,0.03,-0.00,0.14
21011,-1.05,-0.13,-0.26,-0.08,0.10,-0.07
21012,-0.84,0.08,0.16,0.13,-0.11,0.04
21013,-1.05,-0.02,0.05,-0.08,-0.00,-0.07
21014,-1.16,0.08,0.26,0.13,-0.11,0.04
21015,-1.16,-0.13,0.26,0.03,-0.00,-0.17
21016,-0.95,0.08,0.16,0.03,-0.00,0.04
21017,-1.16,-0.13,0.16,0.03,-0.11,-0.17
21018,-1.26,0.08,0.05,0.03,-0.21,-0.07
21019,-1.26,-0.33,0.05,0.03,-0.11,-0.07
21020,-1.16,-0.13,-0.26,0.03,-0.21,-0.17
21021,-1.36,-0.23,-0.26,0.03,-0.11,-0.07
21022,-1.68,-0.13,-0.47,0.03,-0.11,0.04
21023,-1.36,-0.23,-0.36,-0.18,-0.21,-0.07
21024,-1.57,-0.33,-0.26,0.03,-0.11,-0.07
21025,-1.57,-0.02,-0.36,-0.08,-0.00,-0.07
21026,-1.57,0.29,-0.26,0.03,0.10,-0.07
21027,-1.36,0.29,-0.26,-0.08,-0.00,0.04
21028,-1.36,0.08,-0.47,-0.18,0.10,0.04
21029,-1.26,0.19,-0.36,-0.08,0.10,0.04
21030,-1.05,0.50,0.16,-0.08,-0.00,0.04
21031,-1.36,-0.13,-0.26,0.13,0.10,0.14
21032,-0.95,-0.02,-0.05,0.03,-0.00,0.04
21033,-0.84,0.08,0.26,-0.08,-0.11,-0.07
21034,-1.16,-0.13,0.05,0.03,-0.00,-0.07
21035,-1.16,-0.02,0.47,0.03,-0.00,-0.07
21036,-1.16,-0.23,0.26,-0.08,-0.00,-0.07
21037,-1.05,-0.02,0.16,0.03,-0.00,0.04
21038,-1.26,-0.13,0.05,0.13,-0.11,-0.07
21039,-1.16,-0.02,0.16,0.03,-0.00,-0.07
21040,-1.26,-0.23,-0.05,0.03,-0.00,0.04
21041,-1.16,-0.13,-0.26,0.03,-0.21,-0.07
21042,-1.47,-0.23,-0.05,-0.08,-0.11,-0.07
21043,-1.47,-0.02,-0.26,0.13,-0.00,0.04
21044,-1.36,-0.44,-0.36,-0.08,-0.11,-0.07
21045,-1.47,-0.13,-0.47,0.03,-0.00,-0.07
21046,-1.57,-0.02,-0.47,0.03,-0.00,-0.07
21047,-1.57,0.19,-0.16,0.13,-0.11,-0.07
21048,-1.36,0.08,-0.16,0.13,-0.00,-0.07
21049,-1.36,0.29,-0.26,0.03,-0.11,-0.07
21050,-1.05,0.39,0.05,0.03,-0.00,-0.07
21051,-1.26,0.29,-0.16,-0.08,-0.00,-0.07
21052,-1.16,0.08,-0.16,0.03,-0.00,0.04
21053,-0.84,0.08,-0.05,0.03,-0.21,-0.17
21054,-0.95,-0.02,0.16,0.13,-0.00,0.04
21055,-1.26,-0.02,0.05,0.13,0.10,-0.07
21056,-1.05,-0.33,0.26,0.13,-0.00,-0.07
21057,-1.05,-0.13,0.16,0.03,-0.00,-0.07
21058,-1.05,-0.13,0.26,0.03,-0.00,-0.07
21059,-1.26,-0.13,0.36,0.13,-0.00,0.04
21060,-1.36,-0.02,-0.05,0.03,-0.00,-0.07
21061,-1.16,-0.13,-0.26,-0.08,-0.21,0.04
21062,-1.36,-0.02,-0.36,0.23,-0.11,-0.07
21063,-1.47,0.08,-0.26,0.13,-0.11,-0.07
21064,-1.36,-0.23,-0.36,0.03,-0.11,-0.07
21065,-1.47,0.08,-0.16,-0.08,-0.11,-0.07
21066,-1.57,-0.23,-0.36,0.03,0.10,0.04
21067,-1.36,-0.02,-0.16,0.03,-0.11,0.04
21068,-1.47,0.08,-0.26,0.03,-0.00,0.04
21069,-1.26,0.08,-0.26,-0.08,-0.11,-0.07
21070,-1.36,0.39,-0.26,-0.08,-0.00,-0.07
21071,-1.16,0.19,-0.16,0.03,-0.00,-0.07
21072,-1.26,0.19,-0.16,-0.08,-0.11,-0.07
21073,-0.95,0.08,0.05,0.03,-0.00,-0.07
21074,-0.84,0.19,0.05,0.03,-0.11,0.04
21075,-0.95,0.08,0.26,-0.08,-0.11,-0.07
21076,-1.26,-0.13,0.26,-0.08,-0.00,-0.07
21077,-1.05,-0.33,0.16,-0.08,-0.00,-0.17
21078,-1.05,-0.44,-0.05,0.03,0.21,0.14
21079,-1.16,-0.02,0.26,0.03,-0.11,-0.07
21080,-1.26,-0.23,0.05,0.03,-0.11,-0.07
21081,-1.26,-0.44,-0.05,0.13,-0.00,0.14
21229,-1.36,-0.13,-0.47,-0.18,-0.00,0.04
21230,-1.36,-0.13,-0.16,-0.18,-0.31,-0.17
21231,-1.57,-0.13,-0.26,0.03,-0.00,-0.17
21232,-1.57,-0.02,-0.47,0.03,0.10,0.04
21233,-1.36,-0.13,-0.36,0.03,-0.00,0.04
21234,-1.05,0.08,-0.36,0.03,-0.00,-0.07
21235,-1.26,0.08,-0.26,0.13,0.10,-0.07
21236,-1.26,-0.13,-0.16,0.13,0.10,0.14
21237,-0.95,0.19,0.05,-0.08,-0.00,-0.17
21238,-0.95,0.29,0.26,-0.08,-0.00,-0.07
21239,-0.95,0.08,0.26,0.03,0.10,-0.07
21240,-1.36,-0.02,0.26,0.03,-0.00,0.04
21241,-1.05,-0.13,0.16,-0.08,-0.21,-0.07
21242,-0.95,0.08,0.26,0.13,-0.11,0.14
21243,-1.26,-0.02,0.16,0.13,-0.00,0.04
21244,-1.36,-0.13,0.05,0.03,-0.11,-0.07
21245,-1.26,-0.33,0.05,0.03,-0.11,-0.07
21246,-1.26,-0.23,-0.16,0.13,-0.11,0.14
21247,-1.47,-0.23,-0.05,-0.18,-0.21,-0.07
21248,-1.57,0.08,-0.05,-0.08,-0.31,-0.17
21249,-1.47,-0.13,-0.57,0.03,-0.11,-0.07
21250,-1.47,-0.02,-0.36,0.03,-0.11,0.04
21251,-1.47,0.08,-0.47,-0.08,-0.21,-0.28
21252,-1.68,0.08,-0.26,0.03,-0.00,0.04
21253,-1.36,0.08,-0.47,0.03,-0.00,0.14
21254,-1.26,0.29,-0.16,0.03,-0.00,0.04
21255,-1.16,0.19,-0.05,0.03,-0.11,-0.07
21256,-1.16,0.29,-0.16,-0.08,-0.00,-0.07
21257,-1.05,-0.13,-0.16,0.13,-0.00,-0.07
21258,-0.95,-0.02,-0.05,-0.08,-0.21,-0.07
21259,-0.95,-0.23,0.05,0.13,0.10,0.14
21260,-1.26,0.08,0.26,-0.08,-0.00,-0.07
21261,-1.05,-0.23,0.16,-0.08,-0.11,-0.17
21262,-1.16,-0.13,0.05,0.03,-0.00,-0.07
21263,-1.16,-0.13,0.05,0.03,-0.00,0.04
21264,-1.26,0.08,0.36,-0.08,-0.11,-0.17
21265,-1.26,-0.02,0.16,0.03,-0.11,-0.28
21266,-1.16,-0.23,-0.16,-0.08,-0.21,-0.07
21267,-1.26,-0.23,-0.36,0.13,-0.11,0.04
21268,-1.47,0.08,-0.16,-0.08,-0.11,-0.07
21269,-1.47,-0.23,-0.36,0.13,-0.11,-0.07
21270,-1.36,0.08,-0.36,-0.08,-0.00,-0.07
21271,-1.57,-0.23,-0.36,0.13,-0.00,0.04
21272,-1.68,0.19,-0.26,0.13,-0.11,0.04
21273,-1.47,0.08,-0.26,0.03,-0.00,0.04
21274,-1.47,-0.13,-0.47,0.03,-0.00,-0.07
21275,-1.16,0.19,-0.26,0.03,-0.11,-0.07
21276,-1.26,0.19,-0.05,0.13,0.10,0.14
21277,-1.26,-0.02,-0.26,0.03,0.21,-0.07
21278,-1.16,-0.02,-0.16,0.03,-0.00,0.04
21279,-0.84,-0.02,0.16,-0.08,-0.00,-0.07
21280,-1.05,0.08,0.16,-0.08,-0.11,-0.07
21281,-1.26,-0.13,0.16,0.13,0.10,0.14
21282,-1.16,-0.02,0.36,0.13,-0.11,-0.07
21283,-0.95,-0.13,0.05,0.03,-0.11,-0.17
21284,-1.26,-0.13,0.26,0.13,-0.00,0.04
21285,-1.16,-0.02,0.05,0.03,-0.21,-0.07
21286,-1.26,-0.44,-0.16,0.03,-0.11,-0.07
21287,-1.16,-0.23,-0.05,0.03,-0.21,-0.07
21288,-1.26,-0.02,-0.05,-0.08,-0.31,-0.07
21289,-1.47,-0.02,-0.16,0.03,-0.00,-0.07
21290,-1.57,-0.44,-0.36,0.13,-0.00,0.04
21291,-1.47,-0.13,-0.68,-0.08,-0.11,-0.07
21292,-1.47,-0.02,-0.36,0.03,-0.11,-0.07
21293,-1.68,0.19,-0.26,0.03,-0.00,0.04
21294,-1.36,0.19,-0.26,-0.18,-0.21,-0.17
21295,-1.26,0.29,-0.16,0.03,-0.11,0.04
21296,-1.26,0.29,-0.16,-0.08,-0.00,-0.07
21297,-1.26,0.19,0.05,-0.08,-0.00,0.04
21298,-1.05,-0.02,-0.05,-0.08,-0.11,-0.07
21299,-0.95,0.29,0.26,0.13,-0.00,0.04
21300,-1.05,-0.02,-0.05,0.03,-0.00,0.04
21301,-1.16,0.08,0.36,0.03,-0.11,-0.17
21302,-1.16,-0.33,0.05,-0.08,-0.11,0.14
21303,-1.05,-0.13,0.05,0.03,-0.11,0.04
21304,-1.05,-0.13,0.47,-0.08,-0.11,-0.07
21305,-1.26,-0.13,0.26,0.13,-0.11,0.04
21306,-1.26,-0.13,-0.16,0.03,-0.11,-0.07
21307,-1.26,-0.23,-0.05,0.13,-0.11,0.04
21308,-1.26,-0.23,-0.47,0.03,-0.11,0.04
21309,-1.57,-0.02,-0.16,0.03,-0.11,-0.17
21310,-1.36,-0.13,-0.26,-0.08,-0.31,-0.17
21311,-1.47,-0.02,-0.47,0.23,-0.11,0.04
21312,-1.68,-0.23,-0.57,0.13,0.10,0.04
21313,-1.57,0.08,-0.26,0.13,-0.00,0.04
21314,-1.57,-0.02,-0.47,0.03,-0.11,0.04
21315,-1.26,0.08,-0.26,-0.08,-0.11,0.04
21316,-1.36,0.29,-0.16,0.03,-0.11,0.04
21317,-1.26,0.29,-0.05,0.03,0.10,0.04
21318,-1.05,0.08,-0.05,0.03,-0.00,0.04
21319,-0.95,0.08,-0.16,-0.08,-0.00,-0.17
21320,-0.84,-0.02,-0.05,0.03,-0.11,-0.07
21321,-0.95,0.08,0.47,-0.18,-0.21,-0.07
21322,-1.26,-0.13,0.36,0.13,-0.00,-0.07
21323,-1.16,-0.02,0.05,0.13,-0.00,0.04
21324,-1.05,-0.13,0.16,0.23,-0.11,0.04
21325,-1.16,0.08,0.16,0.13,-0.21,-0.07
21326,-1.36,-0.13,-0.05,0.13,-0.11,0.04
21327,-1.16,-0.13,-0.16,0.03,-0.00,0.04
21328,-1.26,-0.13,-0.36,0.03,-0.11,-0.07
21329,-1.26,-0.13,-0.16,-0.08,-0.21,-0.28
21330,-1.36,-0.23,-0.16,-0.08,-0.21,-0.07
21331,-1.47,-0.13,-0.36,0.03,-0.21,-0.07
21332,-1.26,0.08,-0.47,-0.08,-0.21,-0.17
21333,-1.47,0.08,-0.16,-0.08,-0.21,-0.07
21334,-1.57,0.08,-0.36,-0.08,-0.11,-0.17
21335,-1.36,0.08,-0.36,-0.18,-0.11,0.04
21336,-1.26,0.08,-0.47,0.13,0.10,0.04
21337,-1.16,0.19,-0.05,-0.08,-0.11,0.04
21338,-1.16,0.29,0.05,0.03,-0.00,0.04
21339,-1.05,-0.02,-0.05,0.13,-0.00,0.04
21340,-1.05,0.29,0.16,0.13,-0.00,0.04
21341,-0.95,-0.23,0.05,0.03,-0.00,0.04
21342,-1.16,0.08,0.26,0.03,0.10,0.04
21343,-1.26,-0.23,0.16,0.13,-0.00,-0.07
21344,-0.95,-0.13,0.26,0.03,-0.11,-0.07
21345,-1.05,-0.13,0.36,-0.08,-0.11,-0.07
21346,-1.36,-0.02,0.16,0.13,-0.11,0.04
21347,-1.16,-0.23,0.05,-0.08,-0.21,-0.17
21348,-1.16,-0.02,-0.05,-0.08,-0.21,0.04
21349,-1.36,-0.33,-0.36,0.13,-0.11,-0.07
21350,-1.57,-0.02,-0.16,0.03,-0.11,-0.07
21351,-1.47,-0.13,-0.26,0.03,-0.21,-0.17
21352,-1.36,-0.02,-0.47,-0.08,-0.11,-0.17
21353,-1.47,-0.13,-0.47,0.03,-0.11,0.04
21354,-1.57,0.08,-0.26,0.03,-0.11,-0.07
21355,-1.57,-0.13,-0.47,0.13,-0.00,0.04
21356,-1.16,0.39,-0.16,-0.08,-0.00,-0.07
21357,-1.16,0.29,-0.16,-0.08,-0.11,-0.07
21358,-1.16,0.39,0.16,-0.08,-0.11,-0.17
21359,-1.16,-0.02,0.05,-0.08,-0.11,0.14
21360,-1.05,-0.02,-0.16,-0.18,-0.11,-0.17
21361,-0.84,-0.02,-0.05,0.03,-0.11,-0.07
21362,-1.05,0.08,0.36,0.03,-0.00,0.04
21363,-1.26,-0.23,0.05,0.03,-0.00,0.04
21364,-1.16,-0.13,0.26,0.13,-0.00,0.04
21365,-1.16,-0.44,0.05,0.03,-0.00,-0.07
21366,-1.26,-0.13,0.16,0.03,0.10,0.04
21367,-1.36,-0.13,0.16,0.03,-0.11,0.04
21368,-1.36,-0.02,-0.26,0.03,-0.00,-0.07
21369,-1.26,-0.13,-0.26,0.13,-0.11,0.04
21370,-1.36,0.08,-0.26,0.03,-0.21,0.04
21371,-1.57,-0.33,-0.26,0.23,-0.00,0.14
21372,-1.47,-0.33,-0.57,0.13,-0.00,0.04
21373,-1.47,-0.13,-0.36,0.03,-0.00,-0.17
21374,-1.57,0.08,-0.26,-0.08,-0.00,-0.07
21375,-1.36,0.08,-0.26,-0.08,-0.11,-0.17
21376,-1.36,0.08,-0.16,0.03,-0.21,0.04
21377,-1.16,0.08,-0.47,-0.18,-0.21,-0.17
21378,-1.16,0.29,0.05,-0.08,-0.31,-0.07
21379,-1.16,0.29,0.05,0.03,-0.00,-0.07
21380,-1.26,-0.02,-0.16,0.13,0.10,-0.07
21381,-0.84,-0.13,0.05,0.03,-0.00,0.04
21382,-1.05,0.19,0.16,-0.08,-0.11,-0.07
21383,-1.16,0.08,0.16,0.03,-0.11,-0.07
21384,-1.16,-0.13,0.26,0.23,-0.11,-0.07
21385,-1.05,-0.02,0.05,0.13,-0.11,-0.07
21386,-1.16,-0.13,0.26,0.03,-0.00,0.04
21387,-1.26,0.08,0.16,0.03,-0.21,-0.07
21388,-1.16,-0.33,0.05,-0.18,-0.21,-0.07
21389,-1.16,-0.13,-0.16,0.03,-0.00,0.04
21391,-1.36,-0.13,0.05,0.13,-0.11,-0.07
21391,-1.68,-0.02,-0.36,0.13,-0.00,0.14
21392,-1.36,-0.44,-0.47,0.03,-0.00,-0.17
21393,-1.47,-0.13,-0.47,-0.08,-0.21,-0.07
21394,-1.36,0.08,-0.47,0.03,-0.21,-0.07
21395,-1.68,0.08,-0.36,0.03,-0.00,0.04
21396,-1.47,0.08,-0.36,-0.08,-0.21,-0.07
21397,-1.26,0.19,-0.36,0.03,-0.11,0.04
21398,-1.26,0.08,-0.05,0.13,-0.11,0.04
21399,-1.26,0.19,-0.16,0.03,0.10,0.14
21400,-1.26,-0.13,-0.26,0.03,-0.00,0.04
21401,-0.84,0.39,0.16,-0.08,-0.11,-0.07
21402,-0.95,-0.02,-0.05,-0.08,-0.11,0.04
21403,-1.16,-0.02,0.05,0.13,-0.00,0.14
21404,-1.16,-0.44,0.16,0.03,-0.00,0.04
21405,-0.95,-0.13,0.16,0.03,-0.11,-0.07
21406,-0.84,-0.13,0.05,0.03,-0.11,-0.07
21407,-1.36,-0.02,0.47,0.03,-0.11,0.04
21408,-1.16,-0.13,0.05,0.13,-0.11,-0.07
21409,-1.26,-0.33,-0.05,0.13,-0.11,0.04
21410,-1.26,-0.23,-0.26,0.03,-0.00,-0.07
21411,-1.57,-0.02,-0.26,0.03,-0.11,0.04
21412,-1.47,-0.23,-0.36,0.03,-0.11,-0.07
21413,-1.36,-0.13,-0.26,0.03,-0.11,-0.07
21414,-1.36,0.08,-0.36,-0.08,-0.11,0.04
21415,-1.57,0.19,-0.16,0.03,-0.00,0.14
21416,-1.36,-0.02,-0.36,0.03,-0.00,0.04
21417,-1.26,0.08,-0.47,0.03,-0.00,-0.07
21418,-1.26,0.19,-0.16,0.13,0.10,0.14
21419,-1.36,0.08,-0.05,0.13,0.10,0.04
21420,-1.05,0.19,-0.05,-0.08,-0.11,-0.17
21421,-1.05,-0.02,-0.16,0.03,-0.00,0.04
21422,-0.95,-0.23,-0.16,0.03,0.10,0.04
21423,-1.26,-0.13,0.16,0.13,-0.00,0.04
21424,-1.16,-0.13,0.47,0.03,0.10,-0.07
21425,-1.16,-0.02,0.16,0.03,-0.00,-0.17
21426,-0.84,-0.02,0.16,-0.08,-0.11,-0.07
21427,-1.16,-0.13,0.16,0.13,-0.00,0.04
21428,-1.36,-0.02,-0.16,0.03,-0.00,-0.07
21429,-1.26,-0.33,-0.16,0.03,-0.11,-0.07
21430,-1.05,-0.13,-0.05,0.03,-0.11,-0.07
21431,-1.47,-0.23,-0.16,0.03,-0.21,0.14
21432,-1.47,-0.13,-0.16,0.03,-0.00,-0.07
21433,-1.47,-0.23,-0.47,0.13,0.10,0.04
21434,-1.26,0.08,-0.36,-0.18,-0.31,-0.17
21435,-1.57,0.08,-0.26,-0.08,-0.11,-0.07
21436,-1.57,-0.02,-0.26,-0.08,-0.00,-0.07
21437,-1.47,0.19,-0.47,0.03,-0.00,0.04
21438,-1.05,0.08,-0.26,0.03,-0.00,0.04
21439,-1.47,0.08,-0.36,0.03,-0.00,0.04
21440,-1.26,0.08,-0.26,-0.08,0.10,-0.07
21441,-1.16,-0.23,-0.05,0.13,0.21,0.14
21442,-1.05,0.19,-0.05,0.13,-0.00,0.14
21443,-1.05,-0.02,0.16,0.03,-0.00,0.04
21444,-1.05,-0.02,0.16,-0.08,-0.21,-0.07
21445,-1.26,-0.23,-0.05,0.03,0.10,-0.07
21446,-1.05,-0.23,0.05,0.03,0.10,0.04
21447,-1.16,-0.02,0.36,0.03,-0.11,0.04
21448,-1.26,0.08,0.16,0.03,-0.11,-0.07
21449,-1.47,-0.33,0.05,0.23,-0.00,-0.07
21450,-1.26,-0.23,-0.36,0.13,-0.11,0.14
21451,-1.47,-0.33,-0.26,0.03,-0.11,0.04
21452,-1.57,-0.23,-0.16,0.03,-0.21,-0.07
21453,-1.57,-0.33,-0.57,0.13,-0.00,0.04
21454,-1.47,-0.02,-0.47,-0.08,-0.00,0.04
21455,-1.47,-0.13,-0.47,0.03,-0.00,0.04
21456,-1.57,0.08,-0.36,0.03,-0.21,-0.07
21457,-1.57,-0.13,-0.47,0.03,-0.11,0.14
21458,-1.26,0.19,-0.05,0.03,-0.00,0.14
21459,-1.36,0.19,-0.16,0.03,-0.11,0.04
21460,-1.16,0.39,0.05,0.03,-0.00,0.14
21461,-1.16,-0.02,-0.16,0.03,-0.21,-0.07
21462,-1.05,-0.02,-0.05,0.03,-0.00,-0.07
21463,-1.16,-0.02,-0.16,0.23,0.10,0.14
21464,-1.26,-0.02,0.26,0.03,-0.00,0.04
21465,-1.26,-0.33,0.05,0.03,-0.11,-0.07
21466,-0.95,-0.13,0.26,0.03,-0.00,0.04
21467,-0.95,-0.23,0.05,0.03,-0.11,-0.17
21468,-1.36,-0.13,0.05,0.03,-0.00,0.04
21469,-1.26,-0.13,0.16,0.03,-0.21,-0.07
21470,-1.26,-0.13,-0.16,0.03,-0.11,0.04
21471,-1.26,-0.02,-0.36,0.13,-0.21,0.04
21472,-1.47,-0.23,-0.16,-0.08,-0.11,-0.07
21473,-1.57,-0.23,-0.36,-0.08,-0.11,-0.07
21474,-1.47,-0.02,-0.47,0.03,-0.11,0.04
21475,-1.47,-0.13,-0.36,0.13,-0.00,0.04
21476,-1.57,0.08,-0.26,0.03,0.10,0.04
21477,-1.57,0.19,-0.26,-0.08,-0.11,0.04
21478,-1.26,0.08,-0.36,-0.08,-0.11,-0.07
21479,-1.26,0.08,-0.47,0.13,0.10,0.04
21480,-1.16,0.08,-0.05,0.03,-0.00,-0.07
21481,-1.26,0.29,-0.05,0.13,-0.00,0.04
21482,-0.95,0.08,-0.16,0.03,-0.11,0.04
21483,-0.95,-0.13,0.16,0.13,-0.00,0.14
21484,-1.16,-0.02,0.26,-0.08,-0.00,0.04
21485,-1.16,-0.13,-0.05,0.03,-0.00,0.04
21486,-1.16,-0.23,0.36,0.13,-0.00,0.04
21487,-1.05,-0.13,0.26,-0.08,-0.21,0.04
21488,-1.26,-0.02,0.05,0.03,-0.00,-0.07
21489,-1.26,-0.02,0.26,-0.08,-0.11,-0.07
21490,-1.16,-0.33,-0.16,0.13,-0.21,-0.07
21491,-1.26,-0.02,0.05,0.03,-0.11,-0.07
21492,-1.47,-0.13,-0.05,0.03,-0.11,0.04
21493,-1.57,0.08,-0.16,0.13,-0.11,-0.07
21494,-1.57,-0.23,-0.47,-0.08,-0.00,-0.07
21495,-1.36,-0.02,-0.47,0.03,-0.11,0.04
21496,-1.47,-0.13,-0.47,0.03,-0.11,-0.07
21497,-1.57,0.19,-0.47,0.03,-0.11,0.14
21498,-1.47,0.08,-0.26,0.13,-0.11,0.04
21499,-1.16,0.08,-0.47,-0.08,-0.00,0.04
21500,-1.16,0.19,-0.16,-0.08,-0.11,0.04
21501,-1.16,0.29,0.16,-0.08,-0.00,0.14
21502,-1.05,-0.02,-0.16,-0.08,-0.11,-0.07
21503,-1.05,-0.02,0.05,0.03,-0.00,0.14
21504,-0.95,0.08,0.26,0.03,-0.11,-0.07
21505,-1.26,-0.02,0.05,0.13,-0.00,0.04
21506,-1.16,-0.33,0.26,0.03,-0.11,-0.07
21507,-0.95,-0.13,0.05,0.03,-0.00,0.04
21508,-0.95,-0.13,0.16,0.03,-0.21,0.04
21509,-1.26,-0.02,0.26,0.03,-0.21,-0.17
21510,-1.16,-0.13,0.16,0.13,-0.11,0.04
21511,-1.16,-0.33,-0.16,0.13,-0.11,0.04
21512,-1.36,-0.23,-0.16,0.13,-0.00,-0.07
21513,-1.68,0.08,-0.16,0.03,-0.11,-0.07
21514,-1.36,-0.13,-0.57,0.13,-0.31,-0.07
21515,-1.57,-0.02,-0.26,0.03,-0.11,-0.07
21516,-1.47,-0.13,-0.68,-0.08,-0.11,-0.07
21517,-1.47,0.08,-0.36,-0.08,-0.21,-0.07
21518,-1.47,-0.02,-0.16,0.03,-0.11,-0.07
21519,-1.26,0.29,-0.47,-0.08,-0.11,-0.07
21520,-1.26,0.29,-0.05,0.03,-0.00,-0.17
21521,-1.36,0.19,0.05,0.03,-0.00,0.04
21522,-1.16,0.19,-0.26,0.03,-0.00,-0.07
21523,-0.84,0.08,0.05,-0.08,-0.21,0.04
21524,-0.95,-0.13,0.05,-0.18,-0.11,-0.17
21525,-1.26,0.08,0.05,0.03,-0.00,-0.07
21526,-1.16,-0.23,0.26,0.03,-0.00,0.04
21527,-1.05,-0.13,0.36,-0.08,-0.11,0.04
21528,-0.95,-0.13,0.16,0.03,-0.11,-0.07
21529,-1.16,0.08,0.36,0.03,-0.21,-0.07
21530,-1.47,-0.23,-0.05,0.13,0.10,0.14
21531,-1.16,-0.23,-0.16,0.03,-0.11,-0.07
21532,-1.36,0.19,-0.05,0.03,-0.11,-0.07
21533,-1.47,-0.13,-0.26,0.03,-0.11,-0.07
21534,-1.57,-0.23,-0.47,0.03,-0.00,0.04
21535,-1.47,-0.23,-0.36,0.03,0.10,-0.07
21536,-1.36,-0.13,-0.57,0.03,-0.21,-0.07
21537,-1.47,0.29,-0.05,-0.08,-0.11,-0.07
21538,-1.57,-0.02,-0.26,0.03,-0.00,0.04
21539,-1.47,0.08,-0.47,0.03,-0.11,-0.07
21540,-1.26,0.19,-0.36,0.03,0.10,0.04
21541,-1.16,0.19,-0.16,-0.08,-0.11,-0.07
21542,-1.26,0.19,-0.16,0.03,-0.11,-0.07
21543,-0.95,0.19,0.16,-0.08,-0.21,-0.07
21544,-0.95,0.08,-0.16,0.03,-0.00,0.04
21545,-1.16,-0.02,0.16,0.03,0.10,0.04
21546,-1.26,-0.13,0.16,0.03,-0.11,-0.07
21547,-1.16,-0.13,0.16,-0.08,-0.21,-0.07
21548,-1.05,-0.13,0.05,0.13,-0.00,0.04
21549,-1.26,-0.02,0.16,0.13,-0.00,0.04
21550,-1.26,-0.13,0.05,0.03,-0.21,-0.07
21551,-1.26,-0.33,-0.05,-0.08,-0.11,0.04
21552,-1.26,-0.13,-0.16,0.13,-0.11,-0.07
21553,-1.36,-0.23,-0.26,0.03,-0.11,0.04
21554,-1.57,-0.13,-0.16,0.13,-0.00,0.04
21555,-1.47,-0.02,-0.26,-0.08,-0.11,-0.07
21556,-1.47,-0.13,-0.57,0.13,-0.00,0.04
21557,-1.47,-0.13,-0.26,0.03,-0.11,-0.07
21558,-1.47,0.08,-0.47,-0.08,-0.11,-0.07
21559,-1.36,-0.02,-0.26,-0.08,-0.21,-0.17
21670,-0.74,1.02,-0.99,0.13,0.62,0.35
21670,-1.26,-0.13,0.57,-0.18,-0.11,-0.17
21671,-1.16,-0.02,0.26,0.03,-0.00,0.04
21672,-1.47,-0.23,-0.05,-0.08,-0.11,0.04
21673,-1.26,-0.13,-0.16,0.03,-0.11,-0.07
21674,-1.16,-0.13,-0.05,0.03,-0.21,-0.07
21675,-1.47,-0.13,-0.26,0.13,-0.21,-0.07
21676,-1.47,-0.02,-0.05,0.03,-0.31,-0.07
21677,-1.47,-0.33,-0.47,0.03,-0.00,-0.07
21678,-1.47,-0.02,-0.36,-0.08,-0.00,-0.07
21679,-1.57,0.08,-0.36,-0.08,0.10,0.04
21680,-1.68,0.08,-0.36,0.13,-0.11,0.04
21681,-1.47,-0.02,-0.36,0.03,-0.11,-0.07
21682,-1.26,0.08,-0.26,0.03,-0.11,-0.07
21683,-1.26,0.29,-0.36,-0.18,-0.00,-0.07
21684,-1.36,0.08,-0.05,0.03,0.10,0.04
21685,-0.95,0.19,0.16,-0.08,-0.11,-0.07
21686,-1.05,0.19,-0.05,0.03,-0.00,0.04
21687,-0.95,0.19,0.36,0.03,-0.11,0.14
21688,-1.16,-0.02,0.05,0.03,-0.11,0.04
21689,-1.16,-0.23,0.05,0.03,-0.00,-0.07
21690,-0.95,-0.23,0.16,0.03,-0.11,-0.07
21691,-1.16,-0.13,0.26,0.13,-0.00,-0.07
21692,-1.16,-0.02,0.16,0.03,-0.11,-0.07
21693,-1.16,-0.23,0.16,-0.08,-0.21,-0.07
21694,-1.26,-0.23,-0.26,0.03,-0.11,-0.07
21695,-1.26,-0.33,-0.26,0.03,-0.00,0.04
21696,-1.68,-0.23,0.05,-0.08,-0.11,-0.07
21697,-1.47,-0.23,-0.47,0.03,-0.11,-0.17
21698,-1.36,-0.13,-0.47,0.03,-0.11,-0.07
21699,-1.47,-0.13,-0.26,0.03,-0.11,0.14
21700,-1.47,0.08,-0.47,-0.08,-0.00,0.04
21701,-1.36,0.08,-0.26,0.03,-0.11,-0.07
21702,-1.26,0.19,-0.26,0.03,-0.00,0.04
21703,-1.26,0.19,-0.16,0.03,-0.11,0.04
21704,-1.16,0.39,0.05,-0.08,-0.11,-0.07
21705,-1.05,-0.13,-0.26,0.03,-0.00,0.04
21706,-1.05,0.08,-0.05,-0.08,-0.11,0.04
21707,-0.95,-0.13,0.16,-0.08,0.10,-0.07
21708,-1.16,-0.02,0.26,0.03,-0.11,-0.07
21709,-1.16,-0.23,0.05,0.03,0.10,0.04
21710,-0.95,-0.02,0.16,0.03,-0.00,-0.07
21711,-0.95,-0.13,0.16,0.13,-0.11,-0.07
21712,-1.16,0.08,0.26,-0.08,-0.11,-0.17
21713,-1.26,-0.13,0.26,0.03,-0.11,-0.28
21714,-1.26,-0.02,-0.16,-0.08,-0.21,-0.07
21715,-1.26,-0.23,-0.26,0.03,-0.21,-0.07
21716,-1.57,-0.23,-0.26,0.03,-0.00,0.04
21717,-1.57,-0.23,-0.68,-0.08,-0.11,-0.07
21718,-1.47,-0.02,-0.47,-0.08,-0.11,-0.07
21719,-1.47,0.08,-0.26,0.03,-0.00,0.04
21720,-1.57,0.29,-0.57,-0.08,-0.00,-0.07
21721,-1.47,-0.02,-0.36,0.03,-0.11,-0.07
21722,-1.36,-0.13,-0.26,0.13,0.10,-0.07
21723,-1.26,0.19,-0.26,0.03,-0.00,0.04
21724,-1.36,0.19,0.05,0.03,0.10,0.14
21725,-1.16,-0.02,-0.05,0.13,-0.00,0.04
21726,-1.05,0.08,0.05,0.03,-0.00,0.04
21727,-0.95,-0.13,-0.05,-0.08,0.10,0.04
21728,-1.16,-0.02,0.16,-0.08,-0.00,-0.07
21729,-1.26,-0.23,0.05,0.03,0.10,0.04
21730,-1.05,0.08,0.47,0.13,-0.00,0.04
21731,-0.95,-0.02,0.16,0.03,-0.00,0.04
21732,-1.16,-0.02,0.26,0.03,-0.11,-0.07
21733,-1.16,-0.23,-0.16,0.03,0.10,0.04
21734,-1.26,-0.13,-0.16,0.03,-0.11,0.04
21735,-1.36,-0.02,-0.16,0.03,-0.11,-0.07
21736,-1.47,-0.23,-0.26,0.03,-0.21,-0.17
21737,-1.47,-0.13,-0.36,0.03,-0.11,0.04
21738,-1.36,-0.13,-0.36,-0.08,-0.11,-0.07
21739,-1.36,-0.23,-0.57,0.03,-0.00,-0.07
21740,-1.57,0.19,-0.26,0.13,-0.00,0.04
21741,-1.47,0.08,-0.36,0.03,0.10,0.04
21742,-1.36,0.08,-0.36,0.03,-0.11,-0.07
21743,-1.16,0.08,-0.47,0.03,-0.00,0.04
21744,-1.26,0.19,-0.16,0.03,-0.00,-0.07
21745,-1.16,0.08,-0.16,0.03,-0.11,0.04
21746,-1.05,-0.02,-0.16,0.03,-0.11,-0.07
21747,-0.95,-0.02,0.05,0.03,-0.11,-0.07
21748,-1.05,0.08,0.26,0.03,-0.00,-0.07
21749,-1.16,-0.13,0.16,0.13,-0.11,0.04
21750,-1.16,-0.13,0.05,0.03,-0.00,-0.07
21751,-1.05,-0.13,-0.16,0.03,-0.11,-0.07
21752,-1.16,-0.13,0.16,0.03,0.10,0.04
21753,-1.26,-0.02,0.26,-0.08,-0.21,-0.17
21754,-1.26,-0.13,-0.26,0.13,-0.21,-0.07
21756,-1.05,-0.13,-0.16,-0.08,-0.21,-0.17
21756,-1.36,-0.13,0.05,-0.08,-0.21,-0.17
21757,-1.57,-0.13,-0.36,0.13,-0.00,-0.07
21758,-1.47,0.08,-0.26,-0.08,-0.21,-0.17
21759,-1.36,-0.02,-0.47,-0.08,-0.11,0.14
21760,-1.57,-0.02,-0.26,0.03,0.10,0.04
21761,-1.57,0.08,-0.47,0.03,-0.00,-0.07
21762,-1.47,-0.13,-0.57,-0.08,-0.11,-0.17
21763,-1.36,-0.13,-0.36,0.03,-0.00,0.04
21764,-1.26,0.19,-0.05,0.03,-0.11,0.04
21765,-1.36,0.19,-0.26,0.03,-0.00,0.04
21766,-1.05,-0.02,0.05,-0.08,-0.00,-0.17
21767,-0.84,0.08,-0.16,-0.08,-0.00,-0.07
21768,-1.05,-0.13,0.05,-0.08,-0.11,-0.07
21769,-1.16,-0.02,0.36,0.03,-0.11,0.04
21770,-1.16,-0.23,0.05,0.13,0.10,-0.07
21771,-1.05,-0.02,0.05,0.03,-0.11,0.04
21772,-1.05,-0.13,0.26,0.03,-0.00,-0.07
21773,-1.36,-0.02,0.05,0.13,-0.00,-0.07
21774,-1.16,-0.33,-0.05,0.13,-0.00,-0.07
21775,-1.16,-0.13,0.05,0.13,-0.11,-0.07
21776,-1.36,-0.02,-0.16,0.13,-0.11,-0.07
21777,-1.57,-0.02,-0.26,0.13,-0.11,-0.17
21778,-1.47,-0.23,-0.47,-0.08,-0.11,-0.07
21779,-1.36,-0.02,-0.57,-0.08,-0.11,-0.07
21780,-1.47,-0.13,-0.47,0.03,-0.21,-0.07
21781,-1.68,0.19,-0.16,0.13,-0.00,0.14
21782,-1.36,0.19,-0.36,-0.08,0.10,-0.17
21783,-1.36,-0.02,-0.26,0.13,-0.00,0.04
21784,-1.16,0.19,-0.05,-0.08,-0.11,-0.17
21785,-1.26,0.29,-0.16,0.03,-0.00,-0.07
21786,-1.05,-0.02,-0.05,0.03,-0.11,0.04
21787,-1.05,0.19,0.05,0.13,0.10,-0.07
21788,-1.05,-0.13,-0.16,0.03,-0.00,-0.07
21789,-1.05,-0.02,0.16,0.03,-0.11,-0.07
21790,-1.26,-0.13,0.16,0.03,-0.11,-0.17
21791,-1.05,-0.33,0.05,0.03,-0.00,-0.07
21792,-1.05,-0.23,0.26,0.03,-0.00,-0.17
21793,-1.26,0.19,0.26,-0.08,-0.21,-0.17
21794,-1.26,-0.13,-0.05,0.13,-0.11,-0.07
21795,-1.26,-0.02,-0.05,0.13,-0.21,-0.07
21796,-1.26,-0.13,-0.47,0.03,-0.21,-0.17
21797,-1.57,-0.02,-0.16,0.03,-0.11,0.04
21798,-1.47,-0.02,-0.26,-0.18,-0.21,-0.17
21799,-1.36,-0.02,-0.68,0.03,-0.00,0.04
21800,-1.26,-0.02,-0.26,0.03,-0.21,0.04
21801,-1.57,-0.02,-0.47,-0.08,-0.11,0.04
21802,-1.68,-0.13,-0.47,0.13,-0.00,0.04
21803,-1.36,0.19,-0.26,0.13,-0.00,0.04
21804,-1.26,0.39,-0.16,0.03,0.10,-0.07
21805,-1.16,0.39,-0.05,0.03,-0.00,0.04
21806,-1.05,-0.13,-0.16,-0.08,-0.11,-0.07
21807,-1.05,0.08,0.05,0.03,0.10,0.14
21808,-0.95,0.08,-0.26,-0.08,-0.11,-0.07
21809,-1.16,0.08,0.26,0.03,-0.11,0.04
21810,-1.16,-0.13,0.16,0.03,-0.11,-0.07
21811,-1.05,-0.13,0.26,0.03,-0.00,-0.17
21812,-0.95,-0.13,0.16,0.03,-0.00,-0.07
21813,-1.26,-0.23,0.16,0.03,-0.00,-0.07
21814,-1.36,-0.13,0.05,0.13,-0.00,-0.07
21815,-1.36,-0.23,-0.05,0.13,-0.11,0.04
21816,-1.26,-0.13,-0.47,0.03,-0.11,-0.17
21817,-1.47,-0.02,-0.16,0.13,-0.00,0.04
21818,-1.47,-0.23,-0.47,0.13,-0.11,-0.07
21819,-1.47,-0.02,-0.47,0.03,-0.11,-0.07
21820,-1.26,-0.02,-0.26,-0.08,-0.11,-0.17
21821,-1.57,0.29,-0.16,0.13,-0.00,0.04
21822,-1.57,0.19,-0.47,0.13,-0.00,0.04
21823,-1.36,0.08,-0.26,-0.08,-0.11,0.04
21824,-1.26,0.19,-0.36,0.13,-0.11,0.04
21825,-1.26,0.19,-0.05,-0.08,-0.00,0.04
21826,-1.16,0.29,0.05,-0.08,-0.11,0.04
21827,-1.05,-0.02,-0.26,0.03,-0.00,0.04
21828,-0.95,-0.13,0.05,0.03,-0.11,0.04
21829,-1.05,0.08,0.05,0.03,-0.11,0.04
21830,-1.26,-0.23,0.16,0.03,-0.00,-0.07
21831,-1.26,-0.13,0.26,0.13,-0.00,0.04
21832,-0.95,-0.02,0.36,0.03,-0.21,-0.17
21833,-1.26,-0.13,0.05,0.13,-0.00,0.04
21834,-1.16,-0.02,0.16,0.03,-0.21,0.04
21835,-1.26,-0.54,-0.26,0.03,-0.11,0.04
21836,-1.26,-0.13,-0.26,0.03,-0.11,0.04
21837,-1.36,-0.13,-0.05,0.13,-0.11,-0.07
21838,-1.57,-0.13,-0.16,0.03,-0.11,0.04
21839,-1.36,-0.02,-0.36,0.03,-0.21,-0.07
21840,-1.36,-0.13,-0.47,0.13,-0.00,0.04
21841,-1.47,-0.13,-0.36,0.03,-0.11,-0.07
21842,-1.68,0.08,-0.16,-0.08,-0.00,-0.07
21843,-1.36,0.08,-0.36,-0.08,-0.00,0.04
21844,-1.26,0.19,-0.57,-0.08,-0.00,-0.07
21845,-1.26,0.08,-0.16,0.03,-0.11,-0.07
21846,-1.26,0.29,-0.16,0.03,0.10,0.14
21847,-1.26,-0.13,-0.05,0.03,-0.00,-0.07
21848,-0.95,0.19,0.05,0.03,-0.11,0.04
21849,-1.05,0.08,0.16,0.13,-0.00,0.04
21850,-1.26,0.08,0.16,0.03,-0.21,0.04
21851,-1.16,-0.13,0.26,0.13,-0.11,0.04
21852,-1.05,-0.23,-0.16,0.03,0.10,0.04
21853,-1.05,-0.02,-0.05,-0.08,-0.11,-0.17
21854,-1.36,0.08,0.36,0.03,-0.11,-0.17
21855,-1.26,-0.23,-0.16,-0.08,-0.11,-0.07
21856,-1.05,0.08,0.05,0.03,-0.11,-0.07
21857,-1.47,-0.23,-0.26,0.13,-0.11,0.04
21858,-1.47,-0.02,-0.47,0.13,-0.21,-0.07
21859,-1.57,-0.33,-0.36,-0.08,-0.11,0.04
21860,-1.36,-0.02,-0.36,0.03,-0.11,-0.07
21861,-1.47,0.08,-0.68,0.03,-0.11,0.04
21862,-1.57,0.08,-0.05,-0.08,-0.11,-0.07
21863,-1.47,-0.02,-0.68,0.13,-0.00,-0.07
21864,-1.36,-0.02,-0.47,0.03,-0.00,0.04
21865,-1.05,0.29,-0.05,0.03,-0.11,-0.07
21866,-1.36,0.29,0.05,0.03,-0.00,0.04
21867,-1.05,-0.13,-0.26,0.03,0.10,0.04
21868,-0.84,-0.02,0.05,0.03,-0.11,-0.07
21869,-1.16,-0.13,-0.16,0.03,-0.00,-0.07
21870,-1.26,-0.02,0.26,-0.08,-0.11,-0.07
21871,-1.16,-0.13,0.26,0.03,-0.11,0.04
21872,-1.05,-0.13,0.05,0.13,-0.11,0.04
21873,-1.05,-0.13,0.16,0.13,-0.11,0.04
21874,-1.26,-0.02,0.36,0.03,-0.11,0.04
21875,-1.26,-0.23,-0.26,0.03,-0.11,-0.17
21876,-1.26,-0.02,0.05,0.03,-0.11,-0.07
21877,-1.36,-0.23,-0.05,0.03,-0.11,-0.07
21878,-1.68,0.19,-0.16,0.03,-0.21,0.04
21879,-1.57,-0.23,-0.36,-0.08,0.10,-0.07
21880,-1.36,-0.02,-0.68,0.03,-0.11,-0.07
21881,-1.36,-0.02,-0.47,0.13,-0.11,-0.17
21882,-1.47,0.19,-0.26,0.03,-0.11,0.14
21883,-1.57,0.08,-0.36,-0.08,-0.00,0.04
21884,-1.16,0.19,-0.36,-0.08,-0.11,0.04
21885,-1.16,0.29,0.05,0.03,-0.11,-0.07
21886,-1.26,0.19,-0.26,0.03,-0.00,-0.07
21887,-1.26,-0.02,0.05,0.13,0.10,0.04
21888,-0.95,0.08,0.05,0.03,-0.11,0.04
21889,-0.95,-0.13,-0.16,-0.08,-0.11,0.04
21890,-1.16,0.08,0.16,0.03,-0.11,0.04
21891,-1.16,-0.23,0.26,0.03,-0.11,-0.07
21892,-1.05,-0.13,-0.05,0.13,-0.11,-0.07
21893,-1.05,-0.13,0.16,0.23,-0.11,0.04
21894,-1.26,-0.13,0.47,0.13,-0.11,-0.07
21895,-1.36,-0.13,-0.05,0.03,-0.11,-0.07
21896,-1.16,-0.23,-0.16,0.13,-0.21,0.04
21897,-1.36,-0.23,-0.26,-0.08,-0.11,-0.07
21898,-1.57,-0.13,-0.26,0.13,-0.00,0.04
21899,-1.47,-0.33,-0.26,0.03,-0.11,-0.07
21900,-1.36,0.19,-0.26,-0.08,-0.21,-0.07
21901,-1.36,-0.13,-0.47,0.03,-0.11,-0.07
21902,-1.57,0.19,-0.05,0.03,-0.00,0.04
21903,-1.47,0.19,-0.36,0.03,-0.00,-0.07
21904,-1.36,0.08,-0.26,0.13,-0.00,-0.07
21905,-1.26,0.29,-0.16,0.03,-0.00,-0.07
21906,-1.26,0.29,-0.05,0.03,-0.11,-0.07
21907,-1.26,0.08,-0.16,-0.08,-0.00,-0.17
21908,-0.95,0.19,-0.05,-0.08,-0.00,-0.07
21909,-1.05,-0.13,-0.26,0.13,-0.00,0.14
21910,-1.16,0.08,0.16,0.03,-0.00,0.04
21911,-1.26,-0.13,0.26,0.03,-0.00,-0.07
21912,-1.05,-0.02,0.26,0.03,-0.11,-0.07
21913,-0.84,-0.13,0.05,0.03,-0.21,0.04
21914,-1.36,-0.02,0.26,0.03,-0.31,-0.17
21915,-1.36,-0.23,0.05,0.13,-0.00,0.04
21916,-1.26,-0.23,-0.05,-0.08,-0.11,-0.17
21917,-1.26,-0.13,-0.36,-0.08,-0.00,-0.07
21918,-1.47,-0.02,-0.05,0.13,-0.11,-0.07
21919,-1.47,-0.23,-0.16,0.03,-0.00,-0.07
21920,-1.36,-0.13,-0.47,-0.18,-0.21,-0.07
21921,-1.47,-0.02,-0.36,-0.08,-0.11,-0.17
21922,-1.47,0.19,-0.16,0.03,-0.11,-0.07
21923,-1.68,0.08,-0.26,0.13,-0.00,-0.07
21924,-1.36,0.08,-0.26,0.03,-0.00,0.04
21925,-1.16,-0.13,-0.36,-0.08,-0.00,0.04
21926,-1.36,0.19,-0.26,-0.08,-0.00,0.04
21927,-1.16,0.08,0.05,-0.18,-0.00,-0.07
21928,-1.26,0.08,-0.05,0.03,-0.00,0.04
21929,-0.95,-0.13,0.05,0.13,0.21,0.04
21930,-0.95,-0.02,0.05,0.03,-0.00,-0.07
21931,-1.16,-0.02,0.05,0.13,-0.11,-0.07
21932,-1.26,-0.23,0.16,0.13,0.10,0.04
21933,-1.05,0.08,0.16,-0.08,-0.00,-0.17
21934,-1.16,0.08,0.26,0.03,-0.11,-0.07
21935,-1.36,-0.23,0.05,0.13,-0.00,0.04
21936,-1.16,-0.13,-0.16,0.03,-0.11,0.04
21937,-1.26,-0.13,-0.26,-0.08,-0.11,-0.07
21938,-1.26,0.08,0.05,0.13,-0.00,0.04
21939,-1.57,-0.13,-0.26,-0.08,-0.11,-0.07
21940,-1.36,-0.13,-0.26,0.03,-0.11,-0.07
21941,-1.36,-0.13,-0.47,0.13,-0.11,0.04
21942,-1.57,0.19,-0.36,0.03,-0.00,0.04
21943,-1.47,0.08,-0.26,-0.08,-0.00,-0.07
21944,-1.47,0.08,-0.26,0.03,0.10,0.04
21945,-1.16,0.19,-0.47,0.03,0.10,-0.07
21946,-1.26,0.08,-0.16,-0.08,0.10,0.04
21947,-1.36,0.08,-0.26,0.03,0.10,0.04
21948,-1.05,0.08,-0.16,0.03,-0.11,-0.07
21949,-1.05,-0.02,-0.05,0.03,-0.00,-0.17
21950,-0.95,0.19,0.36,0.03,-0.11,-0.07
21951,-1.16,-0.02,0.16,0.13,0.10,0.04
21952,-1.16,-0.33,0.36,-0.08,-0.00,-0.07
21953,-0.95,-0.13,-0.16,0.13,-0.00,0.04
21954,-1.16,-0.23,-0.05,-0.08,-0.00,-0.07
21955,-1.36,-0.02,0.26,0.03,-0.21,-0.07
21956,-1.36,-0.23,-0.05,0.03,-0.11,-0.07
21957,-1.05,-0.13,-0.36,-0.18,-0.21,-0.07
21958,-1.26,-0.13,-0.16,0.03,-0.00,-0.07
21959,-1.57,-0.13,-0.16,0.03,-0.00,-0.07
21960,-1.47,-0.23,-0.47,0.03,0.10,-0.07
21961,-1.36,-0.13,-0.47,0.03,-0.11,0.04
21962,-1.57,0.19,-0.36,0.13,-0.11,-0.07
21963,-1.47,0.19,-0.36,0.03,-0.11,-0.07
21964,-1.47,-0.02,-0.26,-0.08,-0.11,-0.07
21965,-1.26,0.08,-0.57,0.13,0.10,0.04
21966,-1.26,-0.02,0.05,0.13,-0.00,0.04
21967,-1.16,0.39,0.05,0.03,0.10,-0.07
21968,-1.05,0.08,-0.26,0.03,-0.21,0.04
21969,-0.95,0.08,0.05,0.03,-0.11,-0.07
21970,-1.05,-0.13,-0.05,0.13,-0.00,0.04
21971,-1.26,-0.02,0.05,0.03,-0.11,-0.07
21972,-1.26,-0.13,0.26,0.03,-0.11,-0.07
21973,-1.16,-0.13,0.05,0.13,-0.00,0.04
21974,-0.95,-0.02,0.16,0.03,-0.00,-0.07
21975,-1.26,-0.02,0.26,0.13,-0.11,0.04
21976,-1.26,-0.33,-0.16,-0.08,-0.21,-0.07
21977,-1.16,-0.02,-0.16,0.13,-0.21,-0.07
21978,-1.36,-0.13,0.05,0.13,-0.00,0.04
21979,-1.47,0.08,-0.26,0.13,-0.11,-0.07
21980,-1.68,-0.33,-0.36,0.13,-0.11,0.04
21981,-1.36,-0.13,-0.57,0.03,0.10,-0.07
21982,-1.47,0.08,-0.57,-0.08,-0.21,0.04
21983,-1.47,0.19,-0.26,0.03,-0.11,-0.07
21984,-1.47,-0.02,-0.26,0.03,-0.00,-0.07
21985,-1.26,0.08,-0.47,0.03,-0.00,0.04
21986,-1.16,0.19,-0.16,0.03,-0.11,-0.07
21987,-1.36,0.29,0.05,-0.08,-0.11,-0.07
21988,-1.16,-0.13,-0.26,-0.08,-0.00,0.04
21989,-0.95,0.19,0.16,-0.08,-0.11,0.04
21990,-0.95,-0.02,0.05,0.03,-0.00,0.14
21991,-1.16,-0.02,0.05,-0.08,-0.00,0.04
21992,-1.26,-0.23,0.26,0.03,-0.00,-0.07
21993,-1.16,-0.02,-0.16,0.03,-0.11,0.04
21994,-1.16,-0.23,0.05,0.13,-0.11,0.04
21995,-1.16,-0.02,0.36,0.03,-0.11,0.04
21996,-1.36,-0.13,0.05,0.03,-0.11,0.04
21997,-1.16,-0.23,-0.16,0.03,-0.11,0.04
21998,-1.26,-0.33,-0.16,0.03,-0.00,-0.17
21999,-1.57,0.08,-0.05,0.03,-0.21,-0.17
22000,-1.47,-0.13,-0.26,-0.08,-0.21,0.04
22001,-1.36,-0.02,-0.47,0.03,-0.11,-0.07
22002,-1.36,-0.02,-0.36,0.03,-0.11,-0.28
22003,-1.57,0.08,-0.26,0.23,-0.00,0.04
22004,-1.36,-0.02,-0.36,-0.08,-0.21,0.04
22005,-1.26,-0.02,-0.36,-0.08,-0.11,0.04
22006,-1.26,0.29,-0.26,-0.08,0.10,0.04
22007,-1.16,0.39,0.05,-0.08,0.10,0.04
22008,-1.26,-0.02,-0.05,0.03,-0.11,-0.07
22009,-0.95,0.08,-0.05,-0.08,0.10,0.04
22010,-1.05,-0.13,-0.26,0.03,-0.11,-0.07
22011,-1.16,-0.02,0.36,0.03,-0.11,0.04
22012,-1.16,-0.33,0.05,0.03,-0.11,0.04
22013,-1.05,-0.02,0.16,0.03,-0.00,-0.07
22014,-0.95,-0.23,0.05,0.13,-0.11,-0.07
22015,-1.36,-0.02,0.26,-0.08,-0.11,-0.07
22016,-1.26,-0.13,-0.05,0.03,-0.21,-0.07
22017,-1.16,-0.33,-0.05,0.03,-0.11,0.04
22018,-1.26,-0.13,-0.16,0.13,0.10,0.04
22019,-1.47,-0.13,-0.16,0.03,-0.00,0.04
22020,-1.47,-0.13,-0.36,-0.08,-0.21,-0.07
22021,-1.26,-0.23,-0.57,0.03,-0.21,-0.07
22022,-1.36,-0.13,-0.47,-0.08,0.10,0.04
22023,-1.57,0.39,-0.16,-0.08,-0.11,-0.07
22024,-1.47,0.19,-0.36,0.03,-0.00,0.04
22025,-1.36,-0.02,-0.36,0.13,-0.00,0.04
22026,-1.16,0.08,-0.36,0.03,0.10,0.04
22027,-1.26,0.19,-0.16,0.03,-0.00,0.04
22028,-1.36,-0.02,-0.16,0.03,-0.00,-0.07
22029,-1.16,-0.23,-0.16,0.03,-0.00,0.14
22030,-0.95,-0.13,-0.05,0.13,-0.00,-0.07
22031,-1.05,0.19,0.16,0.03,-0.00,0.04
22032,-1.16,-0.33,0.16,0.03,0.10,0.04
22033,-1.16,-0.23,0.05,0.13,-0.00,0.04
22034,-1.05,-0.02,0.26,0.13,-0.00,-0.07
22035,-1.16,0.08,0.26,0.03,-0.11,-0.07
22036,-1.36,-0.23,0.05,0.03,0.10,-0.07
22037,-1.16,-0.23,-0.05,0.03,-0.11,-0.07
22038,-1.36,-0.23,-0.47,-0.08,-0.11,-0.07
22039,-1.47,-0.02,-0.05,0.03,-0.11,-0.17
22040,-1.57,-0.13,-0.26,0.03,-0.11,-0.07
22041,-1.36,-0.02,-0.57,-0.08,-0.21,-0.07
22042,-1.36,-0.13,-0.26,0.13,-0.11,0.04
22043,-1.47,0.08,-0.47,-0.08,-0.11,-0.07
22044,-1.68,-0.02,-0.36,0.03,-0.11,0.04
22045,-1.36,0.08,-0.26,-0.08,-0.11,-0.17
22046,-1.26,0.29,-0.36,0.03,-0.00,-0.07
22047,-1.16,0.29,-0.16,0.03,-0.00,-0.07
22048,-1.36,0.08,-0.05,0.03,-0.00,0.04
22049,-1.16,-0.13,-0.36,0.03,-0.00,0.14
22050,-0.95,-0.33,-0.26,0.03,-0.00,0.04
22051,-1.16,0.08,0.26,0.03,0.10,0.04
22052,-1.16,-0.23,0.05,0.13,-0.00,0.04
22053,-1.16,-0.02,0.16,0.03,-0.11,-0.07
22054,-0.95,-0.13,0.05,0.03,-0.11,-0.07
22055,-1.36,-0.23,-0.05,0.03,-0.00,0.04
22056,-1.36,-0.13,0.05,0.03,-0.11,0.04
22057,-1.16,-0.33,-0.05,-0.08,-0.11,-0.07
22058,-1.36,-0.13,-0.47,0.03,-0.00,-0.07
22059,-1.36,-0.13,-0.05,0.13,-0.11,0.04
22060,-1.57,-0.33,-0.26,0.03,-0.21,-0.07
22061,-1.36,-0.13,-0.36,0.03,-0.21,-0.07
22062,-1.26,-0.02,-0.26,-0.08,-0.21,-0.07
22063,-1.57,0.19,-0.26,-0.08,-0.11,-0.07
22064,-1.57,0.08,-0.47,0.13,-0.11,0.04
22065,-1.36,-0.02,-0.26,0.03,-0.11,-0.07
22066,-1.26,0.08,-0.57,0.13,0.10,0.14
22067,-1.36,0.08,-0.05,0.13,-0.00,-0.07
22068,-1.36,0.29,-0.05,0.03,0.10,0.14
22069,-1.16,-0.02,-0.26,-0.08,-0.11,-0.07
22070,-0.84,-0.02,-0.16,0.03,-0.00,0.04
22071,-1.16,0.08,0.26,-0.08,-0.00,0.04
22229,-1.26,0.08,-0.16,0.03,-0.00,0.14
22230,-0.95,0.08,0.16,-0.08,-0.00,-0.07
22231,-1.05,-0.02,-0.05,-0.08,-0.11,-0.17
22232,-1.05,0.19,0.16,-0.08,-0.21,-0.07
22233,-1.16,-0.33,0.05,0.03,0.10,0.04
22234,-1.16,-0.13,-0.05,0.03,-0.00,0.14
22235,-0.95,-0.13,0.16,0.13,-0.11,0.04
22236,-1.26,-0.02,0.47,-0.08,-0.21,-0.07
22237,-1.16,0.08,-0.05,-0.08,-0.21,-0.17
22238,-1.26,-0.23,-0.05,0.03,0.10,-0.07
22239,-1.26,-0.13,-0.36,0.13,-0.11,0.04
22240,-1.57,-0.13,-0.26,0.03,-0.11,-0.07
22241,-1.47,-0.23,-0.26,0.03,-0.00,-0.07
22242,-1.47,0.19,-0.26,-0.08,-0.11,-0.07
22243,-1.36,-0.02,-0.57,-0.08,-0.11,-0.07
22244,-1.47,0.19,-0.05,0.03,-0.11,0.04
22245,-1.47,0.08,-0.36,0.03,-0.21,-0.17
22246,-1.47,-0.02,-0.36,-0.08,-0.00,-0.07
22247,-1.26,0.29,-0.26,-0.08,-0.00,-0.07
22248,-1.26,0.39,-0.16,0.03,-0.00,0.04
22249,-1.16,-0.02,-0.05,0.03,-0.00,-0.07
22250,-1.16,-0.02,-0.16,0.03,0.10,0.04
22251,-0.95,-0.02,-0.26,0.03,-0.11,-0.07
22252,-1.16,-0.23,0.16,0.03,-0.00,0.14
22253,-1.16,-0.23,0.26,-0.08,-0.21,-0.07
22254,-1.05,0.19,0.26,-0.08,-0.21,-0.07
22255,-0.84,-0.02,0.05,0.03,-0.31,-0.17
22256,-1.26,-0.13,0.26,0.03,-0.21,-0.17
22257,-1.26,-0.02,-0.16,-0.18,-0.21,-0.17
22258,-1.26,-0.23,-0.05,0.03,-0.21,0.04
22259,-1.26,-0.13,-0.36,0.03,-0.21,-0.07
22260,-1.36,-0.13,-0.26,-0.08,-0.11,-0.07
22261,-1.57,-0.23,-0.05,0.03,0.10,-0.17
22262,-1.47,-0.13,-0.57,0.03,-0.00,-0.07
22263,-1.26,-0.02,-0.26,-0.08,-0.21,-0.17
22264,-1.47,0.29,0.05,0.03,-0.00,-0.07
22265,-1.57,0.19,-0.26,-0.08,-0.00,0.04
22266,-1.16,0.08,-0.16,-0.08,-0.11,-0.07
22267,-1.26,-0.02,-0.36,0.13,0.10,0.04
22268,-1.36,0.19,-0.26,0.13,-0.00,-0.07
22269,-1.26,0.08,-0.05,0.03,-0.11,-0.07
22270,-1.16,0.19,-0.05,0.03,-0.00,0.04
22271,-0.84,-0.02,-0.26,-0.08,-0.11,0.04
22272,-0.95,0.08,0.26,-0.08,-0.11,0.04
22273,-1.16,-0.13,0.26,-0.08,-0.21,-0.17
22274,-1.26,-0.23,0.16,0.03,-0.00,0.14
22275,-0.95,-0.13,0.26,0.03,-0.11,-0.07
22276,-1.16,-0.02,0.16,0.13,-0.11,-0.07
22277,-1.36,-0.33,0.05,0.13,-0.00,0.04
22278,-1.16,-0.13,0.05,0.03,-0.11,-0.07
22279,-1.26,-0.13,-0.26,-0.08,-0.21,-0.07
22280,-1.47,0.08,-0.16,0.13,-0.11,0.14
22281,-1.36,0.08,-0.16,-0.08,-0.11,-0.07
22282,-1.36,-0.02,-0.26,0.03,-0.11,-0.07
22283,-1.26,-0.02,-0.47,0.03,-0.11,0.04
22284,-1.57,0.08,-0.26,0.03,-0.11,-0.07
22285,-1.47,0.08,-0.36,-0.08,-0.11,-0.17
22286,-1.36,0.29,-0.05,-0.08,-0.11,0.04
22287,-1.26,0.19,-0.36,0.13,0.10,-0.07
22288,-1.16,0.29,-0.05,0.03,-0.00,-0.17
22289,-1.26,-0.02,0.05,-0.08,-0.00,-0.07
22290,-1.05,-0.13,-0.26,0.13,-0.00,-0.07
22291,-0.95,-0.13,-0.16,0.03,-0.00,0.04
22292,-1.05,0.19,0.26,0.03,-0.11,-0.07
22293,-1.16,0.19,0.36,-0.08,-0.21,-0.07
22294,-1.05,-0.23,0.16,0.13,-0.00,0.14
22295,-1.05,-0.02,-0.05,0.03,-0.00,-0.17
22296,-1.05,-0.13,0.05,0.03,-0.11,-0.07
22297,-1.36,-0.23,0.05,0.13,-0.11,0.04
22298,-1.36,-0.13,-0.05,0.03,-0.11,-0.07
22299,-1.05,-0.23,-0.47,0.03,-0.11,-0.07
22300,-1.47,0.08,0.05,-0.18,-0.21,-0.07
22301,-1.36,-0.23,-0.36,0.03,-0.11,-0.07
22302,-1.47,-0.23,-0.36,0.03,-0.11,0.04
22303,-1.36,-0.02,-0.36,-0.08,-0.00,-0.07
22304,-1.36,0.29,-0.26,-0.08,-0.21,-0.17
22305,-1.68,-0.02,-0.26,0.03,-0.00,0.04
22306,-1.26,-0.02,-0.26,-0.08,-0.11,-0.07
22307,-1.36,0.08,-0.57,0.03,-0.11,0.04
22308,-1.26,0.29,0.05,0.03,-0.11,0.04
22309,-1.47,0.19,-0.16,0.13,-0.00,0.04
22310,-0.95,-0.02,-0.16,-0.08,-0.11,0.04
22311,-0.84,-0.02,-0.16,0.13,-0.00,0.04
22312,-1.05,0.08,0.26,-0.08,-0.11,-0.17
22314,-1.26,-0.23,-0.05,0.13,-0.00,0.04
22314,-1.26,-0.02,0.36,0.03,-0.00,-0.07
22315,-0.84,-0.13,0.05,0.13,-0.11,-0.07
22316,-1.16,-0.02,0.16,0.03,-0.11,-0.07
22317,-1.26,-0.13,0.16,0.03,-0.00,-0.07
22318,-1.26,-0.44,-0.36,0.03,-0.11,-0.07
22319,-1.26,-0.13,0.05,0.13,-0.11,-0.07
22320,-1.36,0.08,-0.05,0.03,-0.11,-0.07
22321,-1.57,-0.23,-0.36,0.03,-0.21,0.04
22322,-1.47,-0.13,-0.26,0.03,-0.11,0.04
22323,-1.26,-0.02,-0.36,0.03,-0.21,-0.07
22324,-1.68,0.08,-0.47,0.03,-0.00,-0.07
22325,-1.68,0.19,-0.16,0.03,-0.00,0.04
22326,-1.47,0.19,-0.36,0.03,-0.00,-0.07
22327,-1.26,0.08,-0.36,-0.08,-0.11,-0.07
22328,-1.26,0.19,0.05,-0.08,-0.11,-0.07
22329,-1.26,0.19,-0.26,0.03,-0.00,-0.07
22330,-1.05,-0.02,-0.16,0.03,0.10,0.04
22331,-0.95,-0.13,0.05,0.13,-0.00,-0.07
22332,-1.05,0.19,0.16,0.03,-0.00,-0.07
22333,-1.05,-0.23,0.36,0.03,-0.11,0.04
22334,-1.16,-0.13,0.05,0.13,-0.21,-0.07
22335,-0.95,-0.33,-0.05,0.03,-0.21,-0.07
22336,-1.16,-0.13,0.26,0.03,-0.11,0.04
22337,-1.47,-0.02,0.26,0.03,-0.11,0.04
22338,-1.26,-0.23,-0.26,0.13,-0.21,-0.07
22339,-1.26,-0.13,-0.05,0.03,-0.11,0.04
22340,-1.36,-0.13,-0.26,0.03,-0.11,0.04
22341,-1.47,-0.33,-0.36,0.03,-0.11,-0.07
22342,-1.47,-0.13,-0.05,0.03,-0.11,-0.07
22343,-1.26,-0.13,-0.47,-0.08,-0.00,-0.17
22344,-1.47,0.08,-0.26,0.13,-0.00,-0.07
22345,-1.57,-0.13,-0.26,0.13,-0.00,0.14
22346,-1.36,0.08,-0.47,-0.08,-0.11,-0.07
22347,-1.05,0.08,-0.26,-0.18,-0.21,-0.07
22348,-1.26,0.39,-0.05,0.03,-0.11,-0.07
22349,-1.26,0.19,-0.26,0.03,-0.00,0.04
22350,-1.16,-0.02,-0.16,-0.08,-0.00,0.04
22351,-1.05,-0.13,-0.26,0.03,-0.00,0.04
22352,-1.05,0.08,0.05,0.03,-0.11,-0.17
22353,-1.16,-0.02,0.36,0.13,-0.11,-0.07
22354,-1.26,-0.23,-0.05,0.03,-0.00,-0.07
22355,-1.05,-0.33,-0.16,0.03,-0.00,0.04
22356,-1.16,-0.13,0.26,0.03,-0.21,-0.07
22357,-1.47,-0.13,-0.05,0.13,-0.11,-0.07
22358,-1.16,-0.23,-0.16,-0.08,-0.11,-0.17
22359,-1.26,-0.13,-0.16,0.03,-0.11,0.04
22360,-1.57,-0.02,-0.26,0.03,-0.00,0.04
22361,-1.36,-0.13,-0.16,0.03,-0.21,-0.07
22362,-1.57,-0.23,-0.47,0.03,-0.00,-0.07
22363,-1.36,-0.23,-0.57,0.03,-0.11,0.04
22364,-1.47,0.19,-0.16,-0.18,-0.11,0.04
22365,-1.68,0.29,-0.16,-0.08,-0.00,-0.17
22366,-1.26,-0.02,-0.47,0.03,-0.00,-0.07
22367,-1.26,0.19,-0.36,0.03,-0.00,0.04
22368,-1.26,0.08,-0.36,0.03,-0.00,-0.07
22369,-1.47,-0.02,-0.16,0.13,-0.00,0.04
22370,-1.16,0.08,-0.05,0.03,-0.00,0.04
22371,-0.95,-0.13,-0.16,0.03,0.10,0.04
22372,-1.05,-0.02,0.26,0.03,-0.00,0.04
22373,-0.95,-0.23,0.36,0.03,-0.00,0.04
22374,-1.26,-0.13,0.05,0.13,-0.00,0.04
22375,-1.05,-0.23,0.05,0.03,-0.00,-0.07
22376,-1.16,0.08,0.36,0.03,-0.21,-0.17
22377,-1.16,-0.02,0.05,0.13,0.10,0.04
22378,-1.26,-0.23,0.05,0.03,-0.21,-0.07
22379,-1.16,-0.02,-0.16,-0.08,-0.21,-0.07
22380,-1.26,-0.23,-0.36,0.03,-0.11,-0.07
22381,-1.47,-0.13,-0.05,0.03,-0.00,0.04
22382,-1.36,-0.23,-0.36,0.03,-0.11,-0.07
22383,-1.26,-0.02,-0.36,0.03,-0.21,-0.07
22384,-1.57,-0.02,-0.26,0.03,-0.00,-0.07
22385,-1.47,0.19,-0.26,0.03,-0.11,-0.17
22386,-1.47,0.08,-0.26,0.13,-0.00,-0.07
22387,-1.26,0.19,-0.26,0.03,-0.00,0.04
22388,-1.26,0.29,-0.05,0.03,-0.11,-0.07
22389,-1.16,0.29,-0.05,-0.08,-0.00,0.04
22390,-1.26,-0.02,-0.16,0.03,-0.00,0.14
22391,-0.84,0.08,0.05,-0.18,-0.21,-0.07
22392,-1.05,0.19,0.16,0.03,-0.00,0.04
22393,-1.16,0.08,0.26,-0.08,-0.11,-0.17
22394,-1.05,-0.23,0.05,0.03,-0.00,0.04
22395,-1.05,-0.13,0.16,-0.08,-0.11,-0.07
22396,-1.16,-0.13,-0.05,0.03,-0.21,-0.17
22397,-1.36,-0.13,0.16,-0.08,-0.11,-0.07
22398,-1.26,-0.13,0.05,-0.08,-0.21,-0.07
22399,-1.26,-0.02,-0.26,-0.08,-0.21,-0.07
22400,-1.36,-0.13,-0.26,0.13,-0.00,-0.07
22401,-1.47,-0.02,-0.26,-0.08,-0.21,-0.17
22402,-1.36,-0.13,-0.47,-0.08,-0.11,-0.07
22403,-1.47,-0.23,-0.36,0.03,0.10,-0.07
22404,-1.68,0.08,-0.36,0.03,-0.00,0.04
22405,-1.47,0.19,-0.36,0.13,-0.00,0.14
22406,-1.36,0.29,-0.16,-0.08,-0.11,-0.17
22407,-1.26,0.08,-0.57,0.03,0.10,0.14
22408,-1.26,0.08,-0.26,0.03,0.10,0.14
22409,-1.26,0.19,-0.05,0.03,-0.00,0.14
22410,-1.16,0.19,-0.26,0.03,-0.00,-0.07
22411,-0.95,-0.13,-0.05,0.13,-0.00,0.04
22412,-1.16,-0.02,0.05,0.13,-0.11,0.14
22413,-1.16,-0.13,0.16,-0.08,-0.21,-0.07
22414,-1.16,-0.02,0.36,-0.08,-0.21,-0.07
22415,-1.05,-0.02,0.16,0.03,-0.00,-0.07
22416,-1.16,-0.02,0.16,-0.18,-0.21,-0.17
22417,-1.26,0.08,0.16,0.03,-0.11,-0.07
22418,-1.26,-0.23,-0.16,0.03,-0.11,-0.07
22419,-1.16,-0.23,-0.26,-0.08,-0.11,-0.07
22420,-1.36,0.08,-0.05,0.03,-0.00,-0.07
22421,-1.57,-0.13,-0.36,0.13,0.10,0.04
22422,-1.47,0.08,-0.36,0.03,-0.21,-0.07
22423,-1.36,-0.23,-0.26,0.03,-0.00,0.04
22424,-1.47,0.08,-0.47,-0.18,-0.00,0.04
22425,-1.57,0.19,-0.05,-0.08,-0.00,-0.07
22426,-1.36,-0.02,-0.26,-0.08,-0.00,-0.07
22427,-1.36,0.08,-0.36,0.03,-0.00,0.04
22428,-1.26,0.19,-0.26,0.03,0.10,0.04
22429,-1.36,0.29,0.05,-0.08,0.10,0.04
22430,-1.05,-0.02,-0.26,0.03,-0.00,-0.07
22431,-0.95,-0.13,0.16,0.03,0.10,-0.07
22432,-1.16,0.19,0.26,-0.08,-0.11,-0.07
22433,-1.16,-0.02,0.26,0.13,-0.11,0.04
22434,-1.05,-0.02,0.36,-0.08,-0.11,-0.07
22435,-0.95,-0.33,-0.05,0.03,-0.11,-0.07
22436,-1.16,-0.13,0.26,-0.08,-0.11,-0.07
22437,-1.36,0.08,0.36,0.03,-0.11,-0.07
22438,-1.36,-0.23,-0.16,0.03,-0.11,-0.07
22439,-1.05,-0.23,-0.16,0.13,-0.21,-0.17
22440,-1.47,-0.23,-0.26,0.03,-0.11,-0.07
22441,-1.68,-0.23,-0.36,0.23,-0.11,0.04
22442,-1.47,-0.13,-0.16,0.03,-0.21,-0.17
22443,-1.36,-0.02,-0.47,-0.08,-0.00,-0.07
22444,-1.36,0.08,-0.16,-0.08,-0.21,-0.07
22445,-1.68,0.08,-0.16,0.13,-0.00,0.04
22446,-1.36,0.08,-0.36,0.03,-0.11,-0.07
22447,-1.26,0.29,-0.36,-0.18,-0.11,-0.07
22448,-1.16,0.19,0.05,-0.08,-0.11,0.04
22449,-1.26,0.39,-0.16,-0.08,-0.11,0.04
22450,-1.16,-0.13,-0.16,0.13,-0.00,0.04
22451,-0.95,-0.13,-0.26,0.13,-0.00,0.14
22452,-1.16,-0.02,-0.05,0.03,-0.11,0.04
22453,-1.26,-0.13,0.16,0.13,0.10,0.04
22454,-1.05,-0.02,0.36,0.03,-0.11,-0.07
22455,-1.05,-0.23,-0.16,0.03,0.10,0.04
22456,-1.16,-0.02,0.16,-0.08,-0.21,-0.07
22457,-1.26,-0.13,0.16,0.03,-0.00,-0.07
22458,-1.26,-0.33,-0.26,-0.08,-0.11,-0.17
22459,-1.26,-0.02,-0.05,0.03,-0.00,-0.07
22460,-1.36,-0.02,-0.26,0.03,-0.21,-0.07
22461,-1.57,-0.02,-0.16,0.03,-0.11,-0.17
22462,-1.36,-0.13,-0.26,-0.08,-0.21,-0.17
22463,-1.16,-0.13,-0.47,0.03,-0.11,-0.17
22464,-1.47,0.08,-0.16,0.03,-0.11,0.04
22465,-1.47,0.08,-0.16,0.03,-0.11,-0.07
22466,-1.47,0.08,-0.36,0.03,-0.11,0.04
22467,-1.26,0.08,-0.36,0.13,0.10,0.04
22468,-1.26,0.19,-0.05,-0.08,-0.00,-0.07
22469,-1.16,0.29,0.05,-0.08,-0.11,-0.07
22470,-1.26,-0.13,-0.05,0.03,-0.11,0.04
22471,-0.95,0.08,0.05,-0.08,-0.11,-0.07
22472,-1.05,-0.02,-0.16,0.13,-0.00,0.04
22618,-1.16,-0.23,0.16,-0.08,-0.21,-0.17
22618,-1.26,-0.13,0.05,0.03,-0.11,-0.07
22619,-1.16,-0.33,-0.47,0.03,-0.00,-0.07
22620,-1.47,0.08,0.16,0.03,-0.11,0.04
22621,-1.47,-0.02,-0.36,0.03,-0.21,-0.17
22622,-1.36,-0.13,-0.57,-0.08,-0.00,0.04
22623,-1.36,-0.13,-0.36,0.13,-0.11,0.14
22624,-1.57,0.29,-0.47,0.13,-0.00,0.04
22625,-1.57,-0.02,-0.36,-0.08,-0.11,0.04
22626,-1.26,-0.02,-0.26,0.03,-0.00,0.04
22627,-1.26,-0.02,-0.26,0.03,-0.11,-0.07
22628,-1.26,0.19,-0.05,0.23,-0.00,0.04
22629,-1.16,-0.13,0.05,-0.08,-0.21,0.04
22630,-0.95,0.08,-0.16,-0.08,-0.00,-0.17
22631,-0.84,-0.02,0.26,-0.18,-0.11,-0.17
22632,-1.05,0.29,0.26,-0.18,-0.11,-0.17
22633,-1.26,-0.23,-0.05,-0.08,-0.00,0.04
22634,-1.05,-0.23,0.05,0.03,-0.11,0.04
22635,-0.95,-0.02,0.05,0.03,-0.21,-0.17
22636,-1.47,-0.23,0.05,0.13,-0.00,0.14
22637,-1.36,-0.33,0.16,-0.08,-0.11,0.04
22638,-1.16,-0.02,-0.16,-0.08,-0.21,-0.07
22639,-1.36,-0.33,-0.05,0.03,0.10,-0.07
22640,-1.47,0.08,-0.05,-0.08,-0.21,-0.28
22641,-1.57,-0.23,-0.57,0.03,-0.11,0.04
22642,-1.36,0.08,-0.36,0.03,-0.21,-0.17
22643,-1.36,-0.13,-0.36,0.03,-0.11,0.04
22644,-1.47,0.19,-0.36,0.03,-0.11,-0.07
22645,-1.57,-0.13,-0.36,0.03,-0.11,-0.07
22646,-1.36,0.08,-0.36,0.03,-0.11,0.14
22647,-1.16,-0.02,-0.36,-0.08,-0.00,-0.07
22648,-1.26,0.39,0.05,0.03,0.10,0.04
22649,-1.26,0.08,-0.05,0.03,-0.11,-0.07
22650,-1.05,-0.02,-0.05,0.03,-0.00,0.04
22651,-0.95,-0.13,0.05,0.13,0.10,0.14
22652,-1.16,-0.13,-0.05,0.03,-0.00,0.04
22653,-1.36,-0.23,0.16,0.03,0.10,0.04
22654,-1.16,-0.23,0.05,0.13,0.10,-0.07
22655,-1.05,-0.13,0.05,0.03,-0.00,-0.07
22656,-1.26,-0.02,0.05,0.03,-0.00,0.04
22657,-1.36,-0.33,0.05,0.03,-0.11,-0.07
22658,-1.16,-0.13,-0.16,-0.08,-0.11,-0.07
22659,-1.26,-0.33,-0.05,0.03,-0.11,-0.07
22660,-1.57,-0.02,0.05,0.03,-0.21,0.04
22661,-1.47,-0.23,-0.26,0.03,-0.21,-0.07
22662,-1.47,-0.02,-0.26,0.03,-0.11,-0.07
22663,-1.36,-0.02,-0.47,0.03,-0.11,-0.07
22664,-1.47,0.19,-0.16,-0.08,-0.21,-0.17
22665,-1.47,0.19,-0.36,0.03,-0.00,-0.07
22666,-1.36,-0.02,-0.57,0.03,-0.00,0.14
22667,-1.16,0.19,-0.36,0.03,-0.00,0.04
22668,-1.26,0.29,0.05,-0.08,-0.11,0.04
22669,-1.05,-0.02,-0.16,-0.08,-0.11,-0.07
22670,-1.05,-0.02,0.05,0.03,-0.00,0.04
22671,-0.95,0.19,0.05,0.03,-0.00,0.04
22672,-1.16,-0.02,0.36,0.03,-0.21,-0.07
22673,-1.26,-0.13,0.26,-0.08,-0.11,0.04
22674,-1.16,-0.23,-0.26,0.13,0.10,0.04
22675,-0.95,-0.02,0.16,-0.08,-0.11,-0.17
22676,-1.16,0.08,0.26,-0.08,-0.21,-0.17
22677,-1.26,-0.13,-0.05,-0.08,-0.21,-0.17
22678,-1.05,-0.13,-0.16,-0.08,-0.21,0.04
22679,-1.26,-0.23,-0.16,0.03,-0.21,-0.17
22680,-1.47,-0.13,-0.36,0.13,-0.00,-0.07
22681,-1.47,-0.02,-0.05,0.03,-0.21,-0.17
22682,-1.36,-0.02,-0.16,0.03,-0.21,-0.17
22683,-1.16,0.08,-0.36,-0.08,-0.21,-0.07
22684,-1.47,0.08,-0.16,-0.08,-0.21,-0.07
22685,-1.36,0.19,-0.47,0.03,-0.21,-0.07
22686,-1.36,-0.02,-0.36,0.13,-0.00,0.04
22687,-1.16,0.29,-0.16,0.03,0.10,-0.07
22688,-1.36,0.29,-0.26,0.23,0.10,0.14
22689,-1.16,-0.02,-0.05,0.13,0.10,0.04
22690,-0.84,0.08,-0.05,-0.08,-0.00,-0.17
22691,-0.95,-0.02,0.05,0.13,0.10,0.04
22692,-1.36,-0.02,0.26,0.23,-0.00,0.14
22693,-1.16,-0.13,0.16,0.03,-0.11,-0.07
22694,-1.05,-0.23,-0.05,0.13,0.10,0.04
22695,-1.05,-0.13,0.36,0.03,-0.21,-0.07
22696,-1.36,-0.02,0.05,-0.08,-0.21,-0.17
22697,-1.16,-0.54,-0.16,0.13,-0.11,-0.07
22698,-1.26,-0.13,0.05,0.03,0.10,0.04
22699,-1.36,-0.13,-0.26,0.13,0.10,0.04
22700,-1.36,0.19,-0.05,0.03,-0.21,-0.17
22701,-1.36,-0.23,-0.16,0.13,-0.21,0.04
22702,-1.26,-0.13,-0.47,0.03,-0.11,-0.17
22703,-1.36,0.08,-0.05,-0.08,-0.11,-0.07
22704,-1.57,0.29,-0.16,-0.08,-0.11,0.04
22705,-1.47,0.08,-0.47,0.03,0.10,0.04
22706,-1.16,0.19,-0.16,-0.08,-0.11,-0.07
22707,-1.16,0.19,-0.36,0.03,-0.00,0.04
22708,-1.36,-0.02,-0.26,0.23,-0.00,0.04
22709,-1.05,0.08,0.05,0.03,-0.11,-0.07
22710,-1.16,-0.02,-0.26,0.03,0.10,0.14
22711,-0.95,0.08,0.05,-0.08,-0.00,-0.07
22712,-1.16,-0.13,0.36,0.03,-0.00,0.04
22713,-1.05,-0.23,0.05,0.03,-0.21,-0.07
22714,-1.05,-0.13,0.05,0.03,-0.11,-0.07
22715,-1.26,0.08,0.26,-0.08,-0.11,-0.07
22716,-1.26,-0.02,0.05,-0.08,-0.21,-0.17
22717,-1.36,-0.33,-0.16,0.13,-0.00,0.04
22718,-1.26,-0.13,-0.16,0.13,-0.11,0.04
22719,-1.26,-0.02,-0.36,0.03,-0.11,-0.17
22720,-1.47,-0.02,0.05,-0.08,-0.21,-0.17
22721,-1.47,-0.13,-0.26,0.13,-0.11,-0.07
22722,-1.36,0.08,-0.36,-0.08,-0.21,-0.07
22723,-1.47,-0.02,-0.05,0.13,-0.00,0.04
22724,-1.57,0.08,-0.57,0.03,-0.11,-0.07
22725,-1.36,0.08,-0.16,-0.08,-0.21,-0.17
22726,-1.16,0.19,-0.26,0.13,-0.00,0.04
22727,-1.36,0.29,-0.16,0.03,0.10,-0.07
22728,-1.26,-0.02,-0.26,0.13,0.10,0.14
22729,-1.26,-0.02,-0.16,0.03,-0.11,0.04
22730,-0.95,-0.13,-0.36,-0.08,-0.21,-0.07
22731,-1.05,-0.02,0.26,-0.08,-0.11,0.04
22732,-1.26,-0.13,0.16,0.03,-0.00,0.04
22733,-1.05,-0.13,0.16,-0.18,-0.21,-0.07
22734,-0.74,-0.13,0.36,-0.08,-0.11,-0.07
22735,-1.16,-0.02,0.16,0.03,-0.21,-0.07
22736,-1.26,-0.02,0.16,-0.08,-0.11,-0.17
22737,-1.26,-0.13,-0.05,0.03,-0.11,0.04
22738,-1.36,-0.13,-0.26,0.13,0.10,0.04
22739,-1.26,-0.02,-0.05,-0.08,-0.31,-0.07
22740,-1.68,-0.23,-0.16,0.13,-0.00,0.14
22741,-1.57,-0.33,-0.68,0.03,-0.00,0.04
22742,-1.16,-0.13,-0.36,0.03,-0.21,-0.07
22743,-1.57,0.19,-0.26,-0.08,0.10,0.04
22744,-1.57,0.08,-0.26,0.03,-0.00,0.04
22745,-1.36,0.19,-0.05,0.03,-0.21,0.04
22746,-1.16,0.29,-0.26,0.13,-0.11,-0.07
22747,-1.26,0.29,-0.16,0.03,0.10,0.04
22748,-1.26,0.08,0.05,0.13,0.10,-0.07
22749,-1.26,-0.02,-0.26,0.13,0.10,0.14
22750,-0.84,-0.02,-0.16,0.13,0.10,0.14
22751,-1.16,-0.02,0.05,0.03,-0.11,-0.17
22752,-1.16,-0.23,0.05,0.03,-0.11,-0.07
22753,-1.05,-0.13,0.16,-0.08,-0.11,-0.07
22754,-1.05,-0.02,0.16,0.13,-0.00,-0.07
22755,-1.16,0.08,0.16,-0.08,-0.11,-0.07
22756,-1.16,-0.13,0.26,-0.08,-0.21,-0.17
22757,-1.16,-0.23,-0.16,-0.18,-0.31,-0.17
22758,-1.26,-0.33,-0.26,0.13,-0.11,0.04
22759,-1.57,-0.13,-0.16,0.13,-0.00,-0.07
22760,-1.47,-0.02,-0.36,0.03,-0.11,-0.07
22761,-1.57,-0.13,-0.47,0.13,-0.11,0.04
22762,-1.16,0.08,-0.26,-0.08,-0.21,-0.17
22763,-1.68,0.19,-0.57,0.03,-0.00,-0.07
22764,-1.57,0.08,-0.16,0.03,-0.00,0.04
22765,-1.26,0.19,-0.26,0.03,-0.11,-0.17
22766,-1.16,-0.02,-0.36,0.13,0.10,0.04
22767,-1.26,0.29,0.16,0.03,-0.11,0.04
22768,-1.16,-0.02,-0.26,-0.08,-0.00,0.04
22769,-1.16,-0.02,-0.05,0.03,-0.00,0.04
22770,-0.95,-0.13,0.05,0.03,-0.00,0.04
22771,-1.05,0.29,0.16,-0.08,-0.00,0.04
22772,-1.36,-0.23,0.16,0.13,-0.00,0.14
22773,-1.05,-0.23,-0.05,0.13,-0.00,0.04
22774,-1.05,-0.13,-0.26,0.13,-0.11,-0.07
22775,-1.36,-0.13,0.26,0.13,-0.00,0.14
22776,-1.36,-0.13,0.16,0.03,-0.11,0.04
22777,-1.05,-0.13,-0.05,-0.08,-0.11,-0.07
22778,-1.26,-0.23,-0.05,0.03,-0.11,-0.07
22779,-1.57,-0.02,-0.26,0.03,-0.11,0.04
22780,-1.47,-0.23,-0.36,-0.08,-0.11,-0.28
22781,-1.57,0.08,-0.16,0.03,-0.11,-0.07
22782,-1.26,0.08,-0.57,0.03,-0.11,-0.07
22783,-1.47,0.29,-0.16,-0.08,-0.11,-0.07
22784,-1.36,0.19,-0.26,-0.08,-0.21,-0.07
22785,-1.36,-0.02,-0.47,0.13,0.10,0.04
22786,-1.05,0.08,-0.16,0.03,-0.11,-0.07
22787,-1.26,0.29,0.05,0.13,-0.00,0.04
22788,-1.26,-0.02,-0.26,0.13,0.10,0.14
22789,-1.26,0.08,-0.05,0.03,0.10,0.24
22790,-0.95,-0.13,-0.05,0.03,-0.00,0.14
22791,-1.26,-0.02,0.05,0.03,-0.11,0.04
22792,-1.05,-0.02,0.47,-0.08,-0.21,-0.17
22793,-0.95,-0.13,-0.16,0.03,-0.00,0.04
22794,-0.95,-0.13,0.16,-0.08,-0.21,-0.07
22795,-1.16,0.08,0.26,-0.08,-0.21,-0.07
22796,-1.26,-0.33,-0.16,0.03,-0.21,-0.17
22797,-1.05,-0.23,-0.16,0.03,-0.00,0.04
22798,-1.36,-0.13,0.16,-0.08,-0.11,-0.28
22799,-1.36,0.19,-0.26,-0.18,-0.21,-0.17
22800,-1.68,-0.13,-0.26,0.03,-0.21,0.04
22801,-1.47,-0.02,-0.36,0.03,-0.00,-0.07
22802,-1.47,-0.13,-0.57,0.03,-0.00,-0.07
22803,-1.68,0.08,-0.05,0.03,-0.11,-0.07
22804,-1.47,0.08,-0.36,-0.08,-0.11,-0.07
22805,-1.16,0.08,-0.47,0.03,-0.11,-0.17
22806,-1.05,0.29,-0.05,0.03,-0.11,0.04
22807,-1.36,0.29,-0.16,0.03,-0.21,-0.07
22808,-1.16,0.08,0.05,-0.18,-0.21,-0.07
22809,-0.95,0.19,0.05,0.03,-0.11,-0.07
22810,-0.95,0.08,0.16,-0.08,-0.11,-0.07
22811,-1.05,0.08,0.26,0.03,-0.00,0.04
22812,-1.36,-0.23,0.26,0.13,-0.11,-0.07
22813,-0.84,-0.33,-0.26,0.03,0.10,-0.07
22814,-1.05,-0.13,0.36,-0.08,-0.11,-0.07
22815,-1.36,0.08,0.05,0.03,-0.00,-0.07
22816,-1.16,-0.23,-0.05,0.03,-0.31,-0.07
22817,-1.26,-0.23,-0.16,0.03,-0.11,-0.07
22818,-1.26,-0.13,-0.26,0.03,-0.21,-0.17
22819,-1.47,-0.13,-0.16,-0.08,-0.11,0.04
22820,-1.47,-0.13,-0.05,0.03,-0.11,-0.07
22821,-1.36,0.08,-0.47,0.03,-0.11,-0.17
22822,-1.47,0.08,-0.36,0.03,-0.00,0.04
22823,-1.47,0.19,-0.05,-0.18,-0.21,-0.07
22824,-1.47,-0.02,-0.57,0.03,-0.00,0.04
22825,-1.26,0.08,-0.26,-0.08,-0.00,-0.07
22826,-1.36,0.29,-0.16,0.13,-0.00,0.04
22827,-1.47,0.08,-0.26,0.13,0.10,0.14
22828,-1.05,-0.02,-0.05,0.03,-0.21,-0.07
22829,-1.05,0.08,-0.26,-0.08,-0.11,0.04
22830,-1.16,-0.02,0.05,0.13,0.10,0.14
22831,-1.26,-0.02,0.16,0.13,0.10,0.04
22832,-1.26,-0.23,0.05,0.23,0.10,0.04
22833,-0.95,-0.23,-0.05,0.03,-0.00,0.14
22834,-1.16,-0.02,0.26,0.13,-0.21,-0.17
22835,-1.26,-0.13,0.05,0.13,-0.11,-0.07
22836,-1.36,-0.23,-0.05,-0.08,-0.00,0.14
22837,-1.05,-0.02,-0.16,-0.08,-0.11,-0.07
22838,-1.36,0.08,-0.16,0.03,-0.00,0.04
22839,-1.57,-0.13,-0.16,0.13,-0.00,0.04
22840,-1.36,-0.23,-0.57,0.03,-0.11,-0.07
22841,-1.36,-0.23,-0.47,0.13,-0.00,0.04
22842,-1.57,-0.02,-0.26,0.03,-0.00,0.04
22843,-1.68,0.19,-0.26,0.03,-0.21,-0.07
22844,-1.47,-0.02,-0.36,0.03,-0.00,0.24
22845,-1.26,-0.02,-0.47,0.13,0.10,0.04
22846,-1.36,0.19,-0.36,0.13,-0.00,0.14
22847,-1.36,0.19,-0.05,0.03,0.10,0.14
22848,-1.26,0.08,0.05,0.03,-0.11,-0.17
22849,-0.84,-0.13,-0.26,0.13,0.10,0.04
22850,-1.05,0.08,0.36,0.03,-0.11,-0.07
22851,-1.05,-0.02,0.16,-0.18,-0.21,-0.17
22852,-1.05,-0.13,0.16,-0.08,-0.21,0.04
22853,-1.05,-0.13,0.05,0.03,-0.00,0.04
22854,-1.26,-0.02,0.26,0.03,-0.21,-0.07
22855,-1.36,-0.13,-0.05,0.03,-0.00,0.04
22856,-1.36,-0.33,-0.05,0.03,-0.00,0.04
22857,-1.16,-0.23,-0.36,0.03,-0.00,0.04
22858,-1.47,-0.02,-0.05,-0.08,-0.11,-0.07
22859,-1.68,-0.33,-0.47,0.23,-0.00,0.14
22860,-1.36,-0.13,-0.47,-0.08,-0.00,-0.07
23047,-1.05,0.08,-0.16,0.03,-0.00,0.04
23048,-1.05,0.08,0.05,0.03,-0.11,-0.07
23049,-1.36,0.08,0.16,0.03,-0.11,-0.07
23050,-1.05,-0.23,0.16,-0.08,-0.00,-0.07
23051,-0.84,-0.23,0.05,0.03,-0.21,-0.17
23052,-1.16,-0.02,0.26,-0.08,-0.21,-0.07
23053,-1.26,-0.13,0.05,0.03,-0.11,-0.07
23054,-1.36,-0.13,0.26,0.03,-0.11,-0.07
23055,-1.26,-0.44,-0.57,0.13,-0.00,0.04
23056,-1.57,-0.13,-0.16,0.13,0.10,0.14
23057,-1.57,-0.23,-0.16,0.13,-0.11,0.04
23058,-1.47,0.08,-0.57,0.03,-0.11,-0.17
23059,-1.26,-0.02,-0.36,0.03,-0.00,0.04
23060,-1.57,0.08,-0.36,-0.08,0.10,0.14
23061,-1.36,0.08,-0.57,-0.08,-0.21,-0.17
23062,-1.36,0.08,-0.16,0.03,0.10,0.04
23063,-1.26,-0.02,-0.26,0.03,-0.00,0.14
23064,-1.16,0.19,-0.26,0.03,-0.00,-0.07
23065,-1.16,-0.13,0.16,0.03,-0.00,0.14
23066,-0.95,-0.02,-0.16,0.03,-0.00,-0.17
23067,-0.84,-0.02,0.16,-0.08,-0.31,-0.07
23068,-1.16,0.08,0.26,0.13,-0.00,-0.07
23069,-1.26,-0.02,-0.05,0.03,-0.00,-0.07
23070,-0.95,-0.02,-0.05,-0.08,-0.00,0.04
23071,-0.95,-0.13,0.16,-0.18,-0.11,-0.17
23072,-1.36,-0.13,-0.16,0.03,-0.11,0.04
23073,-1.36,-0.23,0.05,0.03,-0.11,0.04
23074,-1.16,-0.13,-0.16,0.03,-0.11,-0.07
23075,-1.26,-0.33,-0.36,0.03,-0.11,-0.07
23076,-1.36,-0.02,0.16,-0.08,-0.11,-0.07
23077,-1.47,-0.13,-0.47,-0.08,-0.21,0.04
23078,-1.36,-0.13,-0.26,0.03,-0.11,-0.17
23079,-1.26,0.19,-0.16,0.03,-0.21,-0.17
23080,-1.68,0.39,-0.36,0.13,0.10,0.04
23081,-1.57,-0.02,-0.36,0.03,-0.00,-0.07
23082,-1.26,0.08,-0.26,-0.08,-0.21,-0.17
23083,-1.16,-0.02,-0.57,0.03,0.10,0.04
23084,-1.16,0.39,-0.05,-0.08,-0.00,0.04
23085,-1.36,-0.02,0.05,0.03,-0.00,0.14
23086,-1.05,-0.02,-0.16,-0.08,-0.11,-0.17
23087,-0.84,-0.02,0.36,-0.08,-0.00,-0.07
23088,-1.36,-0.13,0.05,0.13,0.10,0.04
23089,-1.36,-0.33,0.05,0.13,-0.00,0.14
23090,-1.16,-0.33,0.16,0.13,-0.00,-0.07
23091,-1.05,-0.13,0.05,0.03,-0.00,0.04
23092,-1.36,-0.13,0.05,0.13,-0.00,0.04
23093,-1.47,-0.33,-0.16,0.13,0.10,0.04
23094,-1.36,-0.23,-0.47,0.03,0.10,0.04
23095,-1.47,-0.23,-0.26,0.23,0.10,-0.07
23096,-1.68,-0.33,-0.26,0.13,-0.00,0.04
23097,-1.26,-0.02,-0.26,-0.28,-0.31,-0.17
23098,-1.36,-0.02,-0.16,-0.18,-0.31,-0.17
23099,-1.36,0.08,-0.36,0.13,-0.00,-0.07
23100,-1.68,0.08,-0.47,0.03,-0.11,-0.07
23101,-1.57,0.08,-0.16,0.13,0.10,0.04
23102,-1.36,0.08,-0.36,0.03,-0.00,0.04
23103,-1.26,0.19,-0.26,-0.08,-0.00,0.14
23104,-1.47,0.08,-0.05,0.23,-0.00,0.04
23105,-1.26,-0.13,-0.47,0.03,-0.00,-0.17
23106,-0.84,-0.13,-0.05,0.03,-0.21,-0.17
23107,-1.05,0.08,0.05,-0.08,-0.21,-0.07
23108,-1.36,-0.13,0.05,0.03,-0.00,-0.07
23109,-1.26,-0.23,0.16,0.03,-0.00,0.14
23110,-1.16,-0.23,-0.16,0.03,-0.00,0.14
23111,-1.05,-0.13,0.16,-0.08,-0.21,-0.17
23112,-1.36,-0.13,0.26,0.13,-0.11,-0.07
23113,-1.47,-0.13,-0.16,0.13,-0.11,-0.07
23114,-0.95,-0.13,-0.26,0.03,-0.11,-0.17
23115,-1.36,-0.02,0.05,-0.08,-0.21,-0.07
23116,-1.47,-0.23,-0.36,0.03,-0.11,-0.17
23117,-1.57,-0.33,-0.26,0.03,-0.00,-0.07
23118,-1.57,-0.13,-0.57,0.03,-0.00,0.04
23119,-1.47,0.08,-0.47,0.03,-0.00,0.04
23120,-1.36,0.29,-0.16,-0.08,-0.11,-0.07
23121,-1.57,-0.13,-0.36,0.03,-0.00,0.04
23122,-1.26,-0.02,-0.36,0.13,-0.00,0.04
23123,-1.05,0.50,0.26,-0.08,-0.21,-0.07
23124,-1.16,0.29,-0.05,-0.08,-0.21,-0.07
23125,-1.05,0.19,0.05,-0.08,-0.11,0.04
23126,-1.26,-0.33,-0.36,0.23,0.10,0.14
23127,-0.95,0.08,0.05,0.03,-0.11,-0.07
23128,-1.36,-0.23,-0.05,0.13,0.21,0.04
23129,-1.26,-0.33,0.05,0.13,0.10,0.14
23130,-1.05,-0.33,-0.05,0.03,-0.00,0.04
23131,-1.05,0.08,0.36,-0.18,-0.21,-0.07
23132,-1.26,-0.23,-0.16,-0.08,-0.11,-0.07
23133,-1.16,-0.23,-0.05,0.03,-0.11,-0.07
23134,-1.26,-0.23,0.05,0.03,-0.21,-0.17
23135,-1.47,0.19,-0.16,0.03,-0.00,-0.17
23136,-1.47,-0.02,-0.36,0.03,-0.11,-0.17
23137,-1.47,-0.02,-0.36,-0.08,-0.11,-0.07
23138,-1.36,-0.13,-0.68,0.03,-0.11,-0.17
23139,-1.47,0.39,-0.16,-0.08,-0.00,-0.07
23140,-1.57,0.08,-0.16,-0.08,-0.11,-0.07
23141,-1.16,-0.02,-0.36,0.13,-0.00,0.04
23142,-1.16,0.19,-0.05,0.03,-0.00,0.04
23143,-1.16,0.39,-0.05,-0.08,-0.11,-0.07
23144,-1.16,-0.02,0.05,-0.18,-0.21,-0.07
23145,-1.05,-0.02,0.16,0.03,-0.00,-0.07
23146,-0.95,0.19,-0.05,0.03,-0.21,-0.07
23147,-1.05,0.08,0.36,-0.08,-0.11,-0.07
23149,-1.36,-0.33,0.16,0.13,-0.00,-0.07
23149,-1.26,-0.33,-0.26,0.23,0.10,0.14
23150,-1.05,-0.13,0.16,0.23,0.10,0.04
23151,-1.36,-0.13,0.16,0.23,-0.00,0.14
23152,-1.26,-0.23,-0.05,-0.08,-0.21,-0.07
23153,-1.16,-0.23,0.05,-0.08,-0.21,-0.07
23154,-1.16,-0.13,-0.26,-0.08,-0.21,-0.17
23155,-1.57,-0.13,-0.16,-0.08,0.10,-0.07
23156,-1.47,-0.02,0.16,-0.18,-0.21,-0.07
23157,-1.36,0.08,-0.47,-0.08,-0.11,-0.17
23158,-1.16,0.29,-0.26,-0.08,-0.11,-0.17
23159,-1.47,0.39,-0.05,-0.18,-0.11,-0.17
23160,-1.47,-0.02,-0.68,0.13,0.10,0.14
23161,-1.26,0.19,-0.26,-0.08,-0.00,0.04
23162,-1.26,0.08,-0.36,0.03,0.10,0.14
23163,-1.26,0.19,-0.26,-0.08,0.10,0.04
23164,-1.16,-0.23,-0.05,0.13,-0.00,0.04
23165,-1.05,-0.13,-0.36,0.13,0.10,-0.07
23166,-0.95,-0.02,0.05,0.03,-0.11,-0.07
23167,-1.26,-0.02,0.16,0.03,-0.00,-0.07
23168,-1.16,-0.02,0.36,-0.08,-0.11,-0.17
23169,-0.95,-0.13,0.05,0.03,0.10,0.14
23170,-1.05,-0.13,0.26,0.03,-0.11,-0.07
23171,-1.36,-0.02,-0.16,-0.08,-0.11,-0.17
23172,-1.47,-0.44,-0.16,0.23,-0.00,0.14
23173,-1.16,-0.33,-0.26,0.03,-0.00,-0.07
23174,-1.26,-0.02,-0.16,-0.08,-0.21,-0.07
23175,-1.57,-0.13,-0.05,0.13,-0.11,0.04
23176,-1.47,-0.02,-0.36,0.03,-0.21,-0.17
23177,-1.26,-0.23,-0.47,0.03,-0.11,0.04
23178,-1.36,-0.02,0.05,-0.08,-0.00,0.04
23179,-1.47,0.39,-0.16,-0.08,-0.11,-0.17
23180,-1.47,0.19,-0.26,0.13,-0.00,0.04
23181,-1.16,0.29,-0.16,0.03,-0.00,-0.07
23182,-1.05,0.39,-0.26,-0.18,-0.21,-0.17
23183,-1.26,0.19,0.16,-0.08,-0.11,0.04
23184,-1.16,0.19,0.16,-0.08,-0.11,-0.07
23185,-0.95,-0.33,-0.26,0.13,-0.00,0.04
23186,-1.05,0.19,0.26,-0.08,-0.11,-0.07
23187,-1.16,-0.13,0.05,-0.08,-0.11,-0.17
23188,-1.16,-0.33,-0.05,0.03,-0.00,0.04
23189,-0.95,-0.33,0.05,-0.08,-0.00,0.14
23190,-1.26,-0.02,0.16,0.13,0.10,0.04
23191,-1.26,-0.13,0.16,0.03,-0.11,-0.17
23192,-1.26,-0.23,0.05,0.03,-0.21,-0.17
23193,-1.36,-0.33,-0.47,0.13,-0.00,-0.07
23194,-1.68,0.08,-0.05,0.03,-0.00,0.04
23195,-1.57,-0.02,-0.36,-0.08,-0.11,-0.07
23196,-1.26,-0.02,-0.36,0.03,-0.11,-0.07
23197,-1.26,-0.13,-0.47,0.13,-0.11,0.04
23198,-1.57,0.29,-0.26,-0.18,-0.21,-0.17
23199,-1.57,-0.02,-0.36,0.03,-0.00,0.04
23200,-1.36,-0.02,-0.26,0.03,0.10,-0.07
23201,-1.16,0.19,-0.26,0.03,0.10,-0.07
23202,-1.26,0.39,0.05,-0.08,0.10,0.14
23203,-1.26,0.08,0.16,0.03,-0.11,-0.07
23204,-1.05,-0.13,-0.26,0.03,-0.00,-0.07
23205,-0.95,0.19,0.26,0.03,-0.00,-0.07
23206,-1.16,0.39,0.26,0.03,-0.11,-0.07
23207,-1.16,-0.23,0.05,0.03,-0.21,-0.07
23208,-0.95,-0.23,0.26,0.03,-0.21,-0.07
23209,-0.95,-0.13,0.05,0.03,-0.21,-0.07
23210,-1.36,-0.13,0.16,0.13,-0.00,-0.07
23211,-1.26,-0.23,0.05,-0.08,-0.21,-0.17
23212,-1.05,-0.02,-0.05,-0.18,-0.11,-0.07
23213,-1.26,-0.33,-0.36,0.03,-0.11,0.04
23214,-1.47,0.08,0.16,-0.08,-0.21,-0.17
23215,-1.57,-0.23,-0.47,0.03,-0.00,-0.07
23216,-1.47,-0.23,-0.47,0.03,0.21,-0.07
23217,-1.36,0.19,-0.57,0.03,-0.00,-0.07
23218,-1.68,0.08,-0.16,0.13,0.10,-0.07
23219,-1.47,-0.02,-0.36,0.03,0.10,0.04
23220,-1.36,-0.13,-0.57,0.13,0.10,0.04
23221,-1.05,0.19,-0.16,-0.08,-0.11,-0.07
23222,-1.36,0.08,-0.16,0.13,0.10,0.14
23223,-1.16,0.08,-0.05,-0.08,-0.21,-0.17
23224,-0.74,-0.02,-0.16,-0.08,-0.21,-0.28
23225,-0.95,0.19,0.16,-0.08,-0.21,-0.17
23226,-1.26,0.08,0.05,-0.08,-0.11,-0.17
23227,-1.36,-0.33,0.36,0.13,0.10,0.14
23228,-1.16,-0.13,-0.05,0.13,-0.00,0.14
23229,-1.05,-0.13,0.36,0.03,-0.11,0.04
23230,-1.36,-0.13,0.16,0.03,-0.00,-0.07
23231,-1.16,-0.23,0.05,-0.08,-0.21,-0.07
23232,-1.05,-0.02,-0.16,-0.08,-0.31,-0.17
23233,-1.36,-0.02,-0.16,0.03,-0.21,0.04
23234,-1.36,-0.13,-0.26,0.03,-0.11,-0.17
23235,-1.57,-0.33,-0.47,0.13,-0.00,0.14
23236,-1.36,-0.02,-0.36,0.03,-0.00,0.04
23237,-1.36,0.08,-0.36,-0.18,-0.00,-0.07
23238,-1.57,0.08,-0.16,0.03,-0.00,-0.07
23239,-1.57,0.08,-0.26,0.13,0.10,0.14
23240,-1.16,0.29,-0.26,0.03,-0.11,-0.07
23241,-1.16,0.29,-0.05,0.03,0.10,0.04
23242,-1.26,0.08,-0.16,0.03,-0.00,-0.07
23243,-1.16,0.08,-0.05,0.03,-0.11,-0.17
23244,-0.95,-0.13,-0.16,0.03,0.10,-0.07
23245,-1.16,-0.02,-0.05,0.03,-0.00,0.04
23246,-1.16,-0.23,0.16,0.03,-0.11,-0.17
23247,-1.05,-0.33,0.05,-0.08,-0.11,-0.07
23248,-0.84,-0.33,0.05,0.03,-0.21,-0.07
23249,-1.05,-0.02,0.47,-0.08,-0.21,-0.17
23250,-1.47,-0.13,0.05,0.03,-0.00,-0.07
23251,-1.26,-0.23,-0.05,0.13,-0.11,-0.07
23252,-1.26,-0.33,-0.16,0.13,-0.11,-0.07
23253,-1.47,0.29,-0.16,0.03,-0.21,-0.07
23254,-1.36,-0.13,-0.16,-0.18,-0.31,-0.28
23255,-1.57,-0.13,-0.36,0.03,-0.11,-0.07
23256,-1.47,-0.23,-0.78,0.23,-0.00,0.04
23257,-1.68,0.08,-0.26,0.13,-0.00,0.04
23258,-1.57,0.19,-0.26,0.03,-0.21,-0.07
23259,-1.47,-0.13,-0.47,0.03,0.21,0.14
23260,-1.05,0.08,-0.05,-0.08,-0.11,-0.07
23261,-1.26,0.39,-0.05,0.13,-0.00,-0.07
23262,-1.16,0.19,0.16,-0.08,-0.21,-0.17
23263,-0.95,0.08,-0.05,0.03,-0.00,0.04
23264,-1.05,0.08,0.05,0.03,-0.00,-0.07
23265,-1.16,-0.02,0.05,0.13,-0.00,-0.07
23266,-1.26,-0.13,0.16,0.23,-0.00,-0.07
23267,-0.95,-0.13,0.05,0.03,-0.11,0.04
23268,-1.05,-0.23,0.05,0.03,-0.11,-0.07
23269,-1.36,0.08,0.26,0.03,-0.21,-0.07
23270,-1.16,-0.23,-0.05,-0.08,-0.21,-0.17
23271,-1.16,-0.33,-0.05,0.03,-0.21,0.04
23272,-1.26,-0.02,-0.26,0.13,-0.11,-0.07
23273,-1.47,-0.02,-0.16,-0.08,-0.11,-0.07
23274,-1.68,-0.33,-0.36,0.03,0.10,0.04
23275,-1.36,-0.13,-0.68,0.03,-0.00,0.04
23276,-1.36,0.19,-0.16,-0.08,-0.21,-0.17
23277,-1.78,0.19,-0.26,0.13,-0.11,0.04
23278,-1.36,0.19,-0.36,0.03,-0.11,-0.17
23279,-1.05,0.08,-0.16,-0.08,-0.21,-0.28
23280,-1.16,0.29,-0.16,0.03,-0.00,-0.07
23281,-1.26,0.08,-0.05,0.03,-0.11,0.04
23282,-1.16,-0.02,0.05,0.03,0.10,-0.07
23283,-0.95,0.19,-0.16,0.03,-0.21,0.14
23284,-0.95,0.08,0.05,0.03,-0.11,-0.07
23285,-1.36,-0.13,0.26,0.13,-0.00,0.04
23286,-1.16,-0.23,0.16,-0.18,-0.11,-0.07
23287,-0.95,-0.13,0.16,-0.18,-0.21,-0.07
23288,-1.05,0.08,0.26,-0.18,-0.21,-0.17
23289,-1.47,-0.13,-0.05,0.03,0.10,0.04
23290,-1.47,-0.33,-0.16,0.13,-0.00,0.14
23291,-1.16,-0.13,-0.16,0.03,-0.11,-0.17
23292,-1.47,-0.13,-0.26,0.13,-0.11,-0.07
23293,-1.47,-0.02,-0.16,0.13,-0.21,-0.07
23294,-1.68,-0.23,-0.36,0.13,0.10,0.14
23295,-1.16,-0.13,-0.57,0.03,-0.11,-0.07
23296,-1.36,0.08,-0.16,-0.08,-0.21,-0.28
23297,-1.47,-0.02,-0.47,-0.08,0.10,-0.17
23298,-1.26,-0.02,-0.16,-0.08,-0.21,-0.07
23299,-1.26,0.19,-0.26,0.23,-0.00,0.14
23300,-1.26,0.50,-0.16,0.03,-0.11,0.04
23301,-1.26,0.19,0.16,-0.08,-0.00,-0.07
23302,-0.95,0.19,-0.16,-0.18,-0.31,-0.17
23303,-0.95,-0.23,-0.16,0.03,-0.11,0.04
23304,-1.26,0.08,0.05,0.13,0.10,0.14
23305,-1.36,-0.23,-0.26,0.13,-0.00,0.14
23306,-1.05,-0.13,0.05,-0.08,-0.11,0.04
23307,-0.84,-0.23,0.16,-0.18,-0.21,-0.17
23308,-1.26,-0.02,0.05,0.03,-0.11,-0.07
23309,-1.26,-0.23,0.16,-0.08,-0.21,-0.17
23310,-1.47,-0.23,0.05,0.13,0.10,-0.07
23311,-1.05,-0.02,-0.16,-0.08,-0.21,-0.07
23312,-1.36,0.19,0.16,-0.08,-0.21,-0.17
23313,-1.68,-0.23,-0.57,0.13,0.10,0.04
23314,-1.47,-0.02,-0.47,0.03,-0.00,0.04
23315,-1.16,0.08,-0.36,-0.08,-0.21,-0.17
23316,-1.36,0.39,-0.16,-0.08,-0.21,-0.07
23317,-1.47,0.19,-0.36,-0.08,-0.00,0.04
23318,-1.47,-0.02,-0.47,0.13,0.21,0.14
23319,-1.16,-0.13,-0.57,0.03,-0.00,-0.07
23320,-1.36,0.19,0.05,-0.08,-0.00,0.04
23321,-1.26,0.08,-0.16,0.03,-0.11,-0.07
23322,-0.95,0.19,0.05,-0.08,-0.11,-0.17
23323,-0.74,0.08,0.16,-0.08,-0.21,-0.07
23324,-1.36,-0.23,-0.05,0.03,0.10,0.24
23325,-1.36,-0.33,0.05,0.03,-0.00,0.14
23326,-1.26,-0.33,0.05,0.13,0.10,0.14
23327,-0.95,-0.02,0.05,-0.08,-0.00,-0.17
23328,-1.26,-0.02,0.05,0.03,-0.00,0.04
23329,-1.26,-0.23,0.16,-0.08,-0.11,-0.28
23330,-1.16,-0.23,-0.36,0.13,-0.00,-0.07
23331,-1.16,-0.02,0.16,-0.08,-0.31,-0.28
23332,-1.36,0.08,-0.05,-0.08,-0.21,-0.07
23333,-1.36,-0.02,-0.26,0.03,-0.21,-0.07
23334,-1.36,-0.23,-0.16,0.23,-0.00,0.04
23335,-1.47,-0.13,-0.57,0.03,-0.00,-0.07
23336,-1.47,0.29,-0.16,-0.08,-0.11,-0.07
23337,-1.36,-0.02,-0.05,0.03,-0.00,0.04
23338,-1.26,0.08,-0.47,-0.08,0.10,0.04
23339,-1.26,0.19,-0.36,0.03,0.21,0.04
23340,-1.47,-0.02,-0.05,0.03,0.10,0.14
23341,-1.16,-0.13,-0.36,0.03,-0.00,0.04
23342,-0.74,0.08,0.16,-0.08,-0.21,-0.07
23343,-0.95,0.19,0.05,-0.08,-0.21,-0.07
23344,-1.26,-0.13,-0.05,0.23,-0.00,0.04
23345,-1.26,-0.33,0.16,0.13,-0.00,0.24
23346,-1.05,-0.44,-0.26,0.13,-0.00,0.14
23347,-1.16,-0.23,0.16,0.03,-0.00,0.04
23348,-1.26,-0.02,0.36,0.03,-0.11,0.04
23349,-1.26,-0.23,-0.16,0.13,-0.00,-0.07
23350,-1.05,-0.13,-0.26,0.03,-0.21,0.04
23351,-1.26,-0.02,-0.05,0.03,-0.11,-0.17
23352,-1.57,-0.23,-0.36,0.23,-0.00,0.04
23353,-1.57,-0.02,-0.26,0.03,-0.00,0.04
23354,-1.26,0.19,-0.26,-0.08,-0.21,-0.07
23355,-1.36,0.29,-0.36,-0.18,-0.21,-0.17
23356,-1.36,-0.02,-0.16,0.03,-0.11,-0.07
23357,-1.36,-0.13,-0.47,0.03,-0.00,-0.07
23358,-0.95,0.19,-0.26,0.03,-0.11,-0.07
23359,-1.16,0.39,0.16,0.03,-0.21,-0.07
23360,-1.16,0.08,-0.05,-0.08,-0.00,0.04
23361,-1.16,-0.13,-0.05,0.03,0.10,0.14
23362,-1.05,-0.13,-0.16,0.13,0.21,0.24
23363,-1.26,-0.13,-0.16,0.13,0.10,0.04
23364,-1.16,-0.33,0.26,0.13,-0.00,0.04
23365,-1.16,-0.02,-0.05,0.13,0.21,0.14
23366,-0.95,-0.13,-0.05,0.03,-0.00,0.04
23367,-1.16,-0.02,0.36,0.03,-0.21,0.04
23368,-1.47,-0.33,-0.16,0.13,-0.00,0.04
23369,-1.26,-0.23,-0.16,0.13,-0.00,0.04
23370,-1.36,-0.13,0.05,0.03,-0.11,-0.17
23371,-1.47,0.19,-0.05,-0.08,-0.31,-0.07
23372,-1.57,-0.23,-0.36,0.13,-0.11,0.04
23373,-1.36,-0.23,-0.36,-0.08,-0.21,-0.17
23374,-1.36,-0.02,-0.47,-0.08,-0.21,-0.07
23375,-1.57,0.19,-0.16,0.13,-0.00,0.04
23376,-1.68,0.08,-0.47,0.13,-0.00,0.04
23558,-0.74,-0.13,0.16,0.03,-0.11,-0.07
23559,-1.26,-0.02,-0.05,0.13,-0.00,0.04
23560,-1.36,-0.23,-0.05,0.13,-0.00,0.04
23561,-1.26,-0.23,0.05,0.03,-0.00,0.14
23562,-0.95,-0.13,-0.05,0.03,-0.21,-0.07
23563,-1.16,0.08,-0.05,-0.08,-0.31,-0.17
23564,-1.47,-0.23,-0.16,0.13,-0.00,0.14
23565,-1.16,-0.23,-0.16,-0.08,-0.21,-0.17
23566,-1.26,-0.44,-0.26,0.13,-0.00,0.14
23567,-1.57,-0.02,-0.16,0.13,-0.00,0.14
23568,-1.57,-0.02,-0.26,-0.08,-0.21,-0.07
23569,-1.36,-0.23,-0.26,0.13,-0.21,-0.07
23570,-1.36,-0.02,-0.36,0.03,-0.21,-0.07
23571,-1.57,0.08,-0.26,0.03,-0.11,0.04
23572,-1.57,-0.02,-0.26,0.03,-0.00,0.14
23573,-1.16,0.08,-0.36,-0.08,-0.00,0.04
23574,-0.95,0.19,-0.16,0.03,-0.00,-0.07
23575,-1.36,0.19,-0.26,0.13,0.10,0.14
23576,-1.26,-0.13,-0.05,0.03,-0.11,0.14
23577,-0.95,-0.02,0.05,-0.18,-0.11,0.04
23578,-0.95,0.39,0.16,-0.08,-0.21,-0.17
23579,-1.26,-0.02,0.26,0.03,0.10,0.04
23580,-1.05,-0.02,0.26,-0.08,-0.21,-0.07
23581,-1.05,-0.44,-0.16,0.03,-0.11,-0.07
23582,-0.95,-0.02,0.16,0.03,-0.11,0.04
23583,-1.36,0.08,0.26,0.03,-0.00,0.04
23584,-1.26,-0.23,-0.16,-0.08,-0.11,-0.07
23585,-1.16,-0.33,-0.26,0.03,-0.21,-0.07
23586,-1.36,-0.02,-0.26,0.03,-0.11,-0.07
23587,-1.68,-0.23,-0.47,0.03,-0.11,0.04
23588,-1.47,-0.02,-0.26,0.03,-0.00,-0.17
23589,-1.26,-0.02,-0.36,-0.08,-0.21,-0.07
23590,-1.36,0.19,-0.47,0.13,0.10,0.04
23591,-1.57,0.08,-0.16,0.03,-0.00,0.04
23592,-1.47,-0.02,-0.36,0.03,-0.00,0.04
23593,-1.36,-0.02,-0.36,0.03,-0.00,0.04
23594,-1.36,0.29,-0.05,0.03,-0.00,0.04
23595,-1.26,0.08,0.05,-0.08,-0.00,-0.07
23596,-1.05,0.08,0.16,-0.08,-0.11,0.04
23597,-0.95,-0.02,-0.16,-0.08,-0.21,-0.17
23598,-1.05,-0.02,0.16,0.13,-0.21,0.04
23599,-1.26,-0.23,0.16,0.03,-0.11,0.04
23600,-1.16,-0.23,-0.16,0.13,-0.00,0.04
23601,-0.95,-0.23,0.16,-0.08,-0.11,-0.07
23602,-1.26,-0.13,0.05,0.03,-0.00,-0.17
23603,-1.26,-0.23,-0.05,-0.08,-0.00,0.04
23604,-1.16,-0.44,0.05,0.03,-0.11,-0.17
23605,-1.26,-0.23,-0.16,-0.08,-0.21,-0.28
23606,-1.57,-0.02,-0.16,0.03,-0.11,0.04
23607,-1.36,-0.02,-0.16,-0.18,-0.11,-0.07
23608,-1.47,0.08,-0.47,-0.08,-0.00,-0.07
23609,-1.47,-0.13,-0.36,0.13,-0.00,0.04
23610,-1.57,0.39,-0.05,-0.08,-0.00,-0.17
23611,-1.57,0.08,-0.57,0.13,-0.00,0.04
23612,-1.26,-0.02,-0.36,0.03,-0.00,0.14
23613,-1.26,0.08,-0.26,0.03,-0.00,0.04
23614,-1.26,0.19,-0.26,0.03,-0.00,-0.07
23615,-1.26,-0.13,0.05,0.03,0.10,0.14
23616,-1.16,-0.13,-0.36,0.23,0.21,0.14
23617,-0.95,-0.13,0.05,0.13,-0.00,0.04
23618,-1.16,0.08,0.36,-0.08,-0.11,-0.17
23619,-1.16,-0.13,0.26,-0.18,-0.21,-0.17
23620,-1.05,-0.23,-0.05,0.03,-0.00,-0.17
23621,-1.05,-0.13,0.26,-0.08,-0.21,-0.17
23622,-1.36,-0.13,0.05,0.23,-0.11,0.04
23623,-1.26,-0.23,0.05,-0.08,-0.21,-0.07
23624,-1.16,-0.23,-0.16,-0.08,-0.00,-0.07
23625,-1.26,-0.13,-0.36,0.03,-0.00,-0.07
23626,-1.57,-0.13,-0.05,0.03,-0.00,0.14
23627,-1.47,0.08,-0.36,0.03,-0.11,0.04
23628,-1.36,-0.02,-0.47,-0.08,-0.11,-0.07
23629,-1.47,0.19,-0.36,0.13,-0.11,0.14
23630,-1.36,0.19,-0.26,-0.08,-0.21,-0.17
23631,-1.57,-0.02,-0.16,0.03,-0.00,0.04
23632,-1.05,0.19,-0.05,0.13,-0.11,-0.07
23633,-1.26,0.39,-0.05,-0.08,-0.11,-0.07
23634,-1.26,-0.02,-0.05,0.13,-0.00,0.04
23635,-1.26,-0.02,-0.16,0.03,-0.00,0.04
23636,-0.95,-0.13,-0.05,0.03,-0.11,-0.07
23637,-1.05,0.08,0.26,0.03,-0.11,-0.17
23638,-1.36,-0.23,0.16,0.13,-0.11,0.04
23639,-1.05,-0.13,0.05,0.03,-0.11,-0.07
23640,-0.95,-0.23,0.16,0.03,-0.11,-0.07
23641,-1.16,-0.02,0.16,-0.08,-0.21,-0.17
23642,-1.36,-0.13,0.26,-0.08,-0.11,-0.07
23643,-1.26,-0.13,0.05,-0.08,-0.11,-0.07
23644,-1.05,-0.13,-0.16,-0.08,-0.11,-0.17
23645,-1.36,-0.02,0.05,-0.08,-0.00,0.04
23646,-1.57,-0.02,-0.26,0.03,-0.11,-0.07
23647,-1.57,-0.23,-0.57,0.03,0.10,0.04
23648,-1.36,-0.02,-0.16,0.13,0.10,0.04
23649,-1.57,0.08,-0.26,0.13,0.10,0.04
23650,-1.47,0.19,-0.26,-0.08,-0.11,-0.07
23651,-1.26,0.08,-0.26,-0.08,-0.00,-0.07
23652,-1.26,-0.23,-0.68,0.23,0.10,0.04
23653,-1.16,0.19,-0.05,0.03,-0.00,-0.07
23654,-1.26,0.19,0.16,-0.08,-0.11,-0.07
23655,-1.16,-0.13,-0.36,0.03,-0.11,0.14
23656,-0.84,0.08,0.05,-0.08,-0.11,-0.07
23657,-1.16,0.08,0.05,0.03,-0.11,0.14
23658,-1.26,-0.13,0.36,0.03,-0.11,0.04
23659,-1.05,-0.23,0.26,0.03,-0.00,-0.07
23660,-1.16,-0.23,-0.05,0.13,0.10,0.04
23661,-1.26,-0.13,0.05,0.13,-0.00,0.04
23662,-1.36,-0.33,-0.05,0.13,-0.00,0.14
23663,-1.26,-0.33,-0.16,-0.08,-0.11,-0.07
23664,-1.26,-0.23,-0.16,0.13,-0.00,-0.07
23665,-1.57,-0.13,-0.47,0.03,-0.00,0.04
23666,-1.47,-0.02,-0.26,0.03,-0.00,0.04
23667,-1.36,-0.23,-0.36,0.03,0.10,0.04
23668,-1.26,0.08,-0.47,-0.08,-0.00,0.04
23669,-1.36,0.19,-0.16,-0.18,-0.11,-0.07
23670,-1.47,-0.02,-0.05,0.03,-0.00,-0.07
23671,-1.05,0.29,-0.26,-0.18,-0.11,-0.17
23672,-1.16,0.29,0.16,0.03,-0.11,0.04
23673,-1.16,0.19,-0.16,0.03,-0.00,0.04
23674,-1.26,-0.13,-0.26,0.13,-0.00,0.14
23675,-0.84,-0.02,0.05,-0.18,-0.21,-0.17
23676,-1.16,0.08,-0.05,0.13,0.21,0.04
23677,-1.36,-0.23,-0.05,0.13,0.10,0.14
23678,-1.26,-0.33,0.05,0.13,0.10,0.04
23679,-0.95,-0.23,-0.16,0.03,-0.11,0.04
23681,-1.05,-0.02,0.16,-0.08,-0.00,-0.17
23681,-1.36,-0.13,0.16,0.23,0.10,0.04
23682,-1.26,-0.23,-0.16,-0.08,-0.21,0.04
23683,-1.05,-0.23,0.05,-0.08,-0.21,-0.28
23684,-1.57,-0.02,-0.16,0.13,0.10,0.04
23685,-1.57,-0.23,-0.36,0.03,-0.11,-0.07
23686,-1.47,-0.02,-0.16,0.13,-0.00,0.04
23687,-1.26,0.08,-0.26,-0.08,-0.00,-0.07
23688,-1.47,0.08,-0.47,0.03,-0.00,0.14
23689,-1.68,-0.02,-0.36,0.13,-0.00,-0.07
23690,-1.36,-0.02,-0.36,0.13,-0.00,0.04
23691,-1.05,0.08,-0.26,0.03,-0.11,-0.07
23692,-1.16,0.39,-0.05,0.13,0.10,0.14
23693,-1.26,-0.02,-0.26,0.03,-0.00,0.14
23694,-1.16,-0.02,-0.05,0.03,0.21,0.04
23695,-0.95,-0.02,-0.05,-0.08,-0.00,-0.07
23696,-1.16,-0.13,0.05,0.03,-0.00,0.04
23697,-1.26,-0.02,0.57,-0.08,-0.00,0.04
23698,-1.16,-0.13,0.05,0.03,-0.00,0.04
23699,-1.05,-0.23,0.16,0.03,-0.00,-0.07
23700,-1.26,0.08,0.16,0.03,-0.11,-0.07
23701,-1.36,-0.54,-0.26,0.03,0.10,0.04
23702,-1.05,-0.13,-0.05,-0.08,-0.21,-0.38
23703,-1.16,-0.02,-0.16,-0.08,-0.11,-0.17
23704,-1.36,-0.02,-0.26,0.03,-0.11,-0.07
23705,-1.47,-0.33,-0.16,0.03,-0.00,0.04
23706,-1.26,-0.02,-0.47,-0.08,-0.11,-0.07
23707,-1.36,-0.02,-0.47,0.13,-0.00,0.04
23708,-1.36,0.29,0.16,-0.08,-0.21,-0.17
23709,-1.36,0.29,-0.16,0.03,-0.21,-0.07
23710,-0.95,0.19,-0.26,-0.08,-0.11,-0.07
23711,-1.16,0.29,-0.05,0.03,-0.11,0.04
23712,-1.26,0.08,-0.16,0.13,-0.11,0.04
23713,-1.16,-0.13,-0.05,0.13,0.10,0.14
23714,-1.05,-0.13,-0.16,0.23,0.21,0.04
23715,-0.84,0.19,0.16,-0.08,-0.11,-0.07
23716,-1.26,-0.23,0.16,0.03,-0.00,0.04
23717,-1.05,-0.13,0.05,-0.18,-0.11,-0.07
23718,-0.95,-0.23,0.05,-0.08,-0.21,-0.07
23719,-1.26,-0.02,0.16,0.13,-0.11,-0.07
23720,-1.36,-0.23,-0.16,0.03,-0.00,0.04
23721,-1.26,-0.23,0.05,0.03,-0.11,-0.07
23722,-1.36,-0.13,-0.16,0.13,-0.00,0.04
23723,-1.47,-0.13,-0.26,-0.08,-0.00,0.04
23724,-1.47,-0.02,-0.16,0.03,-0.11,0.04
23725,-1.57,-0.33,-0.36,0.03,-0.00,0.14
23726,-1.26,0.08,-0.47,0.03,-0.11,0.04
23727,-1.57,-0.02,-0.26,-0.08,-0.11,-0.17
23728,-1.47,-0.13,-0.47,0.03,-0.11,0.04
23729,-1.36,0.08,-0.36,0.03,-0.00,-0.07
23730,-1.16,0.19,-0.16,-0.08,-0.21,0.04
23731,-1.26,0.19,-0.16,0.03,0.10,0.04
23732,-1.16,-0.02,-0.05,0.13,-0.00,0.04
23733,-1.05,0.08,-0.16,-0.08,0.10,0.04
23734,-0.95,0.08,0.16,-0.08,-0.00,-0.17
23735,-1.16,-0.02,0.36,0.03,-0.00,0.04
23736,-1.16,-0.23,0.05,0.13,-0.00,-0.07
23737,-1.05,-0.23,0.05,0.03,-0.00,0.04
23738,-1.16,-0.13,0.26,0.03,-0.11,-0.07
23739,-1.26,-0.23,0.16,-0.08,-0.11,-0.17
23740,-1.26,-0.33,0.05,0.03,-0.11,0.04
23741,-1.26,-0.13,-0.16,0.03,-0.11,-0.07
23742,-1.36,-0.23,-0.26,0.13,-0.11,0.04
23743,-1.47,-0.13,-0.16,0.13,-0.11,0.04
23744,-1.47,-0.02,-0.36,0.03,-0.21,-0.07
23745,-1.26,-0.13,-0.47,-0.08,-0.11,0.04
23746,-1.36,0.19,-0.05,-0.08,-0.11,0.04
23747,-1.47,0.29,-0.26,0.13,-0.00,-0.07
23748,-1.36,0.08,-0.36,0.03,-0.00,0.04
23749,-1.26,0.08,-0.16,0.13,-0.11,0.04
23750,-1.26,0.19,-0.26,0.03,-0.00,0.04
23751,-1.16,0.29,0.05,-0.08,-0.00,0.04
23752,-1.16,-0.02,-0.16,-0.08,-0.00,0.04
23753,-0.95,-0.02,-0.16,0.03,-0.00,0.04
23754,-0.95,-0.02,0.16,-0.18,-0.21,-0.17
23755,-1.05,-0.02,0.16,-0.08,-0.31,-0.17
23756,-1.16,-0.33,-0.05,0.13,-0.00,0.04
23757,-1.26,-0.13,0.05,0.13,0.10,0.14
23758,-1.16,-0.13,0.05,0.13,0.10,-0.07
23759,-1.36,-0.13,0.16,0.03,-0.11,-0.07
23760,-1.16,-0.13,-0.16,0.03,-0.11,-0.07
23761,-1.36,-0.13,-0.05,0.03,-0.11,-0.07
23762,-1.26,-0.13,0.05,-0.18,-0.21,-0.07
23763,-1.47,-0.02,-0.26,-0.08,-0.21,-0.28
23764,-1.57,-0.13,-0.36,0.03,-0.11,0.04
23765,-1.57,-0.02,-0.26,0.03,-0.00,0.04
23766,-1.47,0.08,-0.57,-0.18,-0.11,0.14
23767,-1.47,-0.13,-0.36,0.03,-0.00,0.04
23768,-1.16,0.19,-0.26,-0.08,-0.21,-0.17
23769,-1.16,0.29,-0.26,-0.08,-0.00,-0.17
23770,-1.05,0.29,0.05,-0.18,-0.31,-0.07
23771,-1.16,0.19,-0.05,0.03,-0.21,-0.07
23772,-1.26,-0.13,-0.16,0.03,-0.00,0.04
23773,-1.05,0.08,0.26,0.03,-0.00,-0.07
23774,-1.26,-0.02,0.26,0.03,-0.00,0.04
23775,-1.16,-0.23,0.05,0.13,-0.11,0.04
23776,-1.05,-0.13,0.16,0.03,-0.21,-0.07
23777,-1.05,-0.13,0.05,0.03,-0.31,-0.17
23778,-1.26,-0.13,0.05,0.03,-0.11,-0.07
23779,-1.16,-0.13,-0.05,-0.08,-0.11,-0.07
23780,-1.36,-0.33,-0.26,0.03,-0.00,-0.07
23781,-1.16,-0.13,-0.05,0.03,-0.21,-0.17
23782,-1.68,-0.23,-0.36,0.13,0.10,0.04
23783,-1.57,-0.13,-0.36,0.13,-0.00,0.04
23784,-1.26,-0.02,-0.05,-0.18,-0.11,-0.17
23785,-1.47,0.29,-0.26,-0.08,-0.11,-0.07
23786,-1.36,0.08,-0.36,0.03,-0.00,0.04
23787,-1.47,0.08,-0.26,0.03,-0.11,-0.07
23788,-1.16,0.08,-0.47,-0.08,-0.11,0.04
23789,-1.26,0.08,-0.16,0.03,-0.11,-0.07
23790,-1.26,-0.02,-0.16,0.13,0.10,0.04
23791,-1.16,0.08,-0.36,-0.08,-0.11,-0.07
23792,-1.16,-0.02,0.05,0.03,0.10,-0.07
23793,-1.16,-0.02,-0.05,0.13,-0.00,-0.07
23794,-1.26,-0.23,-0.05,0.13,0.21,0.04
23795,-1.05,0.08,0.47,-0.08,-0.11,-0.07
23796,-1.05,0.08,0.16,-0.08,-0.21,-0.17
23797,-1.05,-0.02,0.05,0.03,-0.00,-0.17
23798,-1.26,-0.23,0.16,0.13,-0.21,0.04
23799,-1.26,-0.33,-0.26,0.13,-0.00,0.04
23800,-1.36,-0.33,-0.36,-0.08,-0.00,0.04
23801,-1.47,-0.02,-0.05,-0.08,-0.11,-0.17
23802,-1.57,-0.13,-0.36,0.13,-0.11,0.14
23803,-1.36,-0.02,-0.26,0.03,-0.11,-0.07
23804,-1.47,-0.13,-0.36,0.13,0.10,-0.07
23805,-1.57,0.08,-0.26,0.03,-0.00,0.04
23806,-1.47,0.08,-0.16,0.13,0.10,0.04
23807,-1.36,0.19,-0.16,0.13,-0.00,0.04
23808,-1.26,0.19,-0.26,0.03,0.10,0.04
23809,-1.26,0.08,-0.05,0.03,-0.11,-0.07
23810,-1.26,-0.13,-0.26,0.13,0.10,0.14
23811,-1.16,-0.23,-0.16,0.13,-0.00,0.04
23812,-0.95,0.08,0.05,-0.08,-0.11,-0.17
23813,-1.05,-0.02,-0.05,0.13,-0.00,-0.07
23814,-1.26,-0.02,0.16,0.03,-0.11,-0.07
23815,-1.16,-0.33,0.05,0.13,-0.00,0.14
23816,-1.05,-0.13,0.05,-0.08,-0.31,-0.07
23817,-1.16,-0.13,0.16,0.03,0.10,0.04
23818,-1.26,-0.13,0.16,-0.08,-0.11,-0.17
23819,-1.26,-0.33,-0.36,0.13,-0.00,-0.07
23820,-1.36,-0.33,-0.05,-0.08,-0.21,-0.17
23821,-1.36,-0.02,-0.16,0.03,-0.31,-0.17
23822,-1.47,-0.13,-0.47,0.03,-0.00,-0.07
23823,-1.36,0.08,-0.16,-0.08,-0.11,-0.07
23824,-1.36,0.08,-0.36,-0.18,-0.11,-0.07
23825,-1.47,0.08,-0.16,0.03,-0.00,-0.07
23826,-1.36,0.08,-0.16,0.03,-0.00,-0.07
23827,-1.36,-0.02,-0.36,0.03,-0.11,0.04
23828,-1.36,-0.02,-0.16,0.03,-0.00,0.04
23829,-1.26,-0.02,0.05,-0.08,-0.21,-0.07
23830,-1.16,0.19,-0.05,0.03,-0.00,-0.07
23831,-0.95,0.08,0.05,-0.08,-0.21,-0.07
23832,-1.05,-0.02,-0.05,0.03,-0.11,-0.07
23833,-1.26,-0.23,-0.05,0.13,0.10,0.04
23834,-0.95,-0.13,0.26,0.13,-0.00,-0.17
23835,-0.95,-0.13,0.16,0.03,-0.21,-0.07
23836,-1.16,-0.13,0.16,0.03,-0.00,0.14
23837,-1.26,-0.23,0.16,-0.08,-0.00,-0.17
23838,-1.36,-0.33,-0.16,0.03,-0.11,0.04
23839,-1.26,-0.02,0.05,0.03,0.10,-0.07
23840,-1.26,0.08,-0.05,0.03,-0.11,-0.07
23841,-1.47,-0.13,-0.26,0.03,-0.11,-0.07
23842,-1.47,-0.23,-0.47,0.03,-0.00,0.04
23843,-1.36,-0.13,-0.36,0.03,-0.11,-0.07
23844,-1.47,-0.02,-0.36,0.03,-0.11,0.04
23845,-1.57,-0.02,-0.26,0.03,-0.00,-0.07
23846,-1.26,0.19,-0.26,-0.08,-0.11,-0.17
23847,-1.36,0.19,-0.26,0.03,-0.00,0.14
23848,-1.36,0.19,-0.05,-0.08,-0.00,0.04
23849,-1.16,0.19,-0.26,0.03,-0.00,0.14
23850,-1.16,-0.02,0.05,0.13,-0.00,0.04
23851,-1.05,-0.02,-0.05,0.03,-0.11,-0.07
23852,-1.05,0.19,-0.05,-0.18,-0.21,-0.07
23853,-1.26,-0.23,0.05,0.03,-0.00,-0.07
23854,-0.95,-0.13,0.16,-0.08,-0.21,-0.07
23855,-1.16,-0.23,-0.16,0.03,-0.11,-0.07
23856,-1.16,-0.02,0.26,0.03,-0.00,0.04
23857,-1.26,-0.13,0.05,0.03,-0.00,0.04
23858,-1.05,-0.33,-0.05,0.03,-0.21,-0.17
23859,-1.36,-0.33,-0.05,0.03,-0.00,-0.07
23860,-1.36,-0.13,-0.16,0.03,-0.21,-0.07
23861,-1.47,-0.23,-0.36,0.03,-0.11,0.04
23862,-1.47,-0.23,-0.26,-0.08,-0.11,-0.07
23863,-1.36,0.19,-0.36,0.03,-0.11,-0.07
23864,-1.57,0.08,-0.36,0.13,-0.00,0.14
23865,-1.36,0.29,-0.26,-0.18,-0.11,-0.17
23866,-1.47,-0.13,-0.47,0.13,0.21,0.14
23867,-1.26,0.08,-0.05,0.03,0.10,0.04
23868,-1.47,0.29,-0.16,0.03,0.10,0.04
23869,-1.16,0.29,-0.05,-0.08,-0.11,-0.07
23870,-1.05,-0.02,0.05,-0.08,-0.21,0.04
23871,-1.16,0.08,0.05,-0.08,-0.21,-0.07
23872,-1.05,0.08,-0.16,0.13,-0.00,0.04
23873,-1.16,-0.13,0.26,0.03,-0.11,0.14
23874,-1.26,-0.13,0.05,0.03,-0.00,-0.07
23875,-1.05,-0.02,0.16,0.03,-0.00,0.04
23876,-1.16,0.08,0.16,-0.08,-0.00,-0.07
23877,-1.26,-0.13,-0.05,0.13,-0.11,0.04
23878,-1.26,-0.23,-0.05,0.03,-0.11,-0.07
23879,-1.16,-0.23,-0.16,-0.08,-0.00,-0.07
23880,-1.26,0.08,-0.16,-0.08,-0.21,0.04
23881,-1.47,-0.02,-0.26,0.03,-0.11,0.04
23882,-1.36,-0.13,-0.47,-0.08,-0.21,-0.07
23883,-1.57,-0.23,-0.47,0.13,-0.00,-0.07
23884,-1.36,0.08,-0.16,-0.08,-0.00,0.04
23885,-1.57,0.08,-0.36,-0.08,-0.11,0.04
23886,-1.47,0.08,-0.36,0.23,-0.00,0.04
23887,-1.47,-0.13,-0.26,0.13,-0.00,0.14
23888,-1.47,0.08,-0.26,0.03,-0.00,0.04
23889,-1.26,-0.02,-0.26,0.13,0.10,0.04
23890,-1.16,-0.02,-0.05,0.03,-0.00,-0.07
23891,-1.16,0.08,-0.16,0.03,-0.00,0.04
23892,-0.95,0.08,0.05,-0.08,-0.11,-0.07
23893,-1.05,-0.02,0.26,0.03,-0.21,-0.17
23894,-1.16,-0.23,-0.05,0.03,-0.00,-0.07
23895,-1.05,-0.33,0.16,0.13,-0.11,0.04
23896,-1.05,-0.02,0.16,0.03,-0.00,-0.07
23897,-1.16,-0.13,0.05,0.13,-0.00,-0.07
23898,-1.16,-0.23,-0.05,0.03,-0.11,-0.07
23899,-1.26,-0.23,-0.36,0.13,-0.00,0.14
23900,-1.36,-0.23,-0.36,0.13,-0.11,0.04
23901,-1.36,-0.02,0.05,0.03,-0.21,-0.17
23902,-1.47,-0.23,-0.36,0.13,-0.11,0.14
23903,-1.26,-0.02,-0.16,-0.08,-0.21,-0.17
23904,-1.47,-0.02,-0.16,0.03,-0.00,-0.17
23905,-1.57,0.08,-0.36,-0.08,0.10,0.04
23906,-1.57,0.19,-0.36,0.03,-0.00,-0.07
23907,-1.26,0.19,-0.26,0.13,-0.11,0.14
23908,-1.26,0.29,-0.26,-0.08,-0.11,0.14
23909,-1.26,0.08,-0.05,0.03,-0.00,0.04
23910,-1.05,0.19,-0.05,0.03,-0.00,0.04
23911,-1.05,-0.02,0.05,-0.08,-0.00,-0.07
23912,-1.16,0.08,0.05,0.13,-0.00,-0.07
23913,-1.16,-0.02,0.05,0.13,0.10,0.04
23914,-1.26,-0.23,0.05,0.13,0.10,0.04
23915,-1.16,-0.23,0.16,0.13,0.10,0.04
23916,-1.16,-0.23,0.05,0.03,-0.11,-0.07
23917,-1.16,-0.13,-0.05,0.03,-0.00,-0.07
23918,-1.16,-0.13,0.16,0.13,-0.21,-0.17
23919,-1.16,-0.23,0.05,0.03,-0.11,-0.17
23920,-1.16,-0.23,-0.05,-0.08,-0.21,-0.07
23921,-1.47,-0.23,-0.16,0.03,-0.11,0.04
23922,-1.47,-0.13,-0.26,0.03,-0.11,-0.07
23923,-1.47,-0.23,-0.36,0.03,-0.11,0.04
23924,-1.57,0.19,-0.16,0.03,-0.00,-0.07
23925,-1.47,0.08,-0.36,0.13,-0.00,0.04
23926,-1.57,0.08,-0.47,-0.08,-0.11,0.04
23927,-1.26,0.19,-0.26,0.03,-0.11,-0.17
23928,-1.36,0.19,-0.26,0.03,-0.00,0.04
23929,-1.26,0.29,-0.16,0.03,-0.11,0.04
23930,-1.05,0.19,-0.05,0.03,-0.00,0.04
23931,-0.95,0.08,0.05,-0.08,0.10,-0.17
23932,-1.05,0.08,0.05,0.03,-0.00,-0.07
23933,-1.05,-0.02,0.05,-0.08,-0.11,0.04
23934,-1.16,-0.13,0.05,0.03,-0.11,-0.07
23935,-1.05,-0.23,0.16,0.03,0.10,0.04
23936,-1.05,-0.02,0.16,0.03,-0.11,0.04
23937,-1.16,-0.13,0.16,0.13,-0.11,0.14
23938,-1.16,-0.02,0.16,-0.18,-0.21,-0.07
23939,-1.16,-0.23,-0.16,0.03,-0.11,-0.07
23940,-1.26,-0.23,0.05,0.03,-0.11,-0.07
23941,-1.36,-0.02,-0.26,0.03,-0.11,-0.07
23942,-1.36,-0.13,-0.26,0.03,-0.11,-0.17
23943,-1.36,-0.13,-0.36,-0.08,-0.21,-0.17
23944,-1.47,0.08,-0.47,-0.08,-0.21,-0.17
23945,-1.68,-0.02,-0.57,0.03,-0.00,0.14
23946,-1.47,0.08,-0.16,-0.08,-0.21,-0.07
23947,-1.47,0.19,-0.26,0.03,0.10,-0.07
23948,-1.26,0.19,-0.26,0.03,-0.00,-0.07
23949,-1.16,0.29,-0.05,-0.08,-0.00,0.04
23950,-1.26,0.08,-0.36,0.03,-0.00,0.04
23951,-1.16,0.08,-0.16,0.03,-0.11,0.14
23952,-1.16,-0.02,-0.05,0.13,-0.00,0.04
23953,-1.05,0.08,0.05,0.13,0.10,-0.07
23954,-1.16,0.08,0.16,0.03,-0.00,0.04
23955,-1.16,-0.02,0.26,0.13,-0.00,0.04
23956,-1.26,-0.02,0.05,-0.08,-0.00,-0.17
23957,-1.16,-0.13,0.16,0.03,-0.00,-0.17
23958,-1.16,-0.13,0.26,0.03,-0.11,-0.07
23959,-1.16,-0.13,-0.05,0.03,-0.21,-0.17
23960,-1.26,-0.02,-0.26,0.13,-0.00,0.14
23961,-1.26,-0.33,-0.05,0.03,-0.11,-0.07
23962,-1.47,-0.23,-0.36,0.03,-0.11,0.04
23963,-1.36,-0.13,-0.26,0.03,-0.11,-0.07
23964,-1.57,-0.02,-0.26,0.13,0.10,0.04
23965,-1.36,0.08,-0.36,0.03,-0.11,-0.07
23966,-1.47,-0.02,-0.36,0.03,-0.21,-0.07
23967,-1.57,-0.02,-0.36,0.03,-0.00,0.04
23968,-1.36,0.08,-0.47,0.03,-0.00,0.04
23969,-1.36,0.08,-0.26,0.13,-0.00,0.04
23970,-1.26,0.39,-0.05,-0.08,-0.11,-0.07
23971,-1.16,0.08,-0.26,0.03,0.10,0.14
23972,-1.05,-0.02,-0.05,0.03,-0.00,-0.07
23973,-1.16,0.08,0.16,0.03,0.10,0.14
23974,-1.05,-0.23,-0.05,0.13,-0.00,0.14
23975,-1.16,-0.23,0.36,0.13,-0.00,0.04
23976,-1.16,-0.02,0.05,0.13,0.10,-0.07
23977,-0.95,-0.02,0.05,0.13,-0.00,-0.07
23978,-1.16,-0.23,0.26,0.03,-0.11,-0.07
23979,-1.16,-0.13,0.05,0.13,-0.11,-0.07
23980,-1.16,-0.13,-0.05,0.13,-0.11,0.04
23981,-1.36,-0.13,-0.16,0.03,-0.11,-0.07
23982,-1.36,-0.23,-0.26,0.03,-0.11,-0.17
23983,-1.47,-0.23,-0.36,0.03,-0.21,-0.07
23984,-1.36,-0.13,-0.36,0.03,-0.11,0.04
23985,-1.57,-0.13,-0.57,0.03,-0.11,-0.17
23986,-1.57,-0.13,-0.36,0.13,-0.11,0.14
23987,-1.47,0.08,-0.26,-0.08,-0.11,-0.17
24180,-1.16,0.19,0.05,0.03,0.21,0.04
24181,-1.05,0.19,-0.05,0.03,-0.00,-0.07
24182,-1.05,0.08,0.16,0.13,-0.11,0.04
24183,-1.05,0.08,0.16,0.03,-0.21,-0.07
24184,-1.16,-0.13,0.26,0.03,-0.00,-0.07
24185,-1.05,-0.13,0.26,0.03,-0.00,0.04
24186,-1.26,0.08,0.16,0.03,-0.00,0.04
24187,-1.05,-0.02,0.16,0.03,-0.11,0.04
24188,-1.05,-0.02,0.05,0.13,-0.11,0.04
24189,-1.05,-0.02,0.05,0.03,-0.11,0.04
24190,-1.26,-0.23,0.05,0.03,-0.11,0.04
24191,-1.36,-0.33,-0.26,0.03,-0.00,0.04
24192,-1.36,-0.23,-0.36,0.13,-0.21,-0.07
24193,-1.47,-0.23,-0.36,0.03,-0.11,-0.17
24194,-1.57,-0.13,-0.26,0.03,-0.21,-0.28
24195,-1.57,-0.13,-0.57,0.13,-0.00,0.04
24196,-1.68,-0.02,-0.47,0.03,-0.00,-0.07
24197,-1.36,-0.02,-0.36,-0.08,-0.00,-0.07
24198,-1.36,0.19,-0.26,-0.08,-0.00,0.04
24199,-1.36,0.19,-0.26,0.03,-0.11,-0.07
24200,-1.26,0.19,-0.26,0.03,-0.00,0.04
24201,-0.95,0.08,-0.26,0.03,0.10,-0.07
24202,-1.16,-0.02,-0.05,0.03,-0.00,0.04
24203,-1.05,-0.02,0.16,0.03,-0.00,0.14
24204,-1.16,-0.02,0.05,0.13,-0.11,0.04
24205,-0.95,0.08,0.47,0.03,-0.00,0.04
24206,-1.16,-0.02,0.16,0.03,-0.00,0.04
24207,-1.05,-0.02,0.36,0.03,-0.00,0.04
24208,-1.05,-0.13,0.26,0.13,-0.00,0.14
24209,-1.16,-0.02,0.26,0.03,-0.21,-0.07
24210,-0.95,-0.02,0.16,0.13,-0.11,-0.17
24211,-1.16,-0.23,-0.16,0.13,-0.00,0.04
24212,-1.26,-0.13,-0.16,0.03,-0.11,-0.07
24213,-1.36,-0.23,-0.26,0.03,-0.11,-0.07
24214,-1.36,-0.33,-0.36,-0.08,-0.21,0.04
24215,-1.57,-0.33,-0.47,0.03,-0.11,-0.07
24216,-1.68,-0.13,-0.36,0.03,-0.11,-0.17
24217,-1.57,0.08,-0.36,0.03,-0.11,0.04
24218,-1.47,0.08,-0.57,0.03,-0.00,-0.07
24219,-1.36,-0.02,-0.36,0.03,-0.11,-0.07
24220,-1.47,-0.02,-0.36,0.03,-0.11,0.04
24221,-1.47,0.19,-0.16,-0.08,-0.00,0.04
24222,-1.16,0.19,-0.16,-0.08,-0.00,-0.07
24223,-1.05,0.19,-0.05,0.03,0.10,0.04
24224,-0.84,0.19,0.26,-0.08,-0.00,0.14
24225,-1.16,0.08,0.26,0.03,-0.00,0.04
24226,-0.95,0.19,0.16,-0.08,-0.11,0.14
24227,-1.16,-0.13,0.05,0.13,0.10,0.04
24228,-0.95,-0.02,0.47,0.03,-0.00,0.04
24229,-1.16,0.08,0.36,0.03,-0.11,-0.07
24230,-1.05,-0.02,0.16,0.13,-0.11,0.04
24231,-1.16,-0.13,0.05,-0.08,-0.11,-0.07
24232,-1.16,-0.23,0.05,-0.08,-0.21,-0.07
24233,-1.16,-0.23,0.05,0.03,-0.11,0.04
24234,-1.36,-0.23,-0.26,-0.08,-0.11,-0.07
24235,-1.36,-0.23,-0.36,0.03,-0.11,-0.17
24236,-1.57,-0.23,-0.57,0.03,-0.00,-0.07
24237,-1.47,-0.02,-0.16,-0.08,-0.11,-0.07
24238,-1.57,-0.02,-0.26,0.03,-0.00,0.04
24239,-1.57,-0.23,-0.57,0.03,-0.11,0.04
24240,-1.57,-0.02,-0.36,-0.08,-0.31,-0.17
24241,-1.36,0.08,-0.47,-0.08,-0.11,0.04
24242,-1.36,0.29,-0.36,0.03,-0.11,-0.07
24243,-1.26,0.08,-0.16,0.13,-0.00,0.04
24244,-1.16,0.08,-0.05,-0.08,-0.00,0.14
24245,-1.05,0.19,-0.05,0.03,-0.00,-0.07
24246,-0.95,0.19,0.16,-0.08,-0.00,-0.07
24247,-1.05,0.19,0.26,-0.08,-0.11,-0.07
24248,-1.16,-0.02,0.36,0.13,-0.00,0.04
24249,-1.16,-0.02,0.16,0.03,-0.00,-0.07
24250,-1.05,0.08,0.36,0.03,-0.21,-0.07
24251,-0.95,-0.13,0.16,-0.08,-0.11,-0.17
24252,-1.05,-0.13,0.16,0.03,-0.11,-0.07
24253,-1.05,-0.23,0.16,0.13,-0.11,-0.07
24254,-1.16,-0.13,0.16,0.13,-0.21,0.04
24255,-1.26,-0.33,-0.26,0.03,-0.11,-0.17
24256,-1.26,-0.23,-0.16,0.03,-0.11,-0.17
24257,-1.36,-0.23,-0.47,-0.08,-0.11,-0.17
24258,-1.68,-0.13,-0.47,-0.08,-0.11,-0.07
24259,-1.68,-0.23,-0.47,0.03,-0.21,-0.17
24260,-1.68,-0.02,-0.57,0.03,-0.11,-0.07
24261,-1.47,-0.02,-0.26,0.03,-0.00,-0.07
24262,-1.47,0.08,-0.36,-0.08,-0.00,0.04
24263,-1.47,0.19,-0.57,-0.08,-0.00,-0.07
24264,-1.36,0.19,-0.26,0.03,-0.00,0.04
24265,-1.16,0.08,-0.36,0.13,-0.00,0.04
24266,-1.16,0.08,-0.05,0.03,0.21,0.04
24267,-1.05,0.29,0.16,0.03,-0.00,-0.07
24268,-1.16,0.08,0.16,0.13,0.10,0.04
24269,-1.16,0.08,0.26,-0.08,-0.00,0.04
24270,-1.26,-0.13,0.16,0.03,-0.00,0.04
24271,-1.16,0.08,0.57,-0.08,-0.00,0.04
24272,-0.95,0.19,0.26,-0.08,-0.21,0.04
24273,-0.95,0.08,0.36,0.13,-0.21,0.04
24274,-1.05,-0.23,0.05,0.13,-0.11,0.04
24275,-1.26,-0.33,0.05,0.03,-0.11,-0.07
24276,-1.16,-0.13,-0.16,0.03,-0.11,0.04
24277,-1.26,-0.23,-0.16,0.03,-0.21,-0.07
24278,-1.26,-0.23,-0.16,0.13,-0.21,-0.07
24279,-1.57,-0.23,-0.57,0.13,-0.21,-0.17
24280,-1.68,-0.13,-0.57,0.03,-0.11,-0.17
24281,-1.68,-0.02,-0.47,0.03,-0.11,-0.07
24282,-1.57,0.08,-0.36,0.03,-0.21,-0.07
24283,-1.36,-0.02,-0.36,-0.08,-0.00,-0.17
24284,-1.36,-0.02,-0.36,0.13,0.10,0.04
24285,-1.26,-0.02,-0.36,-0.08,-0.00,-0.07
24286,-1.26,0.29,-0.26,-0.08,-0.00,0.04
24287,-1.05,0.08,-0.16,-0.08,-0.11,-0.07
24288,-1.16,0.08,-0.16,0.03,0.10,0.04
24289,-1.05,0.08,0.16,-0.08,-0.11,0.14
24290,-1.16,0.19,0.16,-0.08,-0.00,0.04
24291,-1.05,0.29,0.16,0.03,-0.00,-0.07
24292,-1.05,-0.13,0.26,0.03,-0.00,0.14
24293,-1.16,0.08,0.36,0.03,0.10,-0.17
24294,-0.95,-0.02,0.36,0.03,-0.11,-0.07
24295,-1.05,-0.23,0.16,0.13,-0.21,-0.07
24296,-0.95,-0.02,0.16,0.03,-0.11,-0.07
24297,-1.05,-0.23,0.16,0.13,-0.11,0.04
24298,-1.05,-0.23,-0.26,0.03,-0.11,-0.07
24299,-1.26,-0.13,-0.05,0.03,-0.21,-0.17
24300,-1.47,-0.23,-0.57,0.03,-0.21,-0.07
24301,-1.68,-0.33,-0.68,0.03,-0.11,-0.07
24302,-1.57,-0.23,-0.57,0.13,-0.21,0.04
24303,-1.78,-0.02,-0.47,0.03,-0.00,-0.07
24304,-1.57,-0.02,-0.26,0.13,-0.00,0.04
24305,-1.47,-0.02,-0.36,0.03,-0.11,-0.07
24306,-1.57,-0.02,-0.57,-0.08,-0.11,0.04
24307,-1.26,0.19,-0.47,0.03,-0.21,-0.07
24308,-1.36,0.39,-0.26,-0.08,0.10,0.04
24309,-1.05,0.08,-0.16,0.03,0.10,0.04
24310,-1.16,0.08,0.05,0.03,-0.00,-0.07
24311,-1.05,0.08,0.16,0.03,-0.00,0.04
24312,-1.26,0.08,0.26,0.03,-0.11,0.04
24313,-1.05,-0.02,0.26,0.03,0.10,-0.07
24314,-1.16,0.08,0.36,0.03,-0.21,-0.07
24315,-1.05,0.08,0.36,0.03,-0.00,0.04
24316,-0.95,0.19,0.36,0.03,-0.21,-0.07
24317,-0.95,-0.13,0.26,0.03,-0.11,-0.07
24318,-1.05,-0.33,0.05,0.13,-0.00,-0.17
24319,-1.16,-0.23,-0.05,0.03,-0.11,-0.07
24320,-1.16,-0.23,-0.05,0.03,-0.21,0.04
24321,-1.47,-0.33,-0.05,0.03,-0.00,-0.07
24322,-1.57,-0.33,-0.47,0.03,-0.21,-0.07
24323,-1.57,-0.02,-0.36,0.03,-0.21,-0.07
24324,-1.57,-0.13,-0.47,0.03,-0.21,0.04
24325,-1.68,-0.13,-0.36,0.03,0.10,-0.07
24326,-1.47,-0.23,-0.47,0.03,0.10,-0.07
24327,-1.47,0.08,-0.47,0.03,-0.00,-0.07
24328,-1.36,0.08,-0.47,0.03,-0.21,0.04
24329,-1.36,0.08,-0.47,-0.08,0.10,0.04
24330,-1.16,0.19,-0.16,0.03,-0.11,0.14
24331,-0.95,0.19,0.16,-0.08,-0.11,0.04
24332,-1.16,0.08,-0.05,0.03,-0.00,0.04
24333,-1.16,0.19,0.05,-0.08,0.10,-0.07
24334,-1.16,0.19,0.16,-0.08,-0.11,-0.07
24335,-1.05,0.08,0.36,0.03,-0.00,0.04
24336,-1.16,-0.02,0.16,0.03,-0.00,0.04
24337,-1.05,0.19,0.47,0.03,-0.11,-0.07
24338,-0.95,-0.13,0.05,0.13,-0.00,-0.17
24339,-1.05,-0.13,0.26,0.03,-0.11,-0.07
24340,-1.05,-0.23,0.16,0.13,-0.11,-0.07
24341,-1.05,-0.13,-0.16,0.03,-0.21,-0.07
24342,-1.16,-0.33,-0.16,0.13,-0.11,0.04
24343,-1.57,-0.23,-0.26,0.03,-0.11,-0.07
24344,-1.57,-0.33,-0.57,0.03,-0.11,-0.07
24345,-1.36,-0.23,-0.16,0.03,-0.21,0.04
24346,-1.57,-0.23,-0.36,0.13,-0.11,0.04
24347,-1.68,-0.13,-0.36,0.03,-0.21,-0.07
24348,-1.68,-0.02,-0.78,-0.08,-0.11,-0.07
24349,-1.57,-0.02,-0.88,0.13,-0.11,0.04
24350,-1.36,0.19,-0.47,-0.08,-0.11,-0.07
24351,-1.26,0.08,-0.16,0.03,-0.00,0.04
24352,-1.26,0.08,-0.05,-0.08,-0.00,0.04
24353,-1.26,0.08,-0.26,0.03,-0.11,0.04
24354,-1.26,0.29,-0.05,0.03,-0.00,0.04
24355,-1.16,0.08,0.05,0.03,-0.00,0.04
24356,-1.05,0.08,0.36,0.03,-0.11,-0.07
24357,-1.26,0.19,0.36,0.03,-0.11,0.04
24358,-1.05,0.08,0.16,0.13,0.10,0.14
24359,-0.95,0.08,0.47,0.03,-0.00,0.04
24360,-0.95,-0.02,0.05,-0.08,-0.00,0.04
24361,-0.95,-0.02,0.36,0.13,-0.11,-0.07
24362,-0.84,-0.02,0.26,0.03,-0.11,-0.07
24363,-1.16,-0.13,-0.16,0.03,-0.21,-0.07
24364,-1.36,-0.44,-0.16,0.03,-0.21,-0.17
24365,-1.36,-0.33,-0.05,0.03,0.10,-0.07
24366,-1.36,-0.33,-0.47,0.03,-0.11,-0.07
24367,-1.57,-0.33,-0.36,0.13,-0.11,-0.17
24368,-1.78,-0.23,-0.57,0.03,-0.00,-0.07
24369,-1.78,-0.02,-0.68,0.03,-0.00,0.04
24370,-1.57,-0.02,-0.57,0.03,-0.11,0.04
24371,-1.36,0.08,-0.57,-0.08,-0.11,-0.07
24372,-1.36,0.08,-0.36,-0.18,-0.11,-0.07
24373,-1.57,-0.02,-0.36,-0.08,-0.00,-0.17
24374,-1.47,-0.02,-0.57,0.03,-0.00,-0.07
24375,-1.05,0.39,-0.36,-0.08,-0.11,0.04
24376,-0.95,-0.02,0.05,0.03,-0.00,-0.07
24377,-1.26,0.19,0.26,0.03,0.10,0.04
24378,-1.05,0.29,0.26,-0.08,-0.11,-0.07
24379,-1.26,0.08,0.16,0.03,0.10,0.04
24380,-0.95,0.08,0.36,0.13,-0.11,-0.07
24381,-0.84,0.08,0.57,-0.08,-0.11,-0.17
24382,-0.95,-0.13,0.26,0.03,-0.00,0.04
24383,-0.95,-0.02,0.26,0.03,-0.21,-0.07
24384,-0.95,-0.02,0.16,-0.08,-0.11,-0.07
24385,-1.05,-0.23,-0.05,0.13,-0.11,-0.07
24386,-1.05,-0.23,0.05,-0.08,-0.21,-0.28
24387,-1.26,-0.23,-0.26,0.03,-0.11,0.04
24388,-1.57,-0.23,-0.47,0.13,-0.11,-0.17
24389,-1.78,-0.13,-0.57,0.03,-0.11,-0.07
24390,-1.57,-0.13,-0.68,0.03,-0.21,0.04
24391,-1.47,-0.23,-0.16,0.03,-0.21,-0.07
24392,-1.47,-0.13,-0.36,0.13,-0.11,0.04
24393,-1.78,-0.02,-0.57,0.03,-0.00,0.04
24394,-1.57,-0.02,-0.88,-0.08,-0.21,-0.07
24395,-1.47,0.19,-0.47,0.03,-0.11,0.04
24396,-1.16,0.08,0.05,0.03,-0.11,0.04
24397,-1.16,0.08,-0.05,0.13,0.21,0.04
24398,-1.26,0.29,0.05,0.03,-0.11,0.04
24399,-1.26,0.08,-0.16,0.03,0.10,0.14
24400,-1.16,0.08,0.26,0.03,0.10,0.04
24401,-0.84,0.08,0.26,0.03,-0.00,-0.07
24402,-1.05,0.08,0.36,0.03,-0.00,-0.07
24403,-0.84,-0.02,0.36,0.23,-0.00,0.14
24404,-0.95,-0.02,-0.05,0.13,-0.11,0.04
24405,-0.95,-0.02,0.36,0.03,-0.11,0.04
24406,-0.95,-0.23,0.16,0.03,-0.11,0.04
24407,-1.05,-0.02,-0.05,0.13,-0.21,-0.07
24408,-1.26,-0.23,0.05,0.13,-0.11,-0.07
24409,-1.47,-0.33,-0.26,0.13,-0.21,-0.07
24410,-1.47,-0.33,-0.16,0.03,-0.21,-0.07
24411,-1.36,-0.13,-0.26,0.03,-0.21,-0.07
24412,-1.78,-0.13,-0.47,0.03,-0.21,-0.07
24413,-1.78,-0.23,-1.09,0.03,-0.00,-0.07
24414,-1.68,-0.02,-0.68,0.03,-0.00,-0.07
24415,-1.36,-0.13,-0.47,0.03,-0.00,-0.07
24416,-1.36,-0.02,-0.16,-0.08,-0.00,0.04
24417,-1.57,0.08,-0.16,0.03,-0.00,-0.07
24418,-1.47,0.19,-0.57,0.03,-0.00,0.04
24419,-1.16,0.08,-0.47,0.03,-0.00,-0.07
24420,-1.05,0.08,0.16,-0.08,0.10,0.04
24421,-1.16,0.29,0.26,0.03,-0.00,0.04
24422,-1.16,0.08,0.26,-0.08,-0.00,-0.07
24423,-1.16,0.19,0.26,0.03,-0.00,-0.07
24424,-1.05,0.19,0.26,0.03,-0.00,0.04
24425,-0.84,0.08,0.47,0.13,-0.00,0.04
24426,-0.95,0.08,0.47,0.03,-0.11,0.04
24427,-0.95,-0.13,0.16,0.13,-0.11,-0.17
24428,-0.95,-0.13,0.16,0.03,-0.00,0.04
24429,-1.05,0.08,0.05,0.03,-0.11,-0.07
24430,-1.16,-0.23,0.05,0.03,-0.11,-0.07
24431,-1.47,-0.23,-0.16,0.03,-0.11,0.04
24432,-1.57,-0.23,-0.47,0.03,-0.11,0.04
24433,-1.47,-0.23,-0.47,0.03,-0.11,-0.17
24434,-1.57,-0.33,-0.26,0.03,-0.11,-0.07
24435,-1.47,-0.23,-0.47,0.03,-0.11,-0.07
24436,-1.68,-0.13,-0.57,-0.08,-0.00,0.04
24437,-1.57,0.19,-0.68,0.03,-0.00,0.04
24438,-1.57,0.08,-0.68,0.03,-0.11,-0.07
24439,-1.36,-0.13,-0.26,-0.08,0.10,-0.07
24440,-1.26,-0.13,0.05,-0.08,-0.11,-0.07
24441,-1.47,0.08,-0.16,-0.08,-0.00,-0.07
24442,-1.36,0.29,-0.16,0.03,-0.00,-0.07
24443,-1.05,0.29,-0.16,0.03,0.10,0.04
24444,-1.05,0.08,0.26,-0.08,-0.00,-0.07
24445,-1.16,0.08,0.26,-0.08,-0.00,0.04
24446,-1.16,0.29,0.16,0.03,-0.11,0.04
24447,-1.05,0.19,0.36,0.03,-0.00,-0.07
24448,-0.84,-0.02,0.26,0.13,-0.11,0.04
24449,-0.74,-0.02,0.57,0.13,-0.11,-0.07
24450,-0.95,-0.02,0.36,0.13,-0.11,0.04
24451,-1.05,-0.23,-0.16,0.03,-0.11,0.04
24452,-1.05,-0.33,0.05,0.03,-0.21,-0.07
24453,-1.36,-0.13,-0.05,0.13,-0.21,-0.07
24454,-1.36,-0.23,-0.36,-0.08,-0.11,0.04
24455,-1.68,-0.13,-0.47,0.03,-0.00,-0.07
24456,-1.68,-0.23,-0.47,0.03,-0.11,-0.07
24457,-1.47,-0.33,-0.26,-0.08,-0.11,-0.07
24458,-1.36,-0.13,-0.47,0.03,-0.11,-0.07
24459,-1.47,-0.23,-0.47,0.03,-0.11,-0.07
24460,-1.78,0.08,-0.57,-0.08,-0.11,-0.17
24461,-1.47,0.19,-0.68,0.03,-0.00,0.14
24462,-1.26,-0.13,-0.26,0.03,-0.00,0.04
24463,-1.26,0.08,0.16,-0.08,-0.11,0.04
24464,-1.36,0.08,-0.16,0.03,-0.00,0.04
24465,-1.36,0.19,-0.05,0.03,-0.00,-0.07
24466,-1.16,0.08,-0.05,0.03,-0.21,-0.07
24467,-1.05,-0.02,0.26,0.03,0.10,0.04
24468,-0.95,0.19,0.36,0.03,0.21,-0.07
24469,-0.95,0.29,0.26,0.03,-0.11,0.04
24470,-0.95,-0.02,0.16,0.13,-0.00,0.04
24471,-1.05,-0.02,0.16,0.03,-0.11,0.04
24472,-0.95,-0.13,0.36,0.13,-0.00,0.04
24473,-1.05,-0.02,0.16,0.03,-0.11,-0.07
24474,-1.05,-0.02,0.16,0.03,-0.11,-0.07
24475,-1.26,-0.23,-0.05,0.13,-0.11,-0.07
24476,-1.26,-0.33,-0.16,0.13,-0.11,-0.07
24477,-1.47,-0.33,-0.26,0.03,-0.21,-0.07
24478,-1.68,-0.23,-0.57,-0.08,-0.11,-0.07
24479,-1.57,-0.02,-0.47,0.03,-0.11,0.04
24480,-1.47,-0.23,-0.57,0.03,-0.00,0.04
24481,-1.26,-0.13,-0.36,0.03,-0.00,-0.07
24482,-1.78,-0.23,-0.36,-0.08,-0.00,-0.07
24483,-1.68,0.08,-0.78,0.03,-0.00,-0.07
24484,-1.68,0.19,-0.57,0.03,-0.00,-0.17
24485,-1.26,0.08,-0.26,0.13,0.10,0.14
24486,-1.16,0.08,-0.05,0.03,-0.11,0.04
24487,-1.36,-0.23,0.16,0.03,-0.11,0.04
24488,-1.36,0.08,-0.05,0.03,-0.00,0.04
24489,-1.05,0.19,-0.05,-0.08,-0.11,-0.07
24490,-1.05,0.08,0.26,0.03,-0.00,0.04
24491,-0.84,-0.02,0.47,0.03,-0.11,0.14
24492,-1.05,0.08,0.16,0.13,-0.00,0.04
24493,-0.95,0.19,0.26,0.03,-0.11,0.04
24494,-0.84,0.08,0.16,0.03,-0.11,0.14
24495,-1.05,-0.02,0.26,0.03,-0.11,-0.17
24496,-0.95,-0.02,0.16,0.13,-0.21,0.04
24497,-1.16,-0.23,-0.05,0.03,-0.21,0.04
24498,-1.26,-0.23,-0.16,0.13,-0.21,0.04
24499,-1.16,-0.13,-0.26,0.13,-0.11,0.04
24500,-1.57,-0.13,-0.36,0.03,-0.21,-0.07
24501,-1.57,-0.23,-0.36,0.13,-0.11,0.04
24502,-1.68,-0.33,-0.47,0.03,-0.00,-0.07
24503,-1.36,-0.02,-0.16,-0.08,-0.11,0.04
24504,-1.47,-0.13,-0.47,0.13,-0.00,0.04
24505,-1.68,-0.23,-0.57,0.03,-0.11,-0.07
24506,-1.68,0.19,-0.68,0.03,-0.00,0.04
24507,-1.57,-0.02,-0.47,0.03,-0.00,-0.07
24508,-1.16,0.08,0.05,-0.18,-0.11,-0.07
24509,-1.16,-0.13,0.05,-0.08,-0.00,-0.17
24510,-1.26,0.19,0.05,0.03,0.10,-0.07
24511,-1.26,0.08,-0.16,-0.08,-0.00,-0.07
24512,-0.84,0.08,0.26,0.13,0.21,-0.07
24513,-0.95,0.29,0.36,0.03,0.10,0.14
24514,-1.16,0.08,0.26,0.13,-0.00,0.04
24515,-1.05,0.08,0.16,0.13,-0.00,-0.07
24646,-1.36,-0.02,-0.26,-0.08,-0.00,0.04
24647,-1.16,-0.13,-0.05,0.03,-0.11,0.04
24648,-1.16,-0.02,0.16,-0.08,-0.00,-0.07
24649,-1.26,-0.02,-0.16,0.03,-0.21,0.04
24650,-1.36,0.08,-0.36,0.03,-0.21,0.04
24651,-1.36,0.08,-0.26,0.03,-0.00,-0.07
24652,-1.16,-0.13,0.26,0.13,-0.00,0.04
24653,-0.95,0.08,0.16,-0.08,-0.00,0.04
24654,-1.16,0.08,0.16,0.03,-0.00,0.04
24655,-1.26,0.19,0.05,0.03,-0.00,-0.17
24656,-1.26,0.19,-0.05,-0.08,-0.21,0.04
24657,-1.05,-0.02,0.05,0.13,0.10,0.14
24658,-1.05,0.08,0.05,0.13,-0.00,0.04
24659,-1.16,-0.23,0.16,0.03,-0.11,0.04
24660,-1.26,-0.02,0.05,-0.08,-0.21,-0.07
24661,-1.16,-0.13,-0.26,0.03,-0.11,-0.07
24662,-1.16,-0.02,-0.05,0.03,-0.11,-0.07
24663,-1.36,-0.13,-0.16,-0.08,-0.00,-0.07
24664,-1.36,-0.02,-0.16,0.13,-0.11,-0.07
24665,-1.47,-0.23,-0.47,-0.08,-0.21,-0.07
24666,-1.36,-0.13,-0.26,0.13,-0.00,-0.07
24667,-1.26,-0.33,-0.16,0.13,-0.00,0.04
24668,-1.26,-0.02,-0.36,-0.08,-0.11,-0.07
24669,-1.47,-0.02,-0.36,0.03,-0.11,-0.07
24670,-1.47,-0.13,-0.36,0.13,-0.00,0.04
24671,-1.16,-0.13,-0.05,-0.08,-0.11,0.04
24672,-1.16,-0.13,0.16,-0.08,-0.00,-0.07
24673,-1.26,0.08,-0.16,0.03,-0.11,0.04
24674,-1.36,0.19,-0.36,0.03,-0.21,0.04
24675,-1.26,0.08,-0.05,-0.08,-0.11,0.04
24676,-1.16,-0.02,0.05,-0.08,-0.00,-0.07
24677,-1.05,-0.02,0.26,0.03,-0.11,0.04
24678,-1.26,-0.02,0.05,0.13,-0.11,-0.07
24679,-1.36,0.08,-0.16,0.03,-0.11,-0.07
24680,-1.36,0.08,0.05,0.03,-0.11,0.04
24681,-1.16,-0.02,0.05,0.03,-0.11,0.04
24682,-1.05,-0.23,0.16,0.03,-0.00,-0.07
24683,-1.26,0.08,0.16,0.03,-0.00,-0.07
24684,-1.26,0.08,-0.26,0.13,-0.11,0.04
24685,-1.16,-0.02,-0.16,0.03,-0.11,-0.07
24686,-1.26,-0.02,-0.05,0.03,-0.11,-0.07
24687,-1.36,-0.02,-0.05,0.13,-0.21,-0.07
24688,-1.26,-0.23,-0.16,-0.08,-0.21,0.04
24689,-1.36,-0.13,-0.36,0.03,-0.11,0.04
24690,-1.26,-0.33,-0.16,0.03,-0.00,0.04
24691,-1.16,-0.13,-0.16,0.03,-0.00,-0.07
24692,-1.36,-0.02,-0.36,0.03,-0.11,-0.07
24693,-1.47,-0.02,-0.36,0.03,-0.11,0.04
24694,-1.26,-0.33,-0.26,0.03,-0.00,0.04
24695,-1.05,-0.23,-0.16,0.03,-0.00,0.04
24696,-1.16,-0.02,0.05,-0.08,-0.00,-0.07
24697,-1.47,0.29,-0.36,0.03,-0.00,0.04
24698,-1.16,-0.02,-0.16,0.03,-0.00,0.04
24699,-1.26,-0.02,0.16,0.03,-0.11,-0.07
24700,-1.05,-0.02,0.16,0.03,-0.11,0.14
24701,-1.16,0.08,0.26,0.03,-0.21,-0.07
24702,-1.36,0.19,-0.05,0.03,-0.00,0.04
24703,-1.47,-0.02,-0.16,0.03,-0.11,0.04
24704,-1.16,0.19,-0.05,0.03,-0.11,0.04
24705,-1.16,-0.13,0.26,0.03,-0.11,-0.07
24706,-1.16,0.08,0.36,0.03,-0.11,0.04
24707,-1.47,0.08,-0.05,0.03,-0.11,-0.07
24708,-1.26,-0.02,-0.26,0.03,-0.11,0.04
24709,-1.16,-0.23,-0.16,0.03,-0.00,0.04
24710,-1.26,0.08,-0.26,0.13,-0.11,-0.07
24711,-1.36,-0.13,-0.05,0.13,-0.11,0.04
24712,-1.36,-0.13,-0.36,0.03,-0.11,0.04
24713,-1.36,-0.33,-0.16,0.13,-0.00,0.04
24714,-1.26,0.08,-0.05,0.03,-0.21,0.04
24715,-1.26,-0.02,-0.36,0.03,0.10,0.04
24716,-1.47,-0.33,-0.36,0.03,-0.00,0.04
24717,-1.36,-0.23,-0.05,0.03,-0.00,0.04
24718,-1.05,-0.13,-0.16,0.03,0.10,-0.07
24719,-1.05,0.08,-0.16,-0.08,-0.11,-0.07
24720,-1.36,0.08,-0.26,0.03,-0.11,-0.07
24721,-1.36,-0.13,-0.26,0.03,-0.00,-0.07
24722,-1.16,-0.44,0.16,0.03,-0.00,-0.07
24723,-1.05,0.19,-0.05,-0.08,-0.11,-0.07
24724,-1.36,-0.02,-0.05,0.03,-0.00,0.04
24725,-1.36,0.19,-0.26,0.03,-0.11,0.04
24726,-1.47,-0.02,-0.16,0.03,-0.11,-0.07
24727,-1.05,0.08,0.26,0.03,-0.11,-0.07
24728,-1.05,-0.13,0.16,-0.08,-0.00,0.04
24729,-1.26,0.08,0.16,0.13,-0.11,-0.07
24730,-1.36,0.08,-0.16,0.03,-0.11,0.04
24731,-1.47,-0.02,-0.26,0.03,-0.11,-0.07
24732,-1.16,-0.02,0.05,0.13,-0.11,0.04
24733,-1.26,-0.13,0.16,0.03,-0.11,-0.07
24734,-1.26,-0.02,-0.05,0.03,-0.11,-0.07
24735,-1.26,-0.23,-0.16,0.03,-0.11,0.04
24736,-1.36,-0.23,-0.16,0.03,-0.00,-0.07
24737,-1.16,0.08,-0.05,-0.08,-0.11,-0.17
24738,-1.26,-0.13,-0.26,0.03,-0.11,-0.07
24739,-1.36,-0.13,-0.36,0.03,-0.11,-0.07
24740,-1.26,-0.33,-0.05,-0.08,-0.00,-0.07
24741,-1.05,0.08,-0.26,0.13,-0.00,0.04
24742,-1.36,-0.02,-0.36,0.13,-0.00,-0.07
24743,-1.36,0.08,-0.26,0.13,-0.11,0.04
24744,-1.47,-0.23,-0.05,0.03,-0.00,0.04
24745,-0.95,-0.02,0.16,0.03,-0.11,-0.07
24746,-1.36,0.08,-0.05,0.03,-0.00,0.04
24747,-1.36,0.08,-0.36,0.03,-0.00,0.04
24748,-1.47,0.08,-0.05,0.03,-0.11,-0.07
24749,-1.16,0.08,-0.05,0.03,-0.11,-0.17
24750,-1.16,-0.13,0.36,0.13,-0.11,-0.07
24751,-1.16,0.08,0.05,-0.08,-0.11,-0.07
24752,-1.57,0.08,-0.26,0.03,-0.00,-0.07
24753,-1.26,-0.02,-0.26,0.03,-0.00,-0.07
24754,-1.16,-0.02,0.16,0.13,-0.21,0.04
24755,-1.05,-0.02,0.16,0.03,-0.00,-0.07
24756,-1.26,-0.02,0.05,0.03,0.10,0.04
24757,-1.36,-0.02,-0.36,0.03,-0.11,0.04
24758,-1.36,-0.13,-0.26,-0.08,-0.11,-0.07
24759,-1.16,-0.02,-0.05,-0.08,-0.11,-0.07
24760,-1.16,-0.02,-0.16,0.03,0.10,0.04
24761,-1.36,-0.23,-0.16,0.03,-0.11,-0.07
24762,-1.26,-0.23,-0.16,0.03,-0.21,0.04
24763,-1.26,-0.13,-0.47,0.13,-0.11,0.04
24764,-1.26,0.08,-0.26,0.03,-0.11,-0.17
24765,-1.57,-0.13,-0.36,0.03,-0.00,-0.07
24766,-1.05,-0.13,-0.05,-0.18,-0.11,-0.07
24767,-1.05,-0.13,-0.05,0.03,-0.11,0.04
24768,-1.36,0.29,-0.26,-0.08,-0.11,-0.07
24769,-1.47,0.08,-0.47,0.03,-0.11,-0.07
24770,-1.47,-0.23,-0.16,-0.08,-0.00,-0.07
24771,-1.05,-0.13,0.16,-0.08,-0.11,0.04
24772,-1.16,-0.02,0.16,0.13,-0.11,0.04
24773,-1.36,0.39,-0.16,-0.08,-0.11,-0.07
24774,-1.47,0.08,-0.16,0.03,-0.11,-0.07
24775,-1.16,0.08,-0.05,0.03,-0.11,0.04
24776,-1.16,-0.13,0.16,0.03,0.10,0.04
24777,-1.16,0.08,0.26,0.03,-0.00,-0.07
24778,-1.47,0.19,-0.05,0.03,-0.11,-0.17
24779,-1.36,-0.13,-0.47,0.13,0.10,0.04
24780,-1.36,-0.13,-0.05,0.03,-0.11,0.04
24781,-0.95,0.08,0.05,0.03,-0.11,0.04
24782,-1.05,0.08,0.16,0.13,-0.00,-0.07
24783,-1.26,-0.13,-0.16,0.13,-0.11,0.04
24784,-1.36,-0.23,-0.36,0.03,-0.11,-0.07
24785,-1.16,0.08,-0.05,0.03,-0.00,0.04
24786,-1.26,-0.13,-0.16,0.13,-0.11,-0.07
24787,-1.16,-0.13,-0.16,0.13,-0.00,0.04
24788,-1.16,-0.33,-0.05,-0.08,-0.21,-0.07
24789,-1.26,0.08,-0.36,0.13,-0.00,0.14
24790,-1.36,0.19,-0.36,0.03,-0.11,-0.07
24791,-1.36,-0.23,-0.26,-0.08,-0.11,-0.07
24792,-1.16,-0.33,-0.05,0.03,-0.11,-0.07
24793,-1.16,-0.23,-0.05,0.03,-0.11,-0.07
24794,-1.47,0.19,-0.36,0.03,-0.00,0.04
24795,-1.47,0.08,-0.26,0.13,-0.00,0.14
24796,-1.26,-0.23,-0.16,-0.08,-0.00,-0.07
24797,-1.16,-0.02,0.26,0.03,-0.11,-0.07
24798,-1.16,0.08,0.05,-0.08,-0.00,-0.07
24799,-1.26,0.29,0.05,-0.08,-0.11,-0.17
24800,-1.36,0.08,-0.26,0.03,-0.21,0.04
24801,-1.26,-0.02,-0.05,-0.08,-0.11,-0.07
24802,-1.05,-0.02,0.16,-0.08,-0.11,0.04
24803,-1.26,-0.02,0.05,0.03,-0.11,-0.07
24804,-1.26,0.39,-0.16,0.03,-0.11,0.04
24805,-1.36,-0.02,-0.36,0.03,-0.21,0.04
24806,-1.16,-0.23,-0.16,0.03,-0.21,-0.07
24807,-1.05,0.08,0.16,0.03,-0.21,0.14
24808,-1.26,-0.33,-0.16,0.03,-0.00,-0.07
24809,-1.26,-0.13,-0.26,0.03,-0.11,0.04
24810,-1.47,-0.02,-0.16,-0.08,-0.11,-0.07
24811,-1.36,-0.02,-0.36,0.03,-0.00,-0.07
24812,-1.26,-0.13,-0.16,0.03,-0.11,0.04
24813,-1.16,-0.33,0.05,0.03,-0.11,-0.07
24814,-1.26,-0.02,-0.05,0.03,-0.11,-0.07
24815,-1.47,0.29,-0.26,0.03,-0.11,0.04
24816,-1.57,-0.13,-0.36,-0.08,-0.00,0.04
24817,-1.26,-0.23,-0.05,0.03,-0.00,0.04
24818,-1.05,-0.23,0.05,0.13,0.10,0.04
24819,-1.36,0.39,-0.26,-0.08,-0.00,0.04
24820,-1.47,0.08,-0.16,0.03,-0.11,-0.07
24821,-1.26,-0.13,-0.26,-0.08,-0.00,-0.07
24822,-1.16,-0.13,0.05,0.03,-0.00,0.04
24823,-1.16,-0.02,0.26,0.03,-0.11,-0.07
24824,-1.36,0.29,-0.16,0.03,-0.11,0.04
24825,-1.47,0.08,-0.26,-0.08,-0.00,-0.17
24826,-1.26,-0.23,-0.16,0.03,-0.11,-0.07
24827,-0.95,0.08,0.16,0.03,-0.21,-0.07
24828,-1.05,-0.13,0.26,0.03,-0.11,0.04
24829,-1.26,0.29,-0.26,-0.08,-0.21,-0.07
24830,-1.47,-0.13,-0.36,0.03,-0.11,-0.07
24831,-1.16,-0.13,-0.16,0.13,-0.00,-0.07
24832,-1.16,0.08,0.16,-0.08,-0.00,-0.07
24833,-1.16,-0.13,-0.05,0.03,0.10,-0.07
24834,-1.36,-0.02,-0.05,0.03,-0.00,-0.07
24835,-1.36,-0.02,-0.26,0.03,-0.00,-0.07
24836,-1.47,-0.02,-0.26,0.23,-0.00,-0.07
24837,-1.26,-0.13,-0.05,-0.08,-0.21,-0.17
24838,-1.16,-0.33,0.05,0.13,-0.00,-0.07
24839,-1.16,0.08,-0.26,0.03,-0.00,0.04
24840,-1.57,0.08,-0.36,0.03,-0.11,0.04
24841,-1.47,-0.13,-0.47,-0.08,-0.00,-0.07
24842,-1.16,-0.23,0.05,-0.08,-0.11,-0.17
24843,-1.05,-0.23,0.05,-0.08,-0.00,-0.07
24844,-1.47,0.08,-0.26,0.13,-0.00,0.04
24845,-1.57,0.19,-0.26,-0.08,-0.11,-0.07
24846,-1.36,-0.33,-0.26,0.03,-0.11,0.04
24847,-1.05,-0.13,0.16,0.03,-0.00,-0.07
24848,-1.05,0.19,0.36,0.03,-0.00,0.04
24849,-1.36,0.19,-0.16,0.13,-0.00,-0.07
24850,-1.47,0.19,-0.36,0.03,-0.00,-0.07
24851,-1.26,-0.13,0.05,0.03,-0.11,-0.07
24852,-1.05,-0.13,0.16,0.03,-0.00,0.04
24853,-1.16,0.19,0.26,0.03,-0.00,-0.07
24854,-1.47,-0.02,-0.26,0.03,-0.00,0.04
24855,-1.47,-0.13,-0.36,0.13,-0.11,-0.07
24856,-1.26,-0.13,-0.16,-0.08,-0.11,-0.07
24857,-1.05,0.08,0.16,-0.08,-0.11,-0.07
24858,-1.26,-0.13,-0.05,0.13,-0.21,0.04
24859,-1.36,-0.23,-0.05,-0.08,-0.21,-0.07
24860,-1.47,-0.02,-0.36,0.03,-0.21,0.04
24861,-1.47,-0.13,-0.16,0.13,-0.00,-0.07
24862,-0.95,-0.23,0.05,0.03,-0.11,0.04
24863,-0.95,0.08,-0.05,0.03,-0.11,-0.07
24864,-1.47,0.19,-0.16,0.13,0.10,0.24
24865,-1.68,-0.13,-0.57,0.13,-0.00,0.04
24866,-1.36,-0.23,-0.16,0.03,-0.11,-0.17
24867,-1.05,-0.13,0.05,0.03,-0.11,-0.17
24868,-1.26,0.19,-0.36,0.03,-0.11,0.04
24869,-1.57,0.19,-0.16,0.03,-0.00,-0.17
24870,-1.47,-0.23,-0.36,0.03,-0.00,-0.07
24871,-1.16,-0.13,-0.05,0.13,-0.11,0.04
24872,-0.95,0.19,0.16,0.13,-0.11,0.04
24873,-1.36,0.19,-0.16,0.03,-0.11,-0.07
24874,-1.47,0.08,-0.16,0.03,-0.00,-0.07
24875,-1.26,-0.13,-0.05,0.03,-0.11,-0.07
24876,-0.95,0.08,0.05,0.03,-0.11,-0.17
24877,-1.05,0.19,0.36,0.03,-0.11,0.04
24878,-1.36,0.08,-0.16,0.03,-0.00,-0.07
24879,-1.36,-0.13,-0.57,0.13,-0.11,-0.07
24880,-1.16,0.08,0.16,0.03,-0.21,0.04
24881,-1.05,-0.02,0.26,0.03,-0.11,-0.07
24882,-1.16,-0.02,-0.05,0.03,-0.11,-0.07
24883,-1.47,-0.23,-0.26,0.03,-0.11,-0.07
24884,-1.36,-0.02,-0.26,-0.08,-0.11,-0.07
24885,-1.26,0.08,-0.26,0.03,-0.00,-0.07
24886,-1.05,-0.23,0.05,0.03,-0.11,-0.07
24887,-1.16,-0.02,-0.16,0.03,-0.00,-0.07
24888,-1.47,0.29,-0.26,-0.08,-0.11,-0.07
24889,-1.57,-0.23,-0.47,0.03,-0.11,0.04
24890,-1.26,-0.33,-0.16,0.03,-0.00,-0.07
24891,-0.95,-0.02,0.16,-0.08,-0.00,-0.07
24892,-1.36,0.08,-0.26,0.03,-0.00,-0.07
24893,-1.68,-0.13,-0.36,-0.08,-0.00,0.04
24894,-1.36,-0.23,-0.16,0.03,-0.21,-0.07
24895,-1.16,-0.13,-0.16,0.03,-0.11,-0.07
24896,-1.16,0.29,0.05,0.03,0.10,-0.07
24897,-1.47,0.19,-0.05,-0.08,-0.00,-0.17
24898,-1.47,-0.23,-0.36,0.03,-0.00,0.04
24899,-1.16,-0.02,-0.16,0.03,-0.11,-0.07
24900,-1.16,0.08,0.26,-0.08,-0.11,-0.07
24901,-1.16,0.29,-0.05,0.13,-0.00,0.04
24902,-1.36,0.08,-0.26,-0.08,-0.11,-0.17
24903,-1.36,-0.23,-0.16,0.13,-0.00,-0.07
24904,-1.05,-0.02,0.05,0.03,-0.11,-0.07
24905,-1.05,0.19,0.26,0.03,-0.00,0.04
24906,-1.16,-0.02,-0.05,-0.08,-0.21,0.04
24907,-1.47,-0.02,-0.36,0.13,-0.00,0.14
24908,-1.36,0.19,0.05,-0.08,-0.00,0.04
24909,-1.16,-0.23,-0.05,-0.08,-0.00,-0.07
24910,-0.95,-0.02,-0.05,-0.08,-0.11,-0.07
24911,-1.36,-0.02,-0.16,0.13,-0.00,-0.07
24912,-1.57,-0.13,-0.47,0.13,-0.11,-0.07
24913,-1.36,-0.23,-0.26,0.13,-0.00,0.04
24914,-1.05,-0.23,-0.05,0.23,-0.00,0.04
24915,-1.26,0.08,-0.26,0.13,-0.00,-0.07
24916,-1.57,0.19,-0.26,-0.08,-0.11,-0.07
24917,-1.47,-0.33,-0.16,-0.08,-0.00,0.14
24918,-1.16,-0.33,-0.05,0.03,-0.00,0.04
24919,-1.16,0.29,-0.16,0.03,-0.11,-0.07
24920,-1.36,0.19,0.05,0.03,-0.00,0.04
24921,-1.36,-0.13,-0.26,0.03,-0.00,0.14
24922,-1.36,-0.23,-0.05,0.03,0.10,-0.07
24923,-1.05,0.08,0.16,-0.08,-0.00,-0.07
24924,-1.26,0.08,-0.16,0.03,-0.00,0.04
24925,-1.47,0.19,-0.05,0.03,-0.11,0.04
24926,-1.36,-0.13,-0.26,-0.08,-0.11,-0.07
24927,-1.16,-0.23,0.16,0.03,-0.00,0.04
24928,-0.95,0.39,0.26,0.03,-0.11,0.04
24929,-1.36,0.19,-0.05,-0.08,-0.21,-0.07
24930,-1.36,-0.23,-0.36,0.13,-0.11,-0.07
24931,-1.26,-0.02,-0.16,0.03,-0.11,-0.07
24932,-1.16,-0.02,0.16,0.13,-0.21,-0.07
24933,-1.16,-0.02,-0.16,0.13,-0.00,-0.07
24934,-1.36,0.08,-0.16,0.03,-0.00,0.04
24935,-1.47,-0.02,-0.16,0.03,-0.11,-0.17
24936,-1.26,-0.23,-0.16,0.03,-0.11,-0.07
24937,-0.95,-0.02,0.16,0.03,-0.11,0.04
24938,-1.26,0.29,-0.16,0.03,-0.11,-0.07
24939,-1.57,-0.13,-0.36,0.03,-0.11,-0.07
24940,-1.47,-0.33,-0.36,0.13,-0.11,-0.07
24941,-1.05,-0.13,0.16,0.03,-0.11,-0.07
24942,-1.05,0.19,-0.16,0.03,-0.21,-0.07
24943,-1.47,0.08,-0.26,0.03,-0.11,0.04
24944,-1.47,-0.23,-0.05,0.13,-0.11,0.04
24945,-1.26,-0.33,-0.16,-0.08,-0.00,-0.17
24946,-1.16,0.19,-0.05,0.03,-0.00,-0.17
24947,-1.47,0.19,-0.05,-0.08,-0.00,-0.07
24948,-1.57,-0.13,-0.05,0.03,-0.00,0.04
24949,-1.16,-0.02,-0.16,0.13,-0.11,0.04
24950,-1.16,0.08,0.05,0.03,-0.11,-0.07
24951,-1.26,0.19,0.05,0.03,-0.00,0.04
24952,-1.36,0.08,-0.16,0.03,-0.00,-0.07
24954,-1.26,-0.23,-0.16,0.03,-0.00,0.04
24954,-1.16,-0.13,-0.05,0.03,-0.11,-0.07
24955,-1.36,0.29,0.16,0.03,-0.00,0.04
24956,-1.16,0.19,-0.16,-0.18,-0.21,-0.07
24957,-1.36,-0.23,-0.16,0.03,-0.11,0.04
24958,-1.26,0.08,-0.05,0.13,-0.11,0.04
24959,-1.26,-0.13,0.05,0.13,-0.11,0.04
24960,-1.05,-0.02,-0.16,-0.08,-0.11,-0.17
24961,-1.47,-0.02,-0.26,0.03,-0.11,-0.17
24962,-1.36,-0.02,-0.26,0.03,-0.11,-0.17
24963,-1.26,-0.33,-0.05,-0.08,-0.21,0.04
24964,-1.05,0.08,-0.05,0.03,-0.21,0.04
24965,-1.36,0.19,-0.26,0.03,-0.00,0.04
24966,-1.57,-0.33,-0.36,0.03,-0.11,0.04
24967,-1.16,-0.33,-0.16,-0.18,-0.11,-0.17
24968,-0.95,0.19,0.05,-0.18,-0.21,-0.17
24969,-1.36,0.19,-0.16,0.13,0.10,-0.07
24970,-1.36,-0.23,-0.16,0.03,-0.21,0.04
24971,-1.26,-0.33,-0.26,0.03,-0.11,-0.07
24972,-1.16,0.08,-0.16,-0.08,-0.11,-0.07
24973,-1.26,0.19,0.16,-0.08,-0.00,0.04
24974,-1.36,0.08,-0.16,0.03,0.10,0.04
24975,-1.36,-0.13,-0.26,0.03,-0.11,0.04
24976,-1.16,-0.13,0.05,-0.08,-0.00,-0.07
24977,-1.05,0.08,0.16,-0.08,-0.11,-0.07
24978,-1.26,0.19,-0.05,0.03,-0.11,0.04
24979,-1.26,-0.13,-0.26,0.03,-0.11,-0.07
24980,-1.26,-0.13,-0.16,0.03,-0.11,0.04
24981,-1.26,0.08,0.16,0.03,-0.00,0.04
24982,-1.05,0.19,-0.16,0.03,-0.11,0.04
24983,-1.36,-0.33,-0.05,0.13,-0.00,0.04
24984,-1.36,0.08,-0.16,0.03,-0.11,0.04
24985,-1.16,0.08,-0.05,-0.08,-0.00,-0.07
24986,-1.16,-0.02,-0.26,-0.08,-0.11,0.04
24987,-1.36,0.08,-0.05,0.03,-0.11,0.04
24988,-1.36,-0.13,-0.16,0.03,-0.00,0.04
24989,-1.16,-0.33,-0.16,-0.08,-0.11,0.04
24990,-1.16,-0.02,-0.16,0.13,-0.11,0.04
24991,-1.36,0.19,-0.26,0.03,-0.00,-0.07
24992,-1.47,-0.23,-0.26,0.03,-0.00,-0.17
24993,-1.26,-0.33,-0.16,0.03,-0.11,-0.07
24994,-1.16,-0.02,-0.05,0.03,-0.00,-0.07
24995,-1.26,0.19,-0.16,0.13,-0.00,0.04
24996,-1.36,-0.23,-0.05,-0.08,-0.11,-0.07
24997,-1.26,-0.23,-0.16,0.03,-0.21,-0.07
24998,-1.26,0.08,-0.05,0.03,-0.11,0.04
24999,-1.26,0.19,-0.05,0.13,-0.11,0.14
25000,-1.36,0.08,-0.05,0.03,-0.11,0.04
25001,-1.16,-0.13,-0.26,0.03,-0.00,-0.07
25002,-1.26,0.08,0.16,-0.08,-0.11,-0.07
25003,-1.26,0.08,0.05,0.03,-0.11,0.04
25004,-1.26,0.19,-0.16,0.03,-0.11,0.04
25005,-1.16,-0.02,0.16,0.03,-0.11,-0.17
25006,-1.26,-0.13,0.05,0.03,-0.00,-0.07
25007,-1.26,0.29,-0.05,0.03,0.10,0.04
25008,-1.16,0.08,-0.26,0.03,-0.11,0.04
25009,-1.47,-0.23,-0.26,0.03,-0.00,0.04
25010,-1.05,-0.02,-0.05,-0.08,-0.21,-0.07
25011,-1.16,-0.13,0.05,0.13,-0.00,-0.07
25012,-1.26,-0.02,-0.16,0.03,-0.21,0.04
25013,-1.47,0.08,-0.36,-0.08,-0.11,-0.17
25014,-1.26,-0.02,-0.16,-0.08,-0.11,0.04
25015,-1.05,-0.13,-0.26,0.03,-0.11,-0.07
25016,-1.26,0.08,0.16,-0.08,-0.11,-0.07
25017,-1.57,0.08,-0.16,0.03,0.10,0.04
25018,-1.47,-0.33,-0.36,0.03,-0.11,0.04
25019,-1.16,-0.13,-0.16,0.03,-0.11,0.04
25020,-1.36,-0.02,-0.26,0.03,0.10,-0.07
25021,-1.36,0.19,-0.16,-0.08,-0.00,-0.07
25022,-1.36,-0.44,-0.16,0.03,-0.00,0.04
25023,-1.26,-0.02,-0.16,-0.08,-0.00,0.04
25024,-1.16,0.19,-0.26,0.13,-0.00,-0.07
25025,-1.26,-0.13,0.05,0.03,-0.00,-0.07
25026,-1.26,-0.23,-0.05,0.03,-0.11,0.04
25027,-1.05,-0.02,-0.05,0.13,-0.00,-0.17
25028,-1.26,0.19,0.05,0.03,-0.00,-0.17
25029,-1.47,0.08,-0.05,0.03,-0.00,-0.07
25030,-1.36,-0.23,-0.16,0.03,-0.11,-0.17
25031,-1.05,-0.02,0.05,0.03,-0.11,0.04
25032,-1.26,0.08,0.05,0.13,-0.11,-0.07
25033,-0.95,0.19,-0.16,0.03,-0.11,-0.07
25034,-1.26,-0.23,-0.05,0.03,-0.00,-0.07
25035,-1.16,-0.02,-0.16,0.03,-0.11,-0.07
25036,-1.26,0.08,0.16,-0.08,-0.11,-0.07
25037,-1.16,-0.02,-0.05,0.13,-0.00,0.04
25038,-1.47,0.08,-0.05,0.03,-0.00,-0.07
25039,-1.26,-0.13,-0.26,-0.08,-0.00,-0.07
25040,-1.26,-0.33,0.05,0.03,-0.11,-0.07
25041,-1.26,0.08,-0.16,0.03,-0.11,0.04
25042,-1.47,-0.02,-0.16,-0.08,-0.00,-0.07
25043,-1.26,-0.33,-0.36,0.13,-0.00,0.04
25044,-1.16,-0.02,-0.05,-0.08,-0.00,-0.17
25045,-1.26,-0.02,-0.16,0.03,-0.00,0.04
25046,-1.47,-0.02,-0.16,-0.08,-0.00,-0.17
25047,-1.36,-0.23,-0.26,0.03,-0.00,-0.07
25048,-1.05,-0.02,0.05,0.03,-0.11,-0.07
25049,-1.16,0.08,-0.16,0.03,-0.00,0.04
25050,-1.36,-0.13,0.05,0.03,-0.11,0.04
25051,-1.26,-0.13,-0.26,0.03,-0.11,-0.17
25052,-1.26,0.08,-0.16,0.03,-0.11,0.04
25053,-1.26,0.08,0.16,0.03,-0.21,-0.07
25054,-1.36,0.08,0.05,-0.08,-0.00,0.14
25055,-1.26,-0.02,-0.26,0.03,-0.11,-0.07
25056,-1.26,-0.02,0.05,0.03,-0.00,0.04
25057,-1.36,0.19,-0.05,0.03,-0.00,0.04
25058,-1.16,0.08,0.05,-0.08,-0.21,-0.07
25059,-1.26,-0.33,-0.05,0.13,-0.11,0.04
25060,-1.36,0.08,0.05,-0.08,-0.00,0.04
25061,-1.26,0.19,0.05,0.03,-0.21,-0.07
25062,-1.26,-0.02,-0.26,0.13,-0.00,-0.07
25063,-1.26,-0.02,-0.05,0.03,-0.11,0.04
25064,-1.26,-0.02,-0.16,0.03,-0.11,-0.07
25065,-1.16,-0.23,-0.16,0.03,-0.00,0.04
25066,-1.36,0.08,-0.05,0.13,-0.00,0.04
25067,-1.47,-0.02,-0.36,0.13,-0.00,-0.07
25068,-1.16,-0.33,-0.05,-0.08,-0.21,-0.17
25069,-1.16,-0.02,-0.05,0.03,-0.00,-0.07
25070,-1.36,0.19,-0.16,-0.18,-0.11,-0.07
25071,-1.36,-0.23,-0.05,0.03,-0.11,-0.07
25072,-1.16,-0.23,-0.26,0.03,-0.11,-0.07
25073,-1.26,-0.02,-0.16,0.23,0.10,0.04
25074,-1.26,0.08,-0.26,0.03,0.10,-0.07
25075,-1.47,-0.33,0.05,-0.08,-0.00,-0.07
25076,-1.16,-0.02,-0.16,0.03,-0.11,-0.07
25077,-1.26,-0.02,-0.26,-0.08,-0.11,-0.17
25078,-1.26,0.19,-0.05,-0.08,-0.00,-0.07
25079,-1.26,-0.13,0.05,0.03,-0.11,-0.07
25080,-1.16,-0.13,-0.16,0.03,-0.11,-0.07
25081,-1.36,-0.02,0.05,0.13,-0.00,0.04
25082,-1.36,0.29,-0.05,0.03,-0.11,0.04
25083,-1.36,-0.02,-0.16,0.03,-0.11,-0.07
25084,-1.05,-0.13,0.05,0.13,-0.00,0.04
25085,-1.26,0.08,0.26,-0.08,-0.11,-0.07
25086,-1.26,0.19,-0.16,0.03,-0.11,0.14
25087,-1.16,-0.13,-0.05,-0.08,-0.11,-0.17
25088,-1.26,0.08,0.05,0.03,-0.00,0.04
25089,-1.26,-0.13,-0.16,-0.08,-0.11,0.04
25090,-1.36,0.08,-0.05,-0.08,0.10,0.04
25091,-1.47,0.08,0.05,0.03,-0.00,-0.07
25092,-1.16,-0.13,-0.36,-0.08,-0.21,0.04
25093,-1.26,-0.23,-0.05,-0.08,-0.11,0.04
25094,-1.26,0.08,-0.05,-0.08,-0.00,-0.07
25095,-1.36,-0.02,-0.26,-0.08,-0.11,-0.07
25096,-1.16,-0.23,-0.16,-0.08,-0.00,0.04
25097,-1.16,-0.13,-0.16,0.03,-0.21,0.04
25098,-1.47,0.08,-0.16,0.03,-0.00,0.04
25099,-1.47,-0.33,-0.16,0.03,-0.11,-0.07
25100,-1.05,-0.13,0.05,0.03,-0.21,-0.07
25101,-1.26,0.08,-0.36,0.03,-0.11,0.04
25102,-1.26,-0.02,0.16,0.03,-0.00,0.04
25103,-1.26,-0.13,-0.16,0.03,0.10,0.14
25104,-1.26,0.08,-0.36,0.03,-0.00,0.04
25105,-1.26,0.19,0.05,0.03,-0.11,0.14
25106,-1.36,-0.13,-0.05,0.03,-0.00,0.14
25107,-1.05,-0.13,-0.05,0.03,-0.11,-0.07
25108,-1.26,-0.02,0.05,0.03,-0.00,-0.07
25109,-1.47,0.08,-0.05,0.03,-0.00,0.04
25110,-1.05,0.19,-0.05,0.03,-0.11,0.04
25111,-1.26,-0.33,-0.05,0.13,-0.00,0.04
25112,-1.26,0.19,0.05,-0.08,-0.11,0.04
25113,-1.36,0.19,-0.05,0.13,0.10,0.04
25114,-1.16,-0.13,-0.16,0.03,-0.11,-0.17
25115,-1.26,0.08,0.05,0.13,-0.11,0.04
25116,-1.26,0.08,-0.16,0.13,-0.11,-0.07
25117,-1.36,-0.33,0.05,0.03,-0.00,0.04
25118,-1.36,0.19,-0.16,0.03,-0.11,-0.07
25119,-1.26,-0.02,-0.26,-0.08,-0.00,0.04
25120,-1.16,-0.33,-0.16,0.03,-0.00,0.04
25121,-1.16,0.08,-0.05,0.03,-0.21,0.04
25122,-1.47,-0.02,-0.26,0.13,-0.00,-0.07
25123,-1.47,-0.33,-0.16,0.13,0.10,-0.07
25124,-1.16,-0.13,-0.16,0.13,-0.11,-0.07
25125,-1.47,0.08,-0.26,0.13,-0.11,-0.07
25126,-1.47,-0.23,-0.05,-0.08,-0.00,-0.07
25127,-1.16,-0.23,-0.05,0.03,-0.11,-0.07
25128,-1.26,0.08,-0.16,0.13,-0.11,0.04
25129,-1.26,0.08,-0.26,0.03,-0.11,-0.07
25130,-1.26,-0.23,0.05,0.13,0.10,0.04
25131,-1.16,-0.02,-0.16,-0.08,-0.11,0.04
25132,-1.36,0.08,-0.16,0.03,0.10,-0.07
25133,-1.26,-0.02,-0.05,0.13,-0.00,0.14
25134,-1.26,-0.02,-0.16,0.03,-0.11,0.04
25135,-1.16,-0.02,0.05,0.13,-0.11,0.04
25136,-1.47,-0.02,-0.05,0.13,0.10,0.14
25137,-1.16,0.19,-0.16,-0.08,-0.11,-0.07
25138,-1.26,-0.23,-0.05,0.13,-0.11,-0.07
25139,-1.36,0.08,-0.16,0.13,-0.00,0.04
25140,-1.16,-0.02,-0.05,-0.08,-0.11,0.04
25141,-1.16,-0.02,-0.05,-0.18,-0.21,-0.07
25142,-1.26,-0.02,-0.05,0.03,-0.11,-0.07
25143,-1.16,-0.02,0.05,0.03,-0.00,0.14
25144,-1.36,-0.23,-0.26,0.03,-0.00,0.04
25145,-1.36,0.08,-0.05,0.03,-0.11,0.04
25146,-1.05,-0.02,-0.16,-0.08,-0.21,-0.07
25147,-1.16,-0.23,-0.16,0.13,-0.11,-0.07
25148,-1.26,0.08,-0.05,0.03,-0.00,-0.07
25149,-1.36,-0.13,-0.36,0.03,-0.00,0.04
25150,-1.36,-0.33,-0.16,0.13,-0.00,0.04
25151,-1.16,-0.02,-0.05,0.03,-0.11,-0.07
25152,-1.36,0.19,-0.16,-0.08,-0.11,0.04
25153,-1.26,-0.13,-0.16,0.03,-0.21,0.04
25154,-1.16,-0.02,-0.16,0.13,-0.00,0.04
25155,-1.26,0.08,-0.26,0.03,-0.11,-0.17
25156,-1.16,-0.02,0.05,-0.08,-0.21,-0.17
25157,-1.26,-0.23,-0.26,0.03,0.10,0.04
25158,-1.26,0.08,-0.16,0.13,-0.00,-0.07
25159,-1.36,0.08,-0.26,-0.08,-0.11,-0.07
25160,-1.26,-0.23,0.05,0.03,-0.00,-0.07
25161,-1.05,-0.13,-0.16,0.03,-0.11,-0.17
25162,-1.36,-0.02,-0.05,0.03,-0.11,0.14
25163,-1.47,-0.02,-0.05,0.13,-0.00,0.14
25165,-1.26,-0.02,-0.26,-0.08,-0.00,-0.17
25299,-1.26,-0.13,-0.16,0.03,-0.11,0.04
25300,-1.47,0.08,-0.05,0.13,-0.00,0.04
25301,-1.16,-0.13,-0.05,0.13,-0.00,0.04
25302,-1.16,-0.02,0.16,-0.08,-0.21,-0.07
25303,-1.26,0.08,-0.16,0.03,-0.11,-0.07
25304,-1.26,-0.13,-0.05,0.03,-0.00,0.04
25305,-1.26,0.19,0.05,0.03,-0.11,0.04
25306,-1.16,0.08,-0.16,0.03,-0.00,-0.07
25307,-1.16,-0.23,0.05,0.03,-0.00,0.14
25308,-1.26,0.19,0.05,0.03,-0.21,-0.07
25309,-1.16,-0.02,-0.05,-0.18,-0.11,-0.07
25310,-1.16,-0.13,-0.05,0.13,-0.11,0.04
25311,-1.26,0.19,-0.26,-0.18,-0.21,-0.07
25312,-1.16,-0.23,-0.05,0.03,-0.11,0.04
25313,-1.16,0.19,0.05,0.03,-0.00,0.14
25314,-1.47,-0.02,-0.26,0.13,-0.00,0.04
25315,-1.16,-0.33,-0.26,0.03,-0.00,0.04
25316,-1.16,0.08,-0.16,0.03,-0.11,-0.07
25317,-1.47,-0.13,-0.05,-0.08,-0.11,0.04
25318,-1.16,-0.33,-0.26,0.13,-0.11,0.04
25319,-1.26,-0.02,-0.16,0.03,-0.11,-0.07
25320,-1.36,0.19,-0.05,0.13,-0.21,0.04
25321,-1.26,-0.23,-0.05,0.13,-0.00,-0.07
25322,-1.26,-0.13,-0.16,0.03,-0.00,-0.17
25323,-1.36,-0.02,0.05,-0.08,-0.11,-0.07
25324,-1.26,-0.13,-0.05,0.03,-0.11,-0.07
25325,-1.16,-0.02,-0.05,0.03,-0.11,0.04
25326,-1.36,-0.02,-0.16,0.03,-0.00,0.14
25327,-1.36,0.08,-0.16,-0.08,-0.11,-0.17
25328,-1.26,-0.23,0.05,0.03,-0.00,-0.07
25329,-1.36,-0.13,0.05,-0.08,-0.11,-0.07
25330,-1.26,-0.02,-0.16,-0.08,-0.11,-0.07
25331,-1.26,0.08,0.05,-0.18,-0.11,0.04
25332,-1.26,-0.13,-0.05,0.03,-0.11,-0.07
25333,-1.26,0.19,-0.05,-0.08,-0.11,-0.07
25334,-1.16,-0.13,-0.05,0.03,-0.00,0.04
25335,-1.16,0.19,0.05,-0.08,-0.21,-0.17
25336,-1.26,0.08,-0.05,0.13,-0.00,-0.07
25337,-1.26,-0.13,-0.16,0.03,-0.11,-0.17
25338,-1.26,0.08,-0.05,0.03,-0.00,0.04
25339,-1.26,-0.23,-0.26,0.03,-0.00,0.04
25340,-1.26,-0.13,-0.16,0.13,-0.00,0.04
25341,-1.36,0.08,0.05,0.03,-0.11,-0.07
25342,-1.16,-0.23,-0.36,0.03,-0.00,-0.07
25343,-1.05,0.08,-0.05,0.03,-0.21,-0.17
25344,-1.36,0.08,-0.05,0.03,-0.00,-0.07
25345,-1.26,-0.44,-0.16,-0.08,-0.00,-0.07
25346,-1.26,0.08,-0.26,0.03,-0.00,-0.07
25347,-1.47,-0.02,-0.05,0.03,-0.11,-0.07
25348,-1.26,-0.33,-0.05,-0.08,-0.11,0.04
25349,-1.16,-0.02,-0.16,-0.08,-0.11,-0.07
25350,-1.36,-0.02,-0.16,0.03,-0.11,-0.07
25351,-1.36,-0.23,-0.16,0.03,-0.11,-0.17
25352,-1.26,-0.02,-0.05,0.03,-0.00,0.04
25353,-1.26,-0.23,-0.26,0.03,-0.11,-0.07
25354,-1.36,-0.02,-0.05,0.03,-0.00,0.04
25355,-1.16,-0.02,-0.05,-0.08,-0.11,0.04
25356,-1.26,-0.13,-0.05,0.03,-0.11,-0.07
25357,-1.16,0.19,-0.16,-0.08,-0.00,-0.07
25358,-1.16,-0.02,-0.05,0.13,-0.00,0.04
25359,-1.26,-0.02,-0.05,0.03,-0.11,-0.07
25360,-1.36,0.08,-0.05,0.03,-0.11,0.04
25361,-1.16,-0.02,-0.05,-0.08,-0.00,0.04
25362,-1.26,-0.02,-0.05,0.03,-0.21,0.04
25363,-1.26,-0.02,-0.16,0.13,-0.00,0.04
25364,-1.36,-0.23,-0.05,0.03,-0.11,-0.07
25365,-1.16,0.08,0.05,0.03,-0.11,0.04
25366,-1.05,-0.02,-0.05,-0.08,-0.11,0.04
25367,-1.26,-0.13,-0.16,0.03,-0.11,-0.07
25368,-1.36,0.08,-0.05,0.03,-0.00,0.04
25369,-1.26,-0.23,-0.16,0.03,-0.11,-0.07
25370,-1.16,0.08,-0.26,0.03,-0.11,-0.17
25371,-1.36,-0.13,-0.05,0.03,-0.11,-0.07
25372,-1.16,-0.13,-0.16,-0.08,-0.11,-0.07
25373,-1.26,0.19,-0.05,0.13,-0.00,-0.07
25374,-1.47,-0.23,-0.16,0.13,-0.11,0.04
25375,-1.16,-0.33,-0.26,0.03,-0.00,-0.07
25376,-1.26,0.19,-0.16,0.13,-0.00,0.04
25377,-1.26,-0.13,-0.05,-0.08,-0.00,0.04
25378,-1.16,-0.13,-0.26,0.03,-0.11,0.14
25379,-1.47,0.19,-0.16,0.03,0.10,-0.07
25380,-1.16,-0.23,-0.26,0.03,-0.11,-0.07
25381,-1.36,-0.23,-0.05,0.13,0.10,-0.07
25382,-1.16,0.19,-0.26,-0.08,-0.00,0.04
25383,-1.47,-0.23,-0.16,-0.08,-0.11,-0.07
25384,-1.36,0.08,-0.05,0.03,0.10,0.14
25385,-1.05,-0.02,-0.05,-0.08,-0.11,-0.17
25386,-1.36,-0.02,-0.05,-0.08,-0.00,-0.17
25387,-1.26,0.19,0.05,0.03,0.10,-0.07
25388,-1.16,-0.13,-0.05,-0.08,-0.11,-0.07
25389,-1.26,-0.02,-0.16,0.03,-0.11,0.04
25390,-1.26,0.08,0.16,-0.08,-0.21,0.04
25391,-1.05,-0.02,0.05,0.03,-0.00,0.04
25392,-1.16,0.19,-0.05,0.13,-0.11,0.04
25393,-1.36,-0.13,-0.26,0.03,-0.00,-0.07
25394,-1.26,-0.02,0.05,0.03,-0.00,-0.07
25395,-1.16,0.08,-0.05,-0.08,-0.11,0.04
25396,-1.26,-0.23,-0.05,0.03,-0.11,-0.07
25397,-1.47,0.29,-0.05,0.03,-0.00,0.14
25398,-1.16,-0.23,-0.05,0.03,-0.11,0.04
25399,-1.16,-0.02,-0.26,0.03,-0.00,-0.07
25400,-1.47,0.08,0.05,-0.08,-0.11,-0.07
25401,-1.05,-0.23,-0.26,0.13,-0.00,0.04
25402,-1.26,0.08,-0.16,0.03,-0.21,0.04
25403,-1.36,-0.02,-0.16,0.03,-0.00,0.04
25404,-1.16,-0.33,-0.16,-0.08,-0.11,-0.07
25405,-1.26,-0.02,-0.16,0.03,-0.00,0.14
25406,-1.47,-0.13,-0.16,0.03,-0.00,0.04
25407,-1.36,-0.23,-0.16,0.13,-0.11,0.04
25408,-1.26,0.08,-0.16,0.03,-0.00,0.04
25409,-1.36,-0.13,-0.05,-0.08,-0.11,0.14
25410,-1.16,-0.13,0.05,0.13,-0.11,0.04
25411,-1.36,-0.02,-0.05,0.03,-0.00,0.04
25412,-1.26,-0.13,-0.16,0.03,-0.11,-0.07
25413,-1.26,-0.02,-0.16,0.23,-0.11,0.04
25414,-1.16,-0.02,0.05,0.03,-0.11,0.04
25415,-1.36,-0.02,-0.26,0.13,-0.00,0.14
25416,-1.47,-0.02,-0.05,0.03,-0.11,0.04
25417,-1.05,-0.02,-0.05,-0.08,-0.21,0.04
25418,-1.47,-0.13,-0.16,0.03,-0.00,0.04
25419,-1.26,-0.13,0.05,-0.08,-0.00,0.04
25420,-1.16,-0.23,-0.05,-0.08,-0.11,-0.07
25421,-1.16,0.29,-0.05,-0.08,-0.00,-0.07
25422,-1.16,-0.23,-0.16,0.03,-0.11,0.04
25423,-1.26,0.19,0.05,-0.08,-0.21,-0.07
25424,-1.26,-0.02,-0.26,0.03,-0.11,-0.17
25425,-1.26,-0.13,0.05,-0.08,-0.21,-0.17
25426,-1.26,0.19,-0.26,0.03,-0.11,0.04
25427,-1.16,-0.23,0.05,-0.08,-0.11,0.04
25428,-1.36,0.08,-0.16,0.03,-0.11,-0.07
25429,-1.26,-0.02,-0.16,0.03,-0.11,-0.17
25430,-1.16,-0.23,-0.05,0.03,-0.00,-0.07
25431,-1.26,0.19,-0.05,-0.08,-0.00,0.04
25432,-1.26,-0.13,-0.26,0.03,-0.11,-0.17
25433,-1.05,-0.23,-0.05,-0.08,-0.21,-0.07
25434,-1.47,0.08,-0.16,0.13,0.10,-0.07
25435,-1.26,-0.23,-0.05,0.03,-0.00,0.04
25436,-1.26,-0.02,0.05,0.03,-0.00,-0.07
25437,-1.26,0.08,-0.26,0.03,-0.21,-0.07
25438,-1.26,-0.23,-0.05,0.03,-0.11,-0.07
25439,-1.26,0.08,-0.16,0.03,-0.00,-0.07
25440,-1.26,-0.02,0.05,-0.08,-0.00,-0.07
25441,-1.26,-0.13,-0.05,0.13,-0.21,0.14
25442,-1.26,0.08,0.05,-0.08,-0.11,-0.07
25443,-1.36,-0.13,-0.05,0.13,-0.11,0.04
25444,-1.16,0.08,-0.16,0.03,-0.11,0.04
25445,-1.26,-0.13,0.05,0.03,-0.00,0.04
25446,-1.16,-0.02,-0.05,0.03,-0.11,-0.07
25447,-1.26,0.08,-0.05,0.03,0.10,0.04
25448,-1.26,-0.02,0.16,0.13,-0.11,0.04
25449,-1.26,0.08,-0.05,-0.08,-0.00,0.04
25450,-1.26,0.19,-0.16,-0.08,-0.00,-0.07
25451,-1.16,-0.13,-0.05,0.03,-0.11,-0.07
25452,-1.47,0.08,0.05,0.03,-0.00,0.04
25453,-1.16,-0.13,-0.16,-0.08,-0.21,-0.07
25454,-1.36,0.08,-0.16,0.23,-0.11,-0.07
25455,-1.16,0.08,0.05,-0.08,-0.11,0.04
25456,-1.26,-0.33,-0.26,0.13,-0.00,0.04
25457,-1.26,0.08,0.05,0.13,0.10,-0.07
25458,-1.26,-0.23,-0.26,0.03,-0.00,0.04
25459,-1.36,-0.23,-0.26,0.03,-0.00,0.04
25460,-1.36,0.19,-0.05,-0.08,-0.11,0.04
25461,-1.26,-0.44,-0.26,0.03,-0.00,0.04
25462,-1.26,0.08,-0.26,0.03,-0.00,0.04
25463,-1.26,-0.02,-0.05,0.03,-0.00,-0.07
25464,-1.16,-0.23,-0.16,0.13,-0.11,-0.07
25465,-1.47,0.08,-0.16,0.03,-0.00,0.04
25466,-1.36,-0.23,-0.16,0.13,-0.00,0.04
25467,-1.36,-0.23,-0.26,0.03,-0.00,-0.07
25468,-1.16,0.08,-0.05,0.03,-0.11,0.04
25469,-1.36,-0.33,-0.26,0.03,-0.11,-0.07
25470,-1.05,0.08,0.05,-0.08,-0.00,-0.17
25471,-1.36,-0.02,-0.05,0.13,-0.00,0.04
25472,-1.36,-0.13,-0.05,0.13,-0.00,-0.07
25473,-1.16,0.08,0.05,0.03,-0.00,-0.07
25474,-1.26,-0.13,0.05,0.03,-0.11,0.04
25475,-1.26,-0.02,-0.16,-0.08,-0.00,-0.07
25476,-1.05,-0.02,0.16,0.03,-0.11,0.04
25477,-1.26,-0.02,-0.05,0.13,-0.00,0.04
25478,-1.16,0.19,-0.26,0.13,-0.00,-0.17
25479,-1.36,-0.13,0.05,-0.08,-0.31,-0.07
25480,-1.26,0.19,-0.16,-0.08,-0.11,-0.07
25481,-1.36,-0.02,-0.16,0.13,-0.11,0.04
25482,-1.26,-0.13,0.05,0.03,-0.00,0.04
25483,-1.16,0.19,-0.36,0.03,-0.11,0.04
25484,-1.36,-0.23,-0.26,-0.08,-0.11,0.04
25485,-1.47,0.19,-0.16,0.03,-0.00,0.14
25486,-1.26,-0.23,-0.16,0.13,-0.11,0.04
25487,-1.16,-0.23,-0.16,-0.08,-0.11,-0.07
25488,-1.36,0.19,-0.16,0.03,-0.00,-0.07
25489,-1.16,-0.33,-0.16,0.03,-0.00,-0.07
25490,-1.36,0.08,-0.26,0.13,0.10,0.04
25491,-1.26,-0.02,0.05,-0.08,-0.11,-0.07
25492,-1.05,-0.23,-0.05,0.03,-0.11,0.04
25493,-1.47,0.29,-0.16,0.03,-0.00,0.14
25494,-1.36,-0.33,-0.26,-0.08,-0.21,-0.17
25495,-1.16,-0.02,-0.16,0.03,-0.11,-0.17
25496,-1.36,0.19,-0.05,0.03,-0.00,-0.07
25497,-1.36,-0.33,-0.05,-0.08,-0.00,0.04
25498,-1.16,0.19,-0.05,0.03,-0.11,0.04
25499,-1.26,-0.02,-0.05,0.03,-0.21,-0.07
25500,-1.36,-0.33,-0.26,0.13,-0.00,0.04
25501,-1.05,0.08,0.26,0.03,-0.11,0.04
25502,-1.47,-0.23,0.05,0.03,-0.11,-0.07
25503,-1.36,0.08,-0.16,0.03,-0.00,0.04
25504,-1.05,0.08,0.16,0.03,-0.21,-0.17
25505,-1.36,-0.13,-0.05,0.03,-0.11,-0.07
25506,-1.16,0.19,-0.26,0.03,-0.11,0.04
25507,-1.16,-0.23,0.16,0.03,0.10,0.04
25508,-1.16,0.19,-0.16,0.03,-0.11,0.04
25509,-1.36,-0.02,-0.26,-0.08,-0.00,0.04
25510,-1.26,-0.02,0.05,0.03,-0.00,0.04
25511,-1.26,0.29,-0.16,-0.08,-0.00,-0.07
25512,-1.26,-0.23,-0.05,-0.08,-0.11,-0.07
25513,-1.36,0.08,-0.16,-0.08,-0.21,0.04
25514,-1.26,-0.13,-0.05,-0.08,0.10,0.04
25515,-1.26,-0.02,-0.16,0.03,-0.00,0.04
25516,-1.36,0.19,-0.16,-0.08,-0.11,-0.07
25517,-1.16,-0.23,-0.16,-0.08,-0.11,0.04
25518,-1.36,0.19,-0.26,0.03,0.10,-0.07
25519,-1.26,-0.33,-0.16,0.03,-0.00,0.04
25520,-1.16,-0.13,0.05,0.03,-0.00,0.04
25521,-1.36,0.39,-0.26,0.03,-0.00,-0.07
25522,-1.26,-0.54,-0.26,0.13,-0.00,0.04
25523,-1.16,0.19,0.05,0.03,-0.11,-0.07
25524,-1.47,-0.23,-0.16,0.03,-0.11,0.04
25525,-1.16,-0.33,-0.05,-0.08,0.10,0.04
25526,-1.26,0.39,-0.05,-0.08,-0.21,-0.07
25527,-1.26,-0.33,-0.26,0.13,-0.21,-0.07
25528,-1.16,0.08,-0.05,-0.08,-0.11,-0.07
25529,-1.36,0.08,0.05,0.13,-0.11,0.04
25530,-1.26,-0.13,-0.26,0.03,-0.00,-0.07
25531,-1.26,0.08,-0.16,0.03,0.10,0.04
25532,-1.26,-0.02,0.05,0.13,-0.00,0.04
25533,-1.26,-0.13,-0.16,0.03,-0.11,0.04
25534,-1.16,0.08,0.26,0.03,-0.11,0.04
25535,-1.47,-0.02,-0.16,0.03,-0.11,0.04
25536,-1.36,-0.02,-0.26,-0.08,-0.11,0.04
25537,-1.16,-0.13,0.05,0.03,-0.11,0.04
25538,-1.26,0.29,-0.05,-0.08,-0.00,-0.07
25539,-1.26,0.08,-0.16,0.13,-0.11,0.04
25540,-1.26,-0.13,0.16,0.03,-0.11,-0.07
25541,-1.26,0.29,-0.05,0.03,-0.21,0.04
25542,-1.36,-0.23,-0.16,0.03,-0.11,-0.07
25543,-1.47,0.19,-0.16,0.03,-0.00,0.04
25544,-1.16,-0.13,-0.16,-0.08,-0.11,0.04
25545,-1.36,-0.13,-0.26,0.03,-0.11,0.04
25546,-1.36,0.08,-0.16,0.03,0.10,-0.07
25547,-1.05,-0.23,-0.16,0.03,-0.11,-0.17
25548,-1.26,0.08,-0.16,0.13,-0.11,0.04
25549,-1.36,-0.33,0.05,0.13,-0.00,0.04
25550,-1.26,-0.02,-0.16,0.03,-0.00,0.04
25551,-1.26,0.29,0.05,0.03,-0.11,0.04
25552,-1.16,-0.44,-0.16,0.03,0.10,-0.07
25553,-1.26,0.29,-0.16,0.03,-0.00,0.04
25554,-1.26,-0.23,-0.05,-0.08,-0.11,-0.07
25555,-1.05,-0.02,-0.05,-0.08,-0.11,-0.17
25556,-1.16,0.39,0.05,0.03,-0.11,-0.07
25557,-1.26,-0.44,-0.05,-0.08,-0.00,-0.07
25558,-1.16,0.08,-0.16,0.03,-0.00,0.04
25559,-1.36,-0.02,0.16,0.03,-0.11,-0.07
25560,-1.36,-0.13,-0.16,0.03,-0.00,-0.07
25561,-1.16,0.19,0.05,0.03,-0.11,-0.17
25562,-1.26,-0.13,-0.05,0.03,0.10,0.14
25563,-1.26,0.08,-0.26,0.03,-0.00,0.04
25564,-1.05,0.08,0.16,-0.08,-0.21,-0.07
25565,-1.36,-0.13,0.16,0.03,-0.11,0.04
25566,-1.26,0.08,-0.36,0.13,0.10,-0.07
25567,-1.36,-0.33,-0.05,0.13,0.10,0.14
25568,-1.36,0.19,-0.16,0.03,-0.11,-0.07
25569,-1.26,-0.13,-0.05,-0.08,-0.00,-0.07
25570,-1.26,0.08,-0.26,0.13,-0.00,0.04
25571,-1.26,0.19,-0.05,-0.18,-0.21,-0.07
25572,-1.26,-0.23,-0.26,0.03,-0.00,-0.07
25573,-1.36,0.19,-0.05,0.13,-0.00,0.04
25574,-1.26,-0.13,-0.05,0.03,-0.11,0.04
25575,-1.26,-0.02,-0.16,0.03,-0.00,-0.07
25576,-1.16,-0.02,0.05,0.13,-0.11,0.04
25577,-1.26,-0.23,-0.26,0.13,0.10,0.14
25578,-1.47,0.19,-0.16,-0.08,-0.00,0.04
25579,-1.16,-0.33,-0.05,0.03,-0.00,-0.07
25580,-1.26,0.29,-0.26,-0.08,-0.11,0.04
25581,-1.26,-0.23,-0.16,0.03,-0.11,0.04
25582,-1.05,-0.13,-0.16,0.03,-0.11,-0.07
25583,-1.26,0.29,-0.05,0.03,-0.11,0.04
25584,-1.26,-0.44,-0.05,0.03,-0.11,-0.07
25585,-1.26,0.19,-0.16,-0.08,-0.11,0.04
25586,-1.36,-0.23,-0.05,-0.08,-0.11,-0.07
25587,-1.05,-0.23,-0.16,0.03,-0.11,-0.17
25588,-1.26,0.50,-0.05,0.03,-0.00,-0.07
25589,-1.26,-0.44,-0.16,-0.08,-0.11,-0.17
25590,-1.05,0.19,-0.05,-0.08,-0.11,-0.07
25592,-1.36,0.08,0.05,0.03,-0.00,0.04
25592,-1.16,-0.23,-0.26,0.03,-0.11,-0.07
25593,-1.16,0.08,-0.05,0.03,-0.00,0.04
25594,-1.47,-0.13,-0.05,0.03,-0.11,-0.07
25595,-1.16,0.08,-0.16,0.03,-0.11,-0.17
25596,-1.16,-0.23,0.05,0.03,-0.00,-0.07
25597,-1.36,-0.02,-0.16,0.13,-0.00,0.14
25598,-1.26,0.08,-0.05,0.03,-0.11,-0.07
25599,-1.26,-0.23,-0.16,0.03,-0.00,0.04
25600,-1.36,0.19,-0.05,0.03,-0.11,-0.07
25601,-1.26,-0.13,-0.16,0.03,-0.11,-0.07
25602,-1.26,-0.02,-0.05,0.03,-0.00,0.04
25603,-1.16,-0.02,-0.05,-0.08,-0.11,-0.07
25604,-1.26,-0.23,-0.16,0.13,-0.00,0.04
25605,-1.26,0.19,-0.16,0.13,-0.00,0.04
25606,-1.26,-0.23,-0.05,0.03,-0.21,0.04
25607,-1.26,0.19,-0.05,0.03,-0.11,0.04
25608,-1.26,-0.33,0.05,0.03,-0.00,0.04
25609,-1.16,0.08,-0.16,0.03,-0.11,-0.07
25610,-1.36,-0.02,0.16,0.03,-0.11,-0.07
25611,-1.05,-0.33,-0.16,0.13,-0.00,0.04
25612,-1.47,0.19,-0.05,0.03,-0.11,-0.07
25613,-1.26,-0.33,-0.05,-0.08,-0.00,0.04
25614,-1.26,0.19,-0.16,0.13,-0.00,0.14
25615,-1.36,-0.13,0.05,-0.08,-0.00,-0.17
25616,-1.05,-0.44,0.05,0.03,-0.11,0.04
25617,-1.26,0.50,-0.05,-0.08,-0.21,-0.07
25618,-1.16,-0.23,-0.05,-0.18,-0.21,-0.17
25619,-1.16,0.19,-0.05,0.03,-0.11,-0.07
25620,-1.16,0.19,-0.05,-0.08,-0.11,-0.07
25621,-1.26,-0.33,-0.26,0.03,-0.11,-0.07
25622,-1.26,0.29,-0.05,0.13,-0.00,0.04
25623,-1.36,-0.23,0.05,-0.08,-0.21,-0.17
25624,-1.16,0.29,-0.05,0.03,-0.21,-0.07
25625,-1.16,0.08,0.05,0.03,-0.00,-0.07
25626,-1.36,0.08,-0.05,-0.08,-0.11,0.04
25627,-1.16,0.08,-0.05,-0.18,-0.11,0.04
25628,-1.26,-0.13,0.05,0.03,-0.21,-0.07
25629,-1.36,0.29,-0.05,0.03,-0.00,0.04
25630,-1.26,-0.33,0.05,0.03,-0.00,-0.07
25631,-1.26,0.08,-0.16,0.03,-0.00,0.04
25632,-1.36,-0.02,-0.05,0.03,-0.00,0.04
25633,-1.26,-0.13,-0.05,0.03,-0.00,0.04
25634,-1.36,0.19,-0.05,-0.08,-0.00,-0.07
25635,-1.16,-0.33,-0.16,0.03,-0.11,-0.07
25636,-1.26,0.08,-0.05,0.13,-0.11,0.04
25637,-1.26,-0.13,0.05,0.03,-0.00,0.04
25638,-1.26,-0.02,-0.16,0.03,-0.00,0.04
25639,-1.16,-0.13,-0.05,0.13,0.10,0.14
25640,-1.16,-0.23,-0.26,0.03,-0.00,-0.07
25641,-1.36,0.39,-0.05,-0.08,-0.11,-0.07
25642,-1.16,-0.44,-0.26,-0.08,-0.00,-0.07
25643,-1.26,0.19,-0.05,-0.08,-0.11,-0.17
25644,-1.36,-0.13,-0.05,0.23,-0.11,0.14
25645,-1.16,-0.23,-0.16,0.03,-0.11,0.04
25646,-1.26,0.29,-0.05,0.03,-0.00,0.04
25647,-1.16,-0.54,-0.05,0.03,-0.11,-0.17
25648,-1.26,0.39,-0.16,0.03,-0.11,0.04
25649,-1.26,-0.13,0.05,-0.08,-0.11,-0.07
25650,-1.16,-0.13,-0.16,0.03,-0.11,0.04
25651,-1.16,0.19,0.05,0.13,0.10,0.04
25793,-1.26,-0.13,-0.05,0.03,-0.11,0.04
25794,-1.26,-0.23,-0.26,0.03,0.10,0.14
25795,-1.16,0.19,0.05,-0.08,-0.21,-0.07
25796,-1.26,-0.23,-0.05,-0.08,-0.11,-0.07
25797,-1.26,-0.02,-0.05,0.03,-0.11,-0.07
25798,-1.26,-0.33,-0.16,0.03,-0.00,0.04
25799,-1.16,0.29,-0.16,-0.08,-0.11,-0.07
25800,-1.16,-0.23,-0.05,0.03,-0.11,0.04
25801,-1.47,-0.02,-0.26,0.03,-0.00,0.04
25802,-1.47,-0.33,-0.05,0.13,-0.00,0.14
25803,-0.95,-0.02,-0.26,0.03,-0.21,0.04
25804,-1.47,0.19,0.05,-0.08,-0.00,-0.07
25805,-1.16,-0.33,-0.16,0.13,-0.11,-0.07
25806,-1.36,0.19,-0.26,0.13,0.10,0.04
25807,-1.36,-0.33,-0.16,0.13,-0.00,-0.17
25808,-1.36,-0.02,-0.36,0.03,-0.11,0.04
25809,-1.36,0.08,0.05,0.03,-0.00,-0.07
25810,-1.36,-0.44,-0.26,0.03,-0.11,-0.07
25811,-1.16,0.39,0.16,-0.28,-0.31,-0.17
25812,-1.26,-0.02,-0.16,-0.08,-0.21,-0.07
25813,-1.26,0.08,-0.05,0.13,-0.00,0.04
25814,-1.36,-0.02,0.05,0.03,-0.00,-0.17
25815,-1.26,-0.13,-0.16,0.03,0.10,0.04
25816,-1.36,0.08,0.05,0.03,-0.11,0.04
25817,-1.26,-0.02,-0.26,0.13,-0.00,-0.07
25818,-1.16,-0.02,-0.05,0.03,-0.11,-0.17
25819,-1.26,0.08,-0.16,0.03,-0.00,-0.17
25820,-1.16,-0.02,-0.05,-0.18,-0.21,-0.07
25821,-1.26,-0.02,0.05,-0.08,-0.21,-0.17
25822,-1.16,0.19,0.05,-0.08,-0.11,0.04
25823,-1.47,-0.44,-0.36,0.23,0.10,0.24
25824,-1.36,0.08,-0.16,0.13,-0.00,0.04
25825,-1.26,-0.13,-0.16,-0.18,-0.21,-0.07
25826,-1.05,0.29,-0.16,-0.18,-0.21,-0.07
25827,-1.16,-0.02,0.05,-0.18,-0.11,-0.07
25828,-1.47,-0.23,-0.26,0.03,-0.11,0.04
25829,-1.26,-0.13,-0.05,0.03,-0.00,-0.07
25830,-1.26,-0.02,-0.26,-0.08,-0.11,-0.07
25831,-1.16,0.08,0.05,-0.18,-0.21,-0.17
25832,-1.16,-0.23,-0.26,0.03,-0.11,-0.17
25833,-1.36,0.08,-0.05,-0.08,0.10,-0.17
25834,-1.05,-0.23,-0.05,-0.08,-0.11,-0.17
25835,-1.36,0.19,-0.26,0.23,0.10,0.04
25836,-1.26,-0.33,0.05,0.03,-0.11,-0.07
25837,-1.16,-0.02,-0.16,-0.08,-0.21,-0.17
25838,-1.47,-0.13,-0.16,0.13,-0.00,0.04
25839,-1.26,-0.33,-0.26,0.13,0.10,0.04
25840,-1.26,0.39,0.26,0.03,-0.11,-0.07
25841,-1.16,-0.44,-0.26,-0.08,-0.11,-0.17
25842,-1.26,0.39,-0.16,-0.08,-0.11,-0.28
25843,-1.47,-0.13,-0.05,0.13,0.10,-0.07
25844,-1.26,-0.13,-0.05,0.13,-0.00,0.04
25845,-1.36,-0.02,-0.05,0.13,-0.00,0.14
25846,-1.26,-0.13,-0.16,0.13,-0.21,-0.07
25847,-1.26,-0.02,-0.16,0.13,0.10,0.14
25848,-1.36,-0.02,-0.16,0.03,-0.00,0.04
25849,-1.26,-0.23,0.05,0.03,-0.00,0.04
25850,-1.47,-0.02,-0.26,0.03,-0.00,0.14
25851,-1.36,-0.13,-0.05,0.13,-0.00,0.04
25852,-1.26,-0.13,-0.16,0.03,-0.00,0.14
25853,-1.36,0.19,-0.16,0.13,-0.00,0.04
25854,-1.16,-0.13,-0.05,-0.08,-0.21,-0.07
25855,-1.16,0.19,0.05,0.03,-0.00,-0.17
25856,-1.05,-0.13,0.05,-0.18,-0.21,-0.17
25857,-1.26,0.08,-0.16,0.03,-0.00,-0.07
25858,-1.26,-0.13,0.05,0.03,-0.11,0.04
25859,-1.36,-0.23,-0.36,0.23,-0.00,0.04
25860,-1.36,-0.02,-0.05,0.03,-0.00,0.04
25861,-1.26,-0.23,-0.16,-0.08,-0.11,-0.07
25862,-1.36,-0.02,-0.16,0.03,0.10,0.04
25863,-1.16,-0.23,-0.26,0.03,-0.00,0.04
25864,-1.36,-0.13,-0.26,0.03,0.10,0.04
25865,-1.16,-0.13,0.05,-0.08,-0.00,-0.17
25866,-1.36,0.19,-0.26,-0.08,-0.21,0.04
25867,-1.26,-0.33,0.05,0.13,-0.11,-0.07
25868,-1.26,-0.02,-0.36,0.03,-0.00,-0.07
25869,-1.36,-0.02,0.16,0.03,-0.00,-0.07
25870,-1.05,-0.23,-0.26,0.03,-0.11,-0.17
25871,-1.36,0.08,-0.05,0.03,-0.00,0.14
25872,-1.16,-0.33,-0.05,0.03,-0.00,0.04
25873,-1.16,0.39,-0.05,0.03,-0.00,-0.07
25874,-1.36,-0.23,-0.26,0.13,-0.11,0.14
25875,-1.26,-0.02,-0.26,0.13,-0.00,0.04
25876,-1.36,-0.02,0.05,0.03,-0.00,0.04
25877,-1.16,-0.13,-0.16,0.03,-0.21,-0.17
25878,-1.26,0.19,-0.05,0.03,-0.00,-0.07
25879,-1.47,-0.13,-0.26,0.13,-0.11,0.04
25880,-1.26,-0.13,-0.05,-0.08,-0.11,0.04
25881,-1.36,0.19,-0.16,0.03,-0.11,0.04
25882,-1.36,-0.23,-0.16,0.03,-0.00,0.04
25883,-1.26,0.08,-0.16,-0.08,-0.11,-0.07
25884,-1.16,0.08,-0.05,-0.08,-0.21,-0.07
25885,-1.47,-0.23,-0.05,0.13,-0.00,0.04
25886,-1.36,0.29,-0.05,0.03,-0.00,0.04
25887,-1.36,-0.33,-0.16,0.03,0.10,-0.07
25888,-1.16,0.19,-0.05,0.13,-0.00,0.04
25889,-1.26,-0.33,-0.05,0.03,-0.00,0.04
25890,-1.16,0.08,-0.26,0.03,-0.00,-0.07
25891,-1.26,-0.02,0.05,-0.08,-0.00,-0.07
25892,-1.26,-0.13,-0.26,0.03,-0.11,-0.07
25893,-1.16,0.08,0.05,-0.08,-0.21,-0.07
25894,-1.36,-0.23,-0.26,0.23,0.10,0.04
25895,-1.26,-0.02,-0.05,0.13,-0.00,-0.07
25896,-1.16,-0.13,-0.16,-0.08,-0.11,-0.17
25897,-1.36,-0.23,0.05,0.13,-0.00,-0.07
25898,-1.16,-0.13,-0.16,0.03,-0.00,0.04
25899,-1.36,0.08,-0.16,0.03,-0.21,-0.17
25900,-1.05,-0.13,-0.16,-0.08,-0.21,-0.17
25901,-1.26,-0.02,0.05,-0.08,-0.11,0.04
25902,-1.36,-0.13,0.05,0.13,-0.00,0.14
25903,-1.36,-0.02,-0.26,0.23,0.10,0.14
25904,-1.47,0.08,-0.05,0.13,-0.00,0.04
25905,-1.26,-0.33,-0.26,-0.08,-0.21,-0.17
25906,-1.26,0.29,0.05,-0.08,-0.21,-0.07
25907,-1.47,-0.33,-0.16,0.03,-0.00,0.04
25908,-1.16,0.19,-0.05,-0.08,-0.11,-0.07
25909,-1.36,-0.02,0.16,-0.08,-0.11,-0.07
25910,-1.26,-0.02,-0.16,-0.18,-0.21,-0.17
25911,-1.26,0.19,0.05,0.03,-0.11,0.04
25912,-1.26,-0.02,-0.26,-0.18,-0.11,-0.07
25913,-1.36,-0.02,-0.05,-0.08,-0.00,-0.07
25914,-1.47,0.08,-0.16,0.13,-0.11,0.04
25915,-1.16,-0.13,0.16,-0.08,-0.11,-0.07
25916,-1.36,0.08,-0.05,0.03,-0.21,0.04
25917,-1.05,-0.13,-0.05,-0.18,-0.21,-0.17
25918,-1.36,-0.02,-0.05,-0.08,-0.00,0.04
25919,-1.16,0.08,-0.05,0.03,-0.11,-0.07
25920,-1.26,-0.13,0.05,-0.08,-0.11,-0.07
25921,-1.26,0.39,-0.05,0.03,-0.11,-0.07
25922,-1.26,-0.33,-0.16,0.13,-0.11,-0.07
25923,-1.36,0.08,-0.26,0.13,0.10,0.04
25924,-1.26,-0.23,-0.16,0.13,-0.00,0.14
25925,-1.16,0.08,-0.05,0.03,-0.21,-0.28
25926,-1.47,-0.13,-0.05,0.13,0.10,0.04
25927,-1.26,-0.13,-0.36,0.03,-0.00,-0.07
25928,-1.16,-0.13,0.16,-0.08,-0.00,-0.07
25929,-1.36,-0.13,-0.26,0.03,-0.11,-0.07
25930,-1.26,-0.13,-0.05,-0.08,-0.11,0.04
25931,-1.05,-0.13,-0.16,0.03,-0.00,-0.07
25932,-1.36,-0.02,-0.16,0.03,-0.00,0.14
25933,-1.05,-0.23,-0.26,0.03,-0.11,-0.17
25934,-1.36,0.08,-0.16,0.03,-0.21,0.04
25935,-1.16,-0.23,-0.16,0.03,-0.11,0.04
25936,-1.36,0.08,-0.16,0.13,-0.21,-0.07
25937,-1.26,-0.13,0.05,0.03,-0.00,-0.17
25938,-1.05,0.08,-0.16,-0.18,-0.31,-0.17
25939,-1.36,-0.02,0.05,-0.08,-0.11,0.04
25940,-1.16,-0.02,-0.16,-0.08,-0.31,-0.17
25941,-1.47,-0.02,-0.05,0.13,0.10,0.14
25942,-1.26,-0.23,-0.26,0.13,-0.00,-0.07
25943,-1.26,0.19,0.05,-0.08,-0.21,-0.17
25944,-1.26,0.08,-0.05,0.03,-0.21,0.04
25945,-1.05,-0.23,-0.16,0.13,-0.00,0.04
25946,-1.26,0.19,0.05,0.03,-0.11,-0.17
25947,-1.26,-0.13,0.05,0.13,-0.00,0.04
25948,-1.36,0.08,-0.05,0.03,-0.11,0.04
25949,-1.36,0.08,-0.16,0.13,0.10,0.14
25950,-1.16,-0.13,-0.05,-0.08,-0.21,-0.28
25951,-1.36,0.19,-0.16,0.03,-0.00,0.04
25952,-1.16,-0.23,-0.05,0.03,-0.11,-0.07
25953,-1.36,0.08,-0.16,0.23,0.21,0.04
25954,-1.16,-0.02,-0.16,0.03,-0.00,0.04
25955,-1.47,-0.23,-0.26,0.13,-0.00,0.04
25956,-1.26,0.19,0.05,-0.08,-0.11,-0.07
25957,-1.16,-0.23,-0.05,-0.08,-0.11,0.04
25958,-1.05,0.19,0.05,-0.08,-0.21,-0.17
25959,-1.26,-0.02,-0.05,-0.08,-0.21,-0.17
25960,-1.26,-0.23,-0.16,0.03,-0.00,0.04
25961,-1.47,-0.23,-0.05,0.23,-0.00,0.14
25962,-1.05,0.08,-0.05,-0.08,-0.21,-0.17
25963,-0.95,-0.02,0.05,-0.08,-0.31,-0.17
25964,-1.26,-0.02,-0.26,0.13,-0.00,-0.07
25965,-1.36,-0.33,-0.26,0.13,-0.00,0.04
25966,-1.36,0.08,-0.16,0.03,-0.11,-0.07
25967,-1.26,-0.33,-0.05,0.03,-0.00,0.04
25968,-1.36,0.08,-0.26,0.03,-0.00,0.04
25969,-1.36,-0.23,-0.05,0.13,-0.00,0.14
25970,-1.36,-0.02,-0.26,0.03,-0.11,0.04
25971,-1.16,0.08,0.26,-0.08,0.10,-0.17
25972,-1.26,-0.44,-0.16,0.03,0.10,0.14
25973,-1.36,-0.02,0.05,0.03,-0.00,0.04
25974,-1.26,-0.13,-0.26,0.03,-0.11,-0.17
25975,-1.36,0.08,-0.05,0.03,-0.00,0.04
25976,-1.16,-0.02,-0.05,-0.08,-0.21,-0.28
25977,-1.16,-0.02,-0.05,-0.08,-0.21,-0.07
25978,-1.47,-0.02,-0.16,0.23,-0.00,0.14
25979,-1.36,-0.13,-0.16,0.13,-0.00,0.14
25980,-1.36,-0.13,-0.05,0.23,-0.00,0.04
25981,-1.16,-0.02,-0.05,0.13,-0.00,0.04
25982,-1.16,-0.02,0.05,-0.08,-0.11,-0.07
25983,-1.36,0.08,-0.26,0.13,-0.00,0.14
25984,-1.05,-0.13,0.16,-0.18,-0.11,-0.07
25985,-1.36,0.08,-0.26,-0.08,-0.11,0.04
25986,-1.36,-0.33,-0.05,0.13,0.10,0.24
25987,-1.36,-0.13,-0.36,0.03,0.21,0.14
25988,-1.26,-0.02,0.16,0.03,-0.11,-0.07
25989,-1.26,-0.13,-0.26,0.13,-0.21,-0.17
25990,-1.36,-0.02,0.05,0.03,0.21,0.14
25991,-1.36,-0.23,-0.36,0.13,-0.11,0.14
25992,-1.26,0.08,-0.05,0.03,-0.21,0.04
25993,-1.16,-0.02,0.05,-0.08,-0.11,-0.17
25994,-1.36,-0.02,-0.05,0.03,-0.00,0.04
25995,-1.26,-0.02,-0.16,0.03,-0.11,0.04
25996,-1.26,-0.02,-0.16,0.03,-0.11,-0.07
25997,-1.16,-0.23,-0.16,0.13,-0.00,0.04
25998,-1.16,0.08,0.16,-0.08,-0.21,-0.17
25999,-1.16,-0.33,-0.26,0.03,-0.11,0.04
26000,-1.36,0.19,-0.05,-0.08,-0.11,-0.07
26001,-1.05,-0.23,-0.16,-0.08,-0.11,-0.07
26002,-1.26,-0.02,-0.36,0.13,-0.00,0.14
26003,-1.05,-0.13,0.16,0.03,-0.21,-0.07
26004,-1.36,-0.13,-0.16,0.03,-0.11,0.04
26005,-1.47,-0.13,-0.05,0.13,0.10,0.04
26006,-1.05,-0.23,-0.26,-0.08,-0.00,-0.17
26007,-1.36,0.29,0.16,-0.08,-0.11,-0.07
26008,-1.26,-0.33,-0.26,0.03,-0.00,0.04
26009,-1.47,0.08,-0.16,0.03,0.10,0.04
26010,-1.36,-0.02,-0.16,0.03,-0.11,-0.07
26011,-1.05,-0.02,-0.05,-0.08,-0.11,-0.17
26012,-1.36,-0.13,-0.16,0.13,-0.00,0.04
26013,-1.16,-0.02,-0.05,0.13,-0.11,0.04
26014,-1.36,-0.02,-0.05,0.03,-0.11,-0.07
26015,-1.05,0.08,-0.05,0.03,-0.21,-0.17
26016,-1.36,-0.23,-0.16,0.03,0.10,0.04
26017,-1.26,0.19,-0.05,-0.08,-0.11,-0.17
26018,-1.26,-0.23,-0.16,0.03,-0.11,-0.07
26019,-1.16,0.19,-0.05,0.03,-0.21,-0.07
26020,-1.36,-0.33,-0.16,0.13,-0.00,0.14
26021,-1.26,0.08,-0.05,0.03,-0.11,-0.07
26022,-1.16,-0.02,0.16,0.03,-0.11,0.04
26023,-1.16,0.08,-0.05,-0.08,-0.21,-0.17
26024,-1.16,0.08,0.16,-0.18,-0.21,-0.17
26025,-1.47,-0.33,-0.26,0.23,0.10,0.14
26026,-1.36,-0.13,-0.16,0.13,-0.00,0.04
26027,-1.36,-0.23,-0.26,0.13,0.10,0.04
26028,-1.16,-0.02,0.05,0.03,-0.11,-0.07
26029,-1.36,-0.13,-0.16,0.13,0.10,0.14
26030,-1.16,-0.02,-0.05,-0.08,-0.21,-0.07
26031,-1.26,-0.02,-0.26,-0.08,-0.11,-0.07
26032,-1.36,-0.02,-0.05,-0.08,0.10,0.04
26033,-1.05,-0.02,-0.16,-0.08,-0.11,-0.07
26034,-1.26,0.08,-0.05,-0.08,-0.11,-0.07
26035,-1.26,-0.23,-0.26,0.13,0.10,0.04
26036,-1.26,0.29,-0.05,-0.08,-0.11,0.04
26037,-1.26,-0.44,-0.16,0.13,-0.21,0.04
26038,-1.47,-0.02,-0.26,0.23,0.10,0.04
26039,-1.26,-0.23,-0.16,0.03,-0.00,0.04
26040,-1.47,-0.02,-0.36,0.03,-0.00,0.24
26041,-1.36,-0.23,-0.05,0.03,0.21,0.04
26042,-1.26,-0.23,-0.16,0.03,-0.00,-0.07
26043,-1.26,0.19,0.16,-0.18,-0.21,-0.17
26044,-1.16,-0.02,-0.05,0.03,-0.31,-0.07
26045,-1.26,-0.02,0.05,0.03,-0.11,-0.07
26046,-1.47,-0.13,-0.26,0.23,-0.00,0.24
26047,-1.26,-0.13,-0.16,0.13,-0.00,-0.07
26048,-1.36,-0.02,-0.16,0.13,-0.11,-0.07
26049,-1.05,-0.13,0.05,-0.08,-0.11,-0.17
26050,-1.57,-0.02,-0.26,0.23,0.10,0.14
26051,-1.26,-0.13,-0.05,0.03,-0.00,0.04
26052,-1.47,-0.13,-0.26,0.13,-0.21,0.14
26053,-1.16,-0.13,0.05,-0.08,-0.00,-0.07
26054,-1.36,-0.23,-0.36,0.03,0.10,0.04
26055,-1.26,0.29,0.05,-0.08,-0.11,0.04
26056,-1.26,-0.23,-0.16,-0.08,-0.11,-0.07
26057,-1.36,0.19,-0.16,0.03,-0.11,0.04
26058,-1.26,-0.23,-0.26,0.03,-0.11,0.04
26059,-1.26,0.08,-0.16,-0.18,-0.11,0.04
26060,-1.26,-0.13,-0.26,0.03,-0.11,0.04
26061,-1.26,-0.02,-0.16,-0.08,-0.11,0.04
26062,-1.36,-0.13,-0.16,0.03,-0.00,0.14
26063,-1.36,-0.13,-0.26,0.13,0.10,0.14
26064,-1.16,-0.13,-0.16,0.13,-0.00,-0.07
26065,-1.36,0.08,-0.16,0.13,0.10,-0.07
26066,-1.26,-0.33,-0.36,0.13,-0.00,0.14
26067,-1.36,0.08,-0.26,0.03,-0.00,0.14
26199,-1.16,-0.02,-0.16,0.03,-0.11,-0.07
26200,-1.16,0.08,0.05,-0.08,-0.21,-0.17
26201,-1.26,-0.02,-0.36,0.03,-0.11,-0.07
26202,-1.36,-0.23,-0.05,0.03,-0.00,0.14
26203,-1.16,-0.02,-0.05,0.03,-0.11,0.04
26204,-1.16,-0.02,0.26,-0.08,-0.21,-0.07
26205,-1.16,0.08,-0.36,-0.08,-0.21,0.04
26206,-1.36,-0.23,-0.05,0.23,-0.00,0.14
26207,-1.26,-0.02,-0.36,0.13,-0.00,-0.07
26208,-1.16,-0.23,0.16,0.13,-0.11,0.04
26209,-1.36,0.19,-0.26,-0.08,-0.11,-0.28
26210,-1.16,-0.13,0.16,-0.08,-0.31,-0.07
26211,-1.26,0.19,-0.36,0.03,-0.00,-0.07
26212,-1.26,-0.23,-0.05,0.03,-0.00,0.04
26213,-1.36,-0.02,-0.16,-0.08,-0.21,-0.07
26214,-1.26,-0.02,0.16,-0.08,-0.21,-0.07
26215,-1.16,0.19,-0.26,-0.08,-0.21,-0.07
26216,-1.26,-0.13,0.05,0.03,-0.11,-0.07
26217,-1.16,0.19,-0.26,0.03,-0.11,-0.28
26218,-1.26,-0.02,0.36,-0.08,-0.21,-0.17
26219,-1.26,0.08,-0.57,0.03,-0.11,-0.07
26220,-1.57,-0.13,-0.05,0.13,-0.00,0.14
26221,-1.05,0.08,-0.16,0.03,-0.00,-0.07
26222,-1.36,-0.13,-0.05,0.23,-0.00,0.04
26223,-1.16,-0.02,-0.05,0.03,-0.11,0.04
26224,-1.47,-0.33,-0.05,0.13,-0.00,0.14
26225,-1.36,0.08,-0.16,0.13,0.10,0.04
26226,-1.16,-0.02,0.16,-0.08,-0.21,-0.28
26227,-1.26,0.19,-0.26,0.03,-0.11,0.14
26228,-1.47,-0.33,-0.05,0.03,0.21,0.14
26229,-1.36,0.08,-0.16,0.03,-0.11,-0.17
26230,-1.16,-0.02,-0.05,-0.08,-0.11,-0.07
26231,-1.05,0.19,-0.05,-0.18,-0.21,-0.17
26232,-1.26,-0.23,-0.16,0.13,0.10,0.14
26233,-1.26,0.19,0.05,-0.08,-0.00,-0.07
26234,-1.36,-0.23,-0.16,0.03,-0.00,0.04
26235,-1.36,-0.02,-0.36,0.03,-0.00,0.04
26236,-1.05,-0.02,0.05,-0.08,-0.21,-0.17
26237,-1.05,0.19,-0.05,-0.08,-0.21,-0.17
26238,-1.16,-0.13,-0.16,-0.08,0.10,-0.17
26239,-1.36,-0.02,-0.16,0.13,0.10,0.14
26240,-1.16,0.08,-0.16,0.03,-0.11,-0.07
26241,-1.16,-0.02,-0.16,0.13,-0.00,0.14
26242,-1.36,-0.33,-0.26,0.03,-0.11,0.14
26243,-1.26,0.08,-0.16,0.13,-0.00,0.04
26244,-1.16,-0.23,-0.16,0.03,-0.00,-0.07
26245,-1.26,0.19,-0.26,-0.08,-0.11,0.04
26246,-1.05,-0.13,-0.05,-0.08,-0.11,-0.17
26247,-1.36,0.19,-0.05,-0.08,-0.21,-0.17
26248,-0.95,-0.02,-0.36,-0.18,-0.21,-0.17
26249,-1.26,0.29,0.16,0.03,-0.21,-0.07
26250,-1.05,-0.13,-0.36,-0.08,-0.21,-0.07
26251,-1.47,0.08,0.26,0.13,-0.11,-0.07
26252,-1.16,-0.33,-0.26,0.23,-0.00,0.14
26253,-1.36,0.29,-0.05,0.03,-0.11,-0.07
26254,-1.26,-0.44,-0.05,0.13,0.21,0.14
26255,-1.36,0.08,-0.05,-0.08,-0.21,-0.07
26256,-1.16,-0.33,-0.26,0.03,-0.21,0.04
26257,-1.26,0.19,-0.05,0.13,-0.00,0.14
26258,-1.26,-0.23,-0.36,-0.08,-0.21,-0.07
26259,-1.36,-0.02,0.05,0.13,-0.00,-0.07
26260,-1.26,-0.02,-0.26,-0.08,-0.21,-0.17
26261,-1.16,-0.02,0.05,0.03,-0.11,-0.07
26262,-1.47,-0.23,-0.16,0.13,-0.00,0.04
26263,-1.26,0.08,-0.05,0.13,-0.11,0.04
26264,-1.47,-0.33,-0.36,0.13,-0.11,0.14
26265,-1.36,-0.02,0.05,0.03,-0.00,-0.07
26266,-1.26,-0.13,-0.26,0.03,-0.11,-0.28
26267,-1.26,0.08,0.16,0.03,-0.11,0.04
26268,-1.16,-0.13,-0.47,0.03,-0.11,0.04
26269,-1.16,-0.02,0.26,-0.18,-0.11,-0.07
26270,-1.26,-0.13,-0.26,0.13,-0.00,0.04
26271,-1.36,-0.02,-0.16,0.03,-0.00,0.04
26272,-1.16,0.08,-0.26,-0.08,-0.31,-0.17
26273,-1.16,0.08,0.05,-0.08,-0.21,-0.07
26274,-1.05,0.08,-0.16,-0.08,-0.21,0.04
26275,-1.16,0.19,0.16,-0.08,-0.21,-0.17
26276,-1.16,-0.02,-0.26,-0.08,-0.21,-0.07
26277,-1.26,-0.13,0.05,0.13,0.10,0.14
26278,-1.16,0.08,-0.26,0.03,-0.11,-0.17
26279,-1.16,-0.02,0.05,0.03,-0.00,-0.07
26280,-1.36,0.08,-0.26,0.13,-0.11,0.04
26281,-1.16,-0.02,-0.05,-0.08,-0.21,-0.07
26282,-1.26,-0.02,-0.16,-0.08,-0.11,-0.07
26283,-1.16,-0.23,-0.16,0.03,-0.11,-0.07
26284,-1.36,0.19,-0.05,-0.08,-0.21,-0.07
26285,-1.16,-0.23,-0.05,0.03,0.10,-0.07
26286,-1.47,-0.02,-0.05,0.03,0.10,0.04
26287,-1.16,-0.33,-0.16,0.03,-0.00,-0.07
26288,-1.47,0.08,-0.26,0.13,-0.00,-0.07
26289,-1.16,-0.13,-0.05,-0.08,-0.21,-0.07
26290,-1.36,0.19,-0.05,0.03,0.10,-0.07
26291,-1.05,-0.13,-0.16,-0.08,-0.21,-0.07
26292,-1.47,-0.02,-0.05,0.13,-0.00,0.04
26293,-1.26,-0.13,-0.26,0.03,-0.00,-0.07
26294,-1.36,-0.02,0.05,0.03,-0.11,0.04
26295,-1.36,-0.33,-0.16,0.03,-0.11,0.04
26296,-1.36,0.08,-0.05,0.13,0.10,0.14
26297,-1.36,-0.13,-0.05,0.03,-0.21,-0.07
26298,-1.16,0.19,0.16,0.03,-0.11,-0.07
26299,-1.26,-0.13,-0.26,0.03,-0.00,-0.07
26300,-1.16,-0.02,0.16,0.03,-0.11,0.04
26301,-1.47,-0.23,-0.36,0.03,-0.11,0.04
26302,-1.26,0.08,0.05,0.03,-0.11,0.04
26303,-1.26,-0.13,-0.26,-0.18,-0.11,-0.07
26304,-1.16,0.08,-0.05,0.03,-0.00,-0.17
26305,-1.26,0.08,-0.16,0.13,-0.11,0.04
26306,-1.26,-0.02,0.16,0.03,-0.21,-0.07
26307,-1.36,-0.13,-0.47,0.13,0.21,0.04
26308,-1.16,-0.02,0.26,-0.18,-0.21,-0.17
26309,-1.16,-0.02,-0.26,-0.18,-0.31,-0.17
26310,-1.26,-0.02,0.16,0.03,-0.00,0.14
26311,-1.26,-0.13,-0.47,0.23,0.10,0.14
26312,-1.16,-0.02,0.05,0.03,-0.11,-0.07
26313,-1.16,0.08,0.05,0.03,-0.11,-0.07
26314,-1.26,-0.23,-0.05,0.03,-0.00,0.04
26315,-1.26,0.08,-0.05,0.03,-0.11,0.04
26316,-1.16,0.08,0.05,0.03,-0.11,-0.07
26317,-1.36,-0.02,-0.26,0.03,-0.00,0.04
26318,-1.05,-0.13,-0.05,0.03,-0.11,-0.07
26319,-1.36,0.19,-0.05,-0.08,-0.21,-0.07
26320,-1.16,-0.13,-0.26,0.03,-0.00,-0.07
26321,-1.36,-0.02,0.05,-0.08,-0.00,-0.07
26322,-1.26,-0.23,-0.26,0.03,-0.11,-0.07
26323,-1.26,0.08,0.05,-0.08,-0.11,-0.07
26324,-1.16,-0.13,-0.16,-0.08,-0.00,-0.07
26325,-1.36,0.19,-0.05,0.03,-0.21,-0.07
26326,-1.16,-0.23,-0.16,-0.08,-0.11,0.04
26327,-1.47,-0.02,-0.05,0.03,-0.00,0.04
26328,-1.16,-0.23,-0.16,0.13,-0.11,-0.07
26329,-1.26,0.19,0.16,0.03,-0.21,-0.07
26330,-1.26,-0.23,-0.47,0.03,-0.00,0.04
26331,-1.26,-0.02,0.26,0.03,-0.00,-0.07
26332,-1.26,-0.02,-0.16,-0.08,-0.21,-0.07
26333,-1.36,-0.02,-0.05,0.03,-0.11,0.04
26334,-1.26,0.08,-0.16,-0.08,-0.11,-0.07
26335,-1.36,0.08,-0.05,0.03,-0.11,-0.07
26336,-1.36,-0.13,-0.16,0.13,-0.11,0.04
26337,-1.16,0.08,0.05,-0.08,-0.11,-0.07
26338,-1.36,-0.02,-0.26,0.03,-0.11,0.04
26339,-1.26,-0.23,0.16,-0.08,-0.11,0.04
26340,-1.47,-0.02,-0.26,0.13,-0.11,0.04
26341,-1.26,-0.13,-0.16,0.13,-0.11,-0.07
26342,-1.16,0.29,0.05,-0.08,-0.21,-0.07
26343,-1.26,-0.23,-0.26,0.13,-0.00,0.14
26344,-1.36,-0.02,0.05,-0.08,-0.11,0.04
26345,-1.26,-0.13,-0.05,-0.08,-0.11,-0.07
26346,-1.47,-0.02,-0.16,0.13,-0.00,0.04
26347,-1.26,-0.13,-0.36,0.03,0.10,-0.07
26348,-1.16,0.19,0.05,0.03,-0.11,-0.17
26349,-1.26,-0.33,-0.26,0.03,0.10,0.04
26350,-1.05,0.08,0.16,-0.08,-0.31,-0.07
26351,-1.47,-0.23,-0.36,0.13,-0.00,-0.07
26352,-1.05,-0.02,0.05,0.03,-0.00,-0.17
26353,-1.47,-0.23,-0.36,0.13,0.10,0.04
26354,-1.16,0.08,0.05,-0.08,-0.11,0.04
26355,-1.36,-0.13,-0.26,0.13,-0.00,0.04
26356,-1.26,-0.23,-0.16,0.13,-0.00,0.14
26357,-1.36,-0.02,-0.26,0.03,-0.11,0.04
26358,-1.16,-0.13,-0.05,0.03,-0.00,0.04
26359,-1.16,0.19,-0.26,-0.08,-0.11,-0.07
26360,-1.05,-0.02,0.16,-0.18,-0.21,-0.17
26361,-1.36,0.08,-0.26,0.03,-0.11,-0.17
26362,-1.05,-0.13,-0.05,0.03,-0.21,-0.17
26363,-1.47,0.08,-0.05,0.13,-0.11,0.04
26364,-1.05,-0.13,-0.16,0.03,-0.11,-0.07
26365,-1.47,-0.02,-0.05,0.13,0.10,0.04
26366,-1.05,-0.13,-0.05,0.03,-0.11,-0.17
26367,-1.47,0.08,-0.16,0.03,-0.00,-0.07
26368,-1.26,-0.23,-0.05,0.03,-0.21,-0.07
26369,-1.26,0.19,0.05,-0.08,-0.00,0.04
26370,-1.47,-0.33,-0.26,0.13,-0.00,0.14
26371,-1.16,-0.02,0.16,0.03,-0.00,-0.07
26372,-1.47,-0.23,-0.36,0.13,0.10,0.04
26373,-1.26,-0.02,0.05,0.13,-0.00,-0.07
26374,-1.47,-0.13,-0.47,-0.08,-0.11,-0.07
26375,-1.16,-0.02,0.26,-0.08,-0.21,-0.17
26376,-1.36,0.08,-0.16,-0.08,-0.11,0.04
26377,-1.16,-0.02,0.05,-0.08,-0.11,-0.07
26378,-1.36,-0.02,-0.26,-0.08,-0.11,-0.07
26379,-1.36,-0.02,0.05,0.03,-0.11,-0.07
26380,-1.26,0.08,-0.36,0.03,-0.11,-0.07
26381,-1.26,-0.23,0.05,0.03,-0.00,0.04
26382,-1.36,0.19,-0.26,0.03,0.10,0.04
26383,-1.26,-0.23,-0.05,0.03,-0.11,0.04
26384,-1.36,0.08,-0.16,0.03,-0.00,0.04
26385,-1.05,-0.23,-0.16,0.03,-0.00,0.04
26386,-1.16,0.08,0.16,0.03,-0.21,-0.07
26387,-1.26,-0.13,-0.26,0.03,-0.11,0.04
26388,-1.26,0.08,-0.05,0.13,-0.00,0.04
26389,-1.16,-0.13,-0.16,0.03,-0.11,-0.07
26390,-1.26,0.08,-0.05,0.03,-0.11,0.04
26391,-1.36,-0.23,-0.26,0.03,-0.00,0.04
26506,-1.68,-0.23,0.47,0.03,-0.31,-0.28
26506,-1.26,-0.54,0.26,-0.18,-0.21,-0.07
26507,-1.16,0.19,-0.16,-0.08,-0.21,-0.17
26508,-1.16,-0.13,0.05,0.03,-0.11,0.04
26509,-1.36,-0.02,-0.26,0.03,0.10,0.04
26510,-1.16,-0.13,-0.05,-0.08,-0.11,-0.17
26511,-1.26,0.08,0.05,0.13,-0.00,0.14
26512,-1.36,-0.23,-0.47,0.13,-0.00,0.04
26513,-1.36,-0.13,-0.05,0.03,-0.00,0.04
26514,-1.26,0.08,-0.16,0.03,-0.11,-0.07
26515,-1.26,-0.13,0.05,-0.08,-0.11,-0.17
26516,-1.26,-0.02,-0.05,0.03,-0.21,-0.07
26517,-1.36,-0.13,-0.05,-0.08,-0.00,0.04
26518,-1.26,0.08,-0.16,-0.08,-0.11,-0.07
26519,-1.26,-0.13,0.16,-0.08,-0.21,-0.17
26520,-1.36,0.19,-0.16,0.13,-0.00,-0.07
26521,-1.26,-0.33,-0.16,-0.08,-0.00,-0.07
26522,-1.26,0.29,0.16,0.03,-0.11,0.14
26523,-1.36,-0.23,-0.26,0.03,-0.11,-0.07
26524,-1.26,0.29,0.05,0.03,-0.11,-0.17
26525,-1.36,-0.33,-0.36,0.13,-0.00,-0.07
26526,-1.26,0.08,0.16,-0.08,-0.21,-0.17
26527,-1.36,-0.13,-0.26,0.03,-0.00,0.14
26528,-1.36,0.08,0.16,0.03,-0.11,-0.07
26529,-1.36,0.08,-0.36,0.13,-0.11,0.04
26530,-1.26,-0.23,0.16,0.03,-0.21,-0.07
26531,-1.26,0.19,-0.16,0.13,-0.00,-0.07
26532,-1.47,-0.23,-0.16,0.13,0.10,-0.07
26533,-1.16,0.08,0.05,0.03,-0.11,-0.07
26534,-1.36,-0.23,-0.36,0.13,-0.00,0.04
26535,-1.26,0.08,0.05,0.03,-0.11,0.04
26536,-1.26,-0.13,-0.26,0.03,-0.11,0.04
26537,-1.26,-0.13,0.16,0.13,-0.00,0.04
26538,-1.36,-0.02,-0.26,0.23,0.10,0.14
26539,-1.16,-0.02,0.16,-0.08,-0.11,-0.17
26540,-1.36,-0.02,-0.36,0.03,-0.11,0.14
26541,-1.05,-0.13,0.05,-0.08,-0.21,-0.17
26542,-1.16,0.08,-0.05,0.03,-0.21,0.04
26543,-1.26,-0.33,-0.26,0.03,-0.00,0.04
26544,-1.26,0.19,0.05,-0.08,-0.11,0.04
26545,-1.36,-0.13,-0.57,0.03,-0.00,-0.07
26546,-1.16,0.08,0.16,-0.08,-0.11,0.04
26547,-1.26,-0.13,-0.16,-0.08,-0.11,-0.07
26548,-1.26,-0.02,0.26,0.13,-0.11,0.04
26549,-1.36,-0.02,-0.26,0.03,-0.00,0.04
26550,-1.16,0.08,0.05,0.13,-0.11,0.04
26551,-1.36,-0.02,-0.26,0.03,-0.00,0.04
26552,-1.26,-0.23,0.05,0.03,-0.00,0.04
26553,-1.26,0.08,0.05,-0.08,-0.11,-0.07
26554,-1.16,-0.13,-0.47,0.03,-0.00,-0.07
26555,-1.26,0.08,-0.05,0.03,-0.00,0.04
26556,-1.47,-0.23,-0.47,0.13,0.10,0.14
26557,-1.26,-0.13,0.16,0.03,-0.11,-0.07
26558,-1.16,-0.02,-0.16,-0.08,-0.21,-0.17
26559,-1.26,-0.23,0.05,0.03,-0.00,-0.07
26560,-1.26,0.08,-0.05,0.03,-0.00,-0.07
26561,-1.47,-0.23,-0.16,-0.08,-0.00,-0.07
26562,-1.47,0.08,-0.26,0.03,0.10,-0.07
26563,-1.26,-0.13,0.05,-0.08,-0.21,-0.17
26564,-1.26,0.19,0.16,0.13,-0.11,0.04
26565,-1.36,-0.33,-0.47,0.13,-0.00,-0.07
26566,-1.36,0.19,0.26,0.13,-0.11,-0.07
26567,-1.36,-0.02,-0.57,0.03,-0.00,0.04
26568,-1.26,-0.02,0.16,0.13,-0.00,0.04
26569,-1.26,0.08,-0.16,-0.08,-0.21,-0.07
26570,-1.47,-0.23,-0.05,0.13,-0.00,0.14
26571,-1.16,0.19,-0.05,0.03,-0.00,0.14
26572,-1.26,-0.23,-0.05,-0.08,-0.21,-0.07
26573,-1.16,0.19,0.05,-0.08,-0.11,0.04
26574,-1.26,-0.23,-0.26,0.03,-0.21,0.04
26575,-1.26,0.08,0.05,0.13,-0.00,0.14
26576,-1.47,-0.23,-0.57,0.03,-0.00,-0.07
26577,-1.16,0.08,0.16,0.03,-0.11,0.04
26578,-1.05,-0.13,-0.36,-0.08,-0.21,0.04
26579,-1.16,-0.02,0.16,-0.08,-0.11,0.04
26580,-1.16,0.08,-0.16,-0.08,-0.21,0.04
26581,-1.36,-0.23,-0.05,0.13,-0.00,0.04
26582,-1.16,0.29,-0.05,-0.08,-0.00,-0.17
26583,-1.36,-0.33,-0.05,0.13,-0.00,0.04
26584,-1.05,0.19,0.05,-0.08,-0.11,0.04
26585,-1.36,-0.13,-0.47,-0.08,-0.00,-0.07
26586,-1.16,0.19,0.26,-0.08,-0.11,-0.07
26587,-1.26,-0.02,-0.57,0.03,-0.11,-0.07
26588,-1.05,0.08,0.26,-0.08,-0.11,-0.28
26589,-1.26,-0.02,-0.16,0.03,-0.00,0.04
26590,-1.16,-0.02,-0.05,-0.08,-0.21,-0.07
26591,-1.26,-0.02,0.05,0.03,-0.11,0.04
26592,-1.26,-0.23,-0.47,0.03,-0.11,-0.07
26593,-1.16,0.08,0.16,0.03,-0.00,-0.07
26594,-1.36,-0.13,-0.26,-0.08,0.10,-0.07
26595,-1.16,0.08,0.16,-0.08,-0.00,0.04
26596,-1.26,0.08,-0.47,-0.18,-0.11,-0.07
26597,-1.26,-0.23,0.16,0.03,-0.11,0.14
26598,-1.36,0.08,-0.16,-0.08,-0.11,-0.07
26599,-1.05,-0.23,-0.16,0.03,-0.11,-0.07
26600,-1.36,0.19,0.16,0.03,-0.00,-0.07
26601,-1.26,-0.23,-0.47,-0.08,-0.00,0.04
26602,-1.36,0.19,0.16,0.03,-0.00,0.04
26603,-1.26,-0.33,-0.47,0.03,0.10,0.04
26604,-1.36,0.08,0.05,-0.08,-0.11,0.04
26605,-1.26,-0.02,-0.26,0.03,-0.21,-0.17
26606,-1.47,-0.02,0.05,0.03,-0.11,0.14
26607,-1.16,-0.02,-0.47,0.03,-0.00,0.04
26608,-1.47,-0.33,0.05,0.03,-0.00,0.04
26609,-1.26,-0.02,-0.16,0.13,-0.00,-0.07
26610,-1.47,-0.23,-0.36,0.03,-0.00,0.04
26611,-1.26,0.19,0.16,-0.08,0.10,-0.07
26612,-1.36,-0.23,-0.47,0.03,-0.00,0.04
26613,-1.16,-0.02,0.26,-0.18,-0.00,-0.07
26614,-1.16,0.08,-0.36,-0.08,-0.21,-0.07
26615,-1.16,0.08,0.26,-0.08,-0.21,-0.07
26616,-1.26,0.19,-0.47,-0.08,-0.11,-0.17
26617,-1.36,-0.23,-0.05,0.13,0.10,0.04
26618,-1.16,0.08,0.05,0.13,-0.11,-0.07
26619,-1.26,-0.33,-0.26,0.13,-0.11,0.04
26620,-1.36,0.08,0.26,0.13,-0.11,0.04
26621,-1.36,-0.13,-0.57,0.03,-0.11,0.04
26622,-1.16,-0.02,0.26,0.03,-0.11,0.04
26623,-1.16,-0.13,-0.26,-0.08,0.10,0.04
26624,-1.26,-0.02,0.16,0.03,-0.11,-0.07
26625,-1.16,-0.02,-0.16,0.03,-0.00,0.04
26626,-1.26,-0.02,-0.26,0.13,-0.11,-0.07
26627,-1.16,-0.02,0.05,0.03,-0.11,-0.07
26628,-1.26,-0.23,-0.05,-0.08,-0.11,-0.07
26629,-1.16,-0.02,0.16,0.03,0.10,0.04
26630,-1.26,-0.02,-0.36,0.03,-0.11,-0.07
26631,-1.36,-0.13,0.05,0.03,-0.11,-0.07
26632,-1.26,0.08,-0.16,0.13,-0.11,-0.17
26633,-1.16,-0.23,-0.16,0.13,0.10,0.04
26634,-1.26,0.08,-0.05,0.03,-0.11,0.04
26635,-1.36,-0.23,-0.47,0.03,-0.00,-0.07
26636,-1.36,0.08,0.16,0.13,-0.00,-0.07
26637,-1.26,-0.13,-0.36,-0.08,-0.11,-0.07
26638,-1.26,-0.02,0.36,0.03,-0.11,-0.07
26639,-1.47,-0.02,-0.36,0.03,-0.11,0.04
26640,-1.36,-0.13,0.16,-0.18,-0.11,-0.07
26641,-1.36,0.08,-0.26,-0.18,-0.00,0.04
26642,-1.26,-0.23,-0.05,0.03,-0.11,-0.07
26643,-1.26,0.29,0.26,-0.08,-0.11,-0.07
26644,-1.36,-0.23,-0.47,0.03,-0.11,-0.07
26645,-1.47,0.08,0.16,0.03,-0.11,-0.07
26646,-1.36,-0.23,-0.57,0.03,-0.11,0.04
26647,-1.36,-0.13,0.26,0.03,-0.11,0.04
26648,-1.16,0.08,-0.16,0.03,-0.11,-0.07
26649,-1.36,-0.02,0.05,0.03,-0.11,0.04
26650,-1.26,-0.02,-0.05,0.03,-0.11,-0.07
26651,-1.36,-0.23,-0.16,0.03,-0.11,0.04
26652,-1.05,0.08,0.16,0.03,-0.00,0.04
26653,-1.36,-0.13,-0.36,0.03,-0.00,-0.07
26654,-1.16,-0.02,0.36,0.03,-0.11,-0.07
26655,-1.36,-0.13,-0.47,0.13,0.10,0.04
26656,-1.05,-0.02,0.16,-0.08,-0.11,0.04
26657,-1.36,-0.02,-0.26,0.13,0.10,0.04
26658,-1.26,-0.13,-0.05,0.03,-0.00,-0.17
26659,-1.26,0.19,-0.05,0.03,-0.11,0.04
26660,-1.16,-0.23,-0.36,-0.08,-0.11,-0.07
26661,-1.16,0.08,0.36,-0.08,-0.11,-0.07
26662,-1.26,-0.13,-0.57,0.03,-0.21,-0.07
26663,-1.36,0.08,0.26,0.03,-0.11,0.04
26664,-1.16,-0.02,-0.47,0.03,-0.00,0.04
26665,-1.26,-0.13,0.16,0.13,-0.21,0.14
26666,-1.16,-0.02,0.05,0.03,-0.11,-0.07
26667,-1.26,-0.13,-0.47,0.03,-0.21,-0.07
26668,-1.16,0.08,0.16,-0.08,-0.21,-0.07
26669,-1.26,-0.13,-0.47,-0.18,-0.21,-0.17
26670,-1.05,-0.02,0.26,0.13,-0.00,0.14
26671,-1.36,-0.02,-0.16,0.03,-0.21,-0.07
26672,-1.36,-0.23,-0.16,-0.08,-0.00,0.04
26673,-1.36,-0.02,-0.05,0.03,-0.00,-0.07
26674,-1.26,-0.23,-0.26,0.03,-0.00,0.04
26675,-1.16,-0.02,0.16,0.03,-0.11,-0.07
26676,-1.36,-0.13,-0.57,0.13,0.10,0.04
26677,-1.16,-0.02,0.36,0.03,-0.11,-0.07
26678,-1.36,-0.02,-0.57,0.03,-0.11,-0.17
26679,-1.05,-0.23,0.05,0.03,-0.00,-0.17
26680,-1.47,-0.02,-0.05,-0.08,-0.11,0.04
26681,-1.26,-0.23,-0.16,-0.08,-0.21,-0.28
26682,-1.36,0.08,0.05,-0.08,-0.00,-0.17
26683,-1.26,-0.33,-0.47,0.13,-0.00,0.04
26684,-1.36,-0.02,0.47,0.03,-0.00,0.04
26685,-1.26,-0.02,-0.68,0.13,-0.00,0.04
26686,-1.26,-0.02,0.47,0.03,-0.11,0.04
26687,-1.16,0.08,-0.26,-0.08,-0.11,0.04
26688,-1.26,-0.23,-0.16,0.13,-0.00,0.04
26689,-1.16,0.39,0.26,-0.08,-0.11,-0.07
26690,-1.36,-0.23,-0.68,0.13,-0.00,-0.07
26691,-1.16,0.08,0.57,-0.08,-0.11,-0.07
26692,-1.26,-0.13,-0.36,0.03,-0.21,0.04
26693,-1.26,0.08,0.36,-0.08,-0.00,-0.07
26694,-1.36,-0.02,-0.36,0.03,-0.00,0.04
26695,-1.36,-0.13,0.05,0.03,-0.11,0.14
26696,-1.26,-0.02,0.05,0.03,-0.00,0.04
26697,-1.26,-0.23,-0.26,0.03,-0.00,-0.07
26698,-1.16,0.29,0.26,0.03,-0.00,-0.07
26699,-1.26,-0.13,-0.57,-0.08,-0.21,0.04
26700,-1.36,-0.02,0.26,-0.08,-0.00,0.04
26702,-1.05,-0.02,-0.36,-0.08,-0.21,0.04
26702,-1.16,-0.13,0.26,-0.08,-0.11,0.04
26703,-1.16,0.19,-0.36,0.03,-0.00,-0.07
26704,-1.47,-0.33,-0.26,-0.08,-0.00,0.04
26705,-1.16,0.08,0.16,0.03,-0.00,-0.07
26706,-1.16,-0.23,-0.47,0.13,-0.11,0.04
26707,-1.05,0.08,0.36,-0.08,-0.11,-0.17
26708,-1.26,-0.13,-0.36,0.03,-0.11,-0.17
26709,-1.16,0.08,0.16,0.03,-0.11,-0.07
26710,-1.16,-0.02,-0.16,-0.08,-0.11,-0.17
26711,-1.26,-0.02,-0.26,-0.08,-0.11,-0.17
26712,-1.16,0.08,0.26,0.13,-0.11,0.04
26713,-1.47,-0.23,-0.68,0.13,-0.00,0.04
26714,-1.16,-0.13,0.26,0.13,-0.11,-0.07
26715,-1.36,-0.02,-0.26,0.03,-0.00,-0.07
26716,-1.16,-0.02,0.05,0.03,-0.11,-0.07
26717,-1.36,-0.13,0.05,0.03,-0.00,-0.07
26718,-1.16,-0.02,-0.36,-0.08,-0.00,0.04
26719,-1.26,0.08,0.26,-0.08,-0.11,0.04
26720,-1.36,-0.02,-0.47,0.03,-0.00,0.14
26721,-1.26,-0.02,0.16,0.13,-0.11,0.04
26722,-1.36,-0.02,-0.36,-0.08,-0.00,-0.07
26723,-1.16,-0.23,-0.05,0.03,-0.00,0.04
26724,-1.47,0.08,0.05,-0.08,-0.11,0.14
26725,-1.26,-0.23,-0.57,0.03,-0.21,0.04
26726,-1.36,0.19,0.16,0.03,-0.11,-0.07
26727,-1.26,-0.13,-0.36,0.13,-0.11,0.04
26728,-1.26,-0.13,0.36,0.03,-0.00,0.04
26729,-1.36,-0.02,-0.47,0.03,-0.00,-0.07
26730,-1.16,-0.23,0.05,-0.08,-0.00,-0.07
26731,-1.05,0.19,0.05,0.03,-0.11,0.04
26732,-1.26,-0.23,-0.47,0.03,-0.11,-0.07
26733,-1.26,0.29,0.36,0.03,-0.00,0.04
26734,-1.26,-0.13,-0.78,0.03,-0.11,-0.07
26735,-1.16,-0.02,0.47,0.03,-0.11,-0.07
26736,-1.16,0.08,-0.26,0.13,-0.00,-0.07
26737,-1.26,-0.23,-0.05,-0.08,-0.11,-0.07
26738,-1.05,0.19,0.16,-0.08,-0.11,0.14
26739,-1.36,-0.23,-0.57,0.03,-0.00,0.04
26740,-1.05,0.19,0.47,0.03,-0.11,0.04
26741,-1.36,-0.02,-0.68,0.03,-0.11,-0.17
26742,-1.26,-0.02,0.26,-0.08,-0.00,-0.07
26743,-1.26,0.08,-0.36,0.03,-0.11,-0.07
26744,-1.26,-0.13,-0.16,0.03,-0.00,-0.07
26745,-1.16,0.08,0.16,0.03,-0.21,-0.07
26746,-1.26,-0.23,-0.47,0.13,-0.11,0.04
26747,-1.26,0.08,0.26,0.03,-0.11,0.04
26748,-1.26,-0.02,-0.47,0.03,-0.21,-0.07
26749,-1.26,-0.02,0.16,0.03,-0.00,0.14
26750,-1.16,-0.02,-0.26,-0.08,-0.11,-0.07
26751,-1.36,-0.13,-0.16,0.03,-0.00,0.14
26752,-1.16,-0.02,0.05,0.03,-0.11,-0.17
26753,-1.26,-0.13,-0.47,0.03,-0.11,-0.07
26754,-1.05,0.19,0.36,-0.08,-0.11,-0.07
26755,-1.36,-0.13,-0.47,0.03,-0.11,0.04
26756,-1.16,-0.13,0.26,0.03,-0.00,0.04
26757,-1.47,-0.02,-0.26,0.13,0.10,-0.07
26758,-1.16,-0.13,-0.26,0.03,-0.11,-0.07
26759,-1.36,-0.02,0.26,0.13,0.10,0.04
26760,-1.36,-0.13,-0.68,0.03,-0.00,-0.07
26761,-1.16,-0.33,0.16,0.13,-0.11,-0.07
26762,-1.47,0.08,-0.47,0.03,-0.00,-0.07
26763,-1.26,-0.23,0.05,-0.08,-0.11,0.04
26764,-1.36,0.08,-0.05,-0.08,-0.11,-0.07
26765,-1.05,-0.23,-0.47,-0.08,-0.11,-0.07
26766,-1.47,-0.02,0.26,0.23,-0.00,0.04
26767,-1.36,-0.13,-0.57,0.03,0.10,0.04
26768,-1.26,-0.23,0.16,0.03,0.10,0.14
26769,-1.05,0.19,-0.26,0.03,-0.21,-0.17
26770,-1.26,-0.23,-0.16,-0.08,-0.21,-0.17
26771,-1.26,0.08,0.26,0.03,-0.11,0.04
26772,-1.26,-0.23,-0.78,0.03,-0.00,-0.07
26773,-1.16,0.08,0.57,-0.08,-0.21,-0.07
26774,-1.16,-0.02,-0.26,0.03,-0.00,-0.07
26776,-1.47,-0.02,0.16,-0.08,-0.00,-0.07
26776,-1.26,-0.02,-0.36,0.03,-0.11,-0.07
26777,-1.36,-0.23,-0.26,0.03,-0.11,0.04
26778,-1.16,0.19,0.26,0.03,-0.00,-0.07
26779,-1.36,-0.13,-0.47,0.03,-0.11,-0.07
26780,-1.16,-0.02,0.36,0.13,-0.11,0.04
26781,-1.36,-0.13,-0.57,-0.08,-0.11,-0.17
26782,-1.16,-0.13,0.16,-0.08,-0.21,-0.07
26783,-1.26,0.08,-0.16,0.13,-0.21,-0.07
26784,-1.26,-0.13,-0.36,0.03,-0.11,-0.07
26785,-1.16,0.08,0.36,0.03,-0.11,0.04
26786,-1.36,-0.02,-0.68,-0.08,-0.11,-0.07
26787,-1.26,-0.13,0.36,0.03,-0.11,-0.07
26788,-1.16,-0.02,-0.36,0.03,-0.11,0.04
26789,-1.26,-0.13,-0.16,0.03,-0.00,0.14
26790,-1.16,0.19,0.26,-0.08,-0.11,-0.17
26791,-1.36,-0.13,-0.68,0.03,-0.00,-0.07
26792,-1.26,-0.02,0.26,0.03,-0.11,0.04
26793,-1.26,-0.13,-0.47,0.03,-0.11,0.04
26794,-1.16,-0.02,0.26,-0.08,-0.21,-0.07
26795,-1.36,-0.02,0.05,0.03,-0.00,0.04
26796,-1.26,-0.02,-0.47,-0.08,-0.11,-0.17
26797,-1.16,0.08,0.26,0.03,-0.00,0.04
26798,-1.36,-0.02,-0.36,0.03,-0.11,-0.17
26799,-1.26,-0.02,0.05,0.13,-0.00,0.04
26800,-1.36,-0.23,-0.26,0.03,-0.11,0.04
26801,-1.05,-0.02,-0.05,0.03,-0.11,-0.07
26802,-1.36,0.08,0.05,0.03,-0.00,0.04
26803,-1.36,-0.13,-0.36,0.03,-0.11,0.04
26804,-1.26,-0.02,0.26,0.03,-0.00,-0.07
26805,-1.36,-0.02,-0.68,-0.08,-0.11,-0.07
26806,-1.16,-0.23,0.26,0.13,-0.00,0.04
26807,-1.47,0.08,-0.05,0.03,-0.11,0.04
26808,-1.05,-0.13,-0.36,-0.08,-0.11,-0.28
26809,-1.36,0.19,0.36,0.13,-0.11,-0.07
26810,-1.26,-0.13,-0.78,0.13,-0.00,-0.07
26811,-1.16,-0.13,0.57,0.03,-0.00,-0.07
26812,-1.26,-0.02,-0.47,0.03,-0.00,0.04
26813,-1.26,-0.23,-0.36,0.03,-0.00,-0.07
26814,-1.36,0.29,0.36,-0.08,-0.00,0.04
26815,-1.26,-0.13,-0.78,0.03,-0.00,-0.07
26816,-1.26,-0.13,0.57,0.03,0.10,-0.07
26817,-1.16,-0.02,-0.68,0.03,-0.11,-0.07
26818,-1.47,-0.13,0.16,0.13,-0.00,0.04
26819,-1.16,0.19,-0.05,0.03,-0.11,-0.07
26820,-1.26,-0.13,-0.47,0.03,-0.11,-0.07
26821,-1.16,-0.02,0.26,0.13,-0.00,-0.07
26822,-1.47,-0.13,-0.57,-0.08,-0.11,-0.07
26823,-1.16,0.19,0.47,-0.08,-0.21,-0.17
26824,-1.26,-0.02,-0.36,0.03,0.10,0.14
26825,-1.16,-0.13,-0.16,-0.08,-0.11,-0.07
26826,-1.16,-0.02,0.16,0.03,-0.00,0.04
26827,-1.36,-0.02,-0.47,0.03,-0.11,-0.07
26828,-1.26,-0.02,0.47,0.03,-0.11,0.04
26961,-1.16,-0.23,0.68,-0.18,-0.11,-0.07
26962,-1.36,0.08,-0.57,0.03,-0.11,-0.07
26963,-1.26,-0.23,-0.16,0.13,-0.00,0.04
26964,-1.05,-0.02,0.36,0.03,-0.11,0.04
26965,-1.36,-0.13,-0.99,0.03,-0.00,0.04
26966,-1.16,-0.02,0.78,0.03,-0.11,0.04
26967,-1.26,-0.02,-0.47,0.03,-0.21,-0.07
26968,-1.36,-0.13,-0.26,0.03,-0.11,0.04
26969,-1.16,-0.02,0.47,-0.08,-0.21,-0.07
26970,-1.36,-0.02,-0.88,-0.08,-0.11,-0.07
26971,-1.16,-0.02,0.57,-0.08,-0.11,-0.17
26972,-1.26,-0.02,-0.47,0.03,-0.11,0.04
26973,-1.36,-0.02,-0.36,0.03,-0.00,-0.07
26974,-1.05,-0.13,0.36,0.03,-0.11,-0.07
26975,-1.57,-0.13,-0.78,0.03,-0.00,0.04
26976,-1.05,-0.13,0.47,0.13,-0.11,0.04
26977,-1.36,-0.02,-0.26,0.03,-0.11,-0.07
26978,-1.36,-0.13,-0.36,0.13,-0.11,0.04
26979,-1.05,-0.13,0.47,0.03,-0.11,0.04
26980,-1.57,-0.02,-0.99,0.03,-0.11,-0.07
26981,-0.95,-0.13,0.57,0.03,-0.00,0.04
26982,-1.57,-0.02,-0.36,0.13,-0.00,0.04
26983,-1.26,-0.02,-0.47,0.03,-0.11,-0.07
26984,-1.16,-0.02,0.78,0.03,-0.11,0.04
26985,-1.47,0.08,-0.99,0.13,-0.00,0.04
26986,-0.95,-0.13,0.57,-0.08,-0.11,-0.17
26987,-1.57,0.08,-0.16,0.03,-0.00,0.04
26988,-1.36,-0.23,-0.78,0.03,-0.11,-0.07
26989,-1.26,-0.13,0.99,0.03,-0.11,-0.07
26990,-1.47,0.08,-1.09,0.03,-0.00,0.04
26991,-1.05,-0.23,0.47,0.03,-0.21,0.04
26992,-1.26,0.08,0.16,-0.08,-0.11,-0.07
26993,-1.36,-0.13,-0.99,0.03,-0.21,-0.07
26994,-1.26,-0.13,0.78,0.03,-0.00,0.14
26995,-1.36,0.08,-0.99,-0.08,-0.21,-0.07
26996,-1.16,-0.13,0.26,0.03,-0.11,0.04
26997,-1.16,-0.02,0.16,0.03,-0.11,0.04
26998,-1.47,0.08,-0.78,0.03,-0.11,-0.17
26999,-1.16,-0.13,0.78,0.03,-0.00,0.04
27000,-1.36,-0.02,-0.68,0.03,-0.11,0.04
27001,-1.26,0.08,0.16,0.03,-0.21,-0.07
27002,-1.05,-0.02,0.36,0.13,-0.11,0.04
27003,-1.36,0.08,-0.88,0.03,-0.21,-0.17
27004,-1.05,-0.13,0.78,0.03,-0.21,-0.07
27005,-1.16,0.08,-0.57,-0.08,-0.11,-0.17
27006,-1.26,-0.13,-0.16,0.13,-0.11,0.04
27007,-1.05,-0.02,0.57,-0.08,-0.11,-0.07
27008,-1.26,0.08,-0.88,-0.08,-0.21,-0.07
27009,-1.05,-0.23,0.78,-0.08,-0.21,-0.07
27010,-1.26,0.19,-0.36,-0.08,-0.11,0.04
27012,-1.26,-0.23,-0.47,-0.08,-0.00,-0.07
27012,-0.95,0.08,0.78,-0.08,-0.11,-0.07
27013,-1.47,-0.02,-1.20,0.03,-0.00,0.14
27014,-1.16,-0.02,0.68,-0.08,-0.21,-0.07
27015,-1.16,0.08,-0.26,-0.08,-0.00,-0.07
27016,-1.26,-0.23,-0.68,0.13,-0.11,0.04
27017,-0.95,-0.02,0.99,0.03,-0.21,0.04
27018,-1.36,-0.02,-1.09,0.03,-0.21,0.04
27019,-1.26,-0.33,0.36,0.03,-0.00,0.04
27020,-1.26,-0.13,-0.05,0.13,-0.11,-0.07
27021,-1.36,-0.02,-0.78,-0.08,-0.11,-0.17
27022,-0.84,-0.23,0.88,0.03,-0.00,0.04
27023,-1.47,0.08,-0.88,0.13,-0.11,0.04
27024,-1.26,-0.13,-0.16,0.03,-0.11,0.04
27025,-1.26,-0.02,0.16,0.13,-0.00,-0.07
27026,-1.47,-0.02,-0.99,-0.08,-0.00,0.04
27027,-0.84,-0.13,0.78,0.03,0.10,0.04
27028,-1.47,0.08,-0.47,-0.08,-0.11,-0.07
27029,-1.26,-0.13,-0.47,0.03,-0.00,0.04
27030,-1.26,-0.13,0.57,0.13,-0.11,0.04
27031,-1.36,0.08,-0.99,0.03,-0.00,-0.17
27032,-1.05,-0.23,0.68,0.03,-0.00,0.04
27033,-1.47,0.19,-0.26,0.03,-0.11,-0.07
27034,-1.26,-0.13,-0.68,0.03,-0.00,0.04
27035,-1.26,-0.23,0.78,0.13,-0.11,-0.07
27036,-1.36,0.08,-1.20,-0.08,-0.00,-0.17
27037,-1.16,-0.33,0.47,0.03,-0.00,0.04
27038,-1.36,0.19,0.05,-0.08,-0.11,-0.07
27039,-1.36,-0.02,-1.09,-0.08,-0.11,-0.07
27040,-1.16,-0.23,1.09,0.13,-0.11,-0.07
27041,-1.26,0.08,-1.09,-0.08,-0.11,-0.17
27042,-1.26,-0.33,0.26,0.03,-0.11,0.04
27043,-1.05,0.08,0.47,0.03,-0.11,-0.07
27044,-1.47,-0.02,-1.20,0.03,-0.11,-0.07
27045,-1.16,-0.33,0.99,0.03,-0.00,0.14
27046,-1.36,0.19,-0.78,0.03,0.10,0.04
27047,-1.36,-0.13,-0.16,0.13,-0.11,-0.07
27048,-1.16,-0.23,0.78,0.13,-0.11,0.04
27049,-1.47,0.08,-1.30,0.03,-0.00,-0.07
27050,-1.16,-0.23,0.78,0.13,-0.00,-0.07
27051,-1.47,-0.02,-0.57,0.03,-0.00,0.04
27052,-1.26,0.08,-0.47,0.13,-0.11,-0.07
27053,-1.05,-0.13,0.99,0.03,-0.11,0.04
27054,-1.47,0.19,-1.20,0.03,-0.11,-0.17
27055,-1.16,-0.23,0.57,0.03,-0.11,-0.07
27056,-1.26,0.19,-0.05,0.03,-0.11,-0.07
27057,-1.36,-0.02,-1.09,0.13,-0.11,-0.07
27058,-1.05,-0.23,1.09,0.03,-0.11,0.04
27059,-1.47,0.29,-1.09,0.03,-0.11,0.04
27060,-1.26,-0.23,-0.05,0.13,-0.00,-0.07
27061,-1.16,-0.02,0.47,0.03,-0.00,0.14
27062,-1.57,-0.02,-1.30,0.03,-0.00,-0.07
27063,-0.95,-0.23,0.99,0.03,-0.11,-0.07
27064,-1.47,-0.02,-0.68,0.13,-0.00,0.04
27065,-1.36,-0.02,-0.36,-0.08,0.10,-0.07
27066,-0.95,-0.13,0.78,0.03,-0.00,0.04
27067,-1.57,0.08,-1.40,0.03,-0.11,-0.07
27068,-0.95,-0.23,0.68,0.03,-0.00,0.04
27069,-1.36,0.08,-0.16,0.03,-0.11,0.04
27070,-1.57,0.08,-0.99,0.03,-0.00,-0.07
27071,-0.84,-0.23,1.09,-0.08,-0.11,-0.07
27072,-1.68,0.19,-0.88,0.03,-0.00,0.04
27073,-1.16,-0.23,0.05,0.03,-0.11,0.04
27074,-1.16,-0.02,0.57,-0.08,-0.00,0.04
27075,-1.68,0.19,-1.30,0.03,-0.00,-0.07
27076,-0.84,-0.54,0.88,0.13,-0.11,0.04
27077,-1.68,0.29,-0.68,0.03,-0.11,-0.07
27078,-1.16,-0.23,-0.47,-0.08,-0.11,0.04
27079,-1.16,-0.23,0.88,0.03,-0.00,0.04
27080,-1.57,0.29,-1.20,0.03,-0.00,-0.07
27081,-0.95,-0.44,0.68,0.03,-0.00,0.04
27082,-1.57,0.19,-0.16,-0.08,-0.21,0.04
27083,-1.26,-0.13,-1.09,0.03,-0.11,0.04
27084,-1.16,-0.44,1.20,0.03,-0.00,0.24
27085,-1.47,0.29,-1.30,0.03,-0.11,0.04
27086,-1.16,-0.33,0.36,0.03,-0.21,0.04
27087,-1.26,0.08,0.57,0.13,-0.00,0.14
27088,-1.47,0.08,-1.40,0.13,-0.00,0.04
27089,-1.16,-0.33,1.30,0.13,0.10,0.04
27090,-1.36,0.19,-0.88,-0.08,-0.00,-0.07
27091,-1.36,-0.23,-0.26,0.13,-0.00,0.04
27092,-1.05,-0.02,0.99,-0.08,-0.00,0.04
27093,-1.47,0.08,-1.51,0.03,-0.11,0.04
27094,-1.05,-0.23,0.78,0.03,-0.00,-0.07
27095,-1.26,0.19,-0.05,-0.08,-0.21,-0.07
27096,-1.47,-0.02,-0.99,0.13,-0.00,-0.07
27097,-1.05,-0.33,1.20,-0.18,-0.11,0.14
27098,-1.47,0.29,-1.20,-0.08,-0.11,0.04
27099,-1.05,-0.23,0.16,0.03,-0.11,0.04
27100,-1.16,-0.13,0.57,-0.08,-0.21,-0.07
27101,-1.57,0.19,-1.40,-0.08,-0.21,-0.07
27102,-1.05,-0.44,0.88,0.03,-0.00,0.04
27103,-1.36,0.19,-0.57,0.03,-0.11,-0.07
27104,-1.36,-0.02,-0.57,0.03,-0.00,-0.07
27105,-1.05,-0.13,0.99,0.03,-0.11,0.14
27106,-1.68,0.29,-1.30,-0.08,-0.00,-0.07
27107,-1.05,-0.44,0.36,0.03,-0.00,0.04
27108,-1.26,0.08,0.05,0.03,-0.11,0.04
27109,-1.47,-0.02,-1.09,0.13,-0.00,0.04
27110,-0.84,-0.33,1.20,0.03,-0.00,-0.07
27111,-1.47,0.19,-0.99,0.03,-0.11,0.04
27112,-1.16,-0.23,-0.05,0.13,-0.00,0.04
27113,-0.95,-0.02,0.88,-0.08,-0.21,0.04
27114,-1.68,0.19,-1.40,0.03,0.10,-0.07
27115,-0.84,-0.33,0.78,0.03,-0.00,0.04
27116,-1.26,0.08,-0.26,0.13,-0.11,-0.07
27117,-1.36,-0.02,-0.78,0.03,-0.11,-0.17
27118,-0.84,-0.23,0.88,0.13,-0.00,0.14
27119,-1.78,0.29,-1.20,0.03,-0.11,0.04
27120,-1.26,-0.33,-0.05,0.03,-0.00,-0.07
27121,-0.95,-0.13,0.47,-0.08,-0.11,-0.07
27122,-1.68,0.19,-1.09,0.03,-0.11,-0.17
27123,-0.74,-0.44,0.78,0.03,-0.00,-0.07
27124,-1.68,0.19,-0.57,0.13,-0.11,-0.07
27125,-1.36,-0.02,-0.57,-0.08,-0.00,0.04
27126,-0.95,-0.23,0.78,0.03,-0.00,0.04
27127,-1.78,0.50,-0.99,-0.08,-0.21,-0.07
27128,-0.95,-0.54,0.26,0.13,-0.00,0.04
27129,-1.36,-0.02,0.26,0.03,-0.00,0.04
27130,-1.36,0.19,-0.99,0.13,-0.11,0.04
27131,-0.95,-0.54,0.88,0.03,-0.21,0.04
27132,-1.68,0.39,-0.57,0.03,-0.00,0.04
27133,-1.05,-0.23,-0.47,0.03,-0.21,0.04
27134,-1.16,-0.13,0.78,0.03,-0.00,0.04
27135,-1.36,0.39,-1.20,0.03,-0.21,-0.07
27136,-1.05,-0.44,0.57,0.03,-0.00,0.04
27137,-1.47,0.19,0.16,0.03,-0.11,0.04
27138,-1.36,0.08,-0.99,0.03,-0.00,0.04
27139,-1.16,-0.33,0.88,0.03,-0.11,0.04
27140,-1.36,0.29,-0.78,0.03,-0.11,0.04
27141,-1.05,-0.13,-0.05,-0.08,-0.21,-0.07
27142,-1.16,-0.02,0.57,0.13,-0.00,0.04
27143,-1.36,0.19,-1.20,0.03,-0.11,-0.07
27144,-1.05,-0.44,0.57,0.03,-0.11,-0.07
27145,-1.47,0.29,-0.16,0.03,-0.00,0.04
27146,-1.26,-0.13,-0.68,-0.08,-0.21,-0.07
27147,-0.95,-0.33,0.57,0.13,-0.00,0.04
27148,-1.47,0.50,-0.68,-0.08,-0.11,-0.07
27149,-0.95,-0.33,0.05,0.03,-0.11,0.04
27150,-1.16,-0.13,0.47,0.03,-0.11,0.04
27151,-1.57,0.29,-1.20,-0.08,-0.11,0.04
27152,-0.84,-0.44,0.47,-0.08,-0.00,0.04
27153,-1.47,0.19,-0.05,0.03,-0.21,-0.07
27154,-1.36,-0.02,-0.78,-0.08,-0.21,-0.07
27155,-1.05,-0.23,0.78,0.03,-0.21,-0.17
27156,-1.47,0.29,-0.78,-0.08,-0.11,-0.07
27157,-0.95,-0.33,-0.05,0.03,-0.11,0.04
27158,-1.36,0.08,0.36,0.03,-0.11,0.04
27159,-1.47,0.19,-0.68,0.03,-0.11,-0.07
27160,-1.05,-0.33,0.26,0.13,0.10,0.04
27161,-1.47,0.29,-0.05,-0.08,-0.11,-0.07
27162,-1.26,-0.13,-0.68,0.13,0.10,0.04
27163,-1.05,-0.33,0.47,-0.08,-0.11,0.04
27164,-1.57,0.29,-0.57,-0.08,-0.11,-0.07
27165,-1.16,-0.33,-0.26,0.03,-0.00,-0.17
27166,-1.16,-0.02,0.16,-0.08,-0.00,-0.07
27167,-1.57,0.08,-0.68,0.13,-0.00,0.04
27168,-1.16,-0.44,0.16,0.13,-0.00,0.04
27169,-1.26,0.19,-0.05,0.03,-0.00,0.04
27170,-1.57,-0.02,-0.26,0.03,0.10,0.04
27171,-1.05,-0.33,0.16,0.13,-0.00,-0.07
27172,-1.47,0.29,-0.26,0.03,-0.00,-0.07
27173,-1.05,-0.33,-0.26,-0.08,-0.00,-0.07
27174,-1.26,-0.23,0.16,-0.08,-0.11,-0.07
27175,-1.68,0.39,-0.57,0.03,-0.21,-0.07
27176,-1.05,-0.54,-0.05,0.03,-0.11,-0.07
27177,-1.47,0.08,0.16,-0.18,-0.21,-0.07
27178,-1.26,0.08,-0.36,0.03,-0.11,0.04
27179,-1.16,-0.33,0.16,-0.08,-0.00,-0.07
27180,-1.68,0.29,-0.05,-0.08,-0.11,0.04
27181,-1.05,-0.23,-0.47,0.13,0.10,0.04
27182,-1.36,-0.13,0.47,0.03,-0.11,-0.17
27183,-1.36,0.19,-0.47,0.03,0.10,0.04
27184,-0.95,-0.23,-0.05,0.03,-0.11,0.04
27185,-1.57,0.08,0.26,0.03,-0.11,0.04
27186,-1.16,-0.02,-0.47,0.03,-0.00,0.04
27187,-1.26,-0.23,0.05,-0.08,-0.00,-0.07
27188,-1.36,0.19,-0.05,-0.08,-0.21,-0.07
27189,-1.16,-0.33,-0.47,-0.08,-0.11,-0.17
27190,-1.16,0.08,0.57,-0.08,-0.21,-0.07
27191,-1.26,0.08,-0.26,0.03,-0.00,0.04
27192,-1.26,-0.33,-0.26,-0.08,-0.00,-0.17
27193,-1.36,-0.02,0.36,0.13,-0.11,0.14
27194,-1.16,0.08,-0.47,0.13,-0.11,0.04
27195,-1.05,-0.23,0.16,0.03,-0.11,-0.07
27196,-1.36,0.08,0.16,-0.18,-0.11,0.14
27197,-1.26,-0.23,-0.88,0.13,-0.11,0.04
27198,-1.26,-0.13,0.36,0.03,-0.21,-0.07
27199,-1.47,0.08,-0.05,0.13,-0.11,0.04
27200,-0.95,-0.13,-0.47,0.03,-0.11,-0.07
27201,-1.26,0.08,0.68,0.13,-0.11,-0.07
27202,-1.36,0.08,-0.68,0.03,-0.00,-0.07
27338,-1.16,-0.02,-0.99,0.03,-0.00,0.04
27339,-1.36,-0.23,0.26,-0.08,-0.11,-0.07
27340,-1.36,0.08,0.16,0.13,-0.00,0.14
27341,-1.05,0.08,-0.99,0.03,-0.00,0.04
27342,-1.16,-0.02,0.47,0.03,0.10,0.14
27343,-1.47,0.08,-0.16,0.03,-0.21,0.04
27344,-1.16,-0.13,-0.68,0.03,-0.11,0.04
27345,-1.05,-0.02,0.47,-0.08,-0.11,0.04
27346,-1.26,-0.02,-0.26,-0.08,-0.11,-0.17
27347,-1.26,-0.23,-0.57,0.03,-0.11,0.04
27348,-1.36,-0.02,0.36,0.03,-0.00,0.04
27349,-1.26,0.19,-0.36,0.03,-0.00,0.04
27350,-1.16,-0.02,-0.26,0.13,-0.00,0.04
27351,-1.26,0.08,0.26,0.03,-0.11,-0.07
27352,-1.26,0.08,-0.57,-0.08,-0.21,-0.07
27353,-1.26,-0.23,-0.16,0.03,0.10,-0.07
27354,-1.36,-0.02,0.26,0.03,-0.11,-0.07
27355,-1.36,-0.02,-0.78,0.03,-0.11,-0.07
27356,-1.16,-0.13,0.05,0.03,-0.00,-0.17
27357,-1.36,-0.02,0.26,0.03,0.10,-0.07
27358,-1.36,-0.13,-0.68,0.03,-0.11,0.04
27359,-1.26,-0.02,0.16,-0.08,-0.11,-0.07
27360,-1.26,0.08,0.05,0.03,-0.00,-0.07
27361,-1.36,-0.23,-0.88,0.13,-0.00,-0.07
27362,-1.16,-0.13,0.36,0.03,-0.00,0.04
27363,-1.26,0.08,-0.05,0.03,-0.00,0.04
27364,-1.16,-0.02,-0.68,0.03,-0.00,-0.07
27365,-1.26,-0.13,0.36,-0.08,-0.00,0.04
27366,-1.26,-0.02,-0.36,0.03,-0.00,-0.07
27367,-1.47,-0.02,-0.26,-0.08,-0.11,0.04
27368,-1.16,-0.02,0.36,0.13,-0.00,0.04
27369,-1.16,-0.13,-0.47,0.13,-0.11,0.04
27370,-1.47,-0.02,-0.26,-0.08,-0.11,-0.07
27371,-1.16,-0.13,0.16,0.03,-0.11,0.04
27372,-1.26,-0.02,-0.57,0.03,-0.11,-0.07
27373,-1.36,-0.02,0.05,0.03,-0.00,-0.07
27374,-1.16,-0.13,0.26,-0.08,-0.11,0.04
27375,-1.57,0.08,-0.57,0.03,-0.00,-0.07
27376,-1.26,-0.13,-0.05,0.03,-0.11,-0.07
27377,-1.05,0.08,0.26,0.03,-0.21,-0.17
27378,-1.47,-0.02,-0.36,0.13,-0.00,0.04
27379,-0.95,-0.23,-0.16,0.03,-0.11,-0.07
27380,-1.47,-0.13,0.16,0.13,-0.11,0.04
27381,-1.36,0.19,-0.57,0.03,-0.00,0.04
27382,-1.05,-0.13,0.26,0.03,-0.11,0.14
27383,-1.36,-0.13,0.16,-0.18,-0.21,-0.07
27384,-1.26,0.08,-0.68,-0.08,-0.11,0.04
27385,-1.16,-0.23,0.47,0.13,-0.11,-0.07
27386,-1.36,-0.02,-0.16,0.03,-0.00,0.04
27387,-1.16,-0.02,-0.78,0.03,-0.11,0.04
27388,-1.36,-0.13,0.47,0.03,-0.21,0.04
27389,-1.26,0.08,-0.26,0.03,-0.11,-0.07
27390,-1.05,-0.02,-0.47,0.03,-0.11,-0.07
27391,-1.36,-0.13,0.47,-0.08,-0.00,-0.07
27392,-1.36,-0.02,-0.47,-0.08,-0.11,-0.17
27393,-1.16,-0.02,-0.36,0.03,-0.11,-0.07
27394,-1.26,-0.02,0.47,0.03,-0.21,-0.07
27395,-1.16,-0.02,-0.36,0.03,-0.21,0.04
27396,-1.26,-0.02,-0.26,-0.18,-0.11,0.04
27397,-1.36,-0.13,0.16,0.03,-0.00,-0.07
27398,-1.26,-0.02,-0.47,0.03,-0.00,0.04
27399,-1.16,-0.02,-0.16,0.03,-0.11,-0.07
27400,-1.26,-0.13,0.26,0.03,-0.11,0.14
27401,-1.26,0.08,-0.78,0.03,-0.00,-0.07
27402,-1.16,-0.13,-0.16,0.03,-0.11,0.04
27403,-1.16,0.08,0.16,-0.18,-0.11,-0.07
27404,-1.36,-0.02,-0.57,0.03,-0.11,0.04
27405,-1.26,-0.23,-0.16,-0.08,-0.11,0.04
27406,-1.36,-0.02,0.26,0.03,0.10,0.04
27407,-1.36,0.08,-0.57,0.03,-0.11,-0.07
27408,-1.16,-0.13,0.16,0.03,-0.11,0.04
27409,-1.26,-0.02,0.05,0.13,-0.11,0.04
27410,-1.16,-0.02,-0.47,0.03,-0.11,0.04
27411,-1.26,-0.13,0.05,0.03,-0.11,-0.07
27412,-1.36,-0.02,0.05,-0.08,-0.11,0.04
27413,-1.36,-0.13,-0.78,0.03,-0.00,0.04
27414,-1.16,-0.13,0.47,-0.08,-0.00,-0.07
27415,-1.16,0.08,-0.05,0.13,-0.00,0.04
27416,-1.26,-0.02,-0.57,0.03,-0.00,0.04
27417,-1.26,-0.02,0.36,0.13,0.21,0.04
27418,-1.26,-0.02,-0.36,-0.08,-0.11,-0.17
27419,-1.47,-0.02,-0.26,0.03,-0.00,0.04
27420,-1.16,-0.13,0.47,0.03,-0.00,0.04
27421,-1.16,-0.13,-0.36,-0.08,-0.00,0.04
27422,-1.57,-0.23,-0.16,0.03,-0.11,0.14
27423,-1.26,-0.02,0.26,0.03,-0.11,-0.07
27424,-1.16,-0.13,-0.26,0.03,-0.11,-0.07
27425,-1.57,0.08,-0.16,0.03,-0.00,-0.07
27426,-1.16,-0.23,0.26,-0.08,-0.11,-0.07
27427,-1.16,-0.13,-0.36,0.03,-0.11,-0.07
27428,-1.47,-0.02,-0.05,0.03,-0.00,-0.07
27429,-0.95,-0.13,0.26,-0.08,-0.21,-0.07
27430,-1.36,-0.02,-0.26,-0.08,-0.11,-0.07
27431,-1.26,-0.02,-0.26,0.03,-0.11,-0.07
27432,-1.16,-0.13,0.47,-0.08,-0.11,0.04
27433,-1.47,0.08,-0.47,0.03,-0.11,-0.07
27434,-1.05,-0.02,-0.05,0.03,-0.11,0.04
27435,-1.26,-0.23,0.36,0.13,-0.11,0.04
27436,-1.36,0.08,-0.57,-0.08,-0.11,-0.07
27437,-0.95,-0.13,0.16,0.03,-0.11,-0.07
27438,-1.36,-0.13,0.26,0.03,-0.11,0.04
27439,-1.26,0.08,-0.68,0.13,-0.00,0.04
27440,-1.05,-0.13,0.16,0.03,-0.11,-0.07
27441,-1.36,-0.02,0.16,-0.08,-0.21,-0.07
27442,-1.26,-0.02,-0.57,-0.08,-0.00,-0.17
27443,-1.26,-0.13,0.26,0.03,-0.11,-0.07
27444,-1.26,-0.02,0.16,0.13,-0.00,0.04
27445,-1.05,0.08,-0.57,0.03,-0.21,-0.17
27446,-1.26,-0.13,0.26,-0.08,-0.11,0.04
27447,-1.47,-0.23,-0.05,0.13,-0.00,0.04
27448,-1.05,0.08,-0.57,0.13,-0.11,-0.07
27449,-1.26,-0.13,0.26,0.03,-0.11,0.04
27450,-1.36,-0.13,-0.05,0.03,-0.00,-0.07
27451,-1.16,0.08,-0.47,0.03,-0.21,-0.07
27452,-1.26,-0.13,0.05,0.03,-0.00,-0.07
27453,-1.26,-0.02,-0.05,-0.08,-0.11,-0.07
27454,-1.26,0.08,-0.36,0.03,-0.11,0.04
27455,-1.16,-0.13,0.16,0.03,-0.21,0.04
27456,-1.26,-0.02,-0.05,0.03,-0.11,-0.07
27457,-1.26,0.08,-0.57,-0.08,-0.00,-0.07
27458,-1.26,-0.23,0.05,0.03,-0.00,-0.07
27459,-1.36,0.08,0.16,-0.08,-0.21,-0.07
27460,-1.26,-0.13,-0.68,-0.08,0.10,-0.07
27461,-1.16,-0.13,0.26,-0.08,-0.00,-0.07
27462,-1.36,0.08,-0.16,-0.08,-0.11,0.04
27463,-1.16,-0.13,-0.57,0.13,-0.00,0.04
27464,-1.16,-0.23,0.16,0.03,-0.00,-0.17
27465,-1.36,0.08,-0.05,0.03,-0.00,0.04
27466,-1.26,-0.13,-0.47,0.03,-0.00,-0.07
27467,-1.36,-0.23,0.05,-0.08,0.10,-0.07
27468,-1.26,0.08,-0.05,0.03,-0.00,-0.07
27469,-1.16,-0.13,-0.26,0.03,-0.00,0.04
27470,-1.36,-0.02,0.36,0.03,-0.00,0.04
27471,-1.05,-0.02,-0.16,0.03,-0.00,-0.07
27472,-1.36,-0.13,-0.16,0.03,-0.00,0.04
27473,-1.26,-0.02,0.26,0.03,-0.11,-0.07
27474,-1.16,-0.13,-0.16,-0.08,-0.11,0.04
27475,-1.47,-0.02,-0.26,0.13,-0.11,-0.07
27476,-1.26,-0.23,0.26,0.03,-0.21,-0.07
27477,-1.05,-0.13,-0.26,0.03,-0.00,-0.17
27478,-1.57,-0.02,-0.26,0.03,-0.00,0.04
27479,-1.26,-0.23,0.16,0.23,-0.00,-0.17
27480,-1.16,-0.13,-0.05,-0.08,-0.11,-0.07
27481,-1.36,0.19,-0.16,-0.08,-0.11,0.04
27482,-1.16,-0.33,0.16,0.03,-0.11,0.04
27483,-1.26,-0.13,-0.05,0.03,-0.21,-0.17
27484,-1.36,0.08,-0.36,0.03,-0.11,0.04
27485,-1.05,-0.23,0.16,0.03,-0.21,0.04
27486,-1.47,-0.13,-0.16,0.13,-0.11,0.04
27487,-1.26,0.08,-0.26,-0.08,-0.11,0.04
27488,-1.16,-0.13,0.16,0.03,-0.11,-0.07
27489,-1.47,-0.02,-0.16,0.13,-0.00,0.14
27490,-1.05,0.19,-0.26,-0.08,-0.11,0.04
27491,-1.36,-0.33,0.16,0.03,-0.11,-0.07
27492,-1.36,-0.02,-0.05,0.03,-0.11,-0.07
27493,-0.95,0.08,-0.16,-0.08,-0.00,0.04
27494,-1.36,-0.23,0.16,0.03,-0.11,-0.07
27495,-1.26,-0.02,-0.16,0.03,-0.21,-0.17
27496,-0.95,0.08,-0.26,0.03,-0.21,0.04
27497,-1.26,-0.13,0.26,-0.08,-0.11,-0.07
27498,-1.47,-0.13,-0.16,0.03,-0.11,0.04
27499,-0.95,0.19,-0.36,0.03,-0.11,0.04
27500,-1.36,-0.13,0.26,0.03,-0.11,0.04
27501,-1.26,0.08,-0.16,0.13,-0.00,0.04
27502,-1.26,-0.02,-0.36,0.13,-0.11,0.04
27503,-1.26,-0.02,0.05,0.03,-0.11,-0.07
27504,-1.36,-0.02,-0.26,0.03,-0.00,0.04
27505,-1.05,-0.02,-0.36,0.13,-0.00,0.14
27506,-1.26,-0.02,0.16,-0.08,-0.21,-0.07
27507,-1.26,-0.02,-0.05,0.03,-0.11,-0.17
27508,-1.05,-0.02,-0.47,0.03,-0.00,0.04
27509,-1.26,-0.02,0.26,0.13,-0.21,-0.07
27510,-1.26,0.08,-0.26,0.03,-0.00,-0.17
27511,-1.36,-0.02,-0.36,0.03,-0.00,-0.07
27512,-1.26,-0.13,0.16,-0.08,-0.00,-0.17
27513,-1.36,0.08,-0.05,0.03,-0.00,0.14
27514,-1.16,-0.02,-0.47,-0.18,-0.11,-0.07
27515,-1.26,-0.13,0.16,0.03,-0.00,-0.07
27516,-1.26,-0.02,-0.16,-0.08,-0.11,0.04
27517,-1.26,-0.13,-0.68,0.03,-0.11,0.04
27518,-1.26,-0.13,0.36,0.03,-0.11,-0.07
27519,-1.26,0.08,-0.16,0.13,-0.00,-0.07
27520,-1.16,-0.13,-0.47,-0.08,-0.00,0.04
27521,-1.36,-0.13,0.26,0.03,-0.00,-0.07
27522,-1.26,-0.02,-0.16,0.03,-0.11,-0.07
27523,-1.36,-0.13,-0.47,0.03,-0.00,0.04
27524,-1.36,-0.23,0.16,0.03,-0.00,0.04
27525,-1.16,-0.02,0.05,-0.08,-0.11,-0.17
27526,-1.36,-0.02,-0.36,0.13,-0.00,0.04
27527,-1.36,-0.02,0.26,0.13,-0.00,-0.07
27528,-0.95,-0.02,-0.16,0.03,-0.11,0.04
27529,-1.47,-0.02,-0.26,0.03,-0.11,0.04
27530,-1.26,0.08,0.26,0.13,-0.00,0.04
27531,-1.16,-0.13,-0.05,0.13,-0.00,-0.17
27532,-1.36,-0.02,-0.26,0.03,-0.11,0.04
27533,-1.36,-0.13,0.16,-0.08,-0.11,-0.17
27534,-1.16,-0.13,0.05,-0.08,-0.00,-0.07
27535,-1.57,-0.02,-0.36,0.13,-0.00,-0.07
27536,-1.16,-0.23,0.05,0.13,-0.11,-0.07
27537,-1.16,-0.02,0.16,0.03,-0.00,-0.07
27538,-1.36,0.29,-0.26,0.03,-0.00,0.04
27539,-1.05,-0.23,0.05,0.03,-0.11,0.04
27540,-1.47,-0.02,0.16,0.03,-0.00,-0.07
27541,-1.36,0.19,-0.36,0.13,-0.11,0.04
27542,-1.05,-0.23,0.05,-0.08,-0.11,0.04
27543,-1.36,-0.02,0.16,0.13,-0.00,0.14
27544,-1.16,0.19,-0.36,0.03,-0.11,0.14
27545,-1.26,-0.13,0.05,-0.08,-0.11,-0.07
27546,-1.36,-0.13,0.05,0.13,-0.11,0.04
27547,-1.16,0.08,-0.57,0.13,-0.00,0.04
27548,-1.16,-0.02,0.16,0.03,-0.00,0.04
27549,-1.47,-0.02,0.05,-0.08,-0.11,0.04
27550,-1.05,0.08,-0.47,-0.08,-0.21,-0.07
27551,-1.26,-0.33,0.16,0.03,-0.11,0.04
27552,-1.47,-0.02,0.05,0.13,-0.11,0.04
27553,-1.16,-0.02,-0.36,0.13,-0.11,-0.07
27554,-1.36,-0.13,-0.05,0.03,-0.11,0.04
27555,-1.36,0.08,0.05,0.03,-0.11,0.04
27556,-1.05,0.08,-0.36,0.03,-0.11,0.04
27557,-1.36,-0.02,-0.05,0.03,-0.11,0.04
27558,-1.26,-0.13,0.05,0.13,-0.00,0.04
27559,-1.36,-0.02,-0.36,-0.08,-0.00,-0.07
27560,-1.26,0.08,-0.05,-0.08,-0.21,-0.07
27561,-1.26,-0.02,0.05,0.03,-0.11,-0.07
27562,-1.26,-0.02,-0.26,0.13,0.10,0.04
27563,-1.26,-0.33,-0.26,0.13,0.10,0.04
27564,-1.26,-0.02,0.16,0.03,-0.11,-0.07
27565,-1.47,0.08,-0.36,0.03,0.10,0.04
27566,-1.16,-0.13,-0.36,0.13,-0.11,-0.07
27567,-1.26,-0.02,0.26,0.03,-0.11,-0.07
27568,-1.26,-0.02,-0.26,0.03,-0.00,-0.07
27569,-1.26,-0.23,-0.36,0.03,0.10,0.04
27570,-1.36,-0.02,0.16,-0.08,-0.11,0.04
27571,-1.16,0.08,-0.36,-0.08,-0.00,-0.07
27572,-1.36,-0.23,-0.26,0.03,-0.11,-0.07
27573,-1.36,-0.13,0.16,0.03,-0.11,-0.07
27574,-1.16,0.19,-0.16,-0.08,-0.11,-0.07
27575,-1.36,-0.13,-0.36,0.03,0.10,0.14
27576,-1.36,-0.02,0.26,0.03,-0.00,0.14
27577,-1.16,-0.02,-0.16,-0.08,-0.21,-0.07
27578,-1.36,-0.23,-0.47,0.03,-0.11,0.04
27579,-1.26,-0.02,0.16,0.03,-0.00,0.04
27580,-1.05,-0.02,-0.26,-0.08,-0.00,-0.07
27581,-1.36,-0.13,-0.57,0.13,-0.00,0.04
27582,-1.26,-0.02,0.36,0.03,-0.11,0.04
27583,-1.05,-0.02,-0.16,0.03,0.10,0.04
27584,-1.47,-0.02,-0.16,0.03,0.10,0.04
27585,-1.26,-0.02,0.05,0.03,-0.00,0.04
27586,-1.05,-0.13,-0.05,0.13,-0.00,0.04
27587,-1.36,-0.02,-0.26,0.03,-0.21,0.04
27588,-1.26,-0.13,0.16,0.03,-0.11,-0.07
27589,-0.84,-0.13,0.05,-0.08,-0.11,0.04
27590,-1.47,-0.02,-0.36,0.03,-0.11,0.04
27591,-1.36,-0.02,-0.05,-0.08,-0.11,-0.07
27592,-1.16,-0.13,0.05,0.03,-0.11,0.04
27593,-1.36,0.08,-0.36,-0.08,-0.11,0.04
27594,-1.16,-0.13,0.05,0.03,-0.00,-0.07
27595,-1.16,-0.23,0.16,0.13,-0.11,-0.07
27596,-1.47,0.19,-0.26,0.03,-0.00,0.04
27597,-1.05,-0.13,-0.05,0.03,-0.11,0.04
27598,-1.26,-0.23,0.16,0.03,-0.21,-0.07
27599,-1.47,-0.02,-0.36,0.03,-0.11,-0.07
27600,-1.05,-0.02,-0.05,0.03,-0.11,0.04
27601,-1.36,-0.23,0.16,-0.08,-0.11,-0.07
27602,-1.26,-0.02,-0.36,0.13,-0.21,0.04
27603,-1.05,-0.13,-0.16,-0.08,-0.21,0.04
27604,-1.47,-0.13,0.16,-0.08,-0.11,0.04
27605,-1.36,-0.02,-0.36,0.03,-0.11,0.04
27606,-0.95,0.08,-0.26,0.13,-0.11,0.04
27607,-1.47,-0.13,0.16,0.03,-0.21,0.04
27608,-1.36,-0.02,-0.16,0.13,-0.00,-0.07
27609,-1.05,0.08,-0.36,0.03,-0.11,-0.07
27610,-1.36,-0.13,0.05,0.23,-0.00,0.04
27611,-1.26,-0.02,-0.05,0.03,-0.11,-0.07
27612,-1.16,-0.02,-0.26,0.03,-0.11,-0.07
27613,-1.26,-0.23,0.05,0.03,0.10,0.04
27614,-1.36,-0.02,0.05,0.03,-0.11,-0.07
27615,-1.16,0.08,-0.26,-0.08,-0.21,-0.07
27616,-1.26,-0.23,0.05,0.13,0.10,0.04
27617,-1.26,-0.02,-0.05,-0.08,-0.00,-0.07
27618,-1.26,0.08,-0.26,0.03,-0.11,0.04
27619,-1.16,-0.13,-0.05,0.13,0.10,0.14
27620,-1.26,-0.02,0.16,0.03,-0.11,-0.07
27621,-1.36,-0.02,-0.47,0.03,-0.11,0.14
27622,-1.26,-0.23,-0.05,0.03,-0.00,0.04
27623,-1.16,0.08,0.16,0.03,-0.00,-0.07
27624,-1.47,-0.02,-0.36,0.03,-0.00,0.04
27625,-1.26,-0.13,-0.05,0.13,-0.11,0.04
27627,-1.16,0.08,0.26,0.03,-0.11,-0.07
27627,-1.26,-0.02,-0.26,-0.08,-0.00,-0.07
27628,-1.26,-0.23,-0.26,0.13,-0.00,0.04
27629,-1.26,-0.02,0.16,-0.08,0.10,-0.07
27630,-1.16,0.08,-0.05,-0.18,-0.21,-0.07
27631,-1.36,-0.13,-0.26,-0.08,-0.00,-0.07
27632,-1.47,-0.23,-0.05,0.13,0.10,0.14
27633,-1.16,-0.02,-0.05,-0.18,-0.11,0.04
27634,-1.47,-0.13,-0.26,0.03,-0.00,-0.17
27635,-1.26,-0.13,0.26,0.03,-0.11,-0.07
27636,-1.05,-0.02,0.05,-0.08,-0.21,-0.07
27637,-1.36,-0.02,-0.36,0.13,-0.11,0.04
27638,-1.47,-0.13,0.16,0.03,-0.00,0.04
27639,-0.95,-0.02,-0.16,0.03,-0.11,0.04
27640,-1.26,-0.02,-0.26,0.03,-0.11,-0.07
27641,-1.57,-0.23,0.05,-0.08,-0.11,-0.07
27642,-0.95,-0.02,0.05,0.03,-0.21,-0.07
27643,-1.26,-0.02,-0.26,-0.08,-0.00,0.04
27644,-1.47,-0.13,0.05,0.03,-0.11,-0.07
27645,-0.95,-0.13,0.16,0.03,-0.11,0.04
27646,-1.26,-0.02,-0.16,0.03,-0.00,-0.07
27647,-1.47,0.08,0.05,0.03,-0.11,0.14
27760,-1.36,-0.13,-0.05,0.13,-0.21,0.35
27760,-1.16,0.29,0.36,0.44,0.52,0.45
27761,-0.84,-0.13,-0.16,0.03,-0.11,0.14
27762,-1.26,-0.13,-0.26,-0.08,-0.11,0.04
27763,-1.57,0.08,-0.05,0.03,-0.11,-0.07
27764,-0.95,-0.13,0.05,0.13,-0.00,-0.07
27765,-1.26,-0.33,-0.36,0.03,-0.00,0.04
27766,-1.57,0.29,0.05,0.03,-0.11,-0.07
27767,-1.05,-0.02,0.05,-0.08,-0.11,0.04
27768,-1.26,-0.33,-0.26,0.13,-0.11,0.04
27769,-1.36,0.29,-0.05,0.03,-0.11,-0.07
27770,-1.05,-0.13,0.05,-0.08,-0.11,-0.07
27771,-1.26,-0.23,-0.05,0.03,-0.11,-0.07
27772,-1.36,0.08,-0.05,0.03,-0.00,0.04
27773,-1.05,-0.02,-0.36,0.03,-0.00,-0.07
27774,-1.47,-0.13,-0.05,0.03,-0.00,0.04
27775,-1.36,-0.02,-0.05,-0.08,-0.11,-0.07
27776,-1.16,-0.02,-0.26,0.13,-0.00,0.04
27777,-1.47,-0.13,0.05,0.03,-0.11,-0.07
27778,-1.36,-0.13,0.05,0.13,-0.00,0.04
27779,-1.05,0.19,-0.26,0.03,-0.00,-0.07
27780,-1.36,-0.23,-0.05,-0.08,-0.11,-0.07
27781,-1.47,-0.02,0.05,-0.08,-0.11,0.14
27782,-0.84,0.19,-0.26,-0.08,-0.21,-0.17
27783,-1.16,-0.13,-0.05,0.13,-0.00,-0.07
27784,-1.47,0.08,0.16,-0.08,-0.11,-0.07
27785,-1.16,-0.13,-0.16,-0.08,-0.00,0.04
27786,-1.05,-0.02,-0.26,0.03,-0.00,-0.07
27787,-1.57,-0.13,0.05,0.13,-0.00,-0.07
27788,-1.26,-0.13,0.05,0.03,-0.11,-0.07
27789,-1.16,0.08,-0.05,0.03,-0.00,-0.07
27790,-1.36,-0.13,-0.16,-0.08,-0.11,-0.07
27791,-1.36,-0.02,0.16,0.03,-0.00,0.14
27792,-1.16,-0.02,-0.36,0.03,0.10,0.04
27793,-1.26,-0.23,-0.16,-0.08,-0.00,-0.07
27794,-1.36,-0.02,0.16,-0.08,-0.21,-0.17
27795,-1.36,-0.13,-0.05,0.03,-0.00,0.04
27796,-1.05,-0.02,-0.16,0.03,-0.11,-0.07
27797,-1.36,-0.23,-0.05,0.03,-0.21,-0.07
27798,-1.36,-0.13,-0.05,0.03,-0.11,0.04
27799,-1.05,0.08,-0.36,0.03,-0.00,0.04
27800,-1.36,-0.33,-0.05,0.03,-0.11,0.04
27801,-1.26,-0.13,0.16,0.13,-0.11,-0.07
27802,-1.16,-0.02,-0.16,-0.08,-0.11,-0.07
27803,-1.36,-0.23,-0.16,0.03,-0.11,-0.07
27804,-1.36,-0.13,0.16,-0.08,-0.21,-0.17
27805,-1.05,-0.02,-0.05,0.13,-0.11,-0.07
27806,-1.26,-0.23,-0.16,0.03,-0.00,0.14
27807,-1.36,-0.13,0.16,0.13,-0.11,0.04
27808,-1.05,0.08,0.05,-0.08,-0.21,0.04
27809,-1.26,-0.02,-0.26,0.13,-0.11,-0.07
27810,-1.47,-0.23,-0.05,-0.08,-0.11,-0.17
27811,-1.05,0.08,0.16,-0.08,-0.00,-0.17
27812,-1.16,-0.02,-0.26,-0.08,-0.21,-0.07
27813,-1.57,-0.23,-0.05,0.03,-0.21,-0.07
27814,-1.16,0.08,0.05,0.13,-0.00,0.14
27815,-0.84,-0.13,-0.16,0.13,-0.11,-0.07
27816,-1.68,0.08,-0.05,-0.08,-0.21,-0.17
27817,-1.26,-0.02,0.05,0.03,-0.11,0.04
27818,-0.84,-0.13,-0.36,-0.18,-0.00,-0.07
27819,-1.57,-0.02,-0.05,0.03,-0.00,0.04
27820,-1.47,-0.02,0.05,0.03,-0.11,0.04
27821,-0.74,-0.13,-0.26,0.03,-0.00,0.04
27822,-1.36,-0.02,-0.16,0.03,-0.00,0.14
27823,-1.57,0.08,-0.05,-0.08,-0.11,-0.07
27824,-0.84,-0.13,-0.05,-0.08,-0.00,-0.07
27825,-1.26,-0.23,-0.26,0.13,-0.00,0.04
27826,-1.57,0.19,-0.05,-0.08,-0.11,-0.07
27827,-1.16,-0.13,0.05,0.13,-0.00,0.04
27828,-1.26,-0.33,-0.26,0.13,-0.11,-0.17
27829,-1.47,0.39,-0.16,0.03,-0.00,-0.07
27830,-1.16,-0.23,-0.05,-0.08,-0.00,0.04
27831,-1.16,-0.02,-0.05,0.13,-0.00,-0.07
27832,-1.26,0.08,0.05,0.03,-0.11,-0.07
27833,-1.05,0.08,-0.16,0.13,-0.00,0.04
27834,-1.47,-0.13,-0.05,0.03,0.10,0.14
27835,-1.36,-0.13,-0.05,0.03,-0.00,-0.07
27836,-1.05,0.29,-0.26,0.03,-0.11,-0.07
27837,-1.36,-0.23,0.05,-0.08,-0.11,0.04
27838,-1.47,-0.13,-0.05,-0.08,-0.11,0.04
27839,-1.05,0.19,-0.16,0.13,-0.11,0.04
27840,-1.05,-0.23,-0.05,0.03,-0.11,0.04
27841,-1.57,-0.02,0.16,0.03,-0.11,-0.07
27842,-1.16,-0.02,-0.16,0.03,-0.00,0.04
27843,-1.05,0.08,-0.36,0.03,-0.00,0.14
27844,-1.57,-0.13,0.16,-0.08,-0.11,-0.07
27845,-1.26,-0.13,0.05,-0.08,-0.00,0.04
27846,-1.05,0.19,-0.16,0.03,-0.00,0.04
27847,-1.36,-0.13,-0.05,0.03,-0.00,-0.07
27848,-1.57,-0.23,-0.05,0.03,-0.00,-0.07
27849,-1.05,0.08,-0.16,0.13,-0.11,0.04
27850,-1.16,-0.13,-0.16,0.03,-0.11,-0.07
27851,-1.47,-0.13,0.16,0.03,-0.00,0.04
27852,-1.26,-0.02,-0.05,0.03,-0.11,0.04
27853,-1.16,-0.02,-0.16,0.03,-0.11,-0.07
27854,-1.47,-0.13,0.05,0.03,-0.11,-0.07
27855,-1.36,-0.02,0.05,0.13,-0.11,0.04
27856,-1.16,-0.02,-0.05,0.03,-0.00,0.04
27857,-1.16,-0.23,-0.16,0.03,-0.11,0.04
27858,-1.26,-0.02,0.05,0.13,-0.00,0.04
27859,-1.26,0.19,0.05,-0.08,-0.11,0.04
27860,-1.26,-0.13,-0.47,0.03,-0.00,0.04
27861,-1.36,-0.13,0.26,0.03,-0.11,0.04
27862,-1.36,-0.02,-0.05,0.03,-0.21,-0.07
27863,-1.26,0.08,-0.16,-0.08,-0.11,-0.07
27864,-1.36,-0.23,-0.05,0.03,-0.11,-0.07
27865,-1.36,-0.02,-0.05,0.03,-0.00,0.04
27866,-1.16,0.08,-0.16,0.13,-0.00,0.04
27867,-1.36,-0.33,-0.26,0.13,-0.11,-0.07
27868,-1.47,-0.13,0.05,0.13,-0.00,0.04
27869,-1.05,0.08,-0.05,0.03,-0.11,-0.07
27870,-1.26,-0.13,-0.16,0.03,-0.21,-0.07
27871,-1.47,-0.23,-0.05,0.03,-0.00,-0.17
27872,-1.05,0.19,0.05,0.03,-0.11,-0.17
27873,-1.26,-0.23,-0.26,0.13,-0.11,0.04
27874,-1.68,-0.13,0.05,-0.08,-0.00,-0.07
27875,-1.05,0.29,0.16,-0.18,-0.11,-0.07
27876,-0.95,-0.23,-0.26,0.03,-0.11,-0.07
27877,-1.68,0.08,-0.16,-0.08,-0.21,-0.07
27878,-1.26,0.08,0.16,-0.18,-0.21,0.04
27879,-0.74,-0.23,-0.26,0.03,-0.11,0.04
27880,-1.47,0.08,-0.16,0.03,-0.00,-0.07
27881,-1.68,-0.02,0.05,0.03,-0.11,0.04
27882,-0.74,-0.13,-0.16,-0.08,-0.21,0.04
27883,-1.16,-0.23,-0.26,0.03,-0.00,-0.07
27884,-1.88,0.19,-0.16,0.13,-0.00,0.04
27885,-0.95,0.08,0.05,-0.08,-0.00,-0.07
27886,-0.95,-0.23,-0.26,0.03,-0.11,-0.07
27887,-1.68,0.19,0.05,0.03,-0.21,-0.07
27888,-1.16,-0.02,-0.05,0.03,-0.00,0.14
27889,-1.05,-0.13,-0.26,0.13,-0.00,0.14
27890,-1.47,-0.13,0.05,0.03,-0.00,0.04
27891,-1.26,0.19,-0.05,-0.28,-0.11,-0.17
27892,-1.05,-0.02,-0.05,0.03,-0.00,0.04
27893,-1.36,-0.33,0.05,0.03,-0.11,-0.17
27894,-1.16,0.29,-0.05,0.03,-0.21,-0.07
27895,-1.05,-0.13,0.05,0.03,-0.00,-0.07
27896,-1.47,-0.33,0.05,-0.08,-0.11,-0.17
27897,-1.36,0.08,-0.05,0.03,-0.11,-0.07
27898,-0.95,-0.02,-0.16,0.03,-0.21,0.04
27899,-1.57,-0.13,0.05,0.03,-0.11,-0.07
27900,-1.47,-0.02,-0.05,0.03,-0.11,0.04
27901,-0.84,0.19,-0.26,0.13,-0.11,0.04
27902,-1.36,-0.13,0.05,0.03,-0.11,-0.07
27903,-1.57,-0.13,0.05,0.13,-0.00,-0.07
27904,-1.05,0.19,-0.16,-0.08,-0.00,-0.07
27905,-1.16,-0.13,-0.16,0.03,-0.11,0.04
27906,-1.68,-0.02,0.16,0.03,-0.11,0.04
27907,-1.05,-0.13,-0.05,0.03,-0.00,-0.07
27908,-1.05,-0.13,-0.26,0.03,-0.00,-0.07
27909,-1.47,-0.02,-0.05,0.03,-0.11,-0.07
27910,-1.26,-0.23,0.05,0.03,-0.11,-0.07
27911,-1.05,0.19,-0.16,0.03,-0.11,-0.07
27912,-1.26,-0.33,-0.26,-0.08,-0.00,-0.07
27913,-1.36,-0.13,0.16,0.03,-0.11,-0.07
27914,-1.26,0.08,-0.05,0.03,-0.11,-0.07
27915,-1.16,-0.02,-0.47,0.03,-0.00,-0.07
27916,-1.26,-0.13,0.05,-0.08,-0.21,-0.07
27917,-1.16,-0.02,0.16,0.03,-0.11,0.04
27918,-1.26,-0.02,-0.26,0.13,-0.00,-0.07
27919,-1.26,-0.23,-0.36,0.13,-0.00,0.04
27920,-1.36,0.08,-0.05,0.03,0.10,-0.07
27921,-1.36,0.08,-0.05,-0.08,-0.00,0.04
27922,-1.16,-0.13,-0.16,0.03,-0.11,-0.07
27923,-1.16,-0.13,-0.05,0.03,-0.00,-0.07
27924,-1.36,-0.02,0.05,0.03,-0.11,-0.07
27925,-1.26,0.19,-0.16,-0.08,-0.11,-0.17
27926,-1.26,-0.33,-0.16,-0.08,-0.11,0.04
27927,-1.26,-0.13,-0.05,-0.08,-0.11,-0.07
27928,-1.05,0.08,0.16,-0.08,-0.00,-0.07
27929,-1.36,-0.23,-0.47,0.03,-0.11,-0.07
27930,-1.36,-0.13,-0.05,0.13,-0.00,0.04
27931,-1.05,0.19,0.05,0.03,-0.00,-0.07
27932,-1.16,-0.13,-0.36,0.03,-0.00,-0.07
27933,-1.57,-0.23,-0.05,-0.08,-0.00,-0.07
27934,-1.36,0.08,0.05,0.13,-0.11,0.14
27935,-0.95,-0.02,-0.36,0.03,-0.21,-0.07
27936,-1.68,-0.02,-0.05,-0.08,-0.21,-0.07
27937,-1.36,-0.02,0.05,0.03,-0.00,-0.07
27938,-0.74,-0.02,-0.16,-0.08,-0.11,-0.07
27939,-1.47,-0.02,-0.16,0.03,-0.11,-0.17
27940,-1.78,-0.02,0.05,-0.08,-0.11,-0.07
27941,-0.74,0.08,-0.05,-0.08,-0.11,-0.07
27942,-0.95,-0.23,-0.26,0.03,-0.00,0.04
27943,-1.99,-0.13,-0.05,0.13,-0.11,0.14
27944,-1.26,0.08,0.16,0.03,-0.00,0.04
27945,-0.74,-0.33,-0.47,0.03,-0.00,0.04
27946,-1.68,-0.02,-0.26,0.13,-0.11,-0.07
27947,-1.57,0.29,0.16,0.03,-0.00,0.04
27948,-0.64,-0.13,-0.05,0.03,-0.00,0.04
27949,-1.26,-0.44,-0.36,0.13,-0.00,0.04
27950,-1.88,0.29,0.05,0.03,0.10,0.04
27951,-0.95,-0.02,0.05,0.03,-0.00,-0.07
27952,-0.95,-0.44,-0.36,-0.08,-0.11,0.04
27953,-1.68,-0.02,0.05,0.13,-0.00,0.04
27954,-1.26,0.19,-0.05,0.03,-0.00,0.04
27955,-1.05,-0.13,-0.05,0.03,-0.11,-0.07
27956,-1.36,-0.33,-0.16,0.03,-0.11,-0.07
27957,-1.26,0.19,-0.05,-0.08,-0.11,-0.07
27958,-1.16,0.08,0.16,-0.08,-0.00,-0.07
27959,-1.68,-0.54,-0.26,0.03,-0.00,-0.07
27960,-1.16,0.19,-0.16,-0.08,-0.00,-0.07
27961,-0.84,0.08,-0.05,0.03,-0.11,0.04
27962,-1.57,-0.23,0.05,0.03,-0.11,-0.07
27963,-1.47,-0.23,-0.05,0.03,-0.00,-0.07
27964,-0.95,0.19,-0.26,0.03,-0.11,0.04
27965,-1.26,-0.13,-0.05,-0.08,-0.21,-0.17
27966,-1.68,-0.23,0.05,0.03,-0.00,0.04
27967,-0.95,0.08,-0.16,-0.08,-0.21,-0.07
27968,-1.05,-0.23,-0.26,0.03,-0.00,0.04
27969,-1.78,-0.13,0.16,0.03,-0.00,0.04
27970,-1.36,-0.02,-0.05,-0.08,-0.11,-0.07
27971,-0.64,0.29,-0.26,0.03,-0.00,-0.17
27972,-1.47,-0.23,-0.16,0.03,0.10,0.04
27973,-1.57,-0.13,-0.05,-0.08,-0.11,-0.17
27974,-1.05,0.29,-0.16,0.03,-0.11,-0.07
27975,-1.05,-0.23,-0.36,0.03,-0.21,-0.07
27976,-1.47,-0.13,0.05,0.03,-0.11,-0.07
27977,-1.26,0.08,0.05,0.03,-0.11,-0.07
27978,-1.05,-0.13,-0.26,0.03,-0.00,0.04
27979,-1.26,-0.23,-0.26,0.03,-0.00,0.04
27980,-1.47,-0.02,0.05,0.03,-0.11,-0.07
27981,-1.05,0.19,0.16,0.03,-0.11,-0.07
27982,-1.05,-0.02,-0.36,0.03,-0.21,-0.17
27983,-1.47,-0.23,0.05,-0.08,-0.00,0.04
27984,-1.36,0.19,0.16,-0.08,-0.21,-0.17
27985,-1.16,0.08,-0.26,0.13,-0.00,-0.07
27986,-1.16,-0.44,-0.26,0.03,-0.00,-0.07
27987,-1.47,-0.02,0.05,-0.08,-0.11,-0.07
27988,-1.26,0.29,0.05,-0.08,-0.00,0.04
27989,-1.05,-0.23,-0.36,0.03,-0.11,0.04
27990,-1.26,-0.33,-0.16,0.03,-0.00,-0.07
27991,-1.36,0.08,0.05,-0.08,-0.11,0.04
27992,-1.16,0.19,-0.16,0.03,-0.11,-0.07
27993,-1.57,-0.44,-0.36,0.03,-0.00,-0.07
27994,-1.26,-0.13,0.05,0.03,-0.00,0.04
27995,-0.95,0.29,-0.05,0.13,-0.00,0.04
27996,-1.26,-0.23,-0.16,0.13,-0.00,-0.07
27997,-1.57,-0.23,-0.05,0.03,-0.00,-0.07
27998,-1.05,0.19,-0.16,0.03,-0.11,0.04
27999,-1.05,-0.02,-0.16,0.03,-0.11,-0.07
28000,-1.78,-0.13,-0.05,0.13,-0.11,-0.07
28001,-1.26,-0.02,0.16,0.03,-0.11,-0.07
28002,-0.74,-0.02,-0.16,-0.08,-0.11,-0.07
28003,-1.68,-0.02,-0.16,-0.08,-0.00,-0.07
28004,-1.68,-0.13,0.05,0.03,-0.11,0.04
28005,-0.74,-0.02,-0.05,-0.08,-0.11,-0.07
28006,-1.05,-0.23,-0.36,0.03,-0.00,0.04
28007,-2.20,-0.02,0.05,-0.08,-0.11,-0.07
28008,-1.16,0.19,0.16,0.03,-0.11,0.04
28009,-0.43,-0.23,-0.47,0.03,-0.11,-0.07
28010,-1.68,-0.23,-0.16,0.03,-0.11,-0.07
28011,-1.78,0.29,0.26,0.03,0.10,0.04
28012,-0.64,-0.02,-0.26,0.13,-0.21,-0.07
28013,-1.05,-0.33,-0.47,0.03,-0.00,-0.07
28014,-1.99,0.19,0.16,0.13,-0.00,0.14
28015,-1.05,0.29,0.05,-0.08,-0.21,0.04
28016,-0.95,-0.44,-0.36,0.03,0.10,0.14
28017,-1.68,-0.13,-0.05,0.03,-0.11,0.04
28018,-1.36,0.39,0.05,0.13,-0.11,0.04
28019,-0.84,-0.02,0.05,0.13,-0.11,-0.17
28020,-1.47,-0.75,-0.26,0.03,-0.11,-0.07
28021,-1.36,0.39,-0.05,-0.08,-0.00,-0.07
28022,-0.95,0.29,-0.05,0.23,-0.11,0.04
28023,-1.36,-0.54,-0.26,0.13,-0.11,-0.07
28024,-1.47,-0.13,-0.16,-0.08,-0.00,-0.07
28025,-0.84,0.39,0.05,0.03,-0.11,0.04
28026,-1.26,-0.02,-0.05,0.03,-0.11,0.04
28027,-1.78,-0.44,-0.05,0.03,-0.11,-0.07
28028,-0.95,0.19,-0.05,0.03,-0.21,-0.07
28029,-0.84,0.29,-0.05,0.13,-0.11,0.04
28030,-1.88,-0.33,0.16,0.03,-0.11,-0.07
28031,-1.36,-0.13,-0.16,0.03,-0.11,-0.07
28032,-0.64,0.29,-0.05,0.03,-0.11,0.04
28033,-1.47,-0.23,-0.16,0.03,-0.11,-0.07
28034,-1.88,-0.13,0.16,-0.08,-0.00,-0.17
28035,-0.95,0.08,-0.05,0.03,-0.00,0.04
28036,-0.74,-0.02,-0.36,0.03,-0.11,-0.07
28037,-1.68,-0.13,0.16,0.03,-0.00,0.04
28038,-1.36,-0.02,0.16,0.03,-0.11,0.14
28039,-0.74,0.29,-0.26,0.03,-0.21,0.14
28040,-1.36,-0.23,-0.36,0.03,-0.21,-0.07
28041,-1.78,-0.13,0.05,0.13,-0.21,0.04
28042,-1.05,0.19,0.05,0.03,-0.21,-0.07
28043,-0.95,-0.23,-0.47,-0.08,-0.11,-0.07
28044,-1.57,-0.13,-0.16,-0.08,-0.21,-0.17
28045,-1.47,0.08,0.16,-0.08,-0.11,0.04
28046,-1.05,-0.02,-0.05,0.03,-0.11,-0.07
28047,-1.05,-0.13,-0.57,-0.08,-0.00,0.04
28048,-1.57,-0.23,-0.05,0.03,-0.11,0.04
28049,-1.36,0.19,0.16,0.03,-0.00,-0.07
28050,-1.16,-0.02,-0.16,0.03,-0.11,0.04
28051,-1.26,-0.54,-0.36,0.03,-0.11,0.04
28052,-1.36,0.08,0.16,0.03,-0.00,0.04
28053,-1.16,0.19,0.16,-0.08,-0.00,0.04
28054,-1.16,-0.13,-0.47,0.03,-0.00,-0.07
28055,-1.26,-0.33,-0.36,0.03,-0.11,-0.07
28056,-1.16,0.29,0.26,0.03,-0.21,-0.07
28057,-1.26,0.19,-0.16,0.03,-0.00,0.04
28058,-1.47,-0.54,-0.26,0.03,-0.00,0.04
28060,-1.26,-0.02,0.05,0.03,-0.11,0.14
28060,-1.16,0.29,0.05,0.03,-0.11,0.14
28061,-1.36,-0.23,-0.16,0.13,-0.00,0.04
28062,-1.47,-0.33,-0.16,0.03,-0.11,-0.07
28063,-1.05,0.08,0.16,-0.08,-0.11,-0.07
28064,-1.16,0.08,-0.16,-0.08,0.10,0.14
28065,-1.57,-0.02,-0.16,0.03,-0.00,0.04
28066,-1.36,-0.23,-0.05,0.03,-0.00,0.04
28067,-0.84,0.19,0.05,0.13,-0.00,0.04
28068,-1.26,-0.13,-0.16,-0.08,-0.00,-0.07
28069,-1.88,-0.23,0.05,-0.08,-0.21,-0.07
28070,-1.05,0.19,0.05,0.03,0.10,0.04
28071,-0.64,-0.23,-0.26,-0.08,-0.11,-0.07
28072,-1.78,-0.02,-0.05,0.03,-0.00,-0.07
28073,-1.88,0.08,0.16,0.03,-0.11,-0.07
28074,-0.64,-0.13,-0.26,0.13,-0.00,0.04
28075,-1.05,-0.33,-0.36,0.03,-0.11,-0.07
28076,-2.09,0.08,0.16,-0.08,-0.11,0.04
28077,-1.26,0.19,0.05,0.03,-0.11,-0.07
28078,-0.64,-0.33,-0.57,-0.08,-0.00,0.04
28079,-1.47,-0.44,-0.16,0.03,-0.21,-0.07
28080,-1.78,0.71,0.57,0.03,-0.00,-0.07
28081,-0.74,-0.23,-0.16,0.03,-0.11,0.04
28082,-1.05,-0.44,-0.47,0.03,-0.21,0.04
28083,-1.78,0.08,0.16,-0.08,-0.11,-0.07
28084,-1.16,0.39,0.26,0.13,-0.11,0.04
28085,-0.95,-0.23,-0.16,0.03,-0.21,0.04
28086,-1.47,-0.65,-0.47,0.03,-0.11,-0.07
28087,-1.26,0.60,0.26,0.03,-0.00,-0.17
28088,-0.95,0.19,0.05,0.03,-0.11,-0.07
28089,-1.36,-0.65,-0.26,-0.08,-0.11,-0.07
28090,-1.36,0.08,-0.16,0.03,0.10,0.04
28091,-0.95,0.60,0.16,0.03,-0.00,0.04
28092,-1.26,-0.02,-0.16,0.03,-0.11,-0.07
28093,-1.78,-0.65,-0.16,-0.08,-0.11,-0.07
28094,-0.95,0.19,0.05,0.03,0.10,0.04
28095,-0.84,0.29,-0.16,0.03,-0.11,0.04
28096,-1.78,-0.44,0.05,0.03,-0.11,0.04
28097,-1.36,-0.23,-0.05,0.03,-0.11,-0.07
28098,-0.53,0.29,-0.16,0.03,-0.00,0.04
28099,-1.47,-0.13,-0.16,0.03,-0.11,-0.07
28100,-2.09,-0.23,0.05,-0.08,-0.21,-0.07
28101,-0.74,0.08,-0.05,0.03,-0.21,0.04
28102,-0.84,0.29,-0.36,0.03,0.10,0.14
28103,-1.99,-0.33,-0.05,0.03,-0.11,-0.07
28104,-1.57,-0.13,0.36,0.03,-0.11,0.04
28105,-0.74,-0.02,-0.16,0.13,-0.00,-0.07
28106,-1.26,-0.23,-0.57,0.03,-0.00,-0.07
28107,-1.78,0.08,0.05,0.03,-0.00,-0.07
28108,-1.05,-0.02,0.26,0.13,0.10,-0.07
28109,-0.84,-0.13,-0.36,0.03,-0.00,-0.07
28110,-1.57,-0.02,-0.26,0.03,0.10,-0.07
28111,-1.57,-0.13,0.16,0.03,0.10,0.04
28112,-1.05,0.08,-0.05,-0.08,-0.11,-0.17
28113,-1.16,-0.23,-0.36,0.03,-0.11,0.04
28114,-1.47,-0.23,-0.26,0.03,-0.11,-0.07
28115,-1.36,0.19,0.26,0.03,-0.11,-0.07
28116,-1.16,-0.13,-0.05,0.03,-0.00,-0.07
28117,-1.26,-0.02,-0.36,0.03,-0.00,0.04
28118,-1.26,-0.23,-0.05,0.03,-0.00,0.04
28119,-1.47,0.19,0.05,0.03,-0.00,0.14
28120,-1.36,-0.02,-0.05,0.03,-0.00,-0.07
28121,-1.05,-0.44,-0.57,-0.08,-0.00,0.14
28122,-1.16,-0.02,0.05,-0.08,-0.11,-0.07
28123,-1.57,0.08,0.26,0.03,0.10,0.04
28124,-1.16,0.08,-0.36,-0.08,-0.11,-0.07
28125,-1.05,-0.33,-0.36,-0.08,-0.11,0.04
28126,-1.36,-0.02,0.05,0.13,0.10,0.14
28127,-1.36,0.39,0.05,0.03,-0.11,-0.07
28128,-1.05,-0.33,-0.16,-0.08,-0.21,-0.07
28129,-1.47,-0.44,-0.26,-0.08,-0.00,0.04
28130,-1.36,0.08,0.16,0.03,-0.11,-0.07
28131,-1.05,0.08,0.05,0.03,-0.00,0.04
28132,-1.16,-0.23,-0.26,0.03,-0.11,-0.07
28133,-1.57,-0.44,-0.05,0.03,-0.00,-0.07
28134,-1.05,0.50,0.05,0.03,-0.21,-0.07
28135,-0.95,-0.13,0.05,0.13,-0.11,0.14
28136,-1.57,-0.33,-0.26,0.03,-0.11,-0.07
28137,-1.47,-0.02,-0.05,0.03,-0.00,0.04
28138,-0.74,0.08,-0.16,0.03,-0.11,-0.17
28139,-1.26,-0.13,-0.05,0.03,-0.11,0.04
28140,-1.88,-0.13,0.16,0.03,-0.11,-0.07
28141,-0.95,0.19,-0.05,0.03,-0.00,-0.17
28142,-0.64,-0.13,-0.26,0.03,-0.00,-0.07
28143,-1.78,-0.33,-0.05,-0.08,-0.00,-0.17
28145,-1.57,0.29,0.26,0.23,0.10,0.14
28145,-0.53,-0.23,-0.16,0.13,-0.11,0.04
28146,-1.26,-0.33,-0.47,0.03,-0.11,0.04
28147,-1.99,0.19,0.26,-0.08,-0.11,-0.07
28148,-1.16,0.29,0.05,-0.08,-0.00,-0.07
28149,-0.64,-0.44,-0.36,0.03,-0.11,-0.07
28150,-1.57,-0.44,-0.26,-0.08,-0.11,-0.07
28151,-1.68,0.71,0.26,-0.08,-0.00,-0.07
28152,-0.74,0.08,-0.16,-0.08,-0.11,-0.07
28153,-1.16,-0.65,-0.57,0.13,-0.11,-0.07
28154,-1.78,-0.02,0.16,-0.08,-0.11,-0.07
28155,-1.26,0.60,0.26,-0.08,-0.11,0.04
28156,-0.95,-0.13,-0.47,0.13,-0.11,-0.07
28157,-1.47,-0.75,-0.26,0.03,-0.11,-0.07
28158,-1.26,0.50,0.26,0.03,-0.11,-0.07
28159,-1.05,0.71,-0.05,0.03,-0.00,-0.07
28160,-1.57,-0.85,-0.47,0.13,0.10,0.14
28161,-1.57,-0.23,-0.05,0.03,-0.11,-0.07
28162,-0.74,0.50,0.16,0.03,-0.00,0.04
28163,-1.16,0.19,-0.05,-0.08,-0.11,0.04
28164,-1.88,-0.75,-0.36,0.03,-0.11,-0.07
28165,-1.05,0.08,-0.16,-0.08,-0.11,0.04
28166,-0.84,0.39,-0.05,0.03,-0.00,0.04
28167,-1.57,-0.33,-0.26,0.13,-0.11,0.04
28168,-1.78,-0.13,0.05,-0.08,-0.11,0.04
28169,-0.64,0.08,-0.05,0.03,-0.00,-0.07
28170,-0.95,0.29,-0.05,0.03,-0.21,-0.17
28171,-1.99,-0.44,-0.16,0.13,-0.00,0.04
28172,-1.36,-0.13,0.16,-0.08,-0.11,-0.07
28173,-0.64,0.19,-0.26,0.03,-0.11,0.04
28174,-1.47,-0.23,-0.16,-0.08,-0.11,-0.17
28175,-1.68,-0.02,0.05,0.03,-0.11,-0.17
28176,-0.95,-0.02,0.05,0.03,-0.21,0.04
28177,-0.95,0.08,-0.16,0.03,-0.00,0.14
28178,-1.47,-0.02,-0.26,0.03,-0.11,-0.07
28179,-1.47,-0.23,-0.05,0.13,-0.00,0.14
28180,-1.05,0.19,0.16,0.13,-0.00,-0.17
28181,-1.16,-0.23,-0.36,-0.08,-0.21,-0.07
28182,-1.47,-0.13,-0.16,0.13,0.10,0.14
28183,-1.26,-0.02,0.05,0.03,-0.00,0.04
28184,-1.26,-0.02,-0.05,0.03,-0.11,0.04
28185,-1.26,0.08,-0.16,0.03,-0.00,-0.07
28186,-1.16,-0.13,-0.26,-0.08,-0.21,-0.07
28187,-1.36,0.08,-0.05,0.03,-0.11,-0.07
28188,-1.36,-0.02,-0.05,-0.08,-0.21,-0.07
28189,-1.05,-0.02,-0.16,0.03,-0.21,-0.17
28190,-1.26,-0.33,-0.16,-0.08,-0.00,0.04
28191,-1.47,-0.02,0.05,-0.08,-0.00,-0.17
28192,-1.26,0.29,-0.05,0.13,-0.00,0.04
28193,-0.95,-0.33,-0.26,0.03,-0.00,-0.17
28194,-1.36,-0.13,-0.26,0.13,-0.11,0.04
28195,-1.57,0.08,0.05,0.03,-0.00,0.04
28196,-1.16,0.19,-0.05,0.13,-0.00,0.04
28197,-1.05,-0.33,-0.16,0.03,-0.21,0.04
28198,-1.68,-0.44,-0.26,0.13,-0.11,0.04
28199,-1.26,0.50,0.47,0.03,-0.00,-0.07
28200,-0.95,-0.02,-0.05,0.13,0.10,-0.07
28201,-1.47,-0.33,-0.26,0.03,-0.21,-0.07
28202,-1.57,-0.13,0.05,-0.08,-0.11,0.04
28203,-0.84,0.39,0.05,0.03,0.10,0.04
28204,-0.95,-0.23,-0.16,-0.08,-0.00,-0.07
28205,-1.78,-0.44,-0.26,0.03,-0.11,-0.17
28206,-1.36,0.29,0.16,-0.08,-0.00,-0.07
28207,-0.64,0.19,-0.05,0.03,-0.00,-0.07
28323,-1.57,-0.54,0.05,0.34,0.10,0.24
28323,-1.36,-0.54,-0.36,0.23,0.21,0.35
28324,-1.26,-0.13,-0.26,-0.08,0.10,-0.07
28325,-1.26,-0.33,-0.05,0.13,-0.00,0.04
28326,-1.36,0.39,0.16,-0.08,-0.21,-0.17
28327,-1.26,-0.02,-0.16,0.13,0.10,0.04
28328,-1.16,-0.23,-0.05,0.03,-0.11,-0.07
28329,-1.36,-0.23,-0.47,0.03,-0.11,-0.07
28331,-1.36,0.29,0.16,0.03,-0.11,-0.07
28331,-1.26,-0.02,0.05,0.13,-0.00,0.14
28332,-1.16,-0.23,-0.26,0.03,-0.00,-0.07
28333,-1.16,-0.13,-0.16,-0.08,-0.11,0.04
28334,-1.26,0.19,0.05,-0.08,-0.00,0.04
28335,-1.26,-0.02,0.05,0.03,-0.00,0.04
28336,-1.16,-0.33,-0.05,0.03,-0.21,-0.07
28337,-1.16,-0.13,-0.36,-0.08,-0.21,-0.07
28338,-1.16,0.19,0.26,-0.08,-0.11,-0.07
28339,-1.36,0.19,0.16,0.03,-0.21,-0.17
28340,-1.16,-0.23,-0.47,0.03,-0.11,-0.07
28341,-1.05,-0.13,-0.16,-0.08,-0.00,0.04
28342,-1.47,0.08,0.16,0.03,-0.00,0.04
28343,-1.36,0.08,0.16,0.03,-0.00,0.14
28344,-0.95,-0.33,-0.16,-0.08,-0.31,-0.07
28345,-1.47,-0.23,-0.36,0.23,-0.00,0.04
28346,-1.47,0.39,0.26,0.03,-0.00,-0.07
28347,-1.16,0.08,-0.16,0.13,0.10,0.04
28348,-0.95,-0.44,-0.26,-0.08,-0.11,-0.07
28349,-1.47,-0.13,-0.05,0.13,-0.00,0.04
28350,-1.47,0.39,0.26,-0.08,-0.00,-0.17
28351,-0.84,-0.13,-0.05,0.03,-0.11,-0.07
28352,-1.26,-0.54,-0.47,0.13,-0.00,0.04
28353,-1.68,0.19,0.16,-0.08,-0.21,-0.07
28354,-1.36,0.29,0.26,0.03,-0.11,0.04
28355,-0.74,-0.23,-0.36,0.03,-0.11,0.14
28356,-1.26,-0.44,-0.47,0.13,-0.11,-0.07
28357,-1.78,0.29,0.36,0.03,-0.00,0.04
28358,-1.16,0.50,-0.05,0.03,-0.21,-0.07
28359,-0.74,-0.54,-0.57,0.03,-0.11,-0.07
28360,-1.36,-0.33,-0.16,-0.08,-0.00,-0.07
28361,-1.88,0.60,0.36,0.03,-0.11,-0.07
28362,-0.95,0.19,-0.05,0.03,-0.11,0.04
28363,-0.74,-0.65,-0.88,0.03,-0.11,-0.07
28364,-1.78,-0.44,-0.16,0.13,0.10,0.04
28365,-1.78,0.91,0.78,-0.08,0.10,0.04
28366,-0.95,-0.02,-0.36,0.03,-0.11,-0.17
28367,-1.05,-1.06,-0.78,0.23,-0.11,0.04
28368,-1.68,-0.02,0.16,0.03,-0.11,-0.07
28369,-1.47,1.02,0.57,0.03,-0.21,0.04
28370,-0.95,-0.13,-0.36,0.03,-0.11,0.04
28371,-1.16,-0.85,-0.68,0.03,-0.11,-0.07
28372,-1.57,0.29,0.26,0.13,-0.11,-0.07
28373,-1.26,0.91,0.47,-0.08,-0.11,0.04
28374,-1.05,-0.33,-0.68,0.13,-0.00,0.14
28375,-1.26,-0.85,-0.47,0.03,-0.11,-0.07
28376,-1.47,0.39,0.36,-0.08,0.10,0.04
28377,-1.36,0.71,0.05,0.13,-0.11,0.04
28378,-1.05,-0.44,-0.47,0.13,-0.00,0.04
28379,-1.36,-0.85,-0.47,0.13,-0.00,0.04
28380,-1.47,0.60,0.47,0.03,-0.00,-0.07
28381,-1.05,0.39,-0.05,-0.08,-0.11,-0.17
28382,-1.16,-0.65,-0.68,0.03,0.10,0.04
28383,-1.36,-0.54,-0.26,-0.08,-0.00,-0.07
28384,-1.47,0.81,0.47,0.03,-0.11,0.14
28385,-1.16,0.08,-0.16,0.03,-0.11,0.14
28386,-1.05,-0.54,-0.47,-0.08,-0.21,-0.07
28387,-1.36,-0.23,-0.16,0.13,-0.11,0.04
28388,-1.26,0.71,0.16,0.03,-0.11,-0.07
28389,-1.05,-0.02,-0.05,0.03,-0.11,-0.07
28390,-1.16,-0.44,-0.26,0.03,-0.21,0.04
28391,-1.26,-0.02,-0.05,0.03,-0.11,-0.07
28392,-1.36,0.39,0.26,0.13,-0.00,0.04
28393,-1.26,-0.13,-0.05,0.03,-0.11,-0.17
28394,-1.16,-0.44,-0.36,0.03,-0.11,-0.07
28395,-1.36,0.08,-0.05,0.03,0.21,-0.07
28396,-1.36,0.19,-0.05,-0.08,-0.00,-0.07
28397,-1.36,-0.13,0.05,-0.18,-0.21,-0.07
28398,-1.16,-0.33,-0.26,0.03,-0.11,-0.07
28399,-1.16,0.39,-0.05,-0.08,-0.21,-0.07
28400,-1.36,0.08,-0.05,0.13,-0.00,0.14
28401,-1.36,-0.13,-0.05,0.03,-0.21,0.14
28402,-1.16,-0.33,-0.26,0.03,-0.11,0.04
28403,-1.26,0.29,0.05,0.03,0.10,-0.07
28404,-1.47,-0.02,-0.26,0.13,-0.00,0.04
28405,-1.47,-0.23,0.05,0.13,-0.11,-0.07
28406,-1.26,-0.23,-0.05,0.03,0.10,0.04
28407,-1.05,0.08,-0.26,0.03,-0.00,-0.07
28408,-1.36,-0.13,-0.05,0.03,-0.00,0.04
28409,-1.47,-0.02,0.16,0.03,-0.11,-0.07
28410,-1.16,-0.02,-0.05,0.03,-0.00,-0.07
28411,-1.05,-0.13,-0.26,-0.08,-0.11,-0.07
28412,-1.36,-0.13,-0.16,0.13,-0.11,0.04
28413,-1.36,-0.13,0.05,-0.08,-0.21,0.04
28414,-1.16,0.19,0.05,0.13,-0.21,0.04
28415,-1.16,-0.23,-0.57,-0.08,-0.11,-0.07
28416,-1.36,-0.23,0.05,0.03,-0.00,-0.07
28417,-1.36,0.19,0.16,0.03,-0.00,-0.07
28418,-1.05,0.19,-0.16,0.13,0.10,0.04
28419,-1.05,-0.33,-0.16,-0.08,-0.11,0.04
28420,-1.47,-0.13,-0.05,-0.08,-0.11,0.04
28421,-1.47,0.08,-0.05,-0.08,-0.11,-0.07
28422,-0.95,0.08,0.05,0.13,-0.00,0.04
28423,-1.05,-0.33,-0.26,0.03,-0.11,-0.07
28424,-1.68,-0.23,-0.05,0.03,-0.11,0.04
28425,-1.47,0.19,0.16,0.03,-0.00,0.04
28426,-0.84,-0.02,-0.36,0.13,-0.11,-0.07
28427,-1.05,-0.54,-0.26,0.03,-0.00,-0.07
28428,-1.78,-0.02,0.36,-0.08,-0.21,-0.07
28429,-1.57,0.39,0.05,0.03,-0.11,-0.07
28430,-0.74,-0.13,-0.26,-0.08,-0.00,-0.07
28431,-0.95,-0.54,-0.47,0.03,0.10,0.04
28432,-1.68,0.08,0.36,0.03,-0.21,-0.07
28433,-1.47,0.50,0.36,-0.08,-0.00,-0.07
28434,-0.74,-0.23,-0.78,0.03,-0.11,-0.07
28435,-1.16,-0.44,-0.36,0.03,-0.11,-0.17
28436,-1.88,0.19,0.47,0.03,-0.11,-0.07
28437,-1.36,0.60,0.36,0.03,-0.11,-0.07
28438,-0.64,-0.44,-0.88,0.13,-0.00,0.14
28439,-1.16,-0.54,-0.26,-0.08,-0.21,-0.07
28440,-1.78,0.39,0.36,-0.08,-0.00,0.04
28441,-1.26,0.60,0.36,-0.08,-0.11,-0.07
28442,-0.64,-0.65,-0.88,0.03,-0.11,0.04
28443,-1.16,-0.44,-0.26,-0.08,-0.21,-0.17
28444,-1.88,0.50,0.47,0.03,0.10,-0.07
28445,-1.16,0.50,0.16,-0.08,-0.00,0.04
28446,-0.74,-0.65,-0.88,0.13,-0.00,0.04
28447,-1.36,-0.65,-0.36,0.23,-0.00,0.14
28448,-1.88,0.60,0.47,0.03,-0.11,0.04
28449,-1.05,0.60,-0.05,0.03,-0.11,0.04
28450,-0.84,-0.65,-0.78,0.13,-0.11,0.14
28451,-1.36,-0.44,-0.26,-0.08,-0.00,-0.07
28452,-1.88,0.60,0.47,0.03,-0.00,0.04
28453,-1.05,0.19,-0.05,0.03,-0.11,-0.17
28454,-0.84,-0.65,-0.78,0.13,-0.11,0.14
28455,-1.47,-0.23,-0.05,0.03,-0.11,-0.17
28456,-1.78,0.71,0.68,0.03,-0.11,0.04
28457,-0.95,0.19,-0.16,-0.08,-0.21,-0.17
28458,-0.95,-0.54,-0.57,0.03,-0.11,-0.07
28459,-1.47,-0.23,-0.16,0.03,-0.00,0.04
28460,-1.57,0.50,0.57,-0.18,-0.21,-0.28
28461,-1.05,0.08,-0.26,-0.08,0.10,0.14
28462,-0.74,-0.54,-0.57,-0.08,-0.21,-0.07
28463,-1.47,-0.02,0.05,0.03,0.10,0.04
28464,-1.68,0.50,0.36,0.03,-0.11,-0.07
28465,-1.05,-0.13,-0.16,0.13,-0.00,0.14
28466,-0.95,-0.54,-0.16,0.03,-0.00,0.04
28467,-1.47,0.08,-0.05,0.03,-0.00,0.04
28468,-1.36,0.29,0.26,0.03,-0.11,0.04
28469,-1.16,-0.23,-0.05,0.13,-0.00,0.04
28470,-1.05,-0.33,-0.47,0.03,-0.00,-0.17
28471,-1.36,0.08,0.16,0.03,-0.00,0.04
28472,-1.47,0.29,0.05,-0.08,-0.11,-0.07
28473,-1.26,-0.33,-0.16,-0.08,-0.11,-0.07
28474,-0.95,-0.23,-0.05,-0.08,-0.21,-0.07
28475,-1.36,0.08,-0.05,0.13,-0.00,0.14
28476,-1.47,0.29,-0.05,0.03,-0.00,0.04
28477,-1.36,-0.44,-0.16,0.03,-0.00,-0.07
28478,-1.16,-0.02,0.05,0.03,-0.11,-0.07
28479,-1.26,0.19,0.05,0.03,-0.11,-0.07
28480,-1.26,0.08,-0.05,0.13,-0.00,-0.07
28481,-1.36,-0.54,-0.36,0.03,-0.00,0.14
28482,-1.05,-0.02,0.05,0.03,-0.21,-0.07
28483,-1.26,0.19,0.16,0.03,-0.00,-0.07
28484,-1.26,-0.13,-0.16,0.03,-0.00,0.04
28485,-1.26,-0.33,-0.26,0.13,-0.00,-0.07
28486,-1.26,-0.02,0.05,0.13,-0.00,0.04
28487,-1.26,0.29,0.05,0.03,-0.00,-0.07
28488,-1.36,-0.23,-0.16,0.03,-0.00,0.04
28489,-1.16,-0.33,-0.26,-0.08,-0.00,-0.07
28490,-1.26,0.08,-0.16,0.13,-0.00,0.04
28491,-1.26,0.29,0.16,0.23,-0.00,0.04
28492,-1.36,-0.33,-0.16,0.13,-0.21,0.04
28493,-1.16,-0.33,-0.26,0.03,-0.00,-0.07
28494,-1.26,0.08,0.05,0.03,-0.11,0.04
28495,-1.26,0.29,0.26,0.03,-0.11,0.04
28496,-1.05,-0.13,-0.36,-0.18,-0.11,-0.07
28497,-1.16,-0.54,-0.16,0.13,-0.00,0.14
28498,-1.26,0.19,0.05,-0.08,-0.00,0.04
28499,-1.26,0.29,0.16,-0.08,-0.21,-0.28
28500,-1.16,-0.23,-0.16,0.03,-0.11,-0.07
28501,-1.16,-0.33,-0.36,0.03,-0.11,-0.17
28502,-1.47,0.19,0.05,0.13,-0.00,-0.07
28503,-1.47,0.29,0.16,-0.08,-0.11,-0.07
28504,-0.95,-0.33,-0.47,0.03,-0.11,-0.07
28505,-1.16,-0.44,-0.16,0.03,-0.00,-0.07
28506,-1.68,0.39,0.16,0.03,-0.11,-0.07
28507,-1.68,0.19,-0.16,0.03,-0.11,0.04
28508,-0.74,-0.33,-0.36,0.03,-0.00,-0.07
28509,-1.05,-0.33,-0.26,-0.08,-0.21,-0.07
28510,-1.78,0.29,0.36,0.03,-0.11,-0.07
28511,-1.47,0.19,0.26,0.03,-0.11,0.04
28512,-0.84,-0.54,-0.88,0.03,-0.00,0.14
28513,-1.05,-0.33,-0.36,-0.18,-0.11,-0.07
28514,-1.78,0.29,0.47,-0.08,-0.11,-0.07
28515,-1.68,0.29,0.26,0.03,-0.00,-0.07
28516,-0.74,-0.54,-0.88,0.03,-0.21,-0.07
28517,-0.95,-0.44,-0.26,-0.08,-0.11,-0.07
28518,-1.88,0.39,0.47,-0.08,-0.11,-0.07
28519,-1.68,0.29,0.05,-0.08,-0.11,-0.07
28520,-0.64,-0.44,-0.68,-0.08,-0.11,-0.17
28521,-1.05,-0.44,-0.47,0.03,-0.11,-0.17
28522,-1.78,0.39,0.36,-0.08,-0.11,-0.07
28523,-1.47,0.29,0.26,0.03,-0.11,0.14
28524,-0.64,-0.44,-0.78,0.03,-0.11,-0.07
28525,-1.16,-0.44,-0.36,-0.08,-0.00,-0.07
28526,-1.78,0.19,0.68,0.03,-0.00,-0.07
28527,-1.47,0.29,-0.05,0.03,-0.11,0.14
28528,-0.74,-0.33,-0.47,-0.08,-0.11,-0.07
28529,-1.05,-0.23,-0.26,0.03,-0.00,0.04
28530,-1.78,0.19,0.16,0.03,0.10,-0.07
28531,-1.36,0.39,0.36,-0.08,-0.11,-0.07
28532,-0.84,-0.54,-0.68,0.03,0.10,0.14
28533,-1.16,-0.23,-0.26,0.03,-0.00,0.04
28534,-1.78,0.08,0.16,0.13,-0.00,0.14
28535,-1.57,0.19,0.16,0.03,-0.00,0.14
28536,-0.74,-0.44,-0.68,0.13,-0.21,-0.07
28537,-1.16,-0.23,-0.05,-0.08,-0.11,-0.07
28538,-1.57,0.19,0.16,-0.08,-0.11,0.04
28539,-1.36,0.08,0.16,0.03,-0.11,-0.07
28540,-0.74,-0.13,-0.36,0.03,-0.11,-0.07
28541,-1.16,-0.23,-0.26,0.13,-0.11,-0.07
28542,-1.68,0.29,0.26,-0.08,-0.21,-0.07
28543,-1.36,0.08,0.05,-0.08,-0.11,-0.07
28544,-0.84,-0.23,-0.26,0.03,-0.00,0.04
28545,-1.16,-0.02,-0.16,0.03,-0.00,0.04
28546,-1.68,0.19,0.05,0.13,-0.00,0.04
28547,-1.16,-0.13,-0.05,0.03,-0.11,-0.07
28548,-0.95,-0.33,-0.26,0.03,-0.00,-0.07
28549,-1.26,0.08,-0.05,-0.08,-0.21,-0.17
28550,-1.47,-0.02,0.05,0.13,0.10,0.04
28551,-1.36,-0.02,-0.16,0.03,-0.11,0.04
28552,-1.05,-0.33,-0.26,-0.08,-0.00,0.04
28553,-1.26,0.19,0.26,0.13,-0.21,-0.07
28554,-1.47,-0.02,0.05,0.13,-0.00,0.04
28555,-1.16,-0.02,-0.05,0.03,-0.11,0.14
28556,-1.05,-0.33,-0.68,-0.08,-0.00,-0.07
28557,-1.36,0.08,0.26,0.03,-0.11,0.04
28558,-1.26,0.29,0.16,0.03,-0.11,-0.07
28559,-1.36,-0.33,-0.16,0.03,-0.00,-0.07
28560,-1.05,-0.23,-0.36,0.13,-0.00,-0.07
28561,-1.36,0.19,0.05,0.03,-0.21,-0.07
28562,-1.47,0.19,0.26,0.03,-0.11,-0.07
28563,-1.05,-0.23,-0.26,0.03,-0.11,0.04
28564,-0.95,-0.13,-0.16,-0.18,-0.11,-0.17
28565,-1.47,-0.02,-0.05,0.13,-0.00,0.04
28566,-1.47,0.19,0.26,-0.18,-0.11,-0.07
28567,-1.26,-0.33,-0.26,0.13,-0.00,0.14
28568,-1.16,-0.44,-0.36,0.03,-0.00,0.04
28569,-1.36,0.19,0.05,0.03,-0.11,0.04
28570,-1.57,0.08,0.05,0.03,-0.11,0.04
28571,-1.16,-0.02,-0.05,-0.08,-0.11,-0.07
28572,-0.95,-0.33,-0.26,-0.08,-0.00,-0.07
28573,-1.26,-0.02,0.05,-0.08,-0.21,-0.07
28574,-1.57,0.08,-0.05,0.03,-0.00,0.04
28575,-1.26,0.08,0.05,0.03,0.10,0.04
28576,-0.95,-0.13,-0.57,0.23,-0.00,0.04
28577,-1.26,-0.23,-0.05,0.03,-0.00,-0.07
28578,-1.68,0.08,0.05,0.03,-0.11,-0.07
28579,-1.26,0.08,-0.16,0.03,-0.11,-0.07
28580,-0.95,-0.23,-0.26,0.13,-0.00,0.04
28581,-1.26,-0.23,-0.16,-0.08,-0.11,-0.07
28582,-1.68,-0.02,0.16,0.13,-0.00,0.14
28583,-1.26,-0.13,-0.16,0.13,-0.11,0.04
28584,-0.74,-0.02,-0.16,0.03,-0.11,-0.07
28585,-1.26,-0.33,-0.16,0.03,-0.00,-0.07
28586,-1.78,-0.02,0.05,0.03,-0.11,-0.07
28587,-1.36,0.19,0.05,0.13,-0.21,0.04
28588,-0.95,-0.13,-0.57,-0.08,-0.11,-0.07
28589,-0.95,-0.23,-0.16,-0.08,-0.11,-0.07
28590,-1.68,-0.02,0.16,-0.08,-0.21,-0.07
28591,-1.57,0.19,0.05,0.03,-0.00,-0.07
28592,-1.05,-0.23,-0.36,0.03,-0.00,-0.07
28593,-0.95,-0.33,-0.47,-0.08,-0.00,0.04
28594,-1.57,0.08,-0.05,0.03,-0.11,-0.07
28595,-1.57,0.19,0.36,0.03,-0.11,0.04
28596,-1.05,-0.02,-0.16,0.03,-0.11,-0.07
28597,-0.95,-0.33,-0.57,0.23,-0.00,0.14
28598,-1.36,0.08,0.05,-0.08,-0.21,-0.07
28599,-1.68,0.08,0.05,0.03,-0.00,0.14
28600,-1.16,0.08,-0.05,-0.08,-0.21,-0.07
28601,-0.84,-0.33,-0.57,-0.18,-0.11,-0.17
28602,-1.26,-0.13,-0.05,0.13,-0.00,0.04
28603,-1.68,0.08,0.16,0.03,-0.11,-0.07
28604,-1.05,0.08,0.05,0.03,-0.11,0.04
28605,-0.95,-0.33,-0.47,0.13,-0.11,-0.07
28606,-1.26,0.08,-0.26,-0.08,-0.11,-0.07
28607,-1.57,-0.02,0.36,-0.08,-0.00,0.04
28608,-1.26,0.08,-0.05,-0.08,-0.11,-0.07
28609,-0.74,-0.02,-0.36,0.03,-0.21,-0.17
28610,-1.26,-0.13,-0.05,0.03,-0.11,0.04
28611,-1.57,-0.02,-0.05,0.03,-0.00,-0.07
28612,-1.36,0.08,0.16,0.03,-0.00,-0.07
28613,-0.95,-0.02,-0.36,0.13,0.10,0.14
28614,-1.16,-0.13,-0.05,0.03,-0.11,0.04
28615,-1.47,-0.13,-0.05,-0.08,-0.21,-0.17
28616,-1.36,0.08,0.05,0.03,-0.00,0.04
28617,-1.05,-0.13,-0.16,0.03,-0.11,0.04
28618,-1.05,-0.13,-0.16,0.13,-0.00,0.14
28619,-1.47,0.08,-0.05,0.13,-0.11,0.04
28620,-1.36,-0.02,0.05,0.03,-0.00,-0.07
28621,-1.26,0.08,-0.16,0.13,0.10,-0.07
28622,-1.05,-0.13,-0.05,0.03,-0.00,-0.07
28624,-1.36,-0.13,0.05,0.03,-0.11,0.04
28624,-1.36,0.08,-0.16,-0.08,-0.21,-0.07
28625,-1.16,0.08,0.05,-0.08,-0.21,-0.07
28626,-1.26,-0.13,-0.16,0.03,-0.11,-0.07
28627,-1.36,-0.13,-0.26,0.03,-0.21,-0.17
28628,-1.47,0.08,0.05,0.03,-0.21,0.04
28629,-1.16,-0.02,-0.26,0.03,-0.11,-0.07
28630,-1.16,-0.02,0.05,-0.08,-0.11,-0.07
28631,-1.47,-0.13,-0.16,0.13,-0.00,0.04
28632,-1.26,-0.23,-0.16,0.03,-0.00,0.04
28633,-1.16,-0.02,0.05,-0.08,-0.11,-0.17
28634,-1.26,-0.13,-0.16,-0.08,-0.11,0.04
28635,-1.26,0.08,0.16,0.03,-0.21,0.04
28636,-1.05,-0.23,-0.16,0.13,-0.00,0.04
28637,-1.16,-0.02,-0.05,-0.08,-0.00,-0.07
28638,-1.26,-0.13,-0.26,-0.08,-0.00,-0.07
28639,-1.47,-0.02,0.05,0.03,-0.00,0.04
28640,-1.26,-0.02,0.05,0.03,-0.00,-0.07
28641,-1.16,-0.13,-0.16,-0.08,-0.21,-0.07
28642,-1.26,-0.13,-0.16,0.13,-0.00,0.14
28643,-1.36,-0.02,-0.05,0.03,-0.00,-0.17
28825,-1.26,-0.13,-0.26,0.13,-0.11,0.04
28826,-1.26,-0.23,-0.05,0.13,-0.00,-0.07
28827,-1.36,-0.02,-0.05,0.03,-0.00,-0.07
28828,-1.36,-0.13,0.05,0.03,-0.00,-0.07
28829,-1.26,-0.13,0.16,0.03,-0.00,-0.07
28830,-1.05,-0.13,-0.47,0.03,-0.11,0.04
28831,-1.16,-0.13,0.16,0.03,-0.00,-0.07
28832,-1.26,0.29,-0.05,-0.08,-0.21,-0.17
28833,-1.16,0.08,-0.16,-0.08,-0.31,-0.17
28834,-1.16,-0.02,0.05,0.13,-0.00,0.14
28835,-1.26,-0.13,-0.36,0.03,-0.11,-0.17
28836,-1.47,-0.33,-0.05,0.03,0.21,0.24
28837,-1.47,-0.02,-0.16,0.03,0.10,0.14
28838,-1.16,-0.13,0.05,0.03,-0.11,0.04
28839,-1.16,-0.02,-0.05,0.13,-0.00,0.14
28840,-1.16,-0.02,-0.36,-0.08,-0.21,-0.07
28841,-1.36,-0.13,0.16,-0.08,-0.11,0.04
28842,-1.36,-0.02,-0.05,-0.08,-0.00,0.04
28843,-1.26,-0.02,-0.26,0.03,-0.11,-0.07
28844,-1.05,-0.13,-0.05,-0.08,-0.11,0.04
28845,-1.26,0.08,-0.26,-0.08,-0.31,-0.07
28846,-1.26,-0.02,0.26,-0.08,-0.00,-0.07
28847,-1.36,0.08,-0.05,-0.08,-0.11,-0.07
28848,-1.16,0.08,-0.16,0.03,-0.00,0.04
28849,-1.05,-0.23,-0.05,0.13,-0.21,-0.07
28850,-1.47,-0.02,-0.16,0.03,-0.00,0.04
28851,-1.47,-0.02,0.05,0.03,-0.21,-0.07
28852,-1.16,-0.02,0.05,-0.08,-0.11,0.04
28853,-1.16,-0.13,-0.47,0.03,-0.21,0.04
28854,-1.05,-0.13,0.05,0.03,-0.00,-0.07
28855,-1.47,-0.02,-0.05,-0.08,-0.11,-0.17
28856,-1.47,-0.02,-0.05,0.13,-0.11,0.04
28857,-1.16,-0.13,-0.05,0.03,-0.11,0.04
28858,-1.16,-0.13,-0.57,0.13,-0.11,-0.07
28859,-1.16,0.08,0.26,0.03,-0.11,0.04
28860,-1.57,-0.13,-0.16,0.13,-0.11,-0.07
28861,-1.26,-0.02,0.05,0.03,-0.11,-0.17
28862,-1.05,-0.02,0.16,0.03,-0.11,-0.07
28863,-1.16,0.08,-0.57,0.03,-0.21,-0.07
28864,-1.26,-0.23,0.26,0.03,0.10,-0.07
28865,-1.47,-0.13,-0.16,0.13,-0.11,0.04
28866,-1.26,0.08,-0.36,0.13,0.10,0.04
28867,-1.16,-0.23,-0.05,0.13,-0.00,0.04
28868,-1.47,-0.02,-0.26,-0.08,-0.11,-0.07
28869,-1.16,-0.13,0.05,0.03,-0.21,-0.07
28870,-1.36,-0.13,0.05,0.23,-0.00,0.14
28871,-1.26,0.08,-0.26,-0.08,-0.00,-0.07
28872,-1.05,-0.23,0.26,-0.08,-0.21,-0.07
28873,-1.36,-0.02,-0.47,0.03,0.10,0.04
28874,-1.36,-0.13,-0.16,0.03,-0.00,0.14
28875,-1.36,-0.13,0.05,0.03,0.10,0.04
28876,-1.16,0.29,-0.36,-0.08,-0.21,-0.07
28877,-0.95,-0.13,0.05,-0.08,-0.21,-0.17
28878,-1.16,0.08,-0.16,-0.08,-0.31,-0.17
28879,-1.26,0.08,-0.16,-0.08,-0.21,-0.17
28880,-1.16,0.08,0.47,-0.08,-0.21,-0.07
28881,-1.05,0.08,-0.36,-0.08,-0.21,-0.17
28882,-1.26,-0.23,-0.16,0.23,0.10,0.14
28883,-1.47,-0.13,-0.16,0.13,-0.00,0.04
28884,-1.57,-0.13,-0.36,0.23,-0.00,0.14
28885,-1.05,-0.13,0.36,0.03,-0.11,-0.07
28886,-1.26,-0.02,-0.36,0.03,-0.11,-0.17
28887,-1.05,-0.02,0.16,-0.18,-0.21,-0.17
28888,-1.26,-0.02,-0.05,-0.08,-0.21,0.04
28889,-1.26,-0.13,-0.47,0.03,-0.11,0.04
28890,-1.26,-0.13,0.05,0.13,-0.00,0.14
28891,-1.47,-0.13,-0.26,0.23,-0.00,0.04
28892,-1.26,-0.02,-0.05,-0.08,-0.11,-0.17
28893,-1.05,-0.02,0.26,-0.08,-0.21,-0.17
28894,-1.36,-0.13,-0.57,0.13,-0.00,0.04
28895,-1.16,0.08,0.05,0.03,-0.11,-0.07
28896,-1.36,-0.02,-0.05,0.03,-0.11,-0.07
28897,-1.26,-0.02,-0.36,0.03,-0.00,0.04
28898,-1.16,-0.13,0.16,0.03,-0.21,-0.07
28899,-1.47,0.08,-0.16,0.03,-0.00,-0.07
28900,-1.16,-0.13,-0.16,0.13,-0.00,0.04
28901,-1.26,-0.02,0.26,0.03,-0.11,-0.07
28902,-1.26,0.08,-0.36,-0.08,-0.00,-0.07
28903,-1.26,-0.33,-0.05,0.23,-0.00,0.14
28904,-1.47,-0.02,-0.36,0.13,0.10,0.14
28905,-1.16,-0.23,-0.16,0.13,-0.00,-0.07
28906,-1.16,0.08,0.36,-0.08,-0.11,-0.07
28907,-1.36,0.08,-0.47,0.03,-0.00,0.04
28908,-1.26,-0.23,0.16,0.03,0.10,-0.07
28909,-1.26,-0.02,-0.26,0.03,-0.21,-0.07
28910,-1.16,-0.13,-0.47,-0.08,-0.21,-0.07
28911,-1.26,-0.13,0.26,-0.08,-0.00,0.04
28912,-1.36,0.19,-0.26,0.03,-0.00,0.04
28913,-1.26,-0.23,-0.26,0.03,-0.00,0.14
28914,-1.05,-0.13,-0.05,0.03,-0.11,0.04
28915,-1.26,-0.02,-0.36,-0.08,-0.00,-0.07
28916,-1.16,-0.13,0.26,-0.18,-0.11,-0.17
28917,-1.26,0.19,-0.05,-0.08,-0.11,-0.07
28918,-1.26,-0.13,-0.36,0.03,-0.00,0.04
28919,-1.05,-0.23,0.16,-0.08,-0.00,0.04
28920,-1.36,0.08,-0.26,0.03,-0.11,0.14
28921,-1.36,-0.23,-0.05,0.03,0.10,-0.07
28922,-1.16,-0.02,0.05,-0.08,-0.00,0.04
28923,-1.26,-0.13,-0.36,0.03,-0.00,0.04
28924,-1.16,-0.23,0.36,0.03,-0.21,-0.07
28925,-1.47,0.08,-0.16,-0.08,-0.11,0.04
28926,-1.47,-0.13,-0.26,0.13,0.10,0.04
28927,-1.05,-0.02,0.26,-0.08,-0.00,-0.07
28928,-1.26,-0.13,-0.47,0.03,-0.00,0.04
28929,-1.26,-0.23,0.05,0.03,-0.11,0.04
28930,-1.47,-0.02,-0.05,0.13,-0.00,0.14
28931,-1.47,-0.13,-0.36,0.13,-0.00,0.14
28932,-0.95,0.08,0.26,-0.18,-0.21,-0.28
28933,-1.16,0.08,-0.36,-0.18,-0.21,-0.07
28934,-1.16,-0.13,-0.05,0.03,-0.21,-0.07
28935,-1.36,-0.13,0.26,0.13,-0.21,0.04
28936,-1.26,0.19,-0.36,-0.08,-0.11,-0.17
28937,-1.16,-0.02,0.16,-0.08,-0.11,-0.07
28938,-1.16,-0.13,-0.26,-0.08,-0.11,-0.17
28939,-1.26,-0.13,-0.05,-0.08,-0.11,-0.17
28940,-1.16,-0.23,0.36,0.03,-0.00,-0.07
28941,-1.36,0.19,-0.26,-0.08,-0.11,-0.17
28942,-1.16,-0.02,-0.05,0.03,-0.11,-0.17
28943,-1.05,-0.02,0.05,0.03,-0.11,-0.07
28944,-1.36,-0.02,-0.47,0.13,0.10,0.04
28945,-1.26,-0.13,0.36,-0.08,-0.21,-0.07
28946,-1.36,0.08,0.05,0.03,-0.21,0.04
28947,-1.26,-0.02,-0.47,0.03,-0.00,-0.07
28948,-0.95,-0.23,0.05,-0.08,-0.11,-0.07
28949,-1.26,0.19,-0.05,-0.18,-0.21,-0.17
28950,-1.47,-0.23,-0.05,0.13,-0.00,0.14
28951,-1.05,0.08,0.16,-0.08,-0.21,-0.17
28952,-1.16,-0.02,-0.47,0.03,-0.11,-0.07
28953,-0.95,-0.23,0.05,0.03,-0.00,-0.07
28954,-1.47,-0.02,-0.05,0.03,-0.00,0.04
28955,-1.47,-0.13,-0.05,0.03,-0.00,-0.17
28956,-1.16,-0.02,0.26,-0.08,-0.11,0.04
28957,-1.26,0.19,-0.36,-0.08,-0.00,-0.07
28958,-0.95,-0.13,-0.05,-0.18,-0.11,-0.07
28959,-1.26,-0.02,0.16,-0.08,-0.21,-0.17
28960,-1.47,0.08,-0.16,-0.08,-0.11,0.04
28961,-1.05,-0.02,0.16,-0.08,-0.00,0.04
28962,-1.26,0.08,-0.16,0.13,-0.00,0.04
28963,-1.26,-0.13,-0.26,-0.08,-0.11,-0.07
28964,-1.26,-0.23,0.05,0.03,-0.11,-0.07
28965,-1.47,0.08,-0.05,0.03,-0.11,0.04
28966,-1.36,-0.13,-0.05,0.03,0.10,0.04
28967,-1.16,-0.13,-0.16,0.03,0.10,0.04
28968,-1.26,0.19,-0.16,-0.08,-0.21,-0.07
28969,-1.26,-0.33,-0.05,0.03,-0.00,0.14
28970,-1.36,0.19,0.05,-0.18,-0.21,-0.07
28971,-1.05,0.08,-0.05,-0.18,-0.21,-0.17
28972,-0.95,-0.02,-0.05,0.03,-0.21,-0.17
28973,-1.36,-0.02,-0.05,0.13,-0.11,-0.17
28974,-1.36,-0.23,-0.26,0.13,-0.11,0.04
28975,-1.26,-0.13,0.05,0.13,-0.11,0.04
28976,-1.26,0.19,0.05,0.03,-0.11,-0.17
28977,-1.05,-0.23,-0.36,0.03,-0.11,-0.07
28978,-1.26,-0.13,0.16,0.03,-0.11,0.14
28979,-1.26,0.08,-0.26,0.03,-0.21,-0.07
28980,-1.16,-0.13,-0.05,0.03,-0.21,-0.17
28981,-1.47,0.08,0.05,0.03,-0.00,0.04
28982,-1.16,-0.13,-0.16,0.03,-0.00,-0.17
28983,-1.16,-0.02,0.05,0.03,-0.00,0.04
28984,-1.36,0.08,-0.05,0.03,-0.00,0.14
28985,-1.26,-0.33,-0.05,0.03,-0.21,0.04
28986,-1.36,-0.02,0.05,0.03,-0.00,0.04
28987,-1.36,-0.13,-0.26,0.03,-0.00,0.14
28988,-1.16,-0.13,-0.05,0.13,-0.00,0.04
28989,-1.47,-0.13,0.05,0.03,-0.00,-0.07
28990,-1.16,-0.02,-0.26,0.03,-0.11,-0.07
28991,-1.05,0.19,0.16,-0.18,-0.21,-0.17
28992,-1.26,-0.13,0.16,0.03,-0.11,-0.07
28993,-1.36,-0.23,-0.26,0.03,-0.00,0.04
28994,-1.36,-0.33,-0.05,0.23,0.10,0.04
28995,-1.36,-0.13,-0.05,0.03,0.10,0.04
28996,-1.26,-0.13,-0.16,0.03,0.10,0.04
28997,-1.36,0.08,0.26,-0.08,-0.11,-0.07
28998,-1.36,-0.02,-0.47,0.13,-0.00,0.04
28999,-1.16,-0.13,-0.16,0.03,-0.11,0.04
29000,-1.16,0.08,0.36,-0.08,-0.11,-0.07
29001,-1.47,-0.13,-0.47,0.03,-0.00,0.04
29002,-1.26,-0.13,0.16,0.03,-0.11,-0.07
29003,-1.36,-0.02,-0.16,0.13,-0.00,0.14
29004,-1.16,0.08,-0.36,-0.18,-0.11,-0.07
29005,-1.16,-0.13,0.36,-0.08,-0.21,0.04
29006,-1.26,0.19,-0.26,-0.08,-0.21,-0.17
29007,-1.26,-0.02,-0.36,-0.08,-0.00,0.04
29008,-1.47,-0.23,0.05,0.13,0.10,0.14
29009,-1.16,0.08,-0.16,0.13,-0.11,-0.17
29010,-1.05,-0.13,0.05,-0.08,-0.31,-0.17
29011,-1.26,0.08,0.05,0.03,-0.11,-0.07
29012,-1.47,-0.02,-0.57,0.13,-0.00,0.04
29013,-1.16,-0.13,0.26,-0.08,-0.11,0.04
29014,-1.26,0.29,-0.16,0.03,-0.00,-0.17
29015,-1.16,-0.13,-0.26,0.03,-0.00,-0.07
29016,-1.26,-0.23,-0.05,0.03,-0.11,-0.07
29017,-1.26,0.19,-0.16,-0.08,-0.11,-0.07
29018,-1.36,-0.23,-0.26,0.03,-0.00,-0.07
29019,-1.26,0.08,0.26,0.03,-0.00,0.04
29020,-1.16,-0.13,-0.16,0.13,-0.11,0.04
29021,-1.16,-0.13,-0.05,-0.18,-0.21,-0.17
29022,-1.16,0.19,0.16,-0.08,-0.21,-0.07
29023,-1.36,-0.13,-0.47,0.23,-0.00,0.14
29024,-1.26,-0.02,0.05,0.03,-0.11,-0.07
29025,-1.16,0.08,0.26,-0.08,-0.21,-0.07
29026,-1.05,-0.02,-0.47,0.03,0.10,-0.07
29027,-1.36,-0.13,0.26,0.03,-0.00,0.04
29028,-1.26,-0.02,0.05,-0.08,-0.11,-0.07
29029,-1.36,-0.23,-0.36,0.13,-0.00,0.04
29030,-1.05,0.19,0.36,-0.08,-0.21,-0.07
29031,-1.16,-0.13,-0.47,0.03,-0.21,0.04
29032,-1.16,-0.02,-0.16,-0.08,-0.11,-0.17
29033,-1.36,-0.02,0.16,-0.08,-0.00,-0.17
29034,-1.36,0.19,-0.26,-0.08,-0.21,-0.07
29035,-1.16,-0.02,-0.05,0.03,-0.21,-0.07
29036,-1.26,-0.02,-0.05,0.03,-0.11,-0.17
29037,-1.26,-0.33,-0.36,0.13,-0.00,0.04
29038,-1.16,-0.02,0.26,-0.08,-0.11,-0.17
29039,-1.47,-0.02,-0.05,0.13,-0.00,0.14
29040,-1.16,0.08,-0.16,-0.08,-0.11,0.04
29041,-1.16,-0.02,0.05,0.03,-0.11,0.04
29042,-1.16,-0.02,-0.16,0.13,-0.21,-0.07
29043,-1.36,-0.23,-0.05,0.13,-0.11,-0.07
29044,-1.47,0.08,0.16,0.03,-0.11,0.04
29045,-1.16,0.08,-0.26,-0.08,-0.11,-0.07
29046,-1.16,-0.02,-0.05,-0.08,-0.11,0.04
29047,-1.26,-0.13,-0.05,0.13,-0.00,0.04
29048,-1.57,-0.33,-0.26,0.13,-0.00,0.14
29049,-1.36,-0.02,0.16,0.03,-0.21,-0.17
29050,-1.16,0.08,0.05,-0.18,-0.11,-0.07
29051,-1.16,-0.02,-0.36,0.03,0.10,0.14
29052,-1.16,-0.02,-0.05,0.03,-0.21,-0.07
29053,-1.36,-0.13,0.05,0.13,-0.00,0.04
29054,-1.36,-0.02,-0.26,-0.08,-0.00,0.04
29055,-1.26,-0.02,0.26,-0.18,-0.11,-0.17
29056,-1.16,0.08,-0.26,0.03,-0.00,-0.07
29057,-1.16,-0.13,-0.36,0.03,-0.11,0.04
29058,-1.26,-0.13,0.05,0.03,-0.11,0.04
29059,-1.36,0.08,-0.16,-0.08,-0.11,-0.17
29060,-1.26,-0.13,-0.05,0.03,-0.11,-0.07
29061,-1.26,0.08,0.26,0.03,-0.11,-0.07
29062,-1.26,-0.02,-0.57,-0.08,-0.00,0.04
29063,-1.05,-0.02,0.05,-0.08,-0.21,-0.07
29064,-1.26,0.08,0.16,-0.08,-0.21,-0.17
29065,-1.47,-0.23,-0.36,0.03,-0.00,-0.07
29066,-1.16,-0.02,0.05,0.03,-0.00,-0.07
29067,-1.26,-0.13,-0.26,0.03,-0.00,0.14
29068,-1.26,-0.13,-0.26,0.03,-0.00,-0.07
29069,-1.36,-0.23,0.16,0.23,-0.11,0.04
29070,-1.47,-0.23,-0.05,0.13,0.10,0.04
29071,-1.16,0.08,0.05,-0.08,-0.21,-0.07
29072,-1.16,-0.23,-0.05,0.23,-0.11,-0.07
29073,-1.16,-0.13,-0.16,0.03,-0.00,-0.17
29074,-1.47,-0.13,-0.16,-0.08,-0.00,-0.07
29075,-1.26,-0.13,0.16,0.03,-0.11,-0.07
29076,-1.36,0.19,-0.16,0.03,-0.11,0.04
29077,-1.16,-0.23,-0.36,0.13,0.10,0.04
29078,-1.26,-0.13,0.05,0.03,-0.00,0.04
29079,-1.26,-0.02,-0.16,-0.18,-0.11,-0.17
29080,-1.16,-0.33,-0.05,0.13,-0.00,0.04
29081,-1.36,0.08,0.16,0.03,-0.00,0.04
29082,-1.36,-0.13,-0.16,0.03,-0.00,-0.07
29083,-1.05,-0.02,-0.16,0.13,-0.00,0.04
29084,-1.16,-0.02,0.05,-0.08,-0.21,-0.17
29085,-1.36,-0.02,-0.26,0.03,-0.00,0.04
29086,-1.26,-0.13,-0.05,0.03,-0.11,0.04
29087,-1.36,-0.13,-0.05,0.13,-0.00,0.04
29088,-1.26,-0.02,-0.16,0.03,-0.11,-0.07
29089,-1.26,-0.23,0.05,0.03,-0.00,0.04
29090,-1.26,0.08,-0.05,-0.18,-0.21,-0.07
29091,-1.47,-0.23,-0.47,0.13,0.10,0.14
29092,-1.36,-0.02,-0.05,0.03,-0.00,0.04
29093,-1.36,-0.02,-0.05,-0.08,-0.00,0.04
29094,-1.16,-0.13,-0.16,-0.08,-0.00,-0.07
29095,-1.26,-0.13,0.05,0.03,-0.00,-0.07
29096,-1.36,-0.13,-0.16,0.13,-0.00,-0.07
29097,-1.26,-0.02,-0.05,0.03,-0.11,-0.07
29098,-1.26,-0.13,-0.05,0.03,-0.11,-0.07
29099,-1.36,-0.02,-0.16,0.13,-0.11,0.04
29100,-1.26,-0.13,-0.16,0.13,-0.00,0.14
29101,-1.16,-0.13,0.16,-0.08,-0.21,-0.07
29102,-1.36,0.08,-0.05,0.13,0.10,0.04
29103,-1.16,-0.13,-0.16,-0.18,-0.11,-0.07
29104,-1.26,-0.02,0.26,0.13,-0.11,-0.07
29105,-1.16,0.08,-0.16,-0.08,-0.11,0.04
29106,-1.26,-0.33,0.05,0.03,-0.00,-0.07
29107,-1.16,0.19,0.16,-0.18,-0.31,-0.28
29108,-1.26,-0.13,-0.36,0.03,0.10,0.04
29109,-1.26,-0.13,0.05,0.03,-0.11,-0.07
29110,-1.36,-0.02,0.16,0.03,-0.11,0.04
29111,-1.26,-0.13,-0.16,0.13,-0.00,0.04
29112,-1.16,-0.13,-0.05,-0.08,-0.00,-0.07
29113,-1.16,-0.13,-0.05,0.13,0.10,-0.07
29306,-1.26,-0.13,-0.05,-0.08,-0.21,-0.28
29307,-1.16,-0.02,-0.05,0.03,-0.00,0.04
29308,-1.26,-0.13,-0.05,0.03,-0.00,-0.07
29309,-1.26,-0.02,-0.16,0.03,-0.11,-0.07
29310,-1.36,-0.02,-0.05,0.03,-0.00,0.04
29311,-1.16,0.08,0.05,-0.08,-0.11,-0.07
29312,-1.36,-0.13,-0.16,0.03,-0.00,0.14
29313,-1.36,-0.13,-0.05,-0.08,-0.11,0.04
29314,-1.05,-0.02,-0.05,-0.08,-0.21,-0.17
29315,-1.36,-0.23,-0.05,0.13,0.10,0.04
29316,-1.26,0.08,-0.05,-0.08,-0.11,0.04
29317,-1.36,-0.13,-0.16,0.13,-0.11,-0.07
29318,-1.16,0.08,0.05,-0.08,-0.21,0.04
29319,-1.36,-0.02,0.05,0.03,-0.11,-0.07
29320,-1.36,-0.23,-0.16,0.03,-0.00,0.04
29321,-1.26,-0.13,0.05,-0.08,-0.00,-0.07
29322,-1.26,0.08,-0.16,0.03,-0.00,0.04
29323,-1.36,-0.13,-0.16,0.13,-0.00,0.04
29324,-1.26,-0.02,0.05,0.03,-0.21,0.04
29325,-1.47,-0.23,-0.16,0.13,-0.00,0.14
29326,-1.16,-0.02,0.05,-0.18,-0.21,-0.17
29327,-1.16,-0.13,-0.05,0.03,-0.00,-0.07
29328,-1.26,0.08,-0.16,-0.08,-0.00,-0.07
29329,-1.26,-0.13,-0.05,0.13,0.10,0.04
29330,-1.26,-0.13,-0.16,0.03,-0.11,0.04
29331,-1.36,-0.02,0.05,-0.08,-0.21,-0.07
29332,-1.26,0.08,-0.05,0.03,-0.21,0.04
29333,-1.16,-0.13,-0.05,0.03,-0.11,0.04
29334,-1.26,-0.13,-0.05,0.03,-0.11,-0.07
29335,-1.16,-0.02,-0.05,0.03,-0.00,-0.07
29336,-1.26,-0.02,-0.16,0.03,-0.00,0.04
29337,-1.36,-0.13,-0.05,0.03,-0.11,-0.07
29338,-1.26,0.08,-0.05,-0.08,-0.11,-0.07
29339,-1.05,0.19,-0.05,0.03,-0.11,-0.07
29340,-1.26,-0.13,-0.05,0.13,-0.11,0.04
29341,-1.36,-0.13,-0.05,0.03,-0.11,0.04
29342,-1.16,0.08,-0.16,0.03,0.10,-0.07
29343,-1.36,-0.13,-0.05,0.03,-0.11,-0.07
29344,-1.36,-0.02,0.05,0.03,-0.11,-0.07
29345,-1.16,-0.13,-0.05,0.03,-0.00,-0.07
29346,-1.26,0.08,-0.05,0.03,-0.00,-0.07
29347,-1.36,-0.23,-0.05,0.03,-0.11,-0.07
29348,-1.16,-0.02,0.05,-0.08,-0.11,0.04
29349,-1.36,-0.02,-0.16,0.03,-0.21,-0.07
29350,-1.36,-0.13,0.05,0.03,-0.11,0.04
29351,-1.16,0.08,0.05,-0.08,-0.21,0.04
29352,-1.16,-0.02,-0.16,0.03,-0.00,0.04
29353,-1.36,-0.33,-0.16,0.13,-0.00,0.14
29354,-1.36,-0.02,-0.05,0.03,-0.11,0.14
29355,-1.16,-0.02,-0.16,0.03,-0.11,0.04
29356,-1.26,-0.02,-0.05,0.03,-0.11,-0.07
29357,-1.47,0.08,-0.05,0.13,-0.00,0.04
29358,-1.05,-0.13,-0.16,0.03,-0.00,0.04
29359,-1.16,-0.13,-0.05,0.03,-0.00,-0.07
29360,-1.57,-0.23,-0.05,0.03,-0.00,-0.17
29361,-1.36,-0.02,-0.05,0.03,-0.00,-0.07
29362,-1.16,0.08,-0.05,0.03,-0.11,-0.07
29363,-1.36,-0.23,0.05,0.03,-0.11,0.04
29364,-1.26,0.08,-0.16,0.03,-0.11,0.04
29365,-1.05,-0.13,-0.16,0.03,-0.11,0.14
29366,-1.47,-0.13,-0.16,-0.08,-0.21,0.04
29367,-1.57,-0.13,-0.05,0.03,-0.11,-0.07
29368,-1.16,-0.02,-0.16,0.13,-0.00,0.04
29369,-1.26,-0.02,-0.16,0.03,-0.11,-0.07
29370,-1.47,-0.02,0.05,0.03,-0.11,-0.07
29371,-1.05,-0.13,-0.16,0.03,-0.11,-0.07
29372,-1.26,-0.02,-0.05,0.03,-0.11,0.04
29373,-1.47,-0.13,-0.05,-0.08,-0.11,0.04
29374,-1.36,-0.02,0.05,0.03,-0.00,0.14
29375,-1.05,-0.02,-0.05,0.13,-0.21,0.04
29376,-1.16,-0.02,-0.16,0.03,-0.11,0.04
29377,-1.36,0.08,-0.05,-0.08,-0.00,0.04
29378,-1.05,-0.13,-0.05,0.03,-0.21,-0.07
29379,-1.26,0.08,-0.16,-0.08,-0.11,0.04
29380,-1.36,-0.02,0.16,0.03,-0.11,-0.07
29381,-1.16,-0.02,-0.05,0.03,-0.11,-0.17
29382,-1.16,-0.02,-0.16,0.03,-0.11,-0.07
29383,-1.36,-0.23,-0.05,0.23,-0.00,0.04
29384,-1.16,0.08,-0.05,0.03,-0.11,-0.07
29385,-1.26,-0.02,-0.05,0.03,-0.11,-0.17
29386,-1.47,-0.13,-0.05,0.03,-0.00,-0.07
29387,-1.16,0.08,0.05,0.13,-0.00,0.04
29388,-1.16,-0.13,-0.16,0.13,-0.00,-0.07
29389,-1.26,-0.02,-0.16,0.03,-0.00,0.04
29390,-1.26,-0.13,0.05,0.03,-0.00,-0.07
29391,-1.36,-0.13,-0.26,0.03,-0.11,-0.07
29392,-1.16,-0.02,0.05,0.03,-0.11,0.04
29393,-1.26,-0.02,0.05,-0.08,-0.11,-0.07
29394,-1.16,0.08,-0.16,-0.08,-0.11,-0.07
29395,-1.16,-0.02,-0.05,0.13,-0.11,0.04
29396,-1.16,0.08,-0.05,0.03,-0.00,0.04
29397,-1.16,0.08,0.05,0.03,-0.11,-0.07
29398,-1.26,-0.02,0.05,0.03,-0.11,-0.07
29399,-1.36,-0.02,-0.05,0.03,-0.11,-0.07
29400,-1.26,-0.02,-0.05,0.03,-0.11,-0.17
29401,-1.16,-0.13,-0.05,0.03,-0.11,0.04
29402,-1.36,-0.02,-0.16,-0.08,-0.11,-0.07
29403,-1.16,-0.02,-0.05,-0.08,-0.11,-0.07
29404,-1.36,0.08,0.05,0.03,-0.11,-0.17
29405,-1.26,-0.02,0.05,0.03,-0.11,0.04
29406,-1.36,-0.02,-0.05,0.13,0.10,0.04
29407,-1.16,-0.13,-0.16,0.03,-0.11,-0.07
29408,-1.16,-0.23,0.05,0.13,-0.00,0.04
29409,-1.36,-0.02,-0.16,0.03,-0.00,-0.07
29410,-1.26,-0.02,-0.05,0.03,-0.00,0.04
29411,-1.26,-0.23,0.05,0.03,-0.11,0.04
29412,-1.26,0.08,-0.05,-0.08,-0.11,0.04
29413,-1.16,-0.13,-0.05,0.13,-0.00,0.14
29414,-1.16,0.08,-0.05,0.03,-0.11,0.04
29415,-1.36,-0.13,-0.16,0.03,-0.11,0.04
29416,-1.36,-0.02,0.05,0.03,-0.21,-0.07
29417,-1.16,0.08,-0.05,-0.08,-0.11,-0.17
29418,-1.36,-0.13,-0.16,0.13,0.10,0.04
29419,-1.36,-0.23,-0.05,0.13,-0.11,0.04
29420,-1.16,-0.13,-0.16,0.03,-0.00,0.04
29421,-1.26,-0.13,-0.05,0.03,-0.11,-0.07
29422,-1.36,-0.02,-0.16,0.03,-0.21,-0.17
29423,-1.47,-0.13,-0.05,0.03,-0.00,-0.07
29424,-1.16,0.08,0.05,0.03,-0.00,0.04
29425,-1.36,-0.13,-0.05,-0.08,-0.21,-0.07
29426,-1.36,-0.02,-0.05,0.03,-0.21,-0.07
29427,-1.16,-0.13,-0.05,0.13,-0.00,-0.07
29428,-1.16,0.08,-0.05,-0.08,-0.11,-0.17
29429,-1.36,-0.13,-0.05,0.03,-0.00,0.04
29430,-1.26,0.08,0.05,-0.08,-0.11,-0.07
29431,-1.16,-0.13,-0.16,-0.08,-0.11,-0.07
29432,-1.26,-0.23,-0.05,-0.08,-0.11,-0.07
29433,-1.26,0.19,0.16,0.03,-0.11,-0.07
29434,-1.16,-0.02,-0.16,0.03,-0.00,0.04
29435,-1.26,-0.33,-0.05,0.03,-0.11,-0.07
29436,-1.36,0.19,-0.05,0.03,-0.00,-0.07
29437,-1.26,0.08,-0.05,-0.08,-0.11,-0.07
29438,-1.16,-0.13,-0.05,0.03,-0.11,-0.07
29439,-1.36,-0.13,-0.05,0.03,-0.11,-0.07
29440,-1.26,0.19,-0.05,0.03,-0.00,0.04
29441,-1.16,-0.23,-0.16,0.03,-0.11,0.04
29442,-1.16,-0.33,0.05,0.03,-0.11,-0.07
29443,-1.47,0.08,-0.05,0.13,-0.00,-0.07
29444,-1.16,-0.02,-0.05,-0.08,-0.21,-0.17
29445,-1.26,-0.02,-0.05,0.03,-0.00,0.04
29446,-1.36,-0.13,-0.05,0.13,-0.00,0.04
29447,-1.16,0.19,0.05,0.03,-0.00,-0.07
29448,-1.26,-0.33,-0.16,0.03,0.10,-0.07
29449,-1.26,-0.02,-0.05,0.13,-0.00,-0.07
29450,-1.16,0.19,-0.16,0.13,0.10,-0.07
29451,-1.26,-0.23,-0.16,0.03,-0.00,0.04
29452,-1.36,-0.02,-0.05,-0.08,-0.00,-0.07
29453,-1.36,0.08,-0.05,-0.08,-0.00,0.04
29454,-1.16,-0.13,0.05,0.03,-0.00,-0.07
29455,-1.26,-0.13,-0.16,-0.08,-0.11,0.04
29456,-1.36,-0.13,-0.05,0.03,-0.11,-0.07
29457,-1.26,0.08,-0.05,0.03,-0.00,0.04
29458,-1.26,-0.13,-0.16,0.03,-0.11,-0.07
29459,-1.36,-0.02,0.05,0.03,-0.00,-0.07
29460,-1.36,0.08,-0.05,0.03,-0.11,-0.07
29461,-1.05,0.08,-0.05,0.13,-0.11,-0.07
29462,-1.36,-0.33,-0.16,-0.08,-0.11,-0.07
29463,-1.26,-0.13,-0.05,0.03,-0.11,-0.07
29464,-0.95,0.19,0.05,0.03,-0.00,-0.07
29465,-1.36,-0.13,-0.05,0.03,-0.21,0.04
29466,-1.47,-0.02,-0.16,-0.08,-0.11,0.04
29467,-1.26,-0.02,-0.05,0.03,-0.11,-0.07
29468,-1.16,0.19,-0.16,0.03,-0.11,-0.07
29469,-1.36,-0.33,-0.26,0.03,-0.00,0.14
29470,-1.26,-0.02,0.05,0.03,-0.11,-0.07
29471,-1.16,0.19,-0.16,0.13,-0.00,-0.07
29472,-1.36,-0.13,-0.05,0.03,-0.11,-0.07
29473,-1.47,-0.13,-0.16,0.03,-0.11,-0.07
29474,-1.16,-0.02,-0.05,0.13,-0.00,0.04
29475,-1.36,-0.13,-0.05,0.13,0.10,0.04
29476,-1.47,-0.23,-0.16,0.03,0.10,0.14
29477,-1.26,-0.13,0.16,0.03,-0.00,0.04
29478,-1.05,0.19,-0.16,-0.08,-0.11,0.04
29479,-1.36,-0.23,-0.05,-0.08,-0.00,0.04
29480,-1.36,-0.02,0.16,0.03,-0.11,-0.17
29481,-1.05,-0.02,-0.16,0.13,-0.11,0.04
29482,-1.26,-0.23,-0.05,0.13,-0.11,0.04
29483,-1.36,-0.02,-0.05,0.03,-0.11,-0.07
29484,-1.26,-0.02,0.05,0.03,-0.00,-0.07
29485,-1.05,0.08,-0.05,-0.08,-0.31,-0.07
29486,-1.26,-0.13,-0.05,-0.08,-0.00,-0.07
29487,-1.47,0.19,0.05,0.03,-0.11,0.04
29488,-1.16,-0.13,-0.26,0.03,-0.00,-0.07
29489,-1.05,-0.23,-0.05,-0.08,-0.21,-0.07
29490,-1.57,-0.13,-0.05,0.03,-0.00,-0.07
29491,-1.47,-0.02,-0.05,0.03,0.10,0.04
29492,-1.05,-0.02,-0.05,-0.08,-0.21,-0.07
29493,-1.36,-0.13,-0.26,0.03,-0.11,-0.07
29494,-1.36,-0.02,0.05,0.03,-0.11,-0.07
29495,-1.16,-0.02,-0.05,0.13,-0.00,0.04
29496,-1.26,-0.13,-0.16,0.13,-0.11,0.04
29497,-1.36,-0.13,-0.05,-0.08,-0.21,-0.07
29498,-1.26,0.08,0.16,0.03,-0.11,0.04
29499,-1.16,-0.02,-0.16,0.13,-0.11,-0.07
29500,-1.36,-0.13,-0.26,0.13,-0.11,0.14
29501,-1.36,-0.13,0.05,0.03,-0.21,0.14
29502,-1.16,0.08,-0.05,0.03,-0.00,-0.07
29503,-1.26,-0.23,-0.16,0.13,-0.00,0.04
29504,-1.47,-0.33,-0.05,0.13,-0.00,0.04
29505,-1.26,0.08,0.05,-0.08,-0.11,-0.28
29506,-0.95,0.08,0.05,0.03,-0.21,-0.17
29507,-1.26,-0.23,-0.36,0.03,-0.00,0.14
29508,-1.26,-0.13,-0.05,0.03,-0.00,-0.17
29509,-1.26,-0.02,-0.05,0.03,-0.00,-0.07
29510,-1.36,-0.13,-0.16,0.03,0.10,0.14
29512,-1.36,-0.13,0.05,-0.18,-0.11,-0.07
29512,-1.26,-0.02,0.05,0.03,-0.00,0.04
29513,-1.16,0.08,-0.05,0.03,-0.00,0.04
29514,-1.36,-0.13,-0.16,0.13,-0.11,0.04
29515,-1.26,-0.02,-0.16,0.13,-0.11,0.04
29516,-1.16,0.08,0.05,-0.08,-0.00,-0.07
29517,-1.36,-0.23,-0.16,0.03,-0.11,0.04
29518,-1.36,-0.02,0.05,-0.08,-0.21,-0.17
29519,-1.16,-0.02,0.05,0.13,-0.21,-0.07
29520,-1.05,-0.02,-0.05,0.03,-0.00,0.04
29521,-1.36,-0.13,-0.16,0.13,-0.00,-0.07
29522,-1.26,-0.13,-0.05,0.03,-0.11,0.04
29523,-1.26,-0.02,0.05,0.03,-0.11,0.04
29524,-1.47,-0.13,-0.26,0.13,-0.00,-0.07
29525,-1.36,-0.13,0.05,0.03,-0.11,0.04
29526,-1.26,0.19,-0.05,0.13,-0.11,0.04
29527,-1.16,-0.13,0.05,0.13,-0.11,-0.07
29528,-1.26,-0.02,-0.16,-0.08,-0.21,0.04
29529,-1.26,0.08,-0.05,-0.08,-0.11,0.04
29530,-1.16,-0.02,0.05,0.03,0.10,0.14
29531,-1.47,-0.13,-0.05,0.03,-0.21,-0.07
29532,-1.26,-0.02,0.05,-0.08,-0.11,-0.07
29533,-1.05,0.19,-0.16,-0.08,-0.11,-0.07
29534,-1.16,-0.02,-0.05,0.03,-0.11,-0.07
29535,-1.26,-0.13,-0.05,-0.08,-0.00,-0.07
29536,-1.47,-0.02,-0.05,0.03,-0.11,-0.07
29537,-1.16,0.08,-0.05,0.13,-0.00,0.24
29538,-1.26,-0.13,-0.05,-0.08,-0.21,-0.17
29539,-1.47,-0.02,-0.16,-0.08,-0.11,0.04
29540,-1.05,0.08,0.05,0.03,-0.11,-0.07
29541,-1.05,-0.02,-0.16,0.03,-0.00,0.14
29542,-1.36,-0.23,-0.05,0.03,-0.00,-0.07
29543,-1.47,-0.13,-0.05,0.13,-0.00,-0.17
29544,-1.05,0.08,-0.05,-0.18,-0.21,-0.17
29545,-1.05,-0.02,0.05,0.03,-0.11,-0.07
29546,-1.57,-0.02,-0.05,0.03,-0.11,-0.07
29547,-1.26,0.08,0.05,-0.08,-0.21,-0.17
29548,-1.05,-0.02,-0.16,0.03,-0.00,-0.07
29549,-1.16,-0.23,-0.16,-0.08,-0.11,0.04
29550,-1.26,-0.02,0.05,-0.08,-0.11,-0.07
29551,-1.36,-0.02,-0.16,-0.08,-0.00,-0.07
29552,-1.16,-0.02,-0.16,0.03,-0.00,0.14
29553,-1.26,-0.02,-0.05,0.03,-0.00,0.04
29554,-1.47,-0.02,-0.05,0.03,-0.00,0.14
29555,-1.16,0.08,-0.16,0.13,-0.11,0.04
29556,-1.16,-0.13,-0.16,0.03,-0.11,-0.07
29557,-1.36,-0.23,-0.05,-0.08,-0.11,0.04
29558,-1.26,0.08,0.05,-0.08,-0.11,0.04
29559,-1.16,-0.02,-0.16,0.03,-0.11,0.04
29560,-1.26,-0.23,-0.16,0.03,0.10,-0.07
29561,-1.26,-0.02,0.16,0.03,-0.11,-0.07
29562,-1.26,0.08,0.05,0.03,-0.00,-0.07
29563,-1.26,-0.13,-0.16,0.13,-0.00,0.04
29564,-1.16,-0.13,-0.05,-0.08,-0.21,-0.07
29565,-1.26,0.08,0.16,0.03,-0.11,0.04
29566,-1.36,-0.02,-0.05,0.03,0.10,-0.07
29567,-1.26,-0.23,-0.16,0.03,-0.11,0.04
29568,-1.36,-0.02,-0.05,0.03,-0.11,0.04
29569,-1.36,0.19,0.05,0.03,-0.00,0.04
29570,-1.26,-0.02,-0.16,0.03,-0.11,-0.07
29571,-0.95,-0.33,-0.16,0.13,-0.11,0.04
29572,-1.26,-0.02,0.05,0.03,-0.11,0.04
29573,-1.36,0.19,-0.16,0.03,-0.21,-0.07
29574,-1.26,-0.23,-0.05,0.03,-0.11,0.04
29575,-1.16,-0.13,-0.26,-0.08,-0.21,-0.07
29576,-1.36,0.08,-0.05,-0.08,-0.11,0.04
29577,-1.26,0.19,0.05,-0.18,-0.31,-0.17
29578,-1.16,-0.33,-0.26,0.13,0.10,-0.07
29579,-1.16,-0.23,-0.16,0.13,-0.00,0.04
29580,-1.36,0.08,0.05,0.03,-0.00,0.04
29581,-1.36,-0.02,-0.16,0.03,-0.00,0.04
29582,-1.05,-0.23,-0.05,-0.18,-0.31,-0.17
29583,-1.26,-0.02,-0.05,0.03,-0.11,0.04
29584,-1.47,0.19,0.05,-0.08,-0.00,-0.07
29585,-1.16,-0.23,-0.05,0.13,-0.00,-0.07
29586,-1.36,-0.23,-0.26,-0.08,-0.11,-0.07
29587,-1.26,-0.13,0.05,0.03,-0.21,0.04
29588,-1.26,0.19,-0.05,0.03,-0.00,-0.07
29589,-1.26,-0.23,-0.16,0.03,-0.21,-0.07
29590,-1.26,-0.13,-0.05,0.13,-0.11,0.04
29591,-1.26,0.19,-0.05,0.03,-0.11,-0.07
29592,-1.26,-0.02,0.05,0.03,-0.00,0.14
29593,-1.16,-0.23,-0.05,-0.08,-0.11,-0.07
29594,-1.05,-0.13,-0.16,0.13,0.10,0.04
29595,-1.05,0.19,0.05,-0.08,-0.11,-0.07
29596,-1.36,0.08,-0.05,-0.08,-0.21,-0.17
29597,-1.47,-0.23,-0.05,0.03,-0.00,0.04
29598,-1.05,0.19,-0.05,0.03,-0.11,-0.17
29599,-1.36,0.08,-0.05,0.03,-0.00,0.14
29600,-1.47,-0.13,-0.05,-0.08,-0.00,0.04
29601,-1.26,-0.33,-0.26,0.03,-0.00,0.14
29602,-0.95,0.08,0.05,0.03,-0.11,-0.07
29603,-1.36,-0.02,-0.16,0.13,-0.11,-0.07
29604,-1.57,-0.33,-0.05,0.13,-0.11,-0.07
29605,-1.16,-0.13,-0.05,-0.08,-0.11,-0.07
29606,-0.95,0.19,-0.05,0.13,-0.11,-0.07
29607,-1.26,0.19,-0.05,0.03,-0.00,0.04
29608,-1.47,-0.44,-0.16,0.13,-0.00,0.14
29609,-1.05,-0.13,0.05,0.03,-0.11,-0.07
29610,-1.16,0.19,-0.05,-0.08,-0.11,-0.07
29611,-1.47,-0.13,-0.26,0.03,-0.00,0.14
29612,-1.36,-0.13,0.05,0.03,-0.11,-0.17
29613,-1.16,-0.02,-0.05,0.03,-0.00,-0.07
29614,-0.95,0.19,-0.05,-0.18,-0.21,-0.07
29615,-1.16,-0.13,0.05,-0.08,-0.21,-0.17
29616,-1.36,-0.23,-0.16,0.13,-0.11,0.14
29617,-1.05,-0.02,0.05,0.03,-0.11,0.14
29618,-1.16,-0.13,-0.05,0.03,-0.21,0.04
29619,-1.36,-0.02,-0.05,-0.08,-0.11,-0.07
29620,-1.26,-0.13,0.16,0.13,-0.00,-0.07
29621,-1.05,0.19,-0.26,0.03,-0.11,-0.07
29809,-1.26,-0.13,-0.16,0.03,-0.11,-0.17
29810,-1.16,-0.13,-0.16,0.03,-0.11,-0.17
29811,-1.26,0.08,0.36,0.13,-0.11,0.14
29812,-1.36,0.08,-0.16,0.03,-0.11,0.04
29813,-1.05,-0.23,-0.05,0.03,-0.11,-0.07
29814,-1.05,-0.23,-0.05,0.13,-0.00,-0.07
29815,-1.36,0.08,-0.26,-0.08,-0.00,-0.07
29816,-1.36,-0.02,0.05,0.13,-0.11,-0.07
29817,-1.36,-0.13,-0.26,0.13,-0.00,0.14
29818,-1.16,0.08,-0.16,0.03,-0.00,0.04
29819,-1.36,-0.02,0.16,0.03,-0.00,0.04
29820,-1.36,0.19,-0.16,0.03,-0.11,-0.07
29821,-1.05,-0.23,-0.16,0.03,-0.21,0.04
29822,-1.05,-0.13,-0.05,0.03,-0.00,-0.07
29823,-1.26,0.08,-0.16,0.03,-0.00,0.04
29824,-1.36,-0.13,0.05,0.03,0.10,0.04
29825,-1.16,-0.02,-0.16,-0.08,-0.11,-0.07
29826,-1.16,-0.13,-0.16,0.13,-0.00,0.04
29827,-1.36,-0.02,0.05,0.03,-0.00,0.04
29828,-1.47,-0.02,-0.05,0.03,-0.11,0.04
29829,-1.05,-0.23,-0.05,0.13,0.10,-0.07
29830,-1.05,-0.13,-0.26,0.03,-0.11,0.04
29831,-1.26,-0.13,-0.05,0.13,-0.11,0.04
29832,-1.26,-0.02,0.16,0.03,-0.11,-0.07
29833,-1.16,0.08,-0.26,0.03,-0.00,-0.17
29834,-1.16,-0.13,-0.05,0.13,0.10,0.04
29835,-1.36,-0.02,0.05,0.03,-0.00,-0.07
29836,-1.47,0.08,-0.05,0.03,-0.00,-0.07
29837,-1.16,-0.13,0.05,-0.08,-0.00,0.04
29838,-1.05,-0.13,-0.36,0.03,-0.00,0.04
29839,-1.16,-0.02,-0.05,0.03,-0.11,0.04
29840,-1.36,-0.13,0.05,0.03,-0.00,0.04
29841,-1.16,-0.02,-0.26,0.03,-0.21,0.04
29842,-1.16,-0.13,-0.05,-0.08,-0.11,0.04
29843,-1.26,-0.02,0.05,0.03,-0.11,0.04
29844,-1.36,-0.02,-0.16,0.03,-0.00,0.04
29845,-1.26,-0.23,0.05,0.13,-0.00,0.04
29846,-1.26,0.08,-0.16,0.03,-0.11,-0.07
29847,-1.26,-0.13,-0.05,0.13,-0.00,0.04
29848,-1.16,-0.02,0.05,-0.18,-0.21,-0.17
29849,-1.36,-0.02,-0.36,0.03,-0.00,-0.07
29850,-1.16,-0.02,0.05,0.03,-0.00,-0.07
29851,-1.16,-0.02,-0.05,0.03,-0.11,-0.07
29852,-1.26,-0.02,-0.16,0.03,-0.11,0.04
29853,-1.26,-0.23,0.05,0.23,-0.00,0.04
29854,-1.26,0.19,-0.05,-0.08,-0.21,-0.17
29855,-1.36,-0.02,-0.05,0.13,0.10,0.14
29856,-1.16,-0.13,-0.05,0.03,-0.00,0.04
29857,-1.16,-0.13,-0.26,0.03,-0.21,-0.17
29858,-1.16,0.08,0.05,0.03,-0.21,-0.07
29859,-1.26,0.08,0.05,0.13,-0.11,-0.07
29860,-1.16,-0.13,-0.26,0.03,-0.11,0.04
29861,-1.16,-0.23,0.05,0.03,-0.11,-0.07
29862,-1.47,-0.02,-0.16,0.03,-0.00,0.04
29863,-1.36,0.08,0.05,0.03,-0.11,0.14
29864,-1.47,-0.13,0.05,0.13,-0.11,0.04
29865,-1.26,-0.23,-0.47,0.03,-0.11,-0.07
29866,-1.05,-0.13,-0.05,-0.08,-0.11,-0.07
29867,-1.26,-0.02,0.16,-0.08,0.10,0.04
29868,-1.26,-0.13,-0.16,0.03,-0.00,-0.17
29869,-1.26,-0.23,-0.05,0.03,-0.00,-0.07
29870,-1.26,-0.13,-0.16,-0.18,-0.11,-0.17
29871,-1.36,-0.02,-0.16,0.03,-0.11,-0.07
29872,-1.36,-0.02,0.05,0.03,-0.11,-0.07
29873,-1.26,-0.02,-0.05,0.03,-0.11,-0.07
29874,-1.05,-0.13,-0.26,-0.08,-0.11,-0.07
29875,-1.26,-0.02,0.16,0.13,-0.00,-0.07
29876,-1.36,-0.02,-0.05,0.13,0.10,-0.07
29877,-1.26,-0.23,-0.16,0.13,0.10,-0.07
29878,-1.16,-0.13,-0.16,0.13,0.10,-0.07
29879,-1.36,-0.02,-0.16,0.03,-0.11,-0.07
29880,-1.36,-0.02,-0.05,0.03,-0.11,-0.07
29881,-1.26,0.08,0.05,-0.08,-0.11,0.04
29882,-1.26,-0.13,-0.26,0.13,-0.00,0.04
29883,-1.16,-0.02,0.05,-0.08,-0.00,0.04
29884,-1.16,0.08,-0.16,-0.08,-0.11,0.04
29885,-1.36,-0.13,-0.16,-0.08,-0.11,0.14
29886,-1.16,-0.13,-0.05,0.03,-0.11,0.04
29887,-1.26,-0.02,-0.26,0.13,-0.11,-0.07
29888,-1.26,-0.02,-0.05,0.03,-0.00,0.04
29889,-1.47,-0.02,0.05,-0.08,-0.11,0.04
29890,-1.16,0.08,-0.26,0.03,-0.11,-0.07
29891,-1.26,-0.02,0.16,-0.08,-0.11,-0.07
29892,-1.36,-0.02,0.05,0.03,-0.11,-0.07
29893,-1.16,-0.02,-0.36,0.03,-0.21,-0.07
29894,-1.05,-0.13,0.05,0.03,-0.11,-0.07
29895,-1.16,0.08,-0.16,0.13,-0.11,0.04
29896,-1.26,-0.13,-0.16,0.03,-0.11,-0.07
29897,-1.36,-0.13,0.05,0.03,-0.11,-0.07
29898,-1.26,-0.02,-0.16,0.03,-0.11,-0.17
29899,-1.26,-0.02,0.05,0.03,-0.00,0.04
29900,-1.36,-0.13,0.16,0.03,-0.11,-0.07
29901,-1.26,-0.02,-0.16,0.03,-0.11,-0.07
29902,-1.26,-0.13,-0.05,0.03,-0.00,0.04
29903,-1.26,0.08,-0.05,-0.08,-0.21,-0.07
29904,-1.16,-0.02,-0.05,0.03,-0.00,-0.07
29905,-1.26,-0.13,0.05,0.03,-0.00,0.04
29906,-1.26,-0.02,-0.05,-0.08,-0.21,-0.17
29907,-1.36,-0.13,-0.16,0.03,-0.00,-0.07
29908,-1.36,0.08,0.16,0.03,-0.11,-0.07
29909,-1.16,0.08,-0.05,-0.08,-0.00,0.04
29910,-1.26,-0.23,-0.05,0.03,-0.00,0.04
29911,-1.26,0.08,0.05,-0.08,-0.21,-0.17
29912,-1.16,0.08,-0.26,0.03,-0.11,-0.07
29913,-1.16,-0.02,0.16,0.03,-0.11,-0.07
29914,-1.16,-0.13,-0.05,0.03,-0.00,-0.07
29915,-1.26,-0.23,-0.16,0.13,-0.11,0.04
29916,-1.26,0.08,0.05,0.03,-0.11,0.04
29917,-1.26,-0.02,-0.05,0.03,-0.11,-0.17
29918,-1.36,-0.13,-0.16,0.03,-0.11,0.04
29919,-1.05,-0.13,0.05,0.03,-0.11,-0.07
29920,-1.16,0.08,-0.16,0.03,-0.00,0.04
29921,-1.36,-0.13,-0.16,0.03,-0.11,0.04
29922,-1.26,-0.02,0.05,0.03,-0.11,0.04
29923,-1.26,-0.02,-0.26,0.03,-0.00,-0.07
29924,-1.26,-0.02,-0.05,-0.08,-0.11,0.04
29925,-1.36,-0.02,0.05,0.03,-0.00,0.04
29926,-1.26,-0.02,-0.16,0.03,-0.11,-0.07
29927,-1.26,-0.02,-0.05,-0.08,-0.11,-0.17
29928,-1.26,-0.02,-0.05,-0.08,-0.11,-0.17
29929,-1.26,-0.13,-0.16,0.03,-0.11,-0.17
29930,-1.26,-0.02,-0.05,0.13,-0.11,0.04
29931,-1.16,-0.02,-0.05,0.03,-0.21,-0.07
29932,-1.26,-0.23,-0.05,0.03,-0.11,0.14
29933,-1.36,0.08,0.05,0.13,-0.00,0.14
29934,-1.26,-0.02,-0.05,0.13,-0.00,-0.07
29935,-1.16,0.08,-0.05,0.03,-0.21,-0.17
29936,-1.26,-0.02,-0.05,0.03,-0.00,0.04
29937,-1.16,-0.02,-0.16,0.03,-0.00,-0.17
29938,-1.26,-0.02,-0.16,-0.08,-0.11,-0.07
29939,-1.26,-0.02,0.05,-0.08,-0.00,-0.07
29940,-1.26,-0.02,-0.16,0.03,-0.11,-0.07
29941,-1.16,-0.13,-0.05,-0.08,-0.21,-0.07
29942,-1.05,-0.02,0.05,-0.08,-0.11,0.04
29943,-1.16,-0.02,-0.05,0.13,-0.00,0.04
29944,-1.26,-0.02,-0.05,0.03,-0.00,0.04
29945,-1.26,-0.02,-0.05,0.03,-0.11,-0.07
29947,-1.26,-0.02,-0.16,-0.08,-0.00,0.04
29947,-1.16,-0.02,-0.05,-0.08,-0.11,0.04
29948,-1.36,-0.02,0.05,0.03,-0.11,-0.17
29949,-1.36,-0.13,-0.05,0.03,-0.00,0.04
29950,-1.26,-0.02,-0.05,0.03,-0.11,-0.07
29951,-1.16,-0.02,-0.05,-0.08,-0.11,-0.17
29952,-1.16,-0.02,-0.05,-0.08,-0.00,-0.07
29953,-1.36,-0.13,-0.05,0.13,-0.00,0.14
29954,-1.26,-0.02,-0.05,0.03,-0.00,0.04
29955,-1.16,0.08,-0.05,0.03,-0.21,-0.07
29956,-1.26,-0.02,0.05,-0.08,-0.11,-0.07
29957,-1.36,-0.13,-0.05,0.03,-0.00,-0.07
29958,-1.36,-0.02,-0.05,0.03,-0.00,0.04
29959,-1.26,-0.02,0.05,0.03,-0.11,-0.07
29960,-1.16,-0.13,0.05,-0.08,-0.11,-0.07
29961,-1.26,-0.13,-0.16,0.03,-0.11,0.04
29962,-1.16,-0.02,-0.05,0.03,-0.00,-0.17
29963,-1.26,-0.02,-0.16,0.13,-0.21,-0.07
29964,-1.16,0.08,-0.05,-0.08,-0.11,-0.07
29965,-1.26,-0.13,-0.05,0.03,-0.11,-0.07
29966,-1.47,-0.02,-0.05,0.13,-0.11,-0.07
29967,-1.26,-0.13,-0.05,0.13,-0.11,0.04
29968,-1.26,-0.02,0.05,0.13,-0.00,0.04
29969,-1.36,-0.13,-0.16,0.13,0.10,0.04
29970,-1.16,-0.13,0.05,0.03,-0.21,-0.07
29971,-1.26,-0.13,-0.16,0.03,-0.11,0.14
29972,-1.26,-0.13,-0.16,0.03,-0.00,-0.07
29973,-1.26,0.08,0.05,0.03,-0.11,-0.17
29974,-1.26,0.08,-0.05,0.13,-0.00,-0.07
29975,-1.16,-0.02,-0.05,-0.08,-0.21,-0.07
29976,-1.26,-0.02,-0.05,-0.18,-0.21,-0.07
29977,-1.36,-0.02,-0.05,0.03,-0.11,-0.07
29978,-1.26,-0.02,-0.05,0.13,0.10,0.04
29979,-1.26,-0.13,-0.16,-0.08,-0.21,-0.07
29980,-1.16,-0.02,0.05,-0.08,-0.11,-0.07
29981,-1.16,-0.02,-0.16,0.03,-0.00,0.04
29982,-1.26,0.08,-0.05,0.03,-0.21,-0.07
29983,-1.26,-0.13,-0.05,0.03,0.10,0.14
29984,-1.16,-0.13,-0.16,0.13,-0.11,0.04
29985,-1.26,-0.02,0.05,0.03,0.10,0.04
29986,-1.47,-0.02,0.05,0.03,-0.00,0.04
29987,-1.26,-0.02,-0.05,-0.08,-0.00,0.04
29988,-1.16,-0.02,-0.16,0.03,-0.00,-0.07
29989,-1.26,-0.02,-0.05,0.03,-0.21,0.04
29990,-1.26,-0.13,-0.05,0.03,-0.00,0.04
29991,-1.16,-0.02,-0.05,0.03,-0.00,0.04
29992,-1.26,-0.13,-0.16,0.03,-0.00,-0.07
29993,-1.47,-0.13,-0.05,0.13,-0.00,0.04
29994,-1.16,-0.02,0.05,0.03,-0.00,-0.17
29995,-1.16,-0.02,0.05,0.03,-0.11,-0.17
29996,-1.36,-0.02,-0.05,0.03,-0.11,-0.07
29998,-1.26,-0.13,-0.05,0.03,-0.00,-0.07
29998,-1.16,-0.02,-0.16,-0.08,-0.11,-0.07
29999,-1.16,-0.13,-0.05,0.13,-0.21,-0.07
30000,-1.16,-0.02,-0.05,-0.08,-0.21,-0.07
30001,-1.26,-0.13,-0.05,0.03,-0.11,-0.07
30002,-1.16,0.08,-0.05,0.03,-0.11,-0.17
30003,-1.36,-0.13,0.05,0.03,-0.11,0.04
30004,-1.36,-0.13,-0.05,0.03,-0.11,-0.07
30005,-1.36,-0.02,-0.05,-0.18,-0.00,-0.07
30006,-1.47,-0.13,-0.05,0.13,-0.00,0.04
30007,-1.26,-0.13,-0.05,0.13,-0.00,-0.07
30008,-1.16,0.08,-0.26,0.13,-0.00,-0.07
30009,-1.26,-0.23,-0.16,0.03,-0.11,0.14
30010,-1.36,-0.23,-0.05,0.13,-0.11,0.04
30011,-1.36,-0.23,-0.05,0.13,-0.00,0.04
30012,-1.26,-0.02,-0.05,0.13,-0.11,0.04
30013,-1.26,-0.02,-0.05,-0.08,-0.21,-0.07
30014,-1.16,-0.13,-0.05,0.03,-0.00,0.04
30015,-1.26,-0.02,0.05,0.03,-0.00,-0.07
30016,-1.36,-0.02,-0.16,0.03,-0.00,0.04
30017,-1.16,0.08,-0.05,0.03,-0.11,-0.07
30018,-1.16,-0.02,-0.05,0.13,-0.11,0.04
30019,-1.16,-0.02,-0.05,0.13,-0.00,-0.07
30020,-1.36,-0.23,-0.05,0.03,-0.00,0.04
30021,-1.26,-0.02,0.05,0.13,-0.00,0.04
30022,-1.26,-0.02,-0.05,0.03,-0.21,-0.07
30023,-1.36,-0.02,-0.05,0.13,-0.11,0.04
30024,-1.26,-0.02,-0.05,-0.08,-0.00,-0.07
30025,-1.16,-0.13,-0.05,0.13,-0.11,-0.07
30026,-1.36,0.08,-0.16,0.03,-0.00,0.14
30027,-1.47,-0.02,-0.05,0.03,-0.11,0.04
30028,-1.16,-0.02,-0.05,0.03,-0.00,0.04
30029,-1.26,-0.13,-0.26,0.03,-0.00,-0.07
30030,-1.26,-0.23,-0.05,0.13,0.10,-0.07
30031,-1.26,-0.13,0.05,0.03,-0.11,-0.07
30032,-1.16,-0.13,-0.05,0.13,0.10,0.04
30033,-1.36,-0.02,-0.05,0.03,-0.00,-0.07
30034,-1.26,-0.02,-0.16,0.03,-0.11,-0.07
30035,-1.16,-0.02,-0.16,0.03,-0.11,-0.07
30036,-1.26,0.08,-0.05,0.03,-0.00,-0.07
30037,-1.36,-0.02,0.05,-0.08,-0.00,0.04
30038,-1.16,-0.13,-0.05,-0.08,-0.00,0.04
30039,-1.05,-0.13,-0.16,-0.08,-0.21,-0.07
30040,-1.26,-0.13,0.05,0.03,-0.00,0.04
30041,-1.16,0.08,-0.05,-0.08,-0.11,-0.17
30042,-1.16,-0.13,-0.26,-0.08,-0.11,-0.07
30043,-1.16,-0.02,-0.05,0.03,-0.11,0.04
30044,-1.36,-0.02,-0.16,0.03,-0.00,0.04
30045,-1.26,-0.02,-0.05,-0.08,-0.11,-0.07
30046,-1.26,0.08,-0.05,-0.08,-0.11,-0.07
30047,-1.26,-0.02,-0.05,-0.08,-0.00,0.04
30048,-1.26,-0.13,-0.05,-0.08,-0.00,0.04
30049,-1.16,-0.13,-0.05,0.03,-0.21,-0.07
30050,-1.26,-0.02,-0.16,-0.08,-0.11,-0.07
30051,-1.16,-0.13,-0.05,0.03,-0.00,-0.07
30052,-1.26,-0.13,-0.05,0.03,-0.11,0.04
30053,-1.16,-0.13,-0.05,0.13,-0.00,0.04
30054,-1.26,-0.13,-0.16,0.03,-0.00,0.04
30055,-1.26,0.08,-0.05,0.13,-0.21,0.04
30056,-1.26,-0.02,0.05,0.13,-0.11,-0.17
30057,-1.26,-0.02,-0.05,0.13,-0.21,-0.07
30058,-1.26,-0.02,-0.05,0.03,-0.11,0.04
30059,-1.16,-0.13,-0.05,-0.08,-0.11,0.04
30060,-1.05,-0.13,-0.26,0.03,-0.21,0.04
30061,-1.36,-0.02,-0.05,0.13,-0.11,0.14
30062,-1.26,-0.13,-0.05,0.13,-0.00,0.04
30063,-1.16,-0.02,-0.16,0.03,-0.11,-0.07
30064,-1.26,-0.13,-0.05,-0.08,-0.11,-0.07
30065,-1.26,0.08,-0.05,0.03,-0.00,-0.07
30066,-1.36,-0.02,0.05,0.23,-0.00,-0.07
30067,-1.16,-0.02,-0.16,0.03,-0.00,0.04
30068,-1.16,-0.02,-0.16,0.03,-0.11,-0.07
30069,-1.36,-0.13,0.05,-0.08,-0.11,-0.07
30070,-1.26,-0.02,-0.26,-0.08,-0.11,0.04
30071,-1.16,-0.23,-0.16,0.03,-0.11,0.14
30072,-1.16,-0.02,-0.05,-0.08,-0.21,-0.07
30073,-1.26,-0.02,-0.16,0.03,-0.21,0.04
30074,-1.16,-0.13,-0.05,-0.08,-0.00,-0.07
30075,-1.36,-0.13,-0.16,0.03,-0.11,0.14
30076,-1.26,-0.02,-0.05,0.03,-0.11,0.04
30077,-1.36,-0.02,-0.05,0.13,-0.00,-0.07
30078,-1.16,-0.02,-0.05,0.03,-0.11,-0.07
30079,-1.16,-0.13,-0.16,-0.08,-0.11,-0.07
30080,-1.36,-0.02,-0.05,0.03,-0.11,-0.07
30081,-1.16,-0.02,-0.05,0.03,-0.11,0.04
30082,-1.26,-0.13,-0.05,-0.08,-0.11,-0.07
30083,-1.26,-0.13,-0.05,0.03,-0.11,0.04
30084,-1.26,-0.02,0.05,0.03,-0.11,-0.07
30085,-1.26,-0.02,-0.16,0.03,-0.11,-0.07
30086,-1.26,-0.02,-0.05,0.03,-0.00,0.04
30087,-1.36,-0.02,-0.05,0.03,-0.11,0.04
30088,-1.26,0.08,-0.05,-0.08,-0.11,0.04
30089,-1.05,-0.02,-0.05,0.03,-0.11,-0.07
30090,-1.36,-0.13,-0.05,0.03,-0.00,0.04
30091,-1.26,-0.13,-0.05,0.03,-0.11,0.04
30092,-1.26,-0.23,-0.16,0.03,-0.00,0.04
30093,-1.16,-0.02,0.05,0.03,-0.00,-0.07
30094,-1.36,-0.23,-0.05,0.03,-0.00,0.14
30095,-1.16,-0.02,-0.05,0.03,-0.11,-0.07
30096,-1.16,-0.02,-0.05,-0.08,-0.11,0.04
30097,-1.36,0.08,-0.05,0.03,-0.21,-0.17
30098,-1.26,0.08,0.05,-0.08,-0.21,-0.07
30099,-1.26,-0.02,-0.16,0.13,0.10,-0.07
30100,-1.26,-0.13,-0.05,0.03,-0.00,0.04
30101,-1.26,-0.02,-0.05,0.13,-0.11,-0.07
30102,-1.26,0.08,-0.16,-0.08,-0.21,0.04
30103,-1.16,-0.13,-0.05,0.03,-0.00,0.04
30104,-1.36,-0.02,-0.05,0.03,-0.11,-0.07
30105,-1.16,0.08,-0.05,-0.08,-0.21,-0.07
30106,-1.16,-0.02,0.05,0.03,-0.11,-0.07
30107,-1.36,-0.13,-0.05,0.03,0.10,0.04
30108,-1.36,-0.13,-0.05,0.13,-0.00,-0.07
30109,-1.26,-0.02,-0.05,-0.08,-0.11,-0.07
30110,-1.36,-0.13,-0.16,-0.08,-0.11,-0.17
30111,-1.05,-0.02,-0.05,0.03,-0.00,0.04
30112,-1.26,-0.02,0.05,-0.18,-0.11,-0.17
30113,-1.36,-0.13,-0.05,0.03,-0.00,0.04
30114,-1.16,-0.13,-0.05,-0.08,-0.11,-0.17
30115,-1.16,-0.13,-0.05,0.03,-0.00,0.04
30116,-1.26,-0.02,0.05,0.03,-0.11,-0.07
30117,-1.36,-0.02,0.05,0.03,-0.00,0.04
30118,-1.26,-0.02,0.05,0.13,-0.11,-0.07
30119,-1.36,-0.13,-0.16,0.13,-0.11,-0.07
30120,-1.36,-0.02,0.05,0.03,0.10,0.04
30121,-1.16,-0.13,-0.16,0.13,-0.00,0.04
30122,-1.16,-0.13,-0.16,0.13,-0.11,0.04
30123,-1.36,-0.02,0.05,0.13,-0.11,-0.07
30124,-1.47,-0.02,-0.05,-0.08,-0.00,0.04
30125,-1.05,-0.23,-0.05,-0.08,-0.00,-0.07
30126,-1.16,-0.02,-0.05,0.03,-0.11,-0.17
30127,-1.36,-0.02,-0.05,0.03,-0.00,-0.07
30128,-1.26,0.08,-0.05,0.03,-0.11,0.04
30129,-1.26,-0.02,-0.16,0.03,-0.00,-0.07
30130,-1.16,-0.02,-0.16,0.03,-0.11,0.04
30131,-1.36,0.08,0.05,-0.08,-0.11,-0.07
30132,-1.26,-0.02,-0.16,0.13,-0.00,-0.07
30133,-1.05,-0.23,-0.16,0.03,-0.00,-0.07
30134,-1.36,0.08,-0.05,0.13,-0.11,-0.07
30135,-1.26,-0.02,0.05,0.03,-0.21,-0.07
30136,-1.26,-0.13,-0.05,0.03,-0.11,0.04
30137,-1.05,-0.02,-0.05,0.13,-0.00,-0.17
30138,-1.26,-0.13,-0.16,0.03,-0.11,-0.07
30139,-1.36,0.08,0.16,0.13,-0.11,-0.07
30140,-1.16,0.08,0.05,0.03,-0.11,-0.07
30141,-1.05,-0.02,-0.16,-0.08,-0.11,-0.07
30142,-1.36,0.08,-0.05,0.03,-0.11,-0.07
30143,-1.47,-0.13,0.05,-0.08,-0.11,0.04
30144,-1.05,-0.13,-0.16,0.03,0.10,0.14
30145,-1.16,-0.02,0.05,0.03,-0.11,0.04
30146,-1.47,-0.02,-0.05,0.03,-0.00,0.04
30147,-1.26,-0.02,0.05,-0.08,-0.00,-0.07
30148,-1.05,-0.13,-0.05,0.03,-0.11,-0.07
30149,-1.16,-0.13,-0.05,0.03,-0.11,-0.17
30150,-1.47,-0.02,0.05,0.03,-0.11,0.04
30151,-1.26,-0.02,-0.05,0.03,0.10,0.04
30152,-1.16,-0.02,-0.16,0.03,-0.00,-0.07
30153,-1.16,-0.02,-0.05,-0.08,-0.11,-0.07
30154,-1.57,0.08,0.05,0.03,-0.11,0.04
30155,-1.26,-0.13,-0.16,0.13,-0.11,-0.17
30156,-1.16,-0.13,-0.16,-0.08,-0.11,-0.07
30157,-1.36,-0.02,-0.05,0.13,-0.11,-0.07
30158,-1.26,-0.02,-0.05,0.13,-0.00,-0.07
30159,-1.16,-0.02,-0.05,0.03,-0.21,-0.17
30161,-1.16,-0.02,-0.16,0.03,-0.11,-0.17
30161,-1.26,-0.02,-0.16,0.13,-0.00,-0.07
30162,-1.36,0.08,0.05,-0.08,-0.00,-0.07
30163,-1.16,-0.13,-0.16,0.03,-0.11,0.04
30164,-1.16,-0.13,-0.05,0.03,-0.00,0.04
30165,-1.26,-0.02,0.05,0.03,-0.11,0.04
30166,-1.36,-0.02,-0.16,0.03,-0.00,-0.17
30167,-1.16,-0.13,-0.05,-0.08,-0.21,-0.07
30168,-1.26,-0.02,-0.05,0.03,-0.00,0.04
30169,-1.26,-0.02,-0.05,0.03,-0.21,-0.07
30170,-1.26,-0.02,0.05,0.03,-0.11,-0.07
30171,-1.05,-0.02,-0.16,0.03,-0.00,-0.07
30172,-1.16,-0.02,-0.16,-0.08,-0.11,-0.28
30173,-1.47,-0.02,-0.05,0.03,-0.00,-0.07
30174,-1.26,0.08,-0.05,0.03,-0.11,0.04
30175,-1.16,-0.33,-0.26,0.13,-0.00,0.04
30176,-1.26,0.08,-0.05,0.03,-0.21,0.14
30177,-1.47,-0.02,0.05,-0.08,-0.21,-0.17
30178,-1.16,-0.13,-0.05,0.03,-0.00,0.04
30179,-1.05,-0.13,-0.16,0.13,-0.00,0.14
30180,-1.26,-0.13,-0.05,-0.08,-0.21,-0.07
30181,-1.36,-0.02,-0.05,0.03,-0.00,-0.07
30182,-1.16,-0.23,-0.26,0.13,-0.11,0.04
30183,-1.16,-0.13,-0.05,-0.08,-0.21,-0.07
30184,-1.26,-0.02,-0.05,0.03,-0.11,0.04
30185,-1.36,0.08,0.05,-0.08,-0.21,-0.07
30186,-1.16,-0.02,-0.05,-0.08,-0.00,0.04
30187,-1.26,-0.13,-0.16,-0.08,-0.00,0.04
30188,-1.57,-0.02,0.05,0.03,-0.00,-0.07
30189,-1.16,0.08,0.05,0.03,-0.11,0.04
30190,-1.26,-0.23,-0.26,-0.08,-0.00,0.04
30191,-1.16,-0.02,0.05,0.03,-0.11,-0.07
30192,-1.26,0.08,-0.05,0.03,-0.11,-0.07
30193,-1.26,-0.13,-0.05,0.03,-0.11,0.04
30365,-1.16,-0.13,-0.26,0.13,-0.00,0.14
30366,-1.26,-0.02,0.05,0.03,-0.11,-0.07
30367,-1.47,-0.02,-0.05,0.03,-0.21,-0.07
30368,-1.16,-0.02,0.05,-0.08,-0.11,-0.07
30369,-1.05,-0.02,-0.05,0.03,-0.11,0.14
30370,-1.26,-0.02,-0.05,0.13,-0.11,0.04
30371,-1.26,-0.02,0.05,-0.18,-0.11,-0.07
30372,-1.26,-0.02,-0.05,0.03,-0.11,0.04
30373,-1.16,-0.13,-0.05,0.03,-0.11,-0.07
30374,-1.36,-0.02,-0.05,0.03,-0.11,0.04
30375,-1.36,-0.13,-0.05,0.03,-0.00,0.04
30376,-1.16,-0.13,-0.05,0.03,-0.00,-0.07
30377,-1.26,-0.13,-0.05,0.03,-0.00,-0.07
30378,-1.36,-0.13,-0.05,0.03,-0.21,0.04
30379,-1.16,-0.13,-0.05,-0.08,-0.11,-0.07
30380,-1.16,-0.02,-0.16,0.03,-0.00,0.04
30381,-1.26,-0.02,0.16,0.03,-0.21,0.04
30382,-1.16,-0.13,-0.16,0.13,-0.00,-0.07
30383,-1.16,-0.02,-0.05,0.03,0.10,-0.07
30384,-1.36,-0.13,-0.05,0.13,-0.11,0.04
30385,-1.26,-0.13,0.05,-0.08,-0.00,0.04
30386,-1.16,-0.02,-0.05,0.03,-0.00,-0.07
30387,-1.26,-0.13,0.05,-0.18,-0.21,-0.28
30388,-1.26,-0.02,-0.05,0.03,-0.11,0.04
30389,-1.16,-0.02,-0.05,0.13,0.10,0.04
30390,-1.26,-0.13,-0.05,0.13,-0.00,0.04
30391,-1.26,-0.02,0.05,-0.08,-0.11,-0.17
30392,-1.26,-0.02,-0.26,-0.08,0.10,-0.07
30393,-1.26,-0.13,-0.05,0.03,-0.00,-0.07
30394,-1.26,-0.02,-0.16,0.03,-0.00,0.04
30395,-1.26,-0.02,-0.05,-0.08,0.10,0.04
30396,-1.16,-0.13,0.05,-0.08,-0.11,-0.07
30397,-1.16,-0.02,-0.05,0.03,-0.00,0.04
30398,-1.26,-0.02,-0.05,0.03,-0.00,0.04
30399,-1.16,-0.02,0.05,0.13,-0.11,-0.07
30400,-1.26,-0.02,-0.16,0.13,-0.00,-0.07
30401,-1.16,-0.13,-0.05,-0.08,-0.11,-0.07
30402,-1.26,0.08,0.05,-0.08,-0.21,-0.07
30403,-1.26,-0.13,-0.05,0.03,-0.11,-0.07
30404,-1.26,-0.13,-0.05,-0.08,-0.21,0.04
30405,-1.36,-0.02,-0.05,-0.08,-0.11,-0.07
30406,-1.36,-0.02,-0.05,0.03,-0.11,-0.07
30407,-1.16,-0.02,-0.16,0.13,-0.11,0.04
30408,-1.26,-0.13,-0.05,0.03,-0.00,0.04
30409,-1.47,-0.02,-0.05,0.03,-0.00,0.04
30410,-1.16,-0.13,-0.05,0.03,-0.11,-0.07
30411,-1.16,-0.23,-0.16,0.13,-0.00,0.04
30412,-1.26,-0.02,-0.05,-0.08,-0.11,-0.07
30413,-1.36,-0.23,0.05,0.03,-0.00,-0.07
30414,-1.16,-0.02,-0.16,0.03,-0.11,-0.07
30415,-1.16,0.08,-0.05,-0.08,-0.11,-0.07
30416,-1.36,-0.13,-0.05,0.03,-0.00,0.04
30417,-1.26,-0.13,-0.16,0.03,-0.00,0.04
30418,-1.26,-0.02,-0.05,0.03,-0.00,-0.07
30419,-1.16,-0.13,-0.05,0.03,-0.00,-0.07
30420,-1.36,-0.02,-0.16,0.03,-0.11,0.04
30421,-1.26,-0.02,-0.05,0.13,-0.11,-0.07
30422,-1.26,-0.13,-0.16,0.03,-0.00,0.04
30423,-1.26,-0.02,-0.05,0.03,-0.11,-0.07
30424,-1.36,-0.02,-0.05,-0.08,-0.00,0.04
30425,-1.26,-0.13,-0.05,0.03,0.10,-0.07
30426,-1.05,-0.13,-0.05,-0.08,-0.11,-0.07
30427,-1.26,-0.13,-0.05,0.03,-0.00,0.04
30428,-1.36,-0.13,-0.05,0.03,-0.11,-0.07
30429,-1.26,-0.13,-0.05,0.03,-0.00,-0.07
30430,-1.26,-0.02,-0.05,0.03,-0.11,-0.17
30431,-1.26,0.08,-0.05,0.03,-0.21,-0.07
30432,-1.26,-0.13,-0.16,-0.08,-0.00,-0.17
30433,-1.16,-0.02,-0.05,0.03,-0.00,0.04
30434,-1.26,-0.02,-0.05,-0.08,-0.11,-0.17
30435,-1.47,-0.02,-0.05,0.03,-0.00,-0.07
30436,-1.16,-0.02,0.05,0.03,-0.11,0.04
30437,-1.16,0.08,-0.26,0.03,-0.00,0.04
30438,-1.36,-0.02,-0.16,0.03,-0.00,0.04
30439,-1.36,-0.13,-0.05,0.03,-0.00,-0.07
30440,-1.16,-0.02,-0.05,0.13,-0.11,0.04
30441,-1.05,-0.02,0.05,0.13,-0.11,0.04
30442,-1.47,-0.13,-0.16,-0.08,-0.11,0.04
30443,-1.26,-0.02,-0.05,0.03,-0.00,-0.07
30444,-1.16,-0.02,-0.05,-0.08,-0.11,-0.07
30445,-1.26,0.08,-0.05,-0.08,-0.11,-0.07
30446,-1.36,-0.13,-0.05,-0.08,-0.00,0.04
30447,-1.16,-0.13,-0.05,0.03,-0.00,0.04
30448,-1.26,-0.02,-0.05,0.03,-0.00,0.04
30449,-1.36,-0.02,0.05,0.03,-0.00,-0.17
30450,-1.36,-0.02,-0.05,0.03,-0.21,-0.07
30451,-1.05,-0.13,-0.05,-0.08,-0.00,0.04
30452,-1.16,0.08,-0.05,-0.18,-0.11,-0.07
30453,-1.36,-0.02,-0.05,0.03,-0.00,0.04
30454,-1.16,-0.13,-0.05,0.03,-0.00,0.04
30455,-1.16,-0.13,-0.05,0.03,-0.11,-0.07
30456,-1.16,0.08,-0.05,0.03,-0.11,-0.17
30457,-1.26,-0.02,-0.05,0.03,-0.11,-0.07
30458,-1.26,-0.02,-0.16,0.13,-0.00,0.04
30459,-1.16,-0.02,-0.05,0.13,-0.00,-0.07
30460,-1.26,-0.13,-0.05,-0.08,-0.00,-0.07
30461,-1.36,-0.02,0.05,0.03,-0.11,-0.17
30462,-1.26,-0.02,-0.16,0.13,-0.11,-0.07
30463,-1.16,0.08,-0.16,0.03,-0.11,-0.07
30464,-1.26,0.08,-0.05,0.03,-0.11,-0.07
30465,-1.36,-0.02,0.05,0.03,-0.00,0.04
30466,-1.26,-0.02,-0.05,0.03,-0.11,0.04
30467,-1.26,-0.13,-0.16,0.03,-0.00,0.04
30468,-1.26,-0.02,0.05,-0.08,-0.11,-0.17
30469,-1.36,-0.13,-0.05,-0.08,-0.00,-0.17
30470,-1.16,-0.23,-0.16,0.03,-0.00,0.04
30471,-1.05,0.08,-0.16,0.13,-0.00,0.04
30472,-1.47,-0.02,0.05,-0.08,-0.21,-0.07
30473,-1.26,-0.02,-0.05,-0.08,-0.11,-0.07
30474,-1.05,-0.02,-0.16,0.03,-0.00,-0.07
30475,-1.26,-0.13,0.05,0.03,-0.11,-0.07
30476,-1.47,-0.02,-0.05,-0.08,-0.00,-0.07
30477,-1.26,-0.02,-0.05,0.03,0.10,0.04
30478,-1.05,-0.13,-0.16,0.03,-0.00,0.04
30479,-1.36,0.08,-0.05,-0.08,-0.11,-0.07
30480,-1.47,-0.13,0.05,0.03,0.10,0.04
30481,-1.16,-0.13,-0.05,0.13,-0.11,0.04
30482,-1.16,-0.13,-0.16,0.03,-0.11,0.04
30483,-1.36,-0.02,-0.05,0.03,-0.00,-0.07
30484,-1.36,-0.13,0.05,0.03,-0.11,-0.07
30485,-1.16,-0.13,-0.16,0.03,-0.00,-0.07
30486,-1.26,-0.13,-0.05,0.03,-0.00,0.04
30487,-1.26,-0.02,-0.05,0.13,-0.00,-0.07
30488,-1.36,-0.13,0.05,-0.18,-0.21,-0.17
30489,-1.16,-0.13,-0.26,0.03,-0.11,0.04
30490,-1.26,-0.02,-0.05,0.03,0.10,0.04
30491,-1.36,0.08,0.05,0.03,-0.00,-0.07
30492,-1.36,-0.13,-0.16,0.03,-0.00,0.04
30493,-1.16,-0.02,-0.05,0.03,-0.11,-0.07
30494,-1.36,-0.02,-0.05,0.03,-0.11,0.04
30495,-1.26,0.08,0.05,0.03,-0.11,0.04
30496,-1.36,-0.13,-0.05,0.03,-0.11,0.04
30497,-1.05,-0.23,-0.05,0.13,-0.00,0.04
30498,-1.26,-0.13,-0.16,0.13,-0.00,0.04
30499,-1.36,0.08,0.05,-0.08,-0.00,0.04
30500,-1.16,-0.02,-0.05,0.03,-0.11,-0.07
30501,-1.05,-0.23,-0.16,0.23,-0.11,0.04
30502,-1.16,-0.02,-0.05,0.13,0.10,0.14
30503,-1.47,-0.02,0.05,-0.08,-0.11,-0.07
30504,-1.16,-0.02,-0.05,-0.08,-0.11,-0.07
30505,-1.16,-0.13,-0.16,-0.08,-0.21,-0.07
30506,-1.26,-0.02,-0.05,0.03,-0.11,-0.17
30507,-1.47,0.08,0.05,0.03,-0.11,0.04
30508,-1.26,-0.13,-0.16,0.03,-0.00,-0.07
30509,-1.05,-0.13,-0.05,0.03,-0.00,0.04
30510,-1.26,0.08,0.05,0.03,-0.11,-0.07
30511,-1.36,-0.13,-0.05,0.03,-0.00,0.04
30512,-1.05,-0.13,-0.05,0.03,-0.00,-0.07
30513,-1.16,-0.02,-0.16,0.03,-0.11,-0.07
30514,-1.36,-0.02,0.05,0.03,-0.00,-0.17
30515,-1.26,-0.13,-0.05,0.13,0.10,-0.07
30516,-1.16,-0.13,-0.16,0.13,-0.11,-0.07
30517,-1.16,-0.23,-0.05,0.03,-0.00,-0.07
30519,-1.16,0.08,0.05,0.03,-0.11,-0.07
30519,-1.16,-0.02,0.05,0.03,-0.21,-0.07
30520,-1.16,-0.13,-0.26,0.13,-0.00,-0.17
30521,-1.16,0.08,0.05,0.03,-0.11,-0.07
30522,-1.36,0.08,0.05,0.03,-0.00,-0.07
30523,-1.36,-0.02,-0.05,-0.08,-0.11,0.04
30524,-1.26,-0.13,-0.05,-0.08,-0.00,-0.07
30525,-1.16,-0.13,-0.05,-0.08,-0.21,-0.07
30526,-1.26,-0.02,-0.05,0.03,-0.00,0.14
30527,-1.36,-0.13,-0.05,0.13,-0.11,0.04
30528,-1.16,-0.13,-0.05,0.03,-0.11,-0.07
30529,-1.16,0.08,-0.16,0.03,-0.00,0.04
30530,-1.26,-0.02,-0.05,-0.08,-0.11,-0.07
30531,-1.36,-0.02,-0.16,0.13,-0.00,-0.07
30532,-1.16,-0.13,-0.05,0.03,-0.11,0.04
30533,-1.16,-0.13,-0.16,0.03,-0.00,-0.07
30534,-1.36,-0.02,-0.05,0.03,-0.00,0.04
30535,-1.36,-0.13,-0.05,0.03,-0.11,-0.07
30536,-1.26,-0.02,-0.05,-0.08,-0.00,-0.07
30537,-1.16,-0.02,-0.16,-0.08,-0.11,-0.07
30538,-1.26,-0.13,-0.05,0.03,-0.11,-0.17
30539,-1.36,0.08,0.05,-0.08,-0.00,-0.07
30540,-1.36,-0.13,-0.16,0.03,-0.11,-0.07
30541,-1.16,-0.02,-0.05,-0.08,-0.11,-0.17
30542,-1.26,0.08,-0.05,0.13,-0.00,-0.07
30543,-1.36,-0.02,0.05,-0.08,-0.00,0.14
30544,-1.16,-0.02,-0.05,0.03,-0.11,0.04
30545,-1.16,-0.23,-0.16,0.03,-0.11,-0.07
30546,-1.36,-0.02,-0.05,-0.08,-0.00,0.04
30547,-1.36,0.08,-0.05,0.03,-0.11,0.04
30548,-1.05,-0.13,-0.05,0.03,-0.11,-0.07
30549,-1.05,-0.02,-0.05,0.13,-0.11,-0.07
30550,-1.36,0.08,0.05,0.03,-0.11,0.04
30551,-1.26,-0.02,-0.05,0.13,-0.00,-0.07
30552,-1.26,-0.02,-0.16,0.03,-0.11,0.04
30553,-1.26,-0.13,-0.16,-0.08,-0.11,-0.07
30554,-1.26,0.08,0.05,-0.08,-0.00,-0.07
30555,-1.36,-0.02,-0.05,-0.08,-0.11,0.04
30556,-1.26,-0.13,-0.05,0.03,-0.00,0.04
30557,-1.36,-0.02,-0.05,0.03,-0.00,-0.07
30558,-1.36,0.08,-0.05,0.03,-0.00,0.04
30559,-1.05,-0.13,-0.16,0.03,-0.00,-0.07
30560,-1.26,-0.13,-0.05,0.13,-0.00,-0.17
30561,-1.16,-0.13,-0.16,0.03,-0.00,0.04
30562,-1.16,0.08,-0.05,0.03,-0.00,0.04
30563,-1.16,-0.13,-0.05,-0.08,-0.11,-0.17
30564,-1.26,-0.13,-0.16,0.03,-0.11,-0.07
30565,-1.26,0.08,0.16,0.03,-0.11,0.04
30566,-1.26,-0.13,-0.05,0.13,0.10,0.04
30567,-1.16,-0.02,-0.05,-0.08,-0.11,-0.07
30568,-1.26,-0.02,-0.05,0.03,-0.00,0.04
30569,-1.47,-0.02,-0.05,0.03,-0.11,-0.07
30570,-1.26,-0.02,-0.05,-0.08,-0.11,0.04
30571,-1.36,-0.13,-0.16,0.13,-0.00,0.04
30572,-1.36,0.19,-0.05,0.03,-0.11,-0.07
30573,-1.47,-0.02,0.05,0.03,-0.11,0.04
30574,-1.16,-0.13,-0.16,0.03,-0.11,0.04
30575,-1.05,-0.13,-0.05,0.03,-0.00,-0.07
30906,-1.26,-0.13,-0.05,0.03,-0.00,-0.07
30907,-1.36,-0.02,-0.05,0.03,-0.21,0.04
30908,-1.26,-0.02,-0.05,0.13,0.10,0.04
30909,-1.26,-0.02,-0.05,0.03,-0.00,0.04
30910,-1.26,-0.13,0.05,0.03,-0.11,0.04
30911,-1.16,-0.23,-0.05,0.13,-0.00,-0.07
30912,-1.36,-0.02,-0.16,-0.08,-0.11,-0.07
30913,-1.26,-0.23,-0.05,0.03,-0.00,-0.07
30914,-1.36,-0.13,-0.05,0.13,-0.00,0.04
30915,-1.26,-0.02,-0.05,0.13,-0.00,0.04
30916,-1.36,0.08,0.05,-0.08,-0.21,-0.17
30917,-1.26,-0.02,-0.05,0.03,-0.11,-0.07
30918,-1.16,0.08,-0.16,0.03,-0.11,-0.07
30919,-1.26,-0.02,-0.05,0.03,-0.00,-0.07
30920,-1.36,-0.13,-0.05,0.03,-0.00,0.04
30921,-1.16,-0.02,-0.16,-0.08,-0.00,0.04
30922,-1.05,-0.02,0.05,0.03,-0.11,0.04
30923,-1.26,-0.13,-0.05,0.03,-0.00,-0.07
30924,-1.16,-0.02,0.16,0.03,-0.11,-0.07
30925,-1.26,-0.02,-0.05,0.03,-0.00,0.04
30926,-1.36,-0.13,-0.05,0.03,-0.00,-0.07
30927,-1.26,-0.02,0.05,0.03,-0.11,0.04
30928,-1.36,-0.02,-0.16,0.03,-0.11,-0.17
30929,-1.26,-0.02,-0.05,0.03,-0.00,0.14
30930,-1.16,-0.02,-0.05,-0.08,-0.21,-0.17
30931,-1.26,-0.02,-0.05,0.03,-0.00,-0.07
30932,-1.26,-0.02,-0.05,0.23,-0.11,0.04
30933,-1.16,-0.13,-0.05,-0.08,-0.11,-0.07
30934,-1.36,-0.13,-0.05,0.03,-0.00,-0.07
30935,-1.26,-0.13,-0.05,0.03,-0.11,-0.07
30936,-1.36,-0.13,-0.05,-0.08,-0.11,-0.17
30937,-1.26,-0.02,-0.05,0.03,-0.00,-0.07
30938,-1.26,-0.02,-0.16,-0.08,-0.11,0.04
30939,-1.16,0.08,0.05,0.03,-0.11,-0.17
30940,-1.26,-0.02,-0.05,-0.08,-0.11,0.04
30941,-1.36,-0.13,-0.05,0.03,-0.00,0.04
30942,-1.26,-0.02,-0.16,0.03,-0.00,0.04
30943,-1.47,-0.13,-0.05,-0.08,-0.00,-0.17
30944,-1.16,-0.13,0.05,-0.08,-0.11,-0.07
30945,-1.16,-0.13,-0.16,0.03,-0.00,0.04
30946,-1.26,-0.13,-0.05,-0.08,-0.00,0.04
30947,-1.36,-0.02,-0.05,-0.08,-0.00,0.04
30948,-1.26,-0.02,-0.05,0.03,-0.00,0.04
30949,-1.16,-0.02,-0.05,0.03,-0.11,0.04
30950,-1.36,-0.02,-0.05,0.13,-0.11,0.14
30951,-1.36,-0.02,-0.05,0.03,-0.11,-0.07
30952,-1.26,-0.02,-0.05,0.03,-0.11,-0.07
30953,-1.16,0.08,-0.05,0.13,-0.00,-0.07
30954,-1.26,-0.02,0.05,0.03,-0.11,-0.07
30956,-1.36,-0.13,-0.05,-0.08,-0.11,0.04
30956,-1.36,-0.13,-0.05,0.03,0.10,-0.07
30957,-1.26,-0.13,-0.05,0.03,-0.00,0.04
30958,-1.26,-0.13,-0.05,0.13,-0.00,0.14
30959,-1.36,-0.13,-0.16,-0.08,-0.00,0.04
30960,-1.16,0.08,-0.05,0.03,-0.11,0.04
30961,-1.16,-0.02,-0.16,0.03,-0.11,0.14
30962,-1.26,-0.13,-0.05,0.03,-0.00,0.04
30963,-1.26,0.08,-0.05,0.13,-0.11,-0.07
30964,-1.26,-0.02,-0.05,0.03,-0.11,-0.07
30965,-1.26,0.08,0.05,0.03,-0.00,0.04
30966,-1.16,0.08,-0.05,0.03,-0.11,-0.07
30967,-1.36,-0.02,-0.05,0.03,-0.11,0.04
30968,-1.26,-0.02,-0.05,-0.08,-0.11,-0.07
30969,-1.16,-0.02,-0.05,0.03,-0.11,-0.17
30970,-1.26,-0.02,-0.05,0.03,-0.00,-0.07
30971,-1.26,-0.02,0.05,0.03,-0.00,0.04
30972,-1.26,-0.13,-0.05,0.03,-0.21,0.04
30973,-1.26,-0.02,-0.05,0.03,-0.11,0.04
30974,-1.16,-0.02,-0.05,0.03,-0.00,-0.17
30975,-1.26,-0.02,-0.05,0.03,-0.00,-0.07
30976,-1.36,-0.13,-0.16,0.03,0.10,-0.07
30977,-1.05,0.08,-0.05,0.03,-0.21,-0.07
30978,-1.26,-0.23,-0.05,0.13,-0.11,0.04
30979,-1.36,-0.02,-0.05,0.13,-0.00,0.04
30980,-1.26,-0.13,-0.05,0.13,-0.11,0.04
30981,-1.16,-0.02,-0.05,0.03,-0.00,-0.07
30982,-1.26,-0.13,-0.05,0.03,-0.11,-0.07
30983,-1.16,-0.13,-0.05,-0.08,-0.21,-0.07
30984,-1.26,-0.02,-0.05,0.03,-0.11,-0.07
30985,-1.26,-0.02,-0.05,0.03,-0.11,-0.07
30986,-1.16,-0.02,-0.05,-0.08,-0.11,-0.07
30987,-1.26,-0.02,-0.16,0.13,-0.00,-0.07
30988,-1.26,-0.13,-0.05,0.03,-0.21,-0.07
30989,-1.16,-0.02,-0.05,0.13,-0.11,0.04
30990,-1.36,-0.02,-0.05,0.03,-0.11,-0.07
30991,-1.36,-0.13,0.05,0.03,-0.00,0.04
30992,-1.26,-0.02,-0.05,0.13,0.10,0.04
30993,-1.36,-0.02,-0.05,0.03,-0.00,-0.07
30994,-1.36,-0.02,-0.05,0.03,-0.00,-0.17
30995,-1.26,-0.02,-0.05,-0.08,-0.11,0.14
30996,-1.26,-0.02,-0.05,-0.08,-0.11,0.04
30997,-1.26,-0.13,-0.05,-0.08,-0.11,-0.07
30998,-1.26,-0.02,-0.05,-0.08,-0.11,0.04
30999,-1.26,-0.13,-0.05,-0.08,-0.11,-0.07
31000,-1.36,-0.02,-0.05,0.03,-0.00,0.04
31001,-1.26,-0.02,-0.05,0.03,0.10,-0.07
31002,-1.36,-0.13,-0.05,0.03,-0.11,0.04
31003,-1.16,-0.02,-0.16,-0.08,-0.11,0.04
31004,-1.36,-0.13,-0.05,0.03,-0.00,0.04
31005,-1.26,-0.02,0.05,0.03,-0.00,-0.07
31006,-1.26,-0.02,-0.16,0.13,0.10,0.04
31007,-1.16,-0.13,-0.05,0.03,-0.11,-0.07
31008,-1.36,-0.02,-0.05,0.03,-0.11,-0.07
31009,-1.16,-0.02,-0.05,0.13,-0.00,0.04
31010,-1.36,-0.13,-0.05,0.03,-0.11,0.04
31011,-1.16,-0.02,-0.05,0.13,0.10,0.04
31012,-1.26,-0.13,-0.05,0.13,-0.11,0.04
31013,-1.16,-0.02,-0.05,-0.08,-0.21,-0.17
31014,-1.16,-0.13,-0.05,0.03,-0.00,-0.07
31015,-1.26,-0.13,-0.16,0.13,-0.11,0.04
31016,-1.16,0.08,0.05,-0.08,-0.11,0.04
31017,-1.26,-0.02,-0.05,0.03,-0.00,0.04
31018,-1.26,-0.02,-0.05,-0.08,-0.11,-0.07
31019,-1.26,-0.02,-0.05,-0.08,-0.11,0.04
31020,-1.36,-0.13,-0.05,-0.08,-0.11,0.04
31021,-1.26,0.08,-0.05,-0.08,-0.11,0.04
31022,-1.26,-0.13,-0.16,0.03,-0.00,0.04
31023,-1.16,-0.02,-0.05,-0.08,-0.00,0.04
31024,-1.36,-0.02,-0.05,-0.08,-0.00,0.04
31025,-1.16,-0.02,-0.05,0.03,-0.11,-0.07
31026,-1.16,-0.02,0.05,-0.18,-0.11,-0.07
31027,-1.16,-0.02,0.05,-0.08,-0.11,-0.07
31028,-1.36,-0.02,-0.05,0.03,-0.00,-0.07
31029,-1.47,-0.23,-0.05,0.23,-0.00,0.14
31030,-1.16,-0.02,-0.05,-0.08,-0.21,-0.07
31031,-1.26,-0.13,-0.05,0.03,-0.00,0.14
31032,-1.26,-0.13,-0.05,-0.08,-0.11,-0.07
31033,-1.16,-0.02,0.05,0.03,-0.11,-0.07
31034,-1.16,-0.02,-0.05,0.03,-0.21,0.04
31035,-1.26,-0.02,-0.05,0.03,-0.00,0.14
31036,-1.26,-0.02,0.05,0.03,-0.11,0.04
31037,-1.26,-0.02,-0.05,0.03,-0.00,-0.07
31038,-1.16,-0.13,-0.05,-0.08,-0.11,0.04
31039,-1.16,-0.02,-0.05,0.03,-0.00,0.04
31040,-1.16,0.08,-0.05,0.03,-0.00,-0.07
31041,-1.26,-0.02,-0.05,0.13,0.10,0.04
31042,-1.26,-0.13,-0.05,-0.18,-0.21,-0.17
31043,-1.26,-0.02,-0.05,-0.08,-0.11,-0.07
31044,-1.36,-0.13,-0.05,0.03,-0.11,0.04
31045,-1.26,-0.23,-0.05,0.13,-0.00,-0.07
31046,-1.05,0.08,-0.05,-0.08,-0.11,-0.17
31047,-1.26,-0.02,-0.05,0.03,-0.00,0.04
31048,-1.16,-0.02,0.05,-0.08,-0.11,-0.17
31049,-1.26,-0.02,-0.05,0.03,-0.21,0.04
31050,-1.36,-0.02,-0.16,-0.08,-0.00,0.04
31051,-1.36,-0.23,-0.05,0.23,0.10,0.04
31052,-1.16,-0.13,0.05,0.03,-0.11,-0.28
31053,-1.26,-0.02,-0.16,0.13,-0.11,0.04
31054,-1.36,-0.13,-0.05,0.03,-0.00,0.14
31055,-1.16,-0.02,-0.05,0.03,-0.11,0.04
31056,-1.26,-0.02,-0.05,0.03,-0.21,0.04
31057,-1.36,-0.13,-0.16,0.03,-0.11,0.04
31058,-1.26,-0.13,-0.05,0.13,-0.11,0.04
31059,-1.36,-0.02,-0.05,0.03,-0.11,-0.17
31060,-1.26,-0.13,-0.05,0.03,-0.00,-0.07
31061,-1.26,-0.02,-0.05,0.03,-0.00,-0.07
31062,-1.36,-0.13,-0.16,0.13,-0.00,-0.07
31063,-1.36,0.08,-0.05,0.03,-0.11,0.04
31064,-1.26,-0.13,-0.05,0.03,-0.00,-0.07
31065,-1.16,0.08,-0.05,-0.08,-0.11,0.04
31066,-1.26,-0.13,-0.05,0.03,-0.11,0.04
31067,-1.26,-0.02,-0.05,0.03,-0.11,-0.07
31068,-1.26,-0.13,-0.16,0.13,-0.00,-0.07
31069,-1.26,-0.13,-0.05,0.03,-0.11,-0.07
31070,-1.16,-0.02,-0.05,0.03,0.10,-0.07
31071,-1.26,-0.02,-0.05,-0.08,-0.00,0.04
31072,-1.16,-0.13,-0.05,0.13,-0.11,0.04
31073,-1.26,-0.13,-0.05,0.03,-0.11,-0.17
31074,-1.26,-0.02,-0.05,0.13,-0.11,0.04
31075,-1.26,-0.02,-0.05,-0.08,-0.00,-0.07
31076,-1.16,-0.02,-0.05,-0.08,-0.11,-0.07
31077,-1.26,-0.02,-0.05,0.03,-0.00,-0.07
31078,-1.26,-0.02,-0.05,0.03,-0.11,-0.17
31079,-1.26,-0.02,-0.05,0.03,-0.21,0.04
31080,-1.36,-0.13,-0.05,0.03,-0.11,0.04
31081,-1.47,-0.02,-0.05,0.03,-0.11,0.04
31082,-1.16,-0.02,-0.05,-0.08,-0.11,-0.07
31083,-1.16,-0.23,-0.05,0.03,-0.11,0.04
31084,-1.26,-0.02,0.05,-0.08,-0.21,-0.07
31085,-1.26,-0.02,-0.05,0.13,-0.11,-0.07
31086,-1.16,-0.02,-0.16,0.03,-0.11,-0.17
31087,-1.16,-0.02,-0.05,0.03,-0.21,-0.07
31088,-1.36,-0.13,-0.05,0.13,-0.21,-0.07
31089,-1.36,-0.02,-0.05,0.03,-0.11,-0.17
31090,-1.26,-0.13,-0.05,0.03,-0.11,0.04
31091,-1.26,-0.02,-0.16,0.13,-0.11,0.14
31092,-1.36,-0.02,0.05,-0.08,0.10,-0.07
31093,-1.26,-0.02,-0.05,0.13,-0.00,-0.17
31094,-1.16,-0.02,-0.05,-0.08,-0.11,0.04
31095,-1.26,-0.13,-0.05,-0.08,-0.21,-0.07
31096,-1.26,-0.02,-0.05,-0.08,-0.11,-0.17
31097,-1.26,0.08,-0.05,-0.08,-0.11,-0.07
31098,-1.26,0.08,-0.05,-0.08,-0.00,-0.07
31099,-1.36,-0.13,-0.05,0.13,-0.00,0.04
31308,-1.16,-0.02,-0.05,-0.08,-0.11,-0.17
31309,-1.16,-0.02,-0.16,0.03,-0.00,-0.07
31310,-1.36,-0.13,-0.05,0.03,-0.11,0.04
31311,-1.26,-0.02,-0.16,0.03,-0.11,-0.07
31312,-1.26,-0.02,-0.05,0.03,0.10,-0.07
31313,-1.26,-0.02,-0.05,-0.18,-0.21,-0.07
31314,-1.26,-0.13,-0.05,0.13,-0.11,0.04
31315,-1.26,-0.02,-0.05,0.03,-0.00,0.04
31316,-1.26,-0.13,-0.05,0.13,-0.00,-0.07
31317,-1.26,-0.02,-0.05,0.03,-0.11,0.04
31318,-1.26,0.08,0.05,0.03,-0.21,-0.17
31319,-1.26,-0.02,-0.05,0.03,-0.00,-0.07
31320,-1.16,0.08,0.05,-0.08,-0.21,-0.07
31321,-1.26,-0.02,-0.05,0.03,-0.11,0.04
31322,-1.16,-0.02,0.05,-0.08,-0.21,-0.07
31323,-1.26,-0.02,-0.16,0.13,-0.00,0.04
31324,-1.26,-0.02,-0.05,-0.08,-0.11,0.04
31325,-1.26,-0.13,-0.05,0.03,-0.11,-0.07
31326,-1.26,-0.02,-0.05,0.03,-0.00,-0.07
31327,-1.26,-0.13,0.05,0.03,-0.11,-0.07
31328,-1.16,-0.02,-0.05,-0.08,-0.31,-0.07
31329,-1.26,-0.13,-0.05,0.03,-0.21,-0.07
31330,-1.26,-0.02,-0.05,0.03,-0.11,-0.07
31331,-1.26,-0.02,-0.05,0.03,-0.00,0.04
31332,-1.26,-0.02,-0.05,0.13,-0.11,-0.07
31334,-1.36,-0.13,-0.05,0.03,-0.21,-0.17
31334,-1.26,-0.13,-0.05,0.13,-0.00,0.04
31335,-1.36,-0.13,-0.05,0.13,-0.00,0.04
31336,-1.36,-0.13,-0.05,0.03,0.10,0.04
31337,-1.26,-0.02,-0.05,0.03,-0.11,0.04
31338,-1.16,-0.02,-0.05,0.03,-0.11,-0.07
31339,-1.26,-0.13,-0.05,0.03,-0.11,0.04
31340,-1.26,-0.02,0.05,0.03,-0.11,-0.07
31341,-1.26,-0.02,-0.05,0.03,-0.11,-0.17
31342,-1.26,-0.02,-0.05,-0.08,-0.00,0.04
31343,-1.36,-0.13,0.05,0.03,-0.00,0.04
31344,-1.26,-0.02,-0.05,0.03,-0.00,0.04
31345,-1.26,0.08,-0.05,0.03,-0.00,0.04
31346,-1.16,-0.02,-0.05,-0.08,-0.11,-0.17
31347,-1.16,-0.13,-0.05,-0.08,-0.21,-0.17
31348,-1.26,-0.13,-0.16,0.03,-0.00,-0.07
31349,-1.26,-0.02,-0.16,0.13,-0.11,0.04
31350,-1.26,-0.13,-0.05,0.13,-0.11,0.04
31351,-1.26,-0.02,-0.05,0.03,-0.11,0.04
31352,-1.36,-0.13,-0.05,-0.08,-0.11,0.04
31353,-1.26,-0.02,-0.05,0.03,-0.00,-0.07
31354,-1.26,-0.02,-0.05,-0.08,-0.11,0.04
31355,-1.26,-0.02,-0.05,-0.08,-0.00,0.04
31356,-1.26,-0.02,-0.05,0.13,-0.00,0.04
31357,-1.26,-0.02,-0.05,0.03,-0.11,-0.17
31358,-1.36,-0.13,-0.16,0.13,0.10,-0.07
31359,-1.26,-0.02,-0.05,0.03,-0.11,-0.07
31360,-1.26,-0.02,-0.05,-0.08,-0.00,0.04
31361,-1.16,0.08,-0.05,-0.08,-0.11,-0.07
31362,-1.16,0.08,-0.05,-0.18,-0.31,0.04
31363,-1.26,-0.02,-0.05,-0.08,-0.00,0.04
31364,-1.36,-0.13,-0.05,0.03,-0.11,0.04
31365,-1.26,0.08,-0.05,-0.08,-0.21,-0.28
31366,-1.36,-0.13,-0.16,0.13,0.10,0.14
31367,-1.36,-0.13,-0.05,0.03,0.10,0.14
31368,-1.26,-0.02,-0.05,0.03,-0.11,-0.07
31369,-1.26,-0.13,0.05,0.13,-0.11,-0.07
31370,-1.26,-0.02,-0.16,-0.08,-0.11,-0.07
31371,-1.36,-0.13,-0.05,0.03,-0.00,0.04
31372,-1.26,-0.13,-0.16,0.13,-0.00,0.04
31373,-1.16,-0.02,-0.05,0.03,-0.11,-0.07
31374,-1.36,-0.13,-0.05,0.13,-0.00,0.14
31375,-1.16,0.08,-0.05,-0.08,-0.00,-0.17
31376,-1.36,-0.23,-0.16,0.03,-0.11,0.04
31377,-1.05,-0.02,-0.05,-0.08,-0.11,-0.07
31378,-1.16,-0.02,-0.05,0.03,-0.00,0.04
31379,-1.16,-0.02,-0.05,0.03,0.10,0.04
31380,-1.16,-0.02,-0.05,0.03,-0.11,-0.07
31381,-1.16,-0.02,-0.05,0.03,-0.00,0.04
31382,-1.26,-0.13,-0.05,0.03,-0.11,-0.17
31383,-1.26,-0.23,-0.16,0.03,-0.00,-0.07
31384,-1.16,-0.02,0.05,0.03,-0.11,-0.07
31385,-1.16,-0.02,-0.05,0.13,-0.11,0.04
31386,-1.16,0.08,-0.05,0.13,-0.11,0.04
31387,-1.26,-0.02,0.05,0.03,-0.21,0.04
31388,-1.16,-0.02,-0.05,0.03,-0.00,0.04
31389,-1.36,-0.13,-0.05,0.13,-0.00,0.04
31390,-1.26,-0.13,-0.05,0.03,-0.00,0.04
31391,-1.26,-0.02,-0.05,0.03,-0.11,0.04
31392,-1.36,-0.02,-0.05,0.03,-0.00,-0.17
31393,-1.16,0.08,-0.05,-0.08,-0.00,-0.07
31394,-1.36,-0.13,-0.05,0.03,-0.21,-0.07
31395,-1.26,-0.13,-0.16,0.03,-0.11,0.04
31396,-1.26,-0.02,-0.16,0.03,-0.00,-0.07
31397,-1.26,-0.13,-0.05,-0.08,-0.11,0.04
31398,-1.26,-0.02,-0.16,0.03,-0.11,0.14
31399,-1.26,-0.13,0.05,0.03,-0.11,0.04
31400,-1.26,-0.13,-0.05,-0.08,-0.00,-0.07
31401,-1.05,-0.02,0.05,-0.18,-0.21,0.04
31402,-1.26,-0.02,-0.05,-0.08,-0.00,0.04
31403,-1.05,-0.02,0.05,-0.18,-0.31,-0.17
31404,-1.26,-0.13,-0.05,0.03,-0.11,-0.07
31405,-1.36,-0.13,-0.05,0.03,-0.00,0.04
31406,-1.26,-0.02,-0.05,0.03,-0.00,-0.07
31407,-1.36,-0.02,-0.05,0.03,-0.11,-0.07
31408,-1.26,-0.02,-0.05,0.03,-0.00,0.04
31409,-1.26,-0.13,-0.05,0.03,-0.00,-0.07
31410,-1.26,-0.13,-0.05,0.03,-0.00,-0.07
31411,-1.16,0.19,-0.05,0.13,-0.11,-0.07
31412,-1.16,0.08,-0.05,-0.08,-0.00,-0.17
31413,-1.26,0.08,-0.05,0.13,-0.11,0.04
31414,-1.26,-0.02,-0.05,-0.08,-0.11,-0.07
31415,-1.26,-0.02,-0.05,0.03,-0.11,0.04
31416,-1.16,-0.02,-0.05,-0.08,-0.11,-0.07
31417,-1.26,-0.13,-0.05,0.13,-0.00,0.04
31418,-1.26,-0.02,-0.05,-0.08,-0.11,-0.07
31419,-1.16,-0.02,-0.05,0.03,-0.00,-0.07
31420,-1.16,0.08,-0.05,0.03,-0.00,0.04
31421,-1.16,-0.13,-0.05,-0.08,-0.21,-0.07
31422,-1.26,-0.02,0.05,0.03,-0.11,0.04
31423,-1.26,-0.02,0.05,0.03,-0.11,0.04
31424,-1.26,-0.13,0.05,0.03,-0.11,0.04
31425,-1.16,0.08,-0.16,-0.08,-0.11,-0.17
31426,-1.26,-0.13,-0.05,0.13,-0.11,0.04
31427,-1.26,-0.02,-0.16,0.03,-0.11,0.04
31428,-1.16,-0.02,-0.05,-0.08,-0.21,0.04
31429,-1.26,-0.13,-0.05,0.03,-0.11,-0.07
31430,-1.26,-0.13,-0.05,0.03,-0.21,-0.07
31431,-1.36,-0.02,-0.05,-0.08,-0.00,-0.07
31432,-1.26,-0.02,-0.05,0.03,-0.11,-0.17
31433,-1.16,0.08,-0.05,0.03,-0.11,-0.17
31434,-1.26,-0.02,-0.05,-0.08,-0.11,-0.07
31435,-1.26,-0.02,-0.05,0.03,-0.11,-0.07
31436,-1.36,-0.13,-0.05,0.13,-0.00,-0.07
31437,-1.26,-0.02,-0.05,0.03,-0.11,0.04
31438,-1.26,-0.02,-0.16,0.03,-0.00,0.04
31439,-1.36,-0.13,-0.05,0.13,-0.11,0.04
31440,-1.26,-0.13,-0.05,0.03,-0.11,-0.07
31441,-1.26,-0.02,-0.05,0.03,-0.00,0.04
31442,-1.26,-0.02,-0.05,0.03,-0.21,-0.07
31443,-1.16,-0.02,-0.05,0.13,-0.00,-0.07
31444,-1.26,-0.02,-0.16,-0.08,-0.11,-0.07
31445,-1.26,-0.02,-0.05,0.13,-0.00,0.04
31446,-1.26,-0.02,-0.05,0.13,0.10,-0.07
31447,-1.26,-0.13,-0.05,-0.08,-0.11,-0.07
31448,-1.26,-0.13,-0.05,0.03,-0.11,-0.07
31449,-1.26,-0.02,0.05,0.03,-0.11,-0.07
31450,-1.36,-0.13,-0.16,-0.08,-0.11,0.04
31451,-1.26,-0.02,-0.05,0.03,-0.00,-0.07
31452,-1.26,-0.02,-0.05,0.03,0.10,0.14
31453,-1.26,-0.02,-0.05,0.03,-0.11,-0.07
31454,-1.16,0.08,-0.05,0.03,-0.11,0.04
31455,-1.16,-0.02,-0.05,-0.08,-0.11,-0.07
31456,-1.26,-0.13,-0.05,-0.08,-0.00,0.04
31457,-1.16,0.08,-0.05,0.03,-0.00,-0.07
31458,-1.26,-0.02,-0.16,0.03,-0.11,-0.07
31459,-1.16,-0.02,-0.05,0.03,-0.00,0.04
31460,-1.26,-0.02,-0.05,0.13,-0.11,-0.07
31461,-1.26,-0.02,-0.05,0.03,-0.11,-0.07
31462,-1.26,-0.02,-0.05,0.03,-0.00,-0.07
31463,-1.26,-0.02,-0.05,0.03,-0.00,0.04
31464,-1.36,-0.13,-0.16,0.13,0.10,0.04
31465,-1.26,-0.02,-0.05,0.03,-0.00,0.04
31466,-1.36,-0.02,-0.16,0.13,-0.00,0.04
31467,-1.26,-0.02,-0.05,-0.08,-0.21,-0.07
31468,-1.16,-0.02,0.05,0.03,-0.21,-0.07
31469,-1.26,-0.02,-0.05,0.13,-0.00,0.04
31470,-1.26,-0.02,0.05,-0.08,-0.11,-0.07
31865,-1.26,-0.02,0.05,0.03,-0.11,0.04
31866,-1.26,-0.02,-0.05,0.03,-0.11,0.04
31867,-1.36,-0.13,-0.05,0.13,0.10,0.14
31868,-1.36,-0.13,-0.05,-0.08,-0.11,-0.07
31869,-1.36,-0.13,-0.16,0.03,0.10,-0.07
31870,-1.26,-0.13,-0.05,0.03,-0.11,-0.07
31871,-1.16,-0.02,-0.05,0.13,-0.00,0.04
31872,-1.16,-0.02,-0.05,0.03,-0.11,0.04
31873,-1.26,-0.13,-0.05,0.13,-0.11,-0.07
31874,-1.26,-0.13,-0.05,0.03,-0.00,0.04
31875,-1.26,-0.02,-0.05,0.03,-0.11,0.04
31876,-1.16,-0.02,-0.05,0.03,-0.21,-0.07
31877,-1.36,-0.13,-0.05,0.13,-0.00,0.14
31878,-1.26,-0.02,0.05,0.03,-0.21,-0.07
31879,-1.26,-0.02,-0.05,0.03,-0.11,-0.07
31880,-1.16,-0.02,-0.05,0.03,-0.21,-0.07
31881,-1.26,-0.13,-0.16,0.03,-0.00,0.04
31882,-1.26,-0.23,-0.05,0.03,-0.00,0.04
31883,-1.16,-0.02,-0.05,0.03,-0.00,0.04
31884,-1.26,-0.13,-0.05,0.03,-0.00,-0.07
31885,-1.16,0.08,-0.05,0.03,-0.11,-0.17
31886,-1.26,-0.02,-0.16,-0.08,-0.11,0.04
31887,-1.26,-0.02,-0.05,-0.08,-0.11,-0.07
31888,-1.26,-0.13,0.05,0.03,-0.11,-0.07
31889,-1.26,-0.13,0.05,-0.08,-0.00,-0.07
31890,-1.26,-0.02,-0.05,0.03,-0.11,0.04
31891,-1.26,-0.02,-0.05,-0.08,-0.11,-0.17
31892,-1.36,-0.13,-0.05,0.03,-0.00,-0.07
31893,-1.26,-0.02,-0.16,-0.08,-0.00,0.04
31894,-1.16,-0.13,0.05,0.03,-0.00,0.04
31895,-1.36,-0.13,-0.05,0.03,-0.00,0.04
31896,-1.16,-0.02,0.05,0.03,-0.11,-0.07
31897,-1.16,-0.02,-0.16,0.03,-0.00,0.04
31898,-1.16,-0.02,0.16,-0.08,-0.21,-0.07
31899,-1.26,-0.02,-0.05,-0.18,-0.21,-0.07
31900,-1.16,-0.02,-0.05,0.13,-0.11,0.04
31901,-1.36,-0.13,-0.16,0.13,-0.00,-0.07
31902,-1.36,-0.23,-0.16,0.23,0.10,0.04
31903,-1.36,-0.13,-0.05,0.03,-0.00,-0.07
31904,-1.36,-0.23,-0.05,0.03,0.10,0.04
31905,-1.16,0.08,-0.05,-0.08,-0.11,0.04
31906,-1.36,-0.13,-0.05,0.13,0.10,0.14
31907,-1.36,-0.23,-0.05,0.13,0.10,0.04
31908,-1.26,-0.02,-0.05,0.13,-0.00,0.04
31909,-1.05,0.08,0.05,-0.08,-0.31,-0.07
31910,-1.16,0.08,-0.05,-0.08,-0.21,-0.28
31911,-1.26,-0.02,0.05,-0.08,-0.21,-0.17
31912,-1.16,-0.02,0.05,-0.08,-0.21,-0.07
31913,-1.26,-0.02,-0.05,0.23,-0.11,0.04
31914,-1.26,-0.13,0.05,0.03,-0.11,0.04
31915,-1.16,-0.02,0.05,-0.08,-0.21,0.04
31916,-1.26,-0.02,-0.05,0.03,-0.11,0.04
31917,-1.16,0.08,-0.05,-0.08,-0.11,-0.07
31918,-1.26,-0.02,-0.05,0.03,-0.11,0.04
31919,-1.47,-0.23,-0.16,0.23,-0.00,0.14
31920,-1.47,-0.23,-0.05,0.03,0.21,0.04
31921,-1.26,-0.02,-0.05,0.03,0.10,0.04
31922,-1.16,0.08,0.05,-0.08,-0.21,-0.07
31923,-1.36,-0.13,-0.05,0.03,-0.11,-0.07
31924,-1.16,0.08,-0.05,-0.08,-0.21,-0.07
31925,-1.16,0.08,-0.05,-0.08,-0.21,-0.17
31926,-1.36,-0.13,-0.05,0.13,-0.00,0.04
31927,-1.16,-0.02,-0.05,0.03,-0.00,-0.07
31928,-1.36,-0.02,-0.05,0.03,0.10,0.04
31929,-1.16,-0.02,-0.05,0.03,-0.00,-0.17
31930,-1.26,-0.02,-0.05,0.13,-0.11,0.04
31931,-1.26,0.08,-0.05,-0.08,-0.21,-0.17
31932,-1.26,-0.13,-0.05,0.03,-0.11,0.04
31933,-1.26,-0.02,-0.05,0.03,-0.00,0.04
31934,-1.26,-0.02,-0.05,0.03,-0.00,-0.07
31935,-1.16,0.08,-0.05,0.03,-0.21,0.04
31936,-1.26,-0.02,-0.05,0.03,-0.11,-0.07
31937,-1.36,-0.13,-0.05,0.13,-0.00,-0.07
31938,-1.16,0.08,-0.05,0.03,-0.00,-0.07
31939,-1.36,-0.02,-0.05,-0.08,-0.00,0.04
31940,-1.16,-0.02,-0.05,0.03,-0.11,-0.07
31941,-1.26,-0.02,-0.05,0.03,-0.11,-0.07
31942,-1.36,-0.23,-0.05,0.13,-0.00,0.04
31943,-1.36,-0.23,-0.16,0.13,-0.11,0.04
31944,-1.36,-0.13,-0.16,0.13,-0.00,0.04
31945,-1.36,-0.13,-0.05,0.03,-0.00,-0.07
31946,-1.36,-0.13,-0.05,0.13,-0.00,0.04
31947,-1.26,-0.02,0.05,-0.08,-0.21,-0.07
31948,-1.26,-0.02,-0.05,0.03,-0.11,-0.17
31949,-1.26,-0.13,-0.05,0.03,-0.00,0.04
31950,-1.26,-0.13,-0.05,0.03,-0.11,-0.07
31951,-1.26,-0.02,-0.05,-0.08,-0.21,0.04
31952,-1.26,-0.02,-0.05,-0.08,-0.11,-0.07
31953,-1.26,-0.13,0.05,-0.08,-0.11,-0.07
31954,-1.26,-0.13,-0.05,0.13,0.10,0.14
31955,-1.36,-0.23,-0.05,0.13,0.10,0.04
31956,-1.26,0.08,0.05,0.03,-0.11,-0.07
31957,-1.26,-0.02,-0.05,0.03,-0.11,0.04
31958,-1.16,0.08,-0.16,-0.08,-0.21,-0.17
31959,-1.26,-0.02,-0.05,0.13,0.10,0.04
31960,-1.26,-0.13,-0.05,0.03,-0.00,-0.07
31961,-1.05,-0.13,0.05,0.03,-0.11,0.04
31962,-1.16,-0.02,-0.05,0.03,-0.00,-0.07
31963,-1.26,-0.02,-0.05,0.03,-0.11,-0.07
31964,-1.36,-0.02,-0.05,0.13,0.10,0.04
31965,-1.36,-0.23,-0.05,0.13,-0.00,0.04
31966,-1.16,0.08,-0.16,-0.08,-0.11,-0.17
31967,-1.26,-0.02,-0.05,0.03,-0.00,-0.07
31968,-1.16,-0.02,-0.05,0.03,0.10,0.04
31969,-1.26,-0.02,-0.05,-0.18,-0.11,-0.07
31970,-1.36,-0.13,-0.16,0.13,-0.00,0.04
31971,-1.26,-0.02,-0.05,-0.08,-0.21,-0.07
31972,-1.26,0.08,0.05,0.03,-0.11,-0.07
31973,-1.16,-0.13,-0.05,0.03,-0.11,0.04
31974,-1.26,-0.02,-0.16,0.03,-0.00,-0.07
31975,-1.26,-0.13,-0.05,0.03,-0.00,0.04
31976,-1.16,0.08,-0.05,-0.08,-0.21,-0.17
31977,-1.26,-0.13,-0.05,0.03,-0.11,-0.07
31978,-1.16,0.08,-0.05,-0.08,-0.21,-0.07
31979,-1.16,0.08,0.05,-0.08,-0.11,-0.28
31980,-1.16,-0.13,0.05,0.03,-0.00,-0.07
31981,-1.16,-0.02,-0.05,-0.08,-0.11,-0.17
31982,-1.36,-0.13,-0.05,0.03,0.10,0.04
31983,-1.36,-0.23,-0.16,0.13,0.10,0.14
31984,-1.16,-0.02,0.05,-0.08,-0.21,0.04
31985,-1.16,0.08,-0.05,0.03,-0.11,-0.07
31986,-1.26,-0.02,-0.05,0.03,-0.00,0.04
31987,-1.36,-0.13,-0.16,-0.08,0.21,0.04
31988,-1.26,0.08,-0.05,0.03,-0.00,-0.07
31989,-1.05,0.19,-0.05,-0.18,-0.11,-0.07
31990,-1.36,-0.13,-0.16,0.03,0.10,0.14
31991,-1.36,-0.13,-0.16,0.03,0.10,0.04
31992,-1.36,-0.13,-0.05,0.13,-0.00,0.14
31993,-1.16,-0.02,-0.16,-0.08,-0.00,-0.07
31994,-1.26,-0.02,-0.05,0.03,-0.11,-0.07
31995,-1.36,-0.13,-0.05,0.13,0.10,0.04
31996,-1.26,-0.02,-0.05,0.03,-0.11,0.04
31997,-1.16,0.08,0.05,-0.08,-0.11,-0.17
32134,-1.26,-0.02,-0.05,0.03,-0.00,0.04
32135,-1.26,-0.13,-0.05,0.03,-0.00,0.04
32136,-1.36,-0.02,0.05,0.03,-0.11,-0.07
32137,-1.16,-0.02,-0.05,0.03,-0.11,-0.07
32138,-1.26,-0.02,-0.05,0.03,-0.21,-0.07
32139,-1.26,-0.02,-0.16,0.03,-0.00,0.04
32140,-1.26,-0.02,-0.05,-0.08,-0.00,0.04
32141,-1.26,-0.02,-0.05,0.03,-0.11,-0.07
32142,-1.26,0.08,-0.05,-0.08,-0.11,-0.17
32143,-1.16,0.08,0.05,-0.08,-0.31,-0.17
32144,-1.26,-0.13,-0.05,-0.08,-0.00,-0.07
32145,-1.36,-0.13,-0.16,0.23,-0.00,0.04
32146,-1.36,-0.13,-0.16,0.13,-0.00,0.04
32147,-1.26,-0.02,-0.05,0.03,-0.11,-0.07
32148,-1.36,-0.13,-0.16,0.03,-0.00,0.14
32149,-1.26,-0.13,0.05,0.03,-0.11,-0.17
32150,-1.16,-0.02,0.05,0.03,-0.31,-0.28
32151,-1.26,-0.02,-0.05,0.03,-0.11,-0.07
32152,-1.36,-0.13,-0.16,0.13,0.10,0.14
32153,-1.36,-0.33,0.05,0.03,-0.00,0.04
32154,-1.26,-0.13,-0.05,0.13,-0.00,-0.07
32155,-1.36,-0.13,-0.16,0.13,0.10,-0.07
32156,-1.36,-0.23,-0.05,0.03,-0.00,0.04
32157,-1.36,-0.13,-0.05,0.03,-0.11,0.04
32158,-1.26,0.08,0.05,0.03,-0.21,-0.17
32159,-1.16,0.08,0.05,-0.08,-0.21,-0.17
32160,-1.36,-0.02,-0.05,0.03,-0.11,0.04
32161,-1.36,-0.13,-0.05,0.03,-0.00,0.04
32162,-1.26,0.08,0.05,-0.08,-0.21,-0.07
32163,-1.26,0.08,-0.05,-0.08,-0.21,-0.07
32164,-1.16,-0.02,-0.05,0.13,-0.11,0.14
32165,-1.36,-0.13,-0.05,0.03,-0.00,0.04
32166,-1.16,-0.02,-0.05,-0.08,-0.11,-0.07
32167,-1.26,-0.02,0.05,-0.08,-0.00,-0.07
32168,-1.26,-0.02,-0.05,-0.08,-0.11,0.14
32169,-1.16,0.08,-0.05,-0.08,-0.11,-0.07
32170,-1.26,0.08,-0.05,0.03,-0.11,-0.07
32171,-1.36,-0.02,-0.05,0.13,-0.11,0.04
32172,-1.26,-0.13,-0.05,0.03,-0.11,0.04
32173,-1.26,-0.13,-0.05,-0.08,-0.11,-0.07
32174,-1.36,-0.13,-0.05,0.03,-0.11,0.04
32175,-1.16,-0.13,-0.16,0.03,-0.00,-0.07
32176,-1.26,-0.13,-0.05,0.13,-0.00,0.14
32177,-1.26,-0.02,-0.05,-0.08,-0.21,-0.07
32178,-1.16,-0.02,-0.05,0.03,-0.00,0.04
32179,-1.26,-0.02,-0.05,0.03,-0.00,0.14
32180,-1.26,-0.13,0.05,0.03,-0.11,-0.07
32181,-1.16,-0.02,-0.05,0.13,-0.11,-0.07
32182,-1.36,-0.13,-0.05,0.03,-0.00,0.04
32183,-1.26,-0.13,0.05,0.03,-0.11,-0.17
32184,-1.26,-0.13,-0.05,0.03,-0.00,-0.07
32185,-1.36,-0.13,0.05,-0.08,-0.11,0.04
32186,-1.16,0.08,-0.05,0.13,0.10,0.04
32187,-1.26,-0.13,-0.05,0.03,-0.00,0.04
32188,-1.26,-0.02,-0.05,0.03,-0.00,0.04
32189,-1.26,-0.23,-0.05,0.13,-0.00,0.04
32190,-1.26,-0.13,-0.05,0.03,-0.11,-0.07
32191,-1.16,-0.02,-0.05,-0.08,-0.11,-0.07
32192,-1.26,-0.13,-0.05,0.13,-0.00,0.04
32193,-1.26,-0.02,0.05,0.03,-0.00,-0.17
32194,-1.26,-0.02,-0.16,0.03,-0.00,-0.17
32195,-1.26,-0.02,-0.05,0.03,-0.00,-0.07
32196,-1.26,-0.13,-0.05,0.13,0.10,0.04
32197,-1.05,-0.02,-0.05,-0.08,-0.11,-0.17
32198,-1.16,-0.02,-0.05,0.03,-0.00,0.04
32199,-1.26,-0.02,-0.05,0.03,-0.11,0.04
32200,-1.26,-0.02,-0.05,0.03,-0.11,0.04
32201,-1.26,-0.13,-0.05,0.03,-0.00,0.04
32202,-1.16,-0.02,-0.05,0.03,-0.11,-0.07
32203,-1.26,-0.02,-0.16,0.03,-0.00,-0.07
32204,-1.26,-0.13,-0.05,0.03,-0.11,0.14
32205,-1.05,0.08,0.05,-0.08,-0.21,-0.17
32206,-1.36,-0.13,0.05,0.13,-0.00,0.04
32207,-1.16,0.08,-0.05,0.03,-0.21,-0.07
32208,-1.26,-0.13,-0.05,0.13,-0.11,-0.07
32209,-1.26,-0.02,-0.05,0.03,-0.21,-0.07
32210,-1.36,-0.13,-0.16,0.03,-0.00,-0.07
32211,-1.26,-0.13,0.05,0.03,-0.11,-0.07
32212,-1.26,-0.13,-0.05,-0.08,-0.00,-0.07
32213,-1.26,-0.02,-0.05,0.13,-0.11,-0.07
32214,-1.26,0.08,-0.05,-0.18,-0.21,-0.17
32215,-1.26,-0.13,-0.05,0.13,0.10,0.14
32216,-1.16,-0.02,-0.05,-0.08,-0.11,-0.07
32217,-1.26,-0.13,-0.16,0.03,-0.00,0.24
32218,-1.26,-0.02,0.05,0.13,-0.11,0.04
32219,-1.26,0.08,-0.05,0.03,-0.11,-0.07
32220,-1.26,-0.02,-0.16,0.03,-0.21,-0.07
32221,-1.16,-0.02,0.05,0.03,-0.00,-0.07
32222,-1.26,-0.13,-0.16,0.13,-0.00,-0.07
32223,-1.26,-0.13,-0.05,0.13,-0.11,-0.17
32224,-1.26,-0.02,-0.05,0.03,0.10,0.04
32225,-1.26,-0.13,-0.05,0.13,-0.00,-0.07
32226,-1.26,-0.02,-0.05,0.03,-0.00,0.04
32227,-1.16,-0.02,-0.05,0.03,-0.11,-0.07
32228,-1.36,-0.13,-0.05,0.13,-0.11,0.04
32229,-1.26,-0.13,0.05,0.13,-0.21,-0.07
32230,-1.36,-0.02,-0.05,0.03,-0.11,-0.07
32231,-1.26,-0.02,-0.05,0.03,-0.11,0.04
32232,-1.26,-0.02,0.05,0.03,-0.11,-0.07
32233,-1.16,0.08,-0.16,0.03,-0.11,0.04
32234,-1.26,-0.02,0.05,0.03,-0.00,0.04
32235,-1.36,-0.13,-0.05,-0.08,-0.00,-0.07
32236,-1.26,-0.13,-0.05,-0.08,-0.00,0.04
32237,-1.16,0.08,0.05,-0.08,-0.11,-0.17
32238,-1.26,-0.02,-0.05,0.03,-0.11,-0.07
32239,-1.26,-0.13,-0.16,0.03,-0.00,0.04
32240,-1.36,-0.13,-0.05,0.03,-0.11,-0.07
32241,-1.36,-0.02,0.05,0.03,-0.11,-0.07
32242,-1.26,-0.02,-0.05,-0.08,-0.11,-0.07
32243,-1.36,-0.02,-0.05,0.03,-0.11,-0.07
32244,-1.16,-0.13,-0.05,0.03,-0.00,-0.07
32245,-1.26,-0.13,-0.05,-0.18,-0.11,0.04
32246,-1.16,-0.02,-0.05,0.03,-0.11,-0.07
32247,-1.36,-0.02,-0.05,0.13,-0.00,0.04
32248,-1.26,-0.02,-0.16,-0.08,-0.11,-0.07
32249,-1.26,-0.23,-0.05,0.03,-0.11,0.04
32250,-1.26,0.08,-0.05,-0.08,-0.00,-0.07
32251,-1.26,-0.13,-0.05,0.03,-0.00,-0.07
32252,-1.26,-0.02,0.05,0.03,-0.11,-0.07
32253,-1.16,-0.02,-0.05,0.03,-0.11,0.04
32254,-1.26,-0.02,-0.05,0.03,-0.00,-0.07
32255,-1.26,-0.02,-0.05,-0.08,-0.11,0.04
32256,-1.16,0.08,-0.05,0.03,-0.11,0.04
32257,-1.26,-0.02,-0.05,0.13,-0.11,0.04
32258,-1.26,-0.13,-0.05,0.13,0.10,0.04
32259,-1.26,-0.02,-0.05,0.03,-0.00,0.14
32260,-1.26,0.08,0.05,0.03,-0.00,-0.17
32261,-1.16,-0.02,-0.05,0.03,-0.00,0.04
32262,-1.36,-0.13,-0.05,0.03,-0.11,0.04
32263,-1.26,0.08,-0.05,-0.08,-0.11,0.04
32264,-1.26,-0.23,-0.05,0.13,-0.11,-0.07
32265,-1.26,-0.13,-0.05,0.03,-0.00,0.04
32266,-1.26,-0.13,-0.05,-0.08,-0.11,-0.07
32267,-1.16,-0.02,-0.05,0.03,-0.00,0.04
32268,-1.26,-0.02,-0.05,0.03,-0.11,-0.07
32269,-1.26,-0.02,-0.05,-0.08,-0.11,0.04
32270,-1.16,-0.02,-0.05,0.03,-0.21,-0.07
32271,-1.26,0.08,0.05,0.03,-0.00,-0.07
32272,-1.26,-0.13,-0.05,-0.08,-0.11,-0.17
32273,-1.26,-0.13,-0.05,0.03,-0.00,0.04
32274,-1.26,-0.13,-0.05,0.03,-0.21,0.04
32275,-1.26,-0.02,-0.05,-0.08,-0.00,0.04
32276,-1.26,-0.13,-0.05,0.13,-0.11,0.04
32277,-1.26,-0.02,-0.05,-0.08,-0.11,-0.07
32278,-1.26,-0.13,-0.05,-0.08,-0.00,0.04
32279,-1.16,-0.13,-0.05,-0.08,-0.00,-0.07
32280,-1.36,-0.13,-0.05,0.13,-0.00,-0.07
32281,-1.26,0.08,-0.05,0.03,-0.11,-0.17
32282,-1.26,-0.13,-0.05,0.03,-0.00,0.04
32283,-1.36,-0.13,-0.05,0.03,-0.00,0.04
32284,-1.26,-0.02,0.05,0.03,-0.11,-0.07
32285,-1.26,-0.02,-0.16,0.03,-0.11,0.04
32286,-1.36,-0.13,-0.05,0.13,-0.11,0.04
32287,-1.36,-0.13,-0.05,0.03,-0.11,0.04
32288,-1.26,0.08,-0.05,-0.08,-0.11,0.04
32289,-1.36,-0.13,-0.05,0.13,-0.11,-0.07
32290,-1.26,-0.13,-0.05,0.13,-0.00,-0.07
32291,-1.26,-0.02,0.05,-0.08,-0.11,-0.07
32292,-1.16,0.08,-0.05,-0.08,-0.21,-0.07
32293,-1.05,0.08,0.05,-0.08,-0.21,-0.17
32294,-1.36,-0.23,-0.05,0.13,-0.00,0.04
32295,-1.26,-0.02,-0.05,0.03,-0.21,0.04
32296,-1.36,-0.02,-0.05,-0.08,-0.11,-0.07
32297,-1.26,-0.13,-0.05,0.03,-0.11,0.04
32298,-1.26,-0.02,-0.05,0.03,-0.11,-0.07
32299,-1.26,-0.02,-0.05,-0.08,-0.11,-0.07
32300,-1.26,-0.02,-0.16,0.13,-0.00,0.04
32301,-1.26,-0.02,-0.05,-0.08,-0.31,-0.17
32302,-1.16,-0.02,-0.05,-0.18,-0.11,-0.07
32303,-1.36,-0.13,-0.16,0.03,-0.11,0.04
32304,-1.26,-0.02,0.05,0.03,-0.00,-0.07
32305,-1.26,-0.02,-0.05,0.03,0.10,0.14
32306,-1.26,-0.02,-0.16,0.03,-0.11,-0.17
32307,-1.26,-0.13,-0.05,0.03,-0.00,0.04
32308,-1.36,-0.13,-0.05,0.13,-0.00,0.04
32309,-1.26,-0.13,-0.05,0.03,-0.21,-0.07
32310,-1.26,-0.13,-0.05,0.03,0.10,-0.07
32311,-1.16,-0.02,-0.05,0.13,-0.11,0.04
32312,-1.26,-0.02,-0.05,-0.08,-0.21,-0.17
32313,-1.26,-0.13,-0.05,-0.08,-0.00,-0.07
32314,-1.26,-0.02,-0.05,0.03,-0.00,-0.07
32315,-1.26,-0.02,-0.05,-0.08,-0.21,-0.17
32316,-1.26,-0.02,-0.05,0.03,-0.11,-0.07
32317,-1.26,-0.02,-0.05,0.03,-0.21,-0.07
32318,-1.26,-0.02,0.05,-0.08,-0.11,-0.17
32319,-1.26,-0.02,-0.05,-0.08,-0.00,0.04
32320,-1.26,-0.13,-0.05,0.03,-0.00,-0.07
32321,-1.26,-0.02,-0.05,-0.08,-0.11,0.04
32322,-1.26,0.08,-0.05,0.03,-0.00,0.04
32323,-1.26,0.08,-0.05,0.13,0.10,0.04
32324,-1.47,-0.23,-0.05,-0.08,-0.00,-0.07
32325,-1.36,-0.13,-0.05,0.03,-0.11,-0.07
32326,-1.26,-0.13,-0.16,0.03,-0.11,0.14
32327,-1.26,-0.02,-0.05,-0.08,-0.21,-0.17
32328,-1.16,0.08,-0.05,-0.08,-0.00,0.04
32329,-1.26,-0.13,-0.16,0.03,-0.00,0.04
32330,-1.16,-0.02,-0.05,0.03,-0.00,0.04
32331,-1.26,-0.02,-0.05,0.03,-0.11,0.04
32332,-1.26,-0.23,-0.05,0.03,-0.00,0.04
32333,-1.26,-0.02,-0.05,0.03,-0.00,-0.07
32334,-1.26,-0.02,-0.05,-0.08,-0.11,0.04
32335,-1.26,-0.13,-0.05,0.03,-0.11,-0.07
32336,-1.36,-0.02,-0.05,0.03,-0.00,-0.07
32337,-1.26,-0.02,-0.05,-0.08,-0.11,-0.17
32338,-1.26,-0.02,-0.05,0.13,-0.11,0.04
32339,-1.16,0.08,-0.05,-0.08,-0.21,-0.07
32340,-1.36,-0.02,-0.05,0.13,-0.00,0.04
32341,-1.36,-0.13,-0.05,0.03,-0.11,0.04
32342,-1.26,-0.02,-0.05,0.03,-0.11,-0.07
32343,-1.26,-0.02,-0.05,0.13,-0.00,0.04
32344,-1.36,-0.13,-0.05,-0.08,-0.00,-0.07
32345,-1.26,-0.02,-0.05,0.03,-0.11,-0.07
32346,-1.26,0.08,-0.05,0.13,-0.11,0.04
32347,-1.26,-0.13,-0.05,0.03,-0.11,-0.07
32348,-1.26,-0.13,0.05,-0.08,-0.11,-0.07
32349,-1.26,-0.02,-0.05,0.03,-0.11,-0.07
32350,-1.26,-0.02,-0.05,0.03,-0.00,0.04
32351,-1.26,-0.02,-0.16,0.03,-0.11,-0.07
32352,-1.26,-0.02,-0.05,0.13,-0.00,0.04
32353,-1.16,-0.02,-0.05,0.03,-0.11,0.14
32354,-1.26,-0.02,-0.05,-0.08,-0.00,-0.07
32355,-1.36,0.08,-0.05,-0.08,-0.21,-0.07
32356,-1.36,-0.13,-0.16,0.13,-0.00,0.04
32357,-1.26,-0.02,-0.05,-0.08,-0.00,0.04
32358,-1.26,-0.02,-0.16,0.03,-0.00,-0.07
32359,-1.16,0.08,-0.05,0.03,-0.11,-0.07
32360,-1.36,-0.13,-0.05,0.03,-0.11,0.14
32361,-1.26,-0.13,-0.05,-0.08,-0.11,-0.07
32362,-1.36,-0.13,-0.16,0.23,0.10,0.04
32363,-1.16,-0.02,-0.05,0.03,-0.11,-0.07
32364,-1.26,-0.02,-0.05,0.03,-0.00,0.04
32365,-1.26,-0.02,-0.05,-0.08,-0.00,-0.07
32366,-1.26,-0.02,-0.05,0.13,-0.00,0.04
32367,-1.16,-0.02,-0.05,0.03,-0.00,-0.07
32368,-1.16,-0.02,-0.16,0.13,-0.00,0.04
32369,-1.26,0.08,0.05,-0.08,-0.21,0.04
32370,-1.16,-0.02,-0.05,0.03,-0.11,0.04
32371,-1.36,-0.13,-0.16,-0.08,-0.11,-0.07
32372,-1.36,-0.02,-0.05,0.03,-0.11,-0.17
32373,-1.36,-0.13,-0.05,-0.08,-0.00,-0.07
32374,-1.26,-0.13,-0.05,0.03,-0.11,-0.07
32375,-1.26,-0.02,-0.05,-0.08,-0.21,-0.07
32376,-1.26,-0.02,-0.05,-0.08,-0.00,-0.07
32377,-1.16,0.08,-0.05,0.13,-0.00,0.04
32378,-1.26,-0.13,-0.05,0.03,0.10,0.04
32379,-1.26,-0.02,-0.05,0.13,-0.00,0.04
32380,-1.16,-0.02,-0.05,-0.08,-0.11,-0.28
32381,-1.36,-0.02,-0.05,0.03,-0.11,0.04
32382,-1.36,-0.02,-0.16,-0.08,-0.00,-0.07
32521,-1.26,-0.02,-0.05,0.03,-0.00,-0.07
32522,-1.26,0.08,0.05,-0.08,-0.21,-0.07
32523,-1.26,-0.13,-0.16,-0.08,-0.00,0.04
32524,-1.26,-0.02,-0.05,-0.08,-0.11,-0.07
32525,-1.26,-0.02,-0.05,0.03,-0.11,-0.07
32526,-1.26,0.08,-0.05,-0.08,-0.11,-0.07
32527,-1.36,-0.13,-0.05,0.13,0.10,0.04
32528,-1.26,-0.13,-0.05,-0.08,-0.11,-0.07
32529,-1.26,-0.13,-0.05,0.13,-0.11,0.04
32530,-1.16,-0.02,-0.05,0.03,-0.11,-0.07
32531,-1.26,-0.02,-0.05,0.03,-0.00,-0.07
32532,-1.26,-0.13,-0.16,0.03,-0.00,0.04
32533,-1.16,0.08,-0.05,0.03,-0.11,0.14
32534,-1.26,-0.02,-0.05,-0.08,0.10,0.04
32535,-1.16,-0.02,-0.05,0.03,0.10,-0.07
32536,-1.36,-0.02,-0.05,0.03,-0.00,-0.07
32537,-1.16,0.08,-0.05,0.03,-0.11,-0.07
32538,-1.26,-0.13,-0.05,0.03,-0.21,-0.07
32539,-1.26,-0.02,-0.05,0.03,-0.11,-0.07
32540,-1.16,-0.13,0.05,-0.08,-0.21,-0.07
32541,-1.26,-0.02,-0.05,-0.08,-0.11,0.04
32542,-1.26,-0.13,-0.05,0.03,-0.11,0.04
32543,-1.26,-0.02,0.05,0.13,-0.11,-0.07
32544,-1.26,-0.02,-0.05,0.03,-0.00,0.04
32545,-1.26,-0.02,-0.05,0.03,-0.00,0.04
32546,-1.26,-0.13,-0.05,0.03,-0.00,-0.07
32547,-1.26,-0.02,-0.05,-0.08,-0.11,-0.17
32548,-1.36,-0.02,-0.16,-0.08,-0.11,-0.07
32549,-1.16,-0.02,0.05,-0.08,-0.11,-0.07
32550,-1.26,-0.13,0.05,0.03,-0.21,-0.07
32551,-1.26,-0.02,-0.05,0.03,-0.00,0.04
32552,-1.26,-0.02,-0.05,0.13,-0.11,-0.07
32553,-1.36,-0.13,-0.05,0.13,-0.00,0.14
32554,-1.36,-0.13,-0.16,0.13,-0.00,-0.07
32555,-1.26,-0.02,-0.05,0.13,-0.11,-0.07
32556,-1.26,0.08,-0.05,-0.08,-0.11,-0.17
32557,-1.26,-0.13,-0.05,0.03,-0.11,-0.07
32558,-1.26,-0.02,-0.16,0.03,-0.00,-0.17
32559,-1.26,-0.02,-0.16,-0.08,-0.00,0.04
32560,-1.16,-0.02,-0.16,-0.08,-0.11,-0.07
32561,-1.26,0.08,-0.05,0.03,-0.21,0.04
32562,-1.36,-0.13,-0.05,-0.08,-0.11,0.04
32563,-1.26,-0.02,-0.05,-0.08,-0.11,-0.07
32564,-1.26,-0.13,-0.05,0.13,-0.11,0.04
32565,-1.36,-0.13,-0.05,0.03,-0.11,0.04
32566,-1.26,-0.13,-0.05,0.03,-0.11,0.04
32567,-1.26,-0.02,-0.05,0.03,-0.11,-0.07
32568,-1.26,-0.02,-0.05,0.03,-0.11,-0.07
32569,-1.26,-0.02,-0.05,0.03,-0.11,-0.07
32570,-1.26,0.08,-0.16,-0.08,-0.11,0.04
32571,-1.36,0.08,-0.05,0.13,-0.00,-0.17
32572,-1.26,-0.02,-0.05,0.03,-0.11,-0.07
32573,-1.26,-0.02,-0.05,0.03,-0.00,0.04
32574,-1.26,-0.13,-0.05,0.13,-0.00,0.04
32575,-1.26,-0.02,-0.05,-0.08,-0.11,-0.07
32576,-1.36,-0.02,-0.16,0.03,-0.00,0.04
32577,-1.26,-0.02,-0.05,0.03,-0.11,-0.07
32578,-1.16,-0.02,-0.05,0.03,-0.11,-0.07
32579,-1.26,-0.02,-0.16,0.03,-0.11,-0.07
32580,-1.26,-0.02,-0.05,0.13,-0.00,-0.07
32581,-1.26,-0.02,-0.16,-0.08,-0.00,0.04
32582,-1.16,-0.13,0.05,0.03,-0.21,0.04
32583,-1.26,-0.13,-0.05,0.03,-0.11,0.04
32584,-1.26,-0.02,-0.05,0.03,-0.11,-0.07
32585,-1.36,-0.13,-0.16,0.13,-0.00,0.04
32586,-1.16,-0.02,-0.05,0.03,-0.00,0.04
32587,-1.26,-0.02,-0.05,-0.18,-0.11,-0.07
32588,-1.26,-0.13,-0.05,-0.08,-0.00,0.04
32589,-1.26,0.08,-0.05,0.03,-0.00,0.04
32590,-1.26,-0.02,-0.05,0.03,-0.00,0.04
32591,-1.26,-0.02,-0.05,0.03,-0.11,-0.07
32592,-1.16,0.08,-0.05,0.13,-0.11,-0.07
32593,-1.26,-0.13,-0.05,0.03,0.10,0.04
32594,-1.26,0.08,0.05,0.03,-0.11,0.04
32595,-1.16,0.08,-0.05,-0.08,-0.11,0.04
32596,-1.26,-0.13,-0.16,0.13,-0.11,-0.07
32597,-1.26,-0.02,-0.16,-0.08,-0.00,0.04
32598,-1.26,-0.02,-0.05,0.13,-0.21,0.04
32599,-1.26,-0.13,-0.05,0.03,-0.00,-0.07
32600,-1.26,-0.02,-0.05,0.03,-0.00,-0.17
32601,-1.26,-0.13,-0.05,0.03,-0.00,-0.07
32602,-1.26,-0.02,-0.05,0.03,-0.21,-0.07
32603,-1.26,-0.02,-0.05,-0.08,-0.21,-0.07
32604,-1.36,-0.02,-0.05,0.03,-0.11,-0.07
32605,-1.26,-0.02,-0.05,-0.08,-0.11,-0.07
32606,-1.16,-0.02,-0.05,-0.08,-0.11,-0.07
32607,-1.26,-0.13,-0.05,0.03,-0.11,0.04
32608,-1.26,-0.02,-0.05,0.03,-0.00,-0.07
32609,-1.26,-0.13,-0.05,0.03,0.10,0.04
32610,-1.16,-0.02,-0.05,0.03,-0.00,-0.07
32611,-1.16,-0.02,-0.05,-0.08,-0.11,-0.07
32612,-1.36,-0.13,-0.16,-0.08,-0.00,0.04
32613,-1.26,-0.02,-0.05,0.03,-0.11,-0.07
32614,-1.26,-0.13,-0.05,-0.08,-0.00,-0.17
32615,-1.26,-0.02,-0.05,0.03,-0.11,-0.07
32616,-1.26,-0.02,-0.05,-0.08,-0.21,0.04
32617,-1.26,-0.02,-0.05,0.03,-0.11,-0.17
32618,-1.16,-0.02,-0.05,-0.08,-0.11,0.04
32619,-1.26,-0.13,-0.05,0.03,-0.00,0.04
32620,-1.26,-0.02,0.05,0.03,-0.00,-0.07
32621,-1.26,-0.02,-0.05,0.03,-0.00,0.04
32622,-1.16,-0.02,0.05,0.03,-0.21,0.14
32623,-1.26,-0.13,-0.05,-0.08,-0.11,-0.07
32624,-1.26,-0.02,-0.05,0.03,-0.21,0.04
32625,-1.26,-0.02,-0.05,0.03,-0.11,0.04
32626,-1.26,-0.02,-0.05,0.03,-0.00,0.04
32627,-1.26,-0.02,-0.16,0.13,-0.00,-0.07
32628,-1.26,-0.02,-0.05,0.03,-0.11,-0.07
32629,-1.26,-0.13,-0.05,0.03,-0.00,0.04
32630,-1.26,-0.02,-0.05,0.03,-0.11,0.04
32631,-1.16,0.08,-0.05,0.03,-0.11,-0.07
32632,-1.26,-0.02,0.05,0.03,-0.11,-0.17
32633,-1.26,-0.02,-0.05,0.13,-0.11,-0.07
32634,-1.26,-0.02,0.05,-0.08,-0.00,0.04
32635,-1.26,-0.02,-0.05,0.03,-0.11,-0.07
32636,-1.26,-0.02,-0.05,0.03,-0.00,0.04
32637,-1.16,-0.02,0.05,-0.08,-0.11,-0.07
32638,-1.16,-0.13,-0.05,0.03,-0.00,0.04
32639,-1.26,-0.02,-0.05,-0.08,-0.00,-0.07
32640,-1.16,-0.02,-0.05,0.13,-0.11,0.04
32641,-1.26,-0.13,-0.05,0.03,-0.11,-0.07
32642,-1.26,-0.02,-0.05,0.13,-0.11,-0.07
32643,-1.47,-0.13,-0.05,0.03,-0.11,-0.07
32644,-1.26,0.08,-0.05,0.03,-0.00,-0.07
32645,-1.36,-0.13,-0.05,0.03,-0.11,0.04
32646,-1.16,-0.02,-0.05,0.03,-0.00,-0.07
32647,-1.26,-0.02,-0.05,-0.08,-0.00,-0.17
32648,-1.26,-0.13,-0.05,0.13,-0.11,-0.07
32649,-1.26,-0.13,-0.05,0.03,-0.21,0.04
32650,-1.26,-0.02,-0.05,0.03,-0.21,-0.17
32651,-1.26,-0.13,-0.05,0.03,0.10,-0.07
32652,-1.26,-0.02,-0.16,-0.08,-0.11,-0.17
32653,-1.36,-0.13,-0.05,0.13,0.10,0.04
32654,-1.26,-0.02,0.05,0.03,0.10,-0.07
32655,-1.26,-0.02,-0.05,0.03,-0.00,0.04
32656,-1.26,-0.02,-0.05,-0.08,-0.00,-0.17
32657,-1.26,-0.02,-0.05,0.03,-0.00,-0.07
32658,-1.36,-0.13,-0.05,-0.08,-0.21,0.04
32659,-1.16,0.08,0.05,0.03,-0.00,-0.07
32660,-1.26,-0.13,-0.16,0.13,-0.00,-0.07
32661,-1.26,-0.13,-0.05,0.13,-0.00,0.04
32662,-1.26,-0.02,-0.05,-0.08,-0.11,-0.07
32663,-1.26,-0.02,-0.05,0.03,-0.11,-0.07
32664,-1.26,-0.13,-0.05,0.03,-0.00,-0.07
32665,-1.26,-0.02,-0.05,0.03,-0.00,-0.07
32666,-1.36,-0.02,-0.05,0.03,-0.00,0.04
32667,-1.16,-0.02,-0.05,0.03,-0.11,-0.07
32668,-1.26,-0.13,-0.05,-0.08,-0.11,0.14
32669,-1.36,-0.13,-0.05,-0.08,-0.00,0.04
32670,-1.26,-0.13,0.05,0.03,-0.11,-0.07
32671,-1.26,-0.13,-0.05,0.03,-0.00,0.04
32672,-1.36,-0.13,-0.05,0.03,-0.11,0.04
32673,-1.16,-0.02,-0.05,0.13,-0.11,0.04
32674,-1.36,-0.13,-0.16,0.03,-0.21,0.04
32675,-1.16,-0.02,-0.05,-0.08,-0.21,-0.07
32676,-1.26,-0.02,-0.05,0.13,-0.11,-0.07
32677,-1.26,-0.02,-0.16,0.03,-0.11,0.04
32678,-1.26,-0.13,-0.05,0.13,-0.00,-0.07
32679,-1.16,-0.02,-0.05,0.03,-0.21,-0.17
32680,-1.26,0.08,-0.05,-0.08,-0.00,0.04
32681,-1.26,-0.13,-0.05,0.03,-0.00,0.04
32682,-1.26,-0.02,-0.05,0.03,-0.00,0.04
32683,-1.26,-0.13,-0.05,0.03,-0.21,-0.07
32684,-1.16,-0.02,-0.05,0.13,-0.11,-0.07
32685,-1.26,-0.02,-0.05,0.03,-0.00,-0.07
32686,-1.16,-0.13,-0.05,0.03,-0.11,-0.07
32687,-1.26,-0.02,0.05,-0.18,-0.21,-0.07
32688,-1.36,-0.13,-0.05,0.03,-0.11,0.04
32689,-1.26,-0.02,-0.05,0.03,-0.11,-0.07
32690,-1.26,-0.02,-0.05,0.03,0.10,0.04
32691,-1.16,-0.02,-0.05,0.13,-0.00,0.04
32692,-1.36,-0.13,-0.16,0.03,-0.11,0.14
32693,-1.16,-0.02,-0.05,-0.08,-0.00,-0.07
32694,-1.26,-0.02,-0.05,0.03,-0.11,-0.17
32695,-1.26,-0.02,-0.05,0.03,-0.11,0.04
32696,-1.26,-0.02,-0.05,0.03,-0.00,0.04
32697,-1.26,-0.13,-0.05,0.03,-0.00,-0.07
32698,-1.26,-0.02,-0.05,0.03,-0.11,-0.07
32699,-1.26,-0.23,-0.05,0.03,-0.00,-0.07
32700,-1.26,-0.02,-0.05,0.03,-0.11,-0.07
32701,-1.26,-0.02,-0.05,-0.08,-0.00,-0.07
32702,-1.26,0.08,-0.05,0.13,-0.21,-0.07
32703,-1.26,-0.02,-0.05,0.13,-0.00,-0.07
32704,-1.16,-0.02,-0.05,-0.18,-0.11,0.04
32705,-1.26,-0.13,-0.16,0.03,-0.00,0.04
32706,-1.16,-0.02,-0.05,0.03,-0.11,-0.07
32707,-1.26,-0.13,-0.05,0.03,-0.11,0.04
32708,-1.26,-0.02,-0.05,0.03,-0.00,0.04
32709,-1.16,-0.02,-0.05,-0.08,-0.00,0.04
32710,-1.16,-0.02,-0.05,-0.08,-0.21,0.04
32711,-1.26,-0.02,-0.05,0.03,-0.11,-0.07
32712,-1.26,-0.13,-0.16,-0.08,-0.00,-0.07
32713,-1.26,-0.02,-0.05,0.03,-0.11,0.04
32714,-1.16,0.08,-0.05,-0.08,-0.11,-0.07
32715,-1.16,-0.13,-0.05,0.03,-0.11,-0.07
32716,-1.26,-0.02,-0.05,0.03,-0.11,-0.07
32717,-1.26,-0.02,-0.05,0.03,-0.00,-0.07
32718,-1.26,-0.02,-0.05,0.03,-0.00,0.04
32719,-1.36,-0.13,-0.05,0.03,-0.11,0.04
32720,-1.26,-0.13,-0.16,0.13,-0.00,0.04
32721,-1.16,0.08,-0.05,-0.08,-0.11,0.04
32722,-1.36,-0.13,-0.05,0.13,-0.00,0.04
32723,-1.16,-0.02,-0.05,0.03,-0.11,0.04
32724,-1.36,-0.13,-0.05,0.03,-0.00,-0.07
32725,-1.26,0.08,-0.05,0.13,-0.11,0.04
32726,-1.26,-0.13,-0.05,-0.08,-0.11,-0.07
32727,-1.26,-0.02,-0.16,0.03,-0.11,-0.07
32728,-1.16,-0.13,-0.05,0.03,-0.00,-0.07
32729,-1.26,-0.13,-0.05,0.03,-0.00,-0.07
32730,-1.26,-0.02,-0.05,0.03,-0.00,-0.07
32731,-1.26,-0.02,-0.05,0.03,-0.11,0.04
32732,-1.26,-0.02,-0.05,-0.08,-0.11,-0.17
32733,-1.26,-0.13,-0.05,0.13,-0.00,0.04
32734,-1.26,0.08,-0.05,-0.08,-0.11,-0.07
32735,-1.26,-0.02,-0.05,0.03,-0.11,0.04
32736,-1.26,-0.02,-0.05,0.03,-0.21,-0.07
32737,-1.36,-0.02,-0.05,0.13,-0.00,0.04
32738,-1.16,-0.02,0.05,-0.08,-0.21,-0.07
32739,-1.26,-0.13,-0.05,0.03,-0.11,-0.07
32740,-1.26,-0.02,-0.05,-0.08,-0.11,-0.07
32741,-1.26,-0.02,-0.05,0.13,-0.11,-0.07
32742,-1.26,-0.02,-0.05,0.13,-0.00,-0.07
32743,-1.26,-0.02,-0.05,0.03,0.10,0.14
32744,-1.26,-0.13,-0.05,0.03,-0.11,-0.07
32745,-1.16,-0.02,0.05,0.03,-0.11,-0.17
32746,-1.26,-0.02,-0.05,0.13,-0.00,0.04
32747,-1.26,-0.02,-0.16,0.03,-0.11,-0.07
32748,-1.26,-0.02,-0.05,0.03,-0.00,-0.07
32749,-1.26,-0.02,-0.05,0.03,-0.00,-0.17
32750,-1.26,-0.02,-0.05,-0.18,-0.00,-0.07
32751,-1.16,-0.13,-0.05,0.03,-0.11,0.04
32752,-1.26,-0.02,-0.05,0.13,-0.00,-0.07
32753,-1.16,0.08,-0.05,0.03,-0.11,-0.07
32754,-1.16,-0.02,-0.05,0.03,-0.11,-0.07
32755,-1.36,-0.02,-0.05,0.03,-0.11,0.04
32756,-1.16,-0.02,-0.05,0.03,0.10,-0.07
32757,-1.26,-0.23,-0.05,0.03,-0.11,-0.07
32758,-1.26,-0.02,-0.05,0.13,-0.11,0.04
32759,-1.26,-0.13,-0.05,0.13,-0.11,0.04
32760,-1.26,-0.02,-0.16,0.03,-0.11,-0.07
32761,-1.26,-0.13,-0.05,0.03,-0.00,-0.07
32762,-1.26,-0.02,-0.05,0.13,-0.00,0.04
32763,-1.26,-0.13,-0.05,0.13,-0.00,0.04
32764,-1.16,-0.02,-0.05,0.03,-0.11,-0.17
32765,-1.26,-0.13,-0.05,0.13,-0.11,0.04
32766,-1.16,-0.02,-0.05,0.03,0.10,0.04
32767,-1.26,-0.02,-0.16,-0.08,-0.11,-0.07
32768,-1.26,-0.02,-0.05,-0.08,-0.21,-0.07
32769,-1.16,-0.02,-0.05,0.03,-0.11,-0.17
32770,-1.26,-0.02,-0.05,0.03,-0.11,-0.07
32771,-1.16,-0.02,-0.05,0.03,-0.00,0.04
32772,-1.26,-0.02,-0.05,0.03,-0.11,0.14
32773,-1.26,-0.02,0.05,0.13,-0.11,0.04
32774,-1.26,-0.13,-0.05,0.03,-0.00,0.14
32775,-1.36,-0.02,-0.05,0.03,-0.11,0.04
32776,-1.16,-0.02,-0.05,0.13,-0.11,0.04
32777,-1.36,-0.13,-0.05,0.03,-0.00,-0.07
32778,-1.26,-0.02,-0.05,-0.08,-0.11,-0.07
32779,-1.16,-0.02,-0.05,-0.08,-0.00,-0.07
32780,-1.36,-0.13,-0.05,0.13,-0.00,0.04
32781,-1.26,-0.13,-0.05,-0.08,-0.11,0.04
32782,-1.26,-0.02,-0.05,-0.08,-0.11,-0.17
32783,-1.26,-0.02,-0.05,0.03,-0.11,0.04
32784,-1.16,-0.02,-0.05,0.03,-0.11,-0.07
32785,-1.36,-0.13,-0.05,0.03,0.10,0.04
32786,-1.26,-0.02,-0.05,0.03,-0.11,0.04
32787,-1.16,-0.02,0.05,0.03,-0.11,-0.07
32788,-1.26,-0.13,-0.05,0.03,-0.11,0.04
32789,-1.26,-0.02,-0.05,0.03,-0.00,0.04
32790,-1.36,-0.13,-0.05,-0.08,-0.11,-0.07
32791,-1.36,-0.13,-0.05,0.03,0.10,0.04
32792,-1.26,0.08,-0.05,0.03,-0.11,-0.07
32793,-1.26,-0.13,-0.05,0.03,-0.11,0.04
32794,-1.26,-0.02,-0.05,0.03,-0.11,0.04
32795,-1.26,-0.02,-0.16,0.03,-0.00,-0.07
32796,-1.16,0.08,-0.05,0.03,-0.11,-0.07
32797,-1.26,-0.13,-0.05,-0.08,-0.11,-0.17
32799,-1.26,-0.13,-0.05,0.03,-0.11,-0.07
32799,-1.26,-0.02,-0.05,0.13,-0.11,0.04
32800,-1.26,-0.02,-0.05,-0.08,-0.11,0.04
32801,-1.26,0.08,-0.05,-0.08,-0.00,-0.07
32802,-1.26,-0.02,-0.05,0.13,0.21,0.04
32803,-1.26,-0.02,-0.05,0.03,-0.21,-0.07
32804,-1.26,-0.13,-0.05,0.13,-0.00,0.04
32805,-1.16,0.08,-0.05,0.03,-0.00,-0.07
32806,-1.36,-0.02,-0.05,0.03,-0.11,-0.07
32807,-1.16,-0.02,-0.05,-0.08,-0.00,0.04
32808,-1.26,-0.13,0.05,-0.08,-0.11,0.04
32809,-1.26,-0.02,-0.05,0.03,-0.11,-0.07
32810,-1.26,-0.13,-0.05,0.03,-0.00,-0.07
32811,-1.26,-0.02,-0.05,-0.08,-0.00,-0.07
32812,-1.26,-0.02,-0.05,0.03,-0.11,-0.07
32813,-1.16,-0.02,-0.05,0.13,-0.00,0.14
32814,-1.26,-0.02,-0.05,0.03,-0.00,0.04
32815,-1.26,-0.02,-0.05,0.13,-0.11,-0.17
32816,-1.36,-0.02,-0.05,-0.08,-0.21,-0.07
32817,-1.36,-0.13,-0.05,0.03,-0.00,-0.07
32818,-1.26,0.08,0.05,0.03,-0.11,0.04
32819,-1.16,-0.02,-0.05,-0.08,-0.11,-0.07
32820,-1.36,-0.13,-0.16,0.13,-0.00,0.04
32821,-1.26,-0.02,-0.05,-0.08,-0.11,-0.07
32822,-1.26,-0.02,-0.05,0.03,-0.00,0.04
32823,-1.26,-0.13,-0.05,0.13,-0.00,-0.07
32824,-1.26,-0.02,-0.05,0.03,-0.11,0.04
32825,-1.26,-0.02,-0.05,0.03,-0.11,-0.07
32826,-1.16,-0.13,-0.05,-0.08,-0.11,-0.07
32827,-1.26,-0.13,-0.16,0.03,-0.00,0.04
32828,-1.16,-0.02,-0.05,-0.18,-0.11,-0.07
32829,-1.26,-0.02,-0.16,0.03,-0.21,0.04
32830,-1.26,-0.13,-0.05,0.03,-0.00,0.04
32831,-1.16,-0.02,-0.05,0.03,-0.11,-0.07
32832,-1.36,-0.02,-0.16,0.03,-0.00,0.14
32833,-1.26,-0.02,-0.05,0.03,-0.11,-0.07
32834,-1.26,0.08,-0.05,-0.08,-0.11,-0.07
32835,-1.16,-0.02,-0.05,-0.08,-0.00,-0.07
32836,-1.26,-0.13,-0.05,-0.08,-0.00,-0.07
32837,-1.26,-0.13,-0.05,0.13,-0.00,0.14
32838,-1.26,-0.02,-0.05,-0.08,-0.11,-0.07
32839,-1.26,-0.02,-0.05,0.03,-0.11,-0.07
32840,-1.26,-0.02,-0.05,0.03,-0.00,-0.07
32841,-1.16,-0.02,-0.05,-0.08,-0.11,-0.07
32842,-1.26,-0.13,-0.16,-0.08,-0.00,0.04
32843,-1.16,-0.13,-0.05,0.03,-0.21,-0.07
32844,-1.16,-0.02,-0.05,0.03,-0.11,-0.07
32845,-1.26,-0.02,-0.05,0.03,-0.00,0.04
32846,-1.16,-0.02,-0.05,-0.08,-0.11,0.04
32847,-1.26,-0.02,-0.05,0.03,-0.00,0.04
32848,-1.16,-0.02,-0.05,0.13,-0.11,0.04
32849,-1.16,0.08,-0.05,0.03,-0.11,0.04
32850,-1.26,-0.02,-0.05,0.03,-0.11,-0.07
32851,-1.36,-0.02,-0.05,-0.08,-0.11,-0.07
32852,-1.26,-0.13,-0.05,-0.08,-0.21,-0.07
32853,-1.26,-0.02,-0.05,0.03,-0.11,0.14
32854,-1.26,-0.02,-0.05,0.13,-0.11,0.14
32855,-1.26,-0.02,-0.05,0.13,-0.11,-0.07
32856,-1.36,-0.13,-0.05,0.03,-0.00,0.14
32857,-1.36,-0.02,-0.16,-0.08,0.10,-0.07
32858,-1.26,-0.02,-0.16,0.03,-0.11,-0.07
32859,-1.26,-0.02,-0.05,0.03,-0.00,0.04
32860,-1.26,-0.13,-0.05,0.03,-0.11,0.14
32861,-1.16,-0.13,-0.05,-0.08,-0.11,-0.17
32862,-1.36,-0.13,-0.05,0.03,-0.11,-0.07
32863,-1.26,-0.02,-0.05,0.03,-0.00,-0.07
32864,-1.16,-0.02,-0.05,0.03,-0.11,-0.07
32865,-1.16,0.08,0.05,0.03,-0.11,-0.07
32866,-1.26,-0.23,-0.05,0.03,-0.00,0.14
32867,-1.26,-0.02,-0.05,0.03,-0.00,-0.07
32868,-1.26,-0.13,-0.05,0.13,-0.21,-0.07
32869,-1.26,-0.02,-0.05,0.13,-0.11,-0.07
32870,-1.16,-0.02,-0.05,-0.08,-0.21,-0.07
32871,-1.26,-0.13,-0.05,0.03,-0.11,0.04
32872,-1.26,0.08,-0.05,0.03,-0.21,0.04
32873,-1.16,-0.02,0.05,0.03,-0.11,0.04
32874,-1.26,-0.13,-0.05,0.13,-0.00,0.14
32875,-1.26,-0.13,-0.05,0.03,-0.11,-0.07
32876,-1.26,-0.13,-0.05,-0.08,-0.00,-0.07
32877,-1.26,-0.02,-0.05,0.03,-0.21,-0.07
32878,-1.26,-0.02,-0.05,0.13,-0.11,-0.07
32879,-1.36,-0.13,-0.05,-0.08,-0.11,-0.17
32880,-1.16,-0.02,0.05,0.03,-0.11,-0.07
32881,-1.26,-0.13,-0.05,-0.08,-0.11,0.04
32882,-1.26,-0.02,-0.05,0.03,-0.11,-0.07
32883,-1.36,-0.23,-0.05,0.03,0.10,0.14
32884,-1.26,-0.02,-0.16,0.03,-0.00,-0.07
32885,-1.26,-0.02,-0.05,0.03,-0.11,-0.07
32887,-1.16,0.08,-0.05,0.03,-0.11,0.04
32887,-1.26,-0.02,-0.05,-0.08,0.10,-0.07
32888,-1.36,-0.02,-0.05,0.03,0.10,-0.07
32889,-1.26,-0.02,-0.05,0.03,-0.00,-0.07
32890,-1.16,-0.02,-0.05,-0.08,-0.00,-0.07
32891,-1.16,-0.02,0.05,0.13,-0.00,-0.07
32892,-1.26,-0.02,-0.16,0.03,-0.11,0.04
32893,-1.26,-0.02,-0.05,0.13,0.10,0.04
32894,-1.26,-0.02,-0.05,0.03,-0.11,-0.07
32895,-1.26,-0.13,-0.16,0.03,-0.11,-0.07
32896,-1.26,-0.02,-0.05,0.03,-0.00,-0.07
32897,-1.26,-0.13,-0.05,0.13,-0.00,0.04
32898,-1.26,-0.13,-0.05,0.13,-0.11,-0.07
33085,-1.26,0.08,0.05,-0.08,-0.21,0.04
33086,-1.36,-0.13,-0.16,0.03,-0.00,0.04
33087,-1.26,-0.13,-0.05,0.03,-0.00,0.04
33088,-1.26,-0.02,-0.05,0.13,-0.11,0.04
33089,-1.26,-0.02,-0.05,0.03,-0.00,0.04
33090,-1.16,-0.02,0.05,-0.08,-0.11,-0.07
33091,-1.26,-0.02,-0.05,0.13,-0.21,-0.07
33092,-1.26,-0.13,-0.05,-0.08,-0.21,-0.07
33093,-1.36,-0.13,-0.05,0.13,-0.11,0.04
33094,-1.26,-0.13,-0.05,0.03,-0.11,0.04
33095,-1.36,-0.02,-0.05,0.03,-0.11,0.04
33096,-1.36,-0.13,-0.05,0.03,-0.11,0.04
33097,-1.26,0.08,-0.05,-0.18,-0.21,-0.28
33098,-1.26,-0.02,-0.05,0.03,-0.00,0.04
33099,-1.16,0.08,-0.05,0.03,-0.00,0.04
33100,-1.26,-0.13,-0.05,0.03,-0.11,0.04
33101,-1.26,-0.02,-0.16,0.03,-0.00,0.14
33102,-1.26,-0.02,-0.16,0.03,-0.11,-0.07
33103,-1.26,-0.02,-0.05,0.13,-0.11,-0.07
33104,-1.26,-0.23,-0.05,0.03,-0.11,-0.07
33105,-1.36,-0.13,-0.05,0.03,-0.00,0.04
33106,-1.26,-0.13,-0.05,0.03,0.10,0.04
33107,-1.16,-0.13,-0.05,0.03,-0.00,-0.07
33108,-1.26,-0.13,-0.05,0.03,-0.11,-0.07
33109,-1.26,-0.13,-0.05,-0.08,-0.00,0.04
33110,-1.26,-0.13,-0.05,-0.08,-0.11,-0.07
33111,-1.26,-0.02,-0.05,0.13,-0.00,0.04
33112,-1.26,-0.02,-0.05,-0.08,-0.21,-0.17
33113,-1.26,-0.13,-0.05,0.03,-0.00,-0.07
33114,-1.26,-0.02,-0.05,0.03,-0.11,-0.07
33115,-1.36,-0.13,-0.05,0.03,-0.00,0.04
33116,-1.26,-0.02,-0.05,-0.08,-0.21,0.04
33117,-1.26,-0.02,-0.05,0.03,-0.11,0.04
33118,-1.16,0.08,-0.05,0.03,-0.00,0.04
33119,-1.16,-0.13,-0.05,0.03,-0.00,0.04
33120,-1.26,-0.13,0.05,0.03,-0.11,-0.07
33121,-1.16,0.08,-0.05,0.03,0.10,0.04
33122,-1.26,0.08,-0.05,0.03,-0.00,0.04
33123,-1.16,-0.02,-0.05,-0.08,-0.11,0.04
33124,-1.26,0.08,-0.16,0.03,0.10,0.04
33125,-1.26,-0.13,-0.05,-0.08,-0.11,-0.07
33126,-1.16,-0.02,-0.05,0.03,-0.11,-0.17
33127,-1.16,-0.02,-0.05,0.03,-0.11,0.04
33128,-1.26,-0.13,-0.05,0.03,-0.00,-0.07
33129,-1.26,-0.02,-0.05,0.03,-0.11,-0.07
33130,-1.26,0.08,-0.05,0.03,-0.11,0.04
33131,-1.26,-0.02,-0.05,-0.08,-0.11,-0.07
33132,-1.26,-0.13,-0.05,0.03,-0.00,-0.07
33133,-1.16,-0.02,-0.05,0.03,-0.00,0.04
33134,-1.26,-0.02,-0.05,-0.08,-0.11,-0.07
33135,-1.26,-0.02,-0.05,0.13,-0.00,0.14
33136,-1.16,0.08,0.05,0.03,-0.11,0.04
33137,-1.26,-0.13,-0.05,0.03,-0.00,-0.07
33138,-1.16,-0.02,-0.05,0.03,-0.21,-0.07
33139,-1.16,-0.13,-0.05,-0.08,-0.11,-0.07
33140,-1.36,-0.13,-0.05,0.13,-0.00,0.04
33141,-1.26,-0.02,0.05,-0.08,-0.11,-0.07
33142,-1.36,-0.13,-0.16,0.13,-0.00,-0.07
33143,-1.16,-0.02,0.05,0.03,-0.00,-0.07
33144,-1.16,0.08,-0.05,0.03,-0.00,-0.07
33145,-1.16,-0.02,-0.16,-0.08,-0.00,-0.07
33146,-1.26,-0.13,-0.05,0.13,-0.00,0.04
33147,-1.26,-0.13,-0.05,0.03,-0.00,-0.07
33148,-1.16,0.08,-0.05,0.03,-0.21,-0.17
33149,-1.26,-0.13,-0.05,0.03,-0.00,0.04
33150,-1.16,-0.02,-0.05,0.03,-0.00,0.04
33151,-1.26,-0.02,-0.05,0.13,-0.00,0.04
33152,-1.26,-0.13,-0.05,0.03,-0.11,0.04
33153,-1.26,-0.13,-0.05,0.03,-0.00,-0.07
33154,-1.26,-0.02,-0.16,0.03,-0.21,0.04
33155,-1.26,-0.02,-0.05,0.03,-0.00,0.04
33156,-1.16,-0.02,-0.05,0.03,-0.21,-0.07
33157,-1.26,-0.13,-0.05,0.03,-0.00,0.04
33158,-1.26,-0.02,-0.05,-0.08,-0.11,-0.07
33159,-1.26,-0.13,-0.05,0.03,-0.00,0.04
33160,-1.16,-0.02,-0.05,0.13,-0.11,-0.07
33161,-1.26,-0.02,-0.16,0.03,-0.21,0.04
33162,-1.47,-0.13,-0.05,0.03,0.10,-0.07
33163,-1.26,-0.02,-0.05,0.03,-0.00,0.04
33164,-1.26,-0.02,-0.05,-0.08,-0.11,-0.07
33165,-1.26,-0.13,-0.05,0.13,-0.00,0.04
33166,-1.36,-0.13,-0.05,0.13,-0.11,0.04
33167,-1.16,-0.02,-0.05,0.03,-0.11,0.04
33168,-1.16,-0.13,-0.05,-0.08,-0.11,0.04
33169,-1.16,-0.02,-0.05,0.03,-0.11,0.14
33170,-1.26,-0.13,-0.05,0.03,-0.11,0.04
33171,-1.36,-0.13,-0.05,-0.08,-0.11,-0.07
33172,-1.36,-0.23,-0.05,0.03,-0.00,-0.07
33173,-1.26,-0.02,-0.05,0.03,-0.11,-0.07
33174,-1.26,-0.02,-0.05,-0.08,-0.11,-0.07
33175,-1.26,-0.13,-0.05,0.03,-0.00,0.04
33176,-1.16,-0.02,-0.05,0.03,-0.00,0.14
33177,-1.16,0.08,-0.05,0.03,-0.11,0.04
33178,-1.16,-0.13,-0.05,-0.08,-0.00,-0.17
33179,-1.26,-0.13,-0.05,-0.08,-0.11,-0.07
33180,-1.36,-0.02,-0.05,0.03,-0.11,0.04
33181,-1.26,-0.02,-0.05,0.13,-0.11,-0.17
33182,-1.26,-0.13,-0.05,0.03,-0.00,0.04
33183,-1.36,-0.13,-0.05,-0.18,-0.00,0.04
33184,-1.36,-0.02,-0.05,0.13,-0.00,-0.07
33185,-1.26,-0.02,-0.05,0.03,-0.11,0.04
33186,-1.26,-0.02,-0.05,-0.08,-0.11,0.04
33187,-1.26,-0.02,-0.05,0.03,-0.00,-0.07
33188,-1.26,0.08,-0.05,0.03,-0.00,0.04
33189,-1.26,-0.13,-0.05,0.03,-0.11,0.04
33190,-1.16,-0.13,-0.05,0.13,-0.00,0.04
33191,-1.26,-0.13,-0.05,0.03,-0.00,0.04
33192,-1.26,-0.02,-0.05,0.13,-0.21,0.04
33193,-1.36,-0.02,-0.05,0.13,-0.00,0.14
33194,-1.26,-0.02,-0.05,0.03,-0.00,0.04
33195,-1.26,-0.02,-0.05,0.03,-0.11,-0.17
33196,-1.26,-0.13,-0.05,0.03,-0.00,-0.07
33197,-1.16,-0.02,-0.05,0.03,-0.11,-0.07
33198,-1.26,-0.02,-0.05,0.13,-0.11,-0.07
33199,-1.26,-0.13,-0.05,0.03,-0.11,0.04
33200,-1.26,-0.02,-0.05,0.13,-0.00,-0.07
33201,-1.26,-0.13,-0.05,0.13,0.10,-0.07
33202,-1.16,0.08,-0.05,-0.08,-0.21,-0.07
33203,-1.26,-0.13,-0.05,0.13,-0.11,0.04
33204,-1.36,-0.02,-0.16,0.03,-0.11,-0.17
33205,-1.26,-0.02,0.05,-0.08,-0.11,-0.17
33206,-1.16,-0.13,-0.05,0.03,-0.11,0.04
33207,-1.26,-0.13,-0.05,0.13,-0.11,0.04
33208,-1.16,-0.02,-0.05,0.13,-0.11,-0.07
33209,-1.26,-0.02,-0.05,0.03,-0.00,-0.07
33210,-1.16,-0.02,-0.05,0.03,-0.00,-0.07
33211,-1.26,-0.02,-0.05,0.03,-0.00,0.04
33212,-1.16,-0.02,-0.05,0.03,-0.00,-0.07
33213,-1.26,-0.02,-0.05,0.03,-0.21,-0.07
33214,-1.26,-0.02,-0.05,0.03,-0.11,-0.07
33215,-1.36,-0.13,-0.05,0.13,-0.00,0.04
33216,-1.16,-0.02,-0.05,0.13,-0.11,0.14
33217,-1.26,-0.02,-0.05,0.03,-0.00,-0.07
33218,-1.26,-0.13,0.05,0.03,-0.11,-0.17
33219,-1.16,-0.02,-0.05,0.03,-0.11,-0.17
33220,-1.16,-0.02,-0.05,-0.08,-0.11,-0.07
