time_ms,ax_raw,ay_raw,az_raw,gx_raw,gy_raw,gz_raw
11536,-1.26,0.08,-0.05,0.03,-0.21,-0.17
11537,-1.26,-0.02,-0.05,-0.08,-0.00,-0.07
11538,-1.16,-0.13,-0.05,-0.08,-0.00,0.04
11539,-1.26,-0.02,-0.05,0.03,-0.11,-0.07
11540,-1.16,-0.02,-0.05,-0.08,-0.21,-0.07
11541,-1.26,-0.02,-0.05,-0.08,-0.00,-0.17
11542,-1.16,-0.23,-0.16,-0.08,-0.11,0.04
11543,-1.16,-0.13,-0.05,0.03,-0.21,-0.17
11544,-1.36,-0.13,-0.16,0.13,-0.11,-0.07
11545,-1.26,-0.13,-0.16,-0.08,-0.21,-0.28
11546,-1.26,-0.13,-0.05,-0.08,-0.11,-0.17
11547,-1.16,-0.13,-0.05,0.03,-0.21,-0.17
11548,-1.26,-0.02,-0.05,0.03,-0.11,-0.17
11549,-1.26,-0.02,-0.05,-0.08,-0.21,-0.17
11550,-1.26,-0.13,-0.05,0.03,-0.11,-0.07
11551,-1.36,-0.13,-0.05,-0.08,-0.21,-0.17
11552,-1.36,-0.13,-0.05,-0.08,-0.21,-0.07
11553,-1.26,-0.13,-0.05,-0.08,-0.11,-0.07
11554,-1.16,-0.13,-0.05,-0.08,-0.11,-0.07
11555,-1.26,-0.13,-0.05,-0.08,-0.11,-0.17
11556,-1.26,-0.13,-0.16,0.03,-0.11,-0.17
11557,-1.36,-0.13,-0.05,0.03,-0.11,-0.07
11558,-1.16,-0.13,-0.16,-0.08,-0.11,-0.17
11559,-1.26,-0.02,-0.05,-0.08,-0.11,-0.07
11560,-1.26,-0.13,-0.05,-0.08,-0.11,-0.28
11561,-1.36,-0.02,-0.16,-0.18,-0.21,-0.07
11562,-1.26,-0.13,-0.05,-0.08,-0.11,-0.17
11563,-1.26,-0.02,-0.05,-0.08,-0.21,-0.07
11564,-1.26,-0.13,-0.05,0.03,-0.00,-0.07
11565,-1.26,-0.13,-0.05,0.03,-0.11,-0.17
11566,-1.36,-0.13,-0.16,-0.08,-0.00,-0.17
11567,-1.26,-0.13,-0.05,-0.08,-0.11,-0.17
11568,-1.26,-0.02,-0.05,0.03,-0.11,-0.07
11569,-1.26,-0.02,-0.05,0.03,-0.11,-0.07
11570,-1.36,-0.02,-0.05,0.13,-0.21,-0.17
11571,-1.36,-0.02,-0.05,-0.08,-0.11,-0.17
11572,-1.26,-0.13,-0.05,0.03,-0.21,-0.07
11573,-1.16,-0.13,-0.05,-0.08,-0.11,-0.07
11574,-1.36,-0.13,-0.16,-0.08,-0.11,-0.17
11575,-1.26,-0.13,-0.05,-0.08,-0.11,-0.17
11576,-1.16,-0.02,-0.05,-0.08,-0.21,-0.17
11577,-1.36,-0.13,-0.05,-0.08,-0.11,-0.17
11578,-1.26,-0.02,-0.05,0.03,-0.31,-0.17
11579,-1.16,-0.13,-0.05,-0.08,-0.11,-0.07
11580,-1.26,-0.02,-0.05,-0.08,-0.11,-0.07
11581,-1.26,-0.13,-0.16,0.03,-0.11,-0.17
11582,-1.26,-0.02,-0.05,-0.08,-0.21,0.04
11583,-1.26,-0.02,-0.05,-0.08,-0.21,-0.17
11584,-1.36,-0.13,-0.05,-0.18,-0.11,-0.07
11585,-1.26,-0.13,-0.16,0.03,-0.11,-0.07
11586,-1.26,-0.02,-0.05,0.03,-0.11,-0.17
11587,-1.26,-0.02,-0.16,-0.18,-0.11,-0.17
11588,-1.36,-0.13,-0.16,-0.08,-0.21,-0.07
11589,-1.36,-0.13,-0.05,-0.08,-0.00,-0.17
11590,-1.36,-0.13,-0.05,-0.08,-0.11,-0.07
11591,-1.36,-0.02,-0.05,-0.08,-0.11,-0.07
11592,-1.26,-0.02,-0.05,-0.08,-0.00,-0.28
11593,-1.36,-0.13,-0.16,-0.08,-0.00,-0.17
11594,-1.26,-0.02,-0.16,-0.08,-0.21,-0.17
11595,-1.36,-0.13,-0.16,0.03,-0.11,-0.17
11596,-1.26,-0.13,-0.05,0.03,-0.00,-0.17
11597,-1.26,-0.13,-0.05,-0.08,-0.11,-0.07
11598,-1.26,-0.02,-0.05,0.03,-0.21,-0.17
11599,-1.26,-0.02,-0.05,0.03,-0.11,-0.07
11600,-1.36,-0.02,-0.05,-0.08,-0.00,-0.17
11601,-1.26,-0.02,-0.05,0.03,-0.11,-0.17
11602,-1.26,-0.13,-0.05,0.03,-0.00,-0.17
11603,-1.26,-0.13,-0.05,-0.08,-0.11,-0.07
11604,-1.26,-0.13,-0.05,-0.08,-0.21,-0.17
11605,-1.26,-0.02,-0.05,-0.08,-0.11,-0.07
11606,-1.26,-0.13,-0.16,-0.08,-0.00,-0.07
11607,-1.26,-0.13,-0.05,-0.08,-0.00,-0.28
11608,-1.26,-0.02,-0.05,0.03,-0.21,-0.17
11609,-1.26,-0.13,-0.05,0.03,-0.11,-0.17
11610,-1.16,-0.13,-0.16,0.03,-0.00,-0.17
11611,-1.26,-0.13,-0.05,0.03,-0.21,-0.07
11612,-1.36,-0.13,-0.05,-0.08,-0.11,-0.17
11613,-1.36,-0.02,-0.16,0.03,-0.00,-0.17
11614,-1.26,-0.02,-0.05,0.03,-0.21,-0.17
11615,-1.26,-0.13,-0.16,-0.08,-0.21,-0.17
11616,-1.36,-0.13,-0.16,0.03,-0.11,-0.07
11617,-1.26,-0.02,-0.05,-0.08,-0.21,-0.28
11618,-1.26,-0.02,-0.05,-0.08,-0.11,-0.07
11619,-1.26,-0.13,-0.05,0.03,-0.11,-0.07
11620,-1.36,-0.13,-0.05,0.03,-0.11,-0.07
11621,-1.36,-0.13,-0.05,0.03,-0.21,-0.17
11622,-1.26,-0.02,-0.05,0.03,-0.11,-0.17
11623,-1.36,-0.13,-0.05,0.03,-0.11,-0.17
11624,-1.26,-0.02,-0.16,0.03,-0.21,-0.17
11625,-1.36,-0.13,-0.16,-0.08,-0.11,-0.17
11626,-1.16,-0.13,-0.05,-0.08,-0.21,-0.07
11627,-1.36,-0.13,-0.05,-0.08,-0.11,-0.17
11628,-1.26,-0.02,-0.05,-0.08,-0.21,-0.07
11629,-1.26,-0.13,0.05,-0.08,-0.11,-0.17
11630,-1.26,-0.13,-0.05,-0.08,-0.11,-0.17
11631,-1.26,-0.02,-0.16,0.03,-0.11,0.04
11632,-1.26,-0.02,-0.05,-0.08,-0.11,-0.07
11633,-1.26,-0.02,-0.05,-0.08,-0.11,-0.17
11634,-1.36,-0.02,-0.05,0.03,-0.21,-0.17
11635,-1.26,-0.02,-0.05,0.03,-0.11,-0.07
11636,-1.26,-0.02,-0.16,0.03,-0.21,-0.17
11637,-1.36,-0.02,-0.16,0.03,-0.11,-0.07
11638,-1.36,-0.02,-0.16,-0.08,-0.21,-0.28
11639,-1.36,-0.13,-0.05,-0.08,-0.11,-0.17
11640,-1.26,-0.02,-0.05,-0.08,-0.21,-0.17
11641,-1.26,-0.02,-0.05,-0.08,-0.11,-0.17
11642,-1.26,-0.13,-0.05,0.03,-0.21,-0.17
11643,-1.26,-0.02,-0.05,-0.08,-0.21,-0.07
11644,-1.26,-0.02,-0.05,-0.08,-0.21,-0.07
11645,-1.36,-0.02,-0.05,-0.08,-0.11,-0.17
11646,-1.36,0.08,-0.05,-0.08,-0.11,-0.17
11647,-1.36,-0.02,-0.05,0.03,-0.00,-0.17
11648,-1.26,-0.02,-0.05,0.03,-0.21,-0.17
11649,-1.36,-0.02,-0.05,0.03,-0.11,-0.07
11650,-1.26,-0.13,-0.05,-0.08,-0.21,-0.07
11651,-1.36,-0.13,-0.16,-0.08,-0.21,0.04
11652,-1.26,-0.02,-0.16,0.03,-0.11,-0.07
11653,-1.36,-0.02,-0.05,0.03,-0.11,-0.07
11654,-1.26,-0.02,-0.05,-0.08,-0.11,-0.17
11655,-1.26,-0.02,-0.05,-0.08,-0.11,-0.07
11656,-1.26,-0.13,-0.05,-0.08,-0.11,-0.28
11657,-1.26,-0.13,-0.05,-0.18,-0.11,-0.17
11658,-1.26,-0.02,-0.05,-0.08,-0.11,-0.17
11659,-1.26,-0.02,-0.05,-0.18,-0.21,-0.28
11660,-1.26,-0.13,-0.05,-0.08,-0.11,-0.17
11661,-1.36,-0.02,-0.05,-0.08,-0.00,-0.07
11662,-1.26,-0.02,-0.05,-0.08,-0.11,-0.17
11663,-1.36,-0.13,-0.05,-0.08,-0.11,-0.07
11664,-1.26,-0.13,-0.05,-0.08,-0.11,-0.28
11665,-1.36,-0.13,-0.05,0.03,-0.00,-0.07
11666,-1.26,-0.23,-0.05,-0.18,-0.11,-0.17
11667,-1.36,-0.13,-0.16,-0.08,-0.11,-0.07
11668,-1.36,-0.13,-0.05,0.03,-0.11,-0.17
11669,-1.26,-0.02,-0.05,0.03,-0.11,-0.17
11670,-1.36,-0.13,-0.05,0.03,-0.00,-0.07
11671,-1.16,-0.13,-0.05,0.03,-0.00,-0.17
11672,-1.36,-0.02,-0.05,0.03,-0.21,-0.07
11673,-1.26,-0.13,-0.16,-0.08,-0.21,-0.07
11674,-1.16,-0.02,-0.05,-0.08,-0.21,-0.28
11675,-1.36,-0.02,-0.05,-0.08,-0.21,-0.17
11676,-1.36,-0.02,-0.05,-0.08,-0.11,-0.17
11677,-1.26,-0.02,-0.16,0.03,-0.11,-0.17
11678,-1.36,0.08,-0.16,-0.08,-0.11,-0.07
11679,-1.26,-0.02,-0.05,-0.08,-0.21,-0.17
11680,-1.26,-0.13,-0.05,0.03,-0.11,-0.17
11681,-1.36,0.08,-0.16,0.03,-0.00,-0.17
11682,-1.36,-0.02,-0.05,0.03,-0.21,-0.17
11683,-1.26,-0.02,-0.05,-0.08,-0.11,-0.17
11684,-1.26,-0.02,-0.05,-0.08,-0.21,-0.17
11685,-1.26,-0.13,-0.05,0.03,-0.00,-0.07
11686,-1.26,-0.13,-0.05,0.03,-0.11,-0.07
11687,-1.26,-0.02,-0.16,-0.08,-0.11,-0.07
11688,-1.36,-0.13,-0.05,-0.08,-0.11,-0.07
11689,-1.36,-0.13,-0.16,0.03,-0.11,-0.17
11690,-1.36,-0.13,-0.05,-0.18,-0.00,-0.07
11691,-1.36,-0.13,-0.05,-0.08,-0.21,-0.17
11692,-1.26,-0.02,0.05,-0.08,-0.11,-0.07
11693,-1.36,-0.13,-0.05,0.03,-0.11,-0.17
11694,-1.26,-0.02,-0.05,0.03,-0.11,-0.17
11695,-1.26,-0.13,-0.05,-0.08,-0.11,-0.07
11696,-1.36,-0.02,-0.05,0.03,-0.11,-0.17
11697,-1.26,-0.23,-0.05,-0.08,-0.11,0.04
11698,-1.26,-0.02,-0.05,-0.08,-0.11,-0.17
11699,-1.26,-0.02,-0.05,-0.18,-0.11,-0.17
11700,-1.26,-0.02,-0.05,-0.08,-0.21,-0.07
11701,-1.26,-0.02,-0.16,-0.08,-0.31,-0.17
11702,-1.16,-0.02,-0.16,-0.08,-0.21,-0.07
11703,-1.26,-0.13,-0.16,-0.08,-0.21,-0.17
11704,-1.36,-0.02,-0.16,-0.08,-0.21,-0.17
11705,-1.26,-0.02,-0.05,-0.08,-0.11,-0.17
11706,-1.36,-0.13,-0.16,0.03,-0.11,-0.17
11707,-1.26,-0.02,-0.16,-0.18,-0.11,-0.17
11708,-1.26,-0.02,-0.05,-0.08,-0.11,-0.17
11709,-1.26,-0.02,-0.05,-0.08,-0.21,-0.07
11710,-1.36,-0.02,-0.05,0.03,-0.21,-0.07
11711,-1.26,-0.13,-0.16,-0.08,-0.21,-0.07
11712,-1.26,-0.13,-0.05,0.03,-0.11,-0.07
11713,-1.36,-0.13,-0.05,0.13,-0.00,-0.07
11714,-1.26,-0.02,-0.05,-0.08,-0.00,-0.17
11715,-1.26,-0.13,-0.05,-0.08,-0.21,-0.17
11716,-1.36,-0.13,-0.05,-0.08,-0.11,-0.17
11717,-1.36,-0.13,-0.05,0.03,-0.11,-0.07
11718,-1.26,-0.13,-0.05,0.03,-0.21,-0.07
11719,-1.26,-0.02,-0.05,0.03,-0.21,-0.17
11720,-1.26,-0.02,-0.16,0.03,-0.11,-0.07
11721,-1.36,-0.02,-0.05,0.03,-0.11,-0.17
11722,-1.26,-0.13,-0.16,0.03,-0.11,-0.07
11723,-1.36,-0.13,-0.05,-0.08,-0.11,-0.17
11724,-1.26,-0.13,-0.05,0.03,-0.11,-0.07
11725,-1.26,-0.02,-0.05,-0.08,-0.00,-0.17
11726,-1.26,-0.02,-0.05,0.03,-0.11,-0.17
11727,-1.26,-0.02,-0.05,-0.08,-0.21,-0.07
11728,-1.26,-0.13,-0.16,0.03,-0.11,-0.17
11729,-1.16,-0.13,-0.16,0.03,-0.11,-0.17
11730,-1.26,-0.02,-0.05,-0.08,-0.11,-0.17
11731,-1.26,-0.13,-0.05,0.03,-0.11,-0.17
11732,-1.26,-0.02,-0.05,-0.08,-0.11,0.04
11733,-1.26,-0.13,-0.16,-0.08,-0.11,-0.17
11734,-1.36,-0.13,-0.16,-0.08,-0.00,-0.17
11735,-1.36,-0.02,-0.16,-0.08,-0.11,-0.17
11736,-1.36,-0.02,-0.05,-0.18,-0.11,-0.17
11737,-1.36,-0.02,-0.05,-0.08,-0.21,-0.17
11738,-1.36,-0.13,-0.05,0.03,-0.11,-0.07
11739,-1.26,-0.13,-0.16,-0.08,-0.11,-0.17
11740,-1.26,-0.02,-0.05,-0.08,-0.11,-0.07
11741,-1.26,-0.13,-0.05,-0.08,-0.21,-0.07
11742,-1.36,-0.13,-0.05,0.03,-0.00,-0.07
11743,-1.26,-0.02,-0.05,-0.08,-0.11,-0.07
11744,-1.16,-0.02,-0.05,0.03,-0.11,-0.07
11745,-1.26,-0.13,-0.16,-0.08,-0.11,-0.07
11746,-1.26,-0.13,-0.05,-0.18,-0.21,-0.17
11747,-1.26,-0.02,-0.05,0.03,-0.21,-0.07
11748,-1.36,-0.13,-0.05,0.03,-0.11,-0.17
11749,-1.26,0.08,-0.16,0.03,-0.21,-0.07
11750,-1.36,-0.02,-0.05,0.03,-0.00,-0.07
11751,-1.26,-0.02,-0.16,-0.08,-0.11,-0.07
11752,-1.26,-0.13,-0.05,-0.18,-0.11,-0.07
11753,-1.36,-0.02,-0.05,-0.08,-0.11,-0.07
11754,-1.26,-0.02,-0.16,-0.18,-0.11,0.04
11755,-1.36,-0.02,-0.05,0.03,-0.11,-0.17
11756,-1.26,-0.13,-0.16,-0.08,-0.11,-0.07
11757,-1.36,-0.02,-0.05,-0.08,-0.21,-0.07
11758,-1.26,-0.13,-0.05,0.03,-0.00,-0.17
11759,-1.26,-0.13,-0.05,0.13,-0.00,-0.17
11760,-1.26,-0.02,-0.05,0.03,-0.11,-0.07
11761,-1.36,-0.02,-0.05,0.03,-0.11,-0.07
11762,-1.26,-0.13,-0.05,0.03,-0.21,-0.17
11763,-1.26,-0.02,-0.05,-0.08,-0.11,-0.17
11764,-1.36,-0.02,-0.05,0.03,-0.11,-0.17
11765,-1.26,-0.13,-0.05,0.03,-0.11,-0.17
11766,-1.36,-0.13,-0.05,0.03,-0.11,-0.07
11767,-1.36,-0.02,-0.05,-0.08,-0.11,-0.07
11768,-1.36,-0.02,-0.16,-0.08,-0.21,-0.17
11769,-1.26,-0.13,-0.16,-0.08,-0.21,-0.17
11770,-1.26,-0.02,-0.05,0.03,-0.21,-0.07
11771,-1.36,-0.02,-0.05,-0.08,-0.21,-0.17
11772,-1.36,-0.02,-0.05,-0.18,-0.00,-0.07
11773,-1.26,-0.02,-0.16,-0.08,-0.11,0.04
11774,-1.26,-0.13,0.05,-0.08,-0.11,-0.07
11775,-1.26,-0.02,-0.16,-0.08,-0.11,-0.17
11776,-1.26,0.08,-0.05,-0.18,-0.11,-0.07
11777,-1.36,-0.13,-0.05,0.03,-0.11,-0.17
11778,-1.36,-0.13,-0.16,0.03,-0.11,-0.17
11779,-1.16,-0.13,-0.05,-0.08,-0.11,-0.17
11780,-1.26,-0.02,-0.05,0.03,-0.11,-0.07
11781,-1.26,-0.13,-0.05,0.03,-0.00,-0.07
11782,-1.26,-0.13,-0.05,-0.08,-0.11,-0.28
11783,-1.26,-0.02,-0.05,-0.08,-0.11,-0.28
11784,-1.36,-0.02,-0.05,0.03,-0.21,-0.07
11785,-1.36,-0.02,-0.05,-0.08,-0.00,-0.17
11786,-1.26,-0.13,-0.16,-0.08,-0.11,-0.07
11787,-1.26,-0.13,-0.05,-0.08,-0.11,-0.28
11788,-1.36,-0.02,-0.05,0.03,-0.11,-0.07
11789,-1.26,-0.02,-0.05,-0.08,-0.21,-0.07
11790,-1.26,-0.13,-0.05,0.03,-0.00,-0.07
11791,-1.26,-0.13,-0.05,0.03,-0.11,0.04
11792,-1.16,-0.13,-0.05,0.03,-0.11,-0.07
11793,-1.36,-0.02,-0.16,0.03,-0.11,-0.17
11794,-1.36,-0.13,-0.05,0.03,-0.11,-0.17
11795,-1.26,-0.02,-0.05,-0.08,-0.21,-0.07
11796,-1.26,-0.13,-0.05,0.03,-0.21,-0.07
11797,-1.26,-0.13,-0.05,-0.08,-0.00,0.04
11798,-1.16,-0.13,-0.05,0.03,-0.21,-0.07
11799,-1.36,-0.13,-0.05,-0.08,-0.11,-0.07
11800,-1.36,-0.02,-0.05,0.03,-0.21,-0.28
11801,-1.26,-0.23,-0.05,0.03,-0.00,-0.07
11802,-1.26,-0.02,-0.05,0.03,-0.21,-0.28
11803,-1.36,-0.02,-0.16,-0.08,-0.11,-0.07
11804,-1.26,-0.13,-0.05,-0.08,-0.21,-0.17
11805,-1.26,-0.02,-0.05,-0.08,-0.11,-0.17
11806,-1.26,-0.02,-0.16,-0.08,-0.21,-0.17
11807,-1.26,-0.13,-0.16,-0.08,-0.11,-0.07
11808,-1.26,-0.02,-0.16,0.03,-0.00,-0.17
11809,-1.26,-0.02,-0.05,-0.08,-0.00,-0.17
11810,-1.26,-0.13,-0.05,-0.08,-0.21,-0.17
11811,-1.36,-0.13,-0.05,0.03,-0.11,-0.07
11812,-1.26,-0.02,-0.16,-0.08,-0.11,-0.17
11813,-1.16,-0.02,-0.05,-0.08,-0.11,-0.17
11814,-1.26,-0.02,-0.05,-0.08,-0.21,-0.07
11815,-1.26,-0.02,-0.16,-0.08,-0.11,-0.07
11816,-1.26,-0.02,-0.16,0.03,-0.11,-0.17
11817,-1.16,-0.13,-0.16,-0.08,-0.21,-0.07
11818,-1.36,-0.13,-0.05,0.03,-0.21,-0.17
11819,-1.16,-0.02,-0.05,-0.18,-0.11,-0.28
11820,-1.36,-0.13,-0.05,-0.08,-0.00,-0.17
11821,-1.16,-0.13,-0.05,0.03,-0.21,-0.17
11822,-1.26,-0.13,-0.05,-0.08,-0.11,-0.17
11823,-1.26,-0.13,-0.05,-0.08,-0.00,-0.07
11824,-1.26,-0.13,-0.16,-0.08,-0.21,-0.07
11825,-1.26,-0.02,-0.16,-0.08,-0.21,-0.07
11826,-1.36,-0.02,-0.05,-0.08,-0.11,-0.17
11827,-1.26,-0.02,-0.05,-0.18,-0.11,-0.17
11828,-1.26,-0.13,-0.16,-0.18,-0.11,-0.07
11829,-1.26,-0.13,-0.16,-0.08,-0.11,-0.17
11830,-1.36,-0.02,-0.05,-0.08,-0.00,-0.17
11831,-1.36,-0.13,-0.05,-0.08,-0.11,-0.17
11832,-1.26,-0.13,-0.05,0.03,-0.11,-0.07
11833,-1.36,-0.13,-0.05,-0.08,-0.11,-0.17
11834,-1.26,0.08,-0.05,-0.18,-0.11,-0.28
11835,-1.26,-0.13,-0.05,-0.08,-0.11,-0.17
11836,-1.26,-0.13,-0.05,-0.08,-0.21,-0.07
11837,-1.36,-0.13,-0.05,-0.08,-0.21,-0.07
11838,-1.26,-0.13,-0.16,0.03,-0.11,-0.07
11839,-1.36,-0.02,-0.05,0.03,-0.11,-0.07
11840,-1.26,-0.02,-0.05,0.03,-0.11,-0.07
11841,-1.26,-0.13,-0.05,0.03,-0.11,-0.07
11842,-1.26,-0.13,-0.05,-0.08,-0.11,-0.17
11843,-1.36,-0.13,-0.16,-0.08,-0.11,-0.17
11844,-1.26,-0.02,-0.05,-0.08,-0.00,-0.17
11845,-1.26,-0.02,-0.16,-0.08,-0.11,-0.07
11846,-1.26,-0.13,-0.16,-0.08,-0.11,-0.07
11847,-1.26,-0.02,-0.05,-0.08,-0.11,-0.07
11848,-1.36,-0.13,-0.05,0.03,-0.11,-0.07
11849,-1.26,-0.02,-0.05,-0.18,-0.11,-0.28
11850,-1.26,-0.13,-0.05,-0.08,-0.21,-0.17
11851,-1.36,-0.13,-0.05,0.03,-0.11,-0.07
11852,-1.26,0.08,-0.16,-0.08,-0.11,-0.07
11853,-1.36,-0.02,-0.16,0.13,-0.21,-0.17
11854,-1.36,-0.13,-0.16,-0.08,-0.11,-0.07
11855,-1.16,-0.13,-0.05,-0.08,-0.11,-0.17
11856,-1.26,-0.02,-0.05,-0.08,-0.00,-0.07
11857,-1.26,-0.02,-0.05,0.03,-0.11,-0.07
11858,-1.36,-0.13,-0.05,0.03,-0.11,-0.07
11859,-1.16,-0.13,-0.16,-0.08,-0.11,-0.17
11860,-1.26,-0.02,-0.05,-0.18,-0.11,-0.17
11861,-1.36,-0.02,-0.16,-0.08,-0.21,-0.28
11862,-1.26,-0.02,-0.16,-0.08,-0.11,-0.17
11863,-1.26,-0.02,-0.05,-0.18,-0.11,-0.07
11864,-1.26,-0.02,-0.05,-0.08,-0.11,-0.17
11865,-1.26,-0.13,-0.05,0.03,-0.21,-0.07
11866,-1.36,-0.13,-0.05,0.03,-0.11,-0.17
11867,-1.26,-0.02,-0.05,-0.08,-0.21,-0.07
11868,-1.36,-0.02,-0.05,-0.08,-0.21,-0.17
11869,-1.26,-0.13,-0.05,-0.08,-0.11,-0.17
11870,-1.36,-0.13,-0.05,0.03,-0.11,-0.07
11871,-1.26,-0.02,-0.05,0.03,-0.11,-0.17
11872,-1.26,-0.02,-0.05,0.03,-0.21,-0.17
11873,-1.26,-0.02,-0.05,0.03,-0.21,-0.28
11874,-1.26,-0.02,-0.05,0.03,-0.21,-0.07
11875,-1.26,-0.02,-0.05,0.03,-0.00,-0.17
11876,-1.26,-0.13,-0.16,0.03,-0.11,-0.07
11877,-1.26,-0.02,-0.05,-0.08,-0.21,-0.17
11878,-1.36,-0.13,-0.05,0.03,-0.21,-0.17
11879,-1.26,-0.13,-0.16,0.03,-0.11,-0.07
11880,-1.36,-0.13,-0.05,0.03,-0.11,-0.07
11881,-1.26,-0.23,-0.05,0.03,-0.11,-0.17
11882,-1.26,-0.13,-0.05,-0.08,-0.11,-0.17
11883,-1.16,-0.13,-0.05,-0.08,-0.21,-0.07
11884,-1.36,-0.02,-0.05,0.03,-0.11,-0.07
11885,-1.36,-0.02,-0.05,0.03,-0.11,-0.17
11886,-1.26,-0.02,-0.05,-0.08,-0.11,-0.17
11887,-1.36,-0.02,-0.05,-0.18,-0.21,-0.07
11888,-1.26,-0.02,-0.05,0.03,-0.00,-0.07
11889,-1.26,-0.13,-0.16,0.03,-0.11,-0.07
11890,-1.36,-0.02,-0.16,-0.08,-0.11,-0.17
11891,-1.36,-0.02,-0.05,0.03,-0.11,-0.17
11892,-1.36,0.08,-0.05,-0.08,-0.21,0.04
11893,-1.36,-0.13,-0.16,0.03,-0.00,0.04
11894,-1.26,-0.02,-0.05,-0.08,-0.11,-0.07
11895,-1.26,-0.02,-0.05,-0.18,-0.11,-0.17
11896,-1.36,-0.02,-0.05,-0.08,-0.00,-0.17
11897,-1.36,-0.13,-0.05,0.03,-0.11,-0.07
11898,-1.26,-0.13,-0.05,-0.08,-0.11,-0.07
11899,-1.26,-0.13,-0.05,-0.08,-0.21,-0.28
11900,-1.36,-0.13,-0.05,-0.08,-0.11,-0.07
11901,-1.36,-0.13,-0.05,0.03,-0.11,-0.07
11902,-1.26,-0.02,-0.05,-0.08,-0.11,-0.17
11903,-1.36,-0.13,-0.05,-0.08,-0.21,-0.17
11904,-1.26,-0.13,-0.05,0.03,-0.00,-0.17
11905,-1.26,-0.13,-0.16,-0.08,-0.11,-0.07
11906,-1.26,-0.13,-0.05,-0.08,-0.11,-0.17
11907,-1.26,-0.13,-0.16,0.03,-0.11,-0.07
11908,-1.26,-0.02,-0.05,0.13,-0.00,-0.17
11909,-1.26,-0.02,-0.05,0.03,-0.11,-0.07
11910,-1.26,-0.02,-0.16,-0.08,-0.21,-0.17
11911,-1.36,-0.02,-0.05,-0.08,-0.11,-0.07
11912,-1.26,-0.02,-0.05,0.03,-0.21,-0.17
11913,-1.26,-0.13,-0.05,-0.18,-0.00,-0.17
11914,-1.26,-0.02,-0.16,0.03,-0.00,-0.07
11915,-1.36,-0.13,-0.05,-0.08,-0.11,-0.17
11916,-1.26,-0.02,-0.16,-0.08,-0.00,-0.07
11917,-1.26,-0.02,-0.05,-0.08,-0.11,-0.17
11918,-1.26,-0.13,-0.05,0.03,-0.11,-0.17
11919,-1.36,-0.02,-0.05,-0.08,-0.11,-0.07
11920,-1.36,-0.02,-0.05,-0.18,-0.11,-0.07
11921,-1.36,-0.02,-0.16,0.03,-0.21,-0.17
11922,-1.36,-0.13,-0.16,0.03,-0.11,0.04
11923,-1.26,-0.02,-0.05,-0.08,-0.11,-0.07
11924,-1.26,-0.02,-0.05,-0.08,-0.21,-0.07
11925,-1.26,-0.13,-0.16,-0.08,-0.11,-0.17
11926,-1.16,-0.13,-0.05,0.03,-0.21,-0.17
11927,-1.26,-0.02,0.05,-0.08,-0.21,-0.28
11928,-1.26,-0.13,-0.05,0.03,-0.11,-0.07
11929,-1.36,-0.13,-0.16,-0.08,-0.11,-0.07
11930,-1.26,-0.13,-0.05,-0.08,-0.11,-0.07
11931,-1.36,-0.13,-0.05,0.03,-0.11,-0.07
11932,-1.26,-0.13,-0.05,-0.08,-0.11,-0.17
11933,-1.16,-0.13,-0.05,-0.08,-0.11,-0.17
11934,-1.36,-0.13,-0.05,-0.08,-0.00,-0.07
11935,-1.36,-0.02,-0.16,0.03,-0.00,-0.07
11936,-1.36,-0.13,-0.05,0.03,-0.21,-0.07
11937,-1.26,-0.02,-0.16,-0.08,-0.11,-0.07
11938,-1.36,-0.13,-0.05,0.03,-0.11,-0.17
11939,-1.36,-0.02,-0.05,-0.08,-0.11,-0.07
11940,-1.26,-0.13,-0.16,-0.08,-0.21,-0.17
11941,-1.26,-0.13,-0.05,0.03,-0.11,-0.07
11942,-1.26,-0.13,-0.16,-0.08,-0.11,0.04
11943,-1.26,-0.02,-0.05,-0.18,-0.11,-0.07
11944,-1.36,-0.02,-0.16,-0.08,-0.00,-0.17
11945,-1.26,-0.13,-0.05,-0.08,-0.11,-0.07
11946,-1.36,-0.13,-0.05,-0.08,-0.11,0.04
11947,-1.16,-0.02,-0.05,-0.08,-0.11,-0.07
11948,-1.36,-0.02,-0.05,-0.08,-0.11,-0.07
11949,-1.36,-0.02,-0.05,0.03,-0.11,-0.17
11950,-1.26,-0.02,-0.16,-0.08,-0.11,0.04
11951,-1.36,-0.13,-0.05,0.03,-0.11,0.04
11952,-1.26,-0.13,-0.05,0.03,-0.11,-0.07
11953,-1.36,-0.02,-0.05,0.03,-0.21,-0.07
11954,-1.36,-0.02,-0.05,-0.08,-0.00,-0.07
11955,-1.16,-0.13,-0.05,0.03,-0.21,-0.17
11956,-1.26,-0.02,-0.05,0.03,-0.11,-0.07
11957,-1.26,-0.02,-0.05,-0.18,-0.11,-0.07
11958,-1.36,-0.02,-0.05,-0.08,-0.21,-0.07
11959,-1.36,-0.02,-0.05,-0.08,-0.00,-0.07
11960,-1.26,-0.02,-0.05,0.13,-0.31,-0.17
11961,-1.26,-0.02,-0.16,-0.08,-0.21,-0.07
11962,-1.26,-0.02,-0.05,-0.08,-0.00,-0.07
11963,-1.36,-0.13,-0.05,-0.08,-0.11,-0.28
11964,-1.16,-0.02,-0.05,-0.08,-0.21,-0.07
11965,-1.26,-0.02,-0.05,-0.08,-0.11,-0.17
11966,-1.36,-0.13,-0.16,0.03,-0.11,-0.17
11967,-1.26,-0.13,-0.05,-0.08,-0.11,-0.17
11968,-1.26,-0.13,-0.05,0.03,-0.11,-0.17
11969,-1.26,-0.13,-0.05,0.03,-0.11,-0.07
11970,-1.36,-0.13,-0.16,-0.08,-0.11,0.04
11971,-1.26,-0.13,-0.05,-0.08,-0.11,0.04
11972,-1.36,-0.13,-0.05,0.03,-0.11,-0.17
11973,-1.36,-0.02,-0.05,-0.08,-0.11,-0.17
11974,-1.26,-0.13,-0.05,0.03,-0.11,-0.17
11975,-1.26,-0.13,-0.05,-0.08,-0.21,-0.07
11976,-1.36,-0.13,-0.16,0.03,-0.00,-0.17
11977,-1.36,-0.02,-0.05,0.03,0.10,-0.17
11978,-1.36,-0.02,-0.16,-0.08,-0.21,0.04
11979,-1.16,-0.02,-0.05,0.03,-0.21,-0.17
11980,-1.36,-0.02,-0.05,-0.08,-0.00,-0.17
11981,-1.26,-0.02,-0.16,0.03,-0.11,-0.17
11982,-1.26,-0.13,-0.05,0.03,-0.11,-0.17
11983,-1.26,-0.13,-0.05,0.03,-0.21,-0.17
11984,-1.26,-0.13,-0.05,-0.08,-0.21,-0.07
11985,-1.36,-0.02,-0.05,0.03,-0.11,-0.07
11986,-1.26,-0.02,-0.16,0.03,-0.11,-0.07
11987,-1.26,-0.02,-0.05,-0.08,-0.11,-0.17
11988,-1.36,-0.02,-0.16,-0.08,-0.00,0.04
11989,-1.26,-0.02,-0.16,-0.08,-0.21,-0.07
11990,-1.16,-0.13,-0.05,-0.08,-0.11,-0.07
11991,-1.26,-0.13,-0.05,-0.08,-0.11,-0.07
11992,-1.26,-0.13,-0.05,-0.08,-0.11,-0.17
11993,-1.26,-0.13,-0.05,-0.08,-0.11,-0.07
11994,-1.26,-0.02,-0.16,0.03,-0.11,-0.07
11995,-1.26,-0.13,-0.05,-0.18,-0.21,-0.07
11996,-1.36,-0.02,-0.16,0.03,-0.11,-0.07
11997,-1.36,-0.02,0.05,-0.08,-0.11,-0.17
11998,-1.26,-0.13,-0.05,-0.08,-0.21,-0.17
11999,-1.26,-0.02,-0.05,-0.08,-0.21,-0.17
12000,-1.26,-0.13,-0.05,0.03,-0.21,-0.07
12001,-1.26,-0.02,-0.05,0.03,-0.21,-0.17
12002,-1.26,-0.02,-0.05,0.03,-0.21,0.04
12003,-1.26,-0.02,-0.05,-0.08,-0.21,-0.07
12004,-1.26,-0.02,-0.16,0.03,-0.21,-0.07
12005,-1.16,-0.02,-0.05,-0.18,-0.11,-0.07
12006,-1.26,-0.13,-0.05,-0.08,-0.11,-0.17
12007,-1.26,-0.02,-0.05,0.03,-0.21,-0.17
12008,-1.26,-0.02,-0.16,0.03,-0.21,-0.07
12009,-1.26,-0.02,-0.16,-0.08,-0.21,-0.17
12010,-1.26,-0.13,-0.05,-0.08,-0.11,-0.28
12011,-1.26,-0.02,-0.05,-0.08,-0.11,-0.17
12012,-1.26,-0.02,-0.05,0.03,-0.11,-0.07
12013,-1.36,-0.13,-0.05,0.03,-0.00,-0.17
12014,-1.26,-0.02,-0.05,-0.08,-0.11,-0.17
12015,-1.26,-0.02,-0.05,0.03,-0.11,-0.28
12016,-1.36,-0.02,-0.05,0.03,-0.21,-0.07
12017,-1.36,-0.02,-0.05,-0.08,-0.11,-0.17
12018,-1.26,-0.13,-0.05,0.03,-0.11,-0.07
12019,-1.26,-0.13,-0.16,-0.08,-0.21,-0.17
12020,-1.26,-0.13,-0.05,0.03,-0.11,-0.17
12021,-1.36,-0.13,-0.05,-0.08,-0.11,-0.17
12022,-1.36,-0.02,-0.05,-0.08,-0.11,-0.17
12023,-1.36,-0.02,-0.05,0.13,-0.21,-0.17
12024,-1.16,-0.13,-0.05,0.03,-0.11,-0.17
12025,-1.26,-0.13,-0.05,-0.08,-0.11,-0.17
12026,-1.26,-0.02,-0.16,-0.08,-0.11,-0.07
12027,-1.26,-0.13,-0.05,0.03,-0.11,-0.07
12028,-1.26,-0.13,-0.05,-0.08,-0.00,-0.17
12029,-1.26,-0.13,-0.05,-0.08,-0.00,-0.17
12030,-1.26,-0.13,-0.05,0.03,-0.11,-0.17
12031,-1.26,-0.02,-0.05,-0.08,-0.11,-0.07
12032,-1.26,-0.13,-0.05,-0.08,-0.21,-0.07
12033,-1.36,-0.02,-0.05,-0.08,-0.21,-0.07
12034,-1.26,-0.02,-0.16,0.03,-0.00,-0.17
12035,-1.26,-0.02,-0.16,-0.08,-0.11,-0.17
12036,-1.26,-0.02,-0.05,-0.08,-0.11,-0.17
12037,-1.26,-0.13,-0.05,-0.08,-0.21,-0.07
12038,-1.36,-0.02,-0.05,0.13,-0.21,-0.07
12039,-1.26,-0.13,-0.05,0.03,-0.11,-0.07
12040,-1.26,-0.13,-0.05,-0.08,-0.11,-0.17
12041,-1.36,-0.02,-0.05,0.03,-0.11,-0.17
12042,-1.36,-0.02,-0.05,0.03,-0.11,-0.17
12043,-1.36,-0.13,-0.05,0.03,-0.11,-0.07
12044,-1.26,-0.02,-0.05,0.03,-0.11,-0.07
12266,-1.26,-0.02,-0.05,0.03,-0.11,-0.07
12267,-1.26,-0.02,-0.05,0.03,-0.11,-0.07
12268,-1.26,-0.13,-0.05,-0.08,-0.11,-0.17
12269,-1.26,-0.02,-0.05,0.03,-0.21,-0.17
12270,-1.36,-0.02,-0.05,0.03,-0.11,-0.17
12271,-1.47,-0.13,-0.05,0.03,-0.11,-0.07
12272,-1.26,-0.02,-0.05,0.03,-0.21,-0.17
12273,-1.36,-0.02,-0.16,0.03,-0.11,0.04
12274,-1.26,-0.13,-0.05,0.03,-0.11,-0.07
12275,-1.16,-0.02,-0.05,-0.08,-0.11,-0.17
12276,-1.36,0.08,-0.16,0.03,-0.11,-0.07
12277,-1.26,-0.13,-0.16,-0.08,-0.11,-0.17
12278,-1.26,-0.02,-0.05,0.03,0.10,-0.17
12279,-1.36,-0.02,-0.05,0.03,-0.11,-0.17
12280,-1.26,-0.02,-0.05,0.03,-0.21,-0.17
12281,-1.26,-0.02,-0.16,-0.08,-0.11,-0.17
12282,-1.26,-0.13,-0.05,0.03,-0.11,-0.07
12283,-1.36,-0.02,-0.05,-0.08,-0.11,-0.07
12284,-1.26,-0.13,-0.16,-0.08,-0.00,-0.07
12285,-1.36,-0.02,-0.16,-0.08,-0.11,-0.17
12286,-1.26,-0.02,-0.05,-0.08,-0.21,-0.07
12287,-1.26,-0.13,-0.05,-0.08,-0.11,-0.17
12288,-1.36,-0.13,-0.05,-0.08,-0.11,-0.17
12289,-1.26,0.08,-0.05,0.03,-0.00,-0.17
12290,-1.16,-0.02,-0.05,-0.08,-0.00,-0.07
12291,-1.26,-0.02,-0.05,-0.18,-0.21,-0.17
12292,-1.36,-0.13,-0.05,0.13,-0.21,-0.28
12293,-1.26,-0.02,-0.05,0.03,-0.21,-0.07
12294,-1.36,-0.02,-0.05,-0.08,-0.11,-0.17
12295,-1.26,-0.13,-0.05,-0.08,-0.11,-0.17
12296,-1.26,-0.13,-0.05,-0.08,-0.11,-0.07
12297,-1.36,-0.13,-0.05,-0.08,-0.11,-0.07
12298,-1.26,-0.02,-0.05,-0.08,-0.11,-0.17
12299,-1.36,-0.13,-0.05,-0.08,-0.21,-0.07
12300,-1.36,-0.02,-0.05,-0.08,-0.11,-0.07
12301,-1.26,-0.13,-0.05,0.03,-0.11,-0.17
12302,-1.36,-0.02,-0.05,-0.08,-0.11,-0.17
12303,-1.26,-0.02,-0.05,0.03,-0.11,-0.17
12304,-1.26,-0.02,-0.05,-0.08,-0.11,-0.17
12305,-1.36,-0.13,-0.05,0.03,-0.11,-0.07
12306,-1.36,-0.02,-0.05,-0.08,-0.21,-0.07
12307,-1.36,-0.13,-0.16,0.03,-0.11,-0.17
12308,-1.36,-0.02,-0.16,-0.08,-0.11,-0.17
12309,-1.26,-0.13,-0.05,0.03,-0.21,-0.07
12310,-1.36,-0.02,-0.16,-0.08,-0.11,-0.17
12311,-1.26,-0.02,-0.16,0.03,-0.00,-0.28
12312,-1.36,-0.13,-0.05,0.03,-0.21,-0.17
12313,-1.36,-0.13,-0.05,-0.08,-0.00,-0.07
12314,-1.16,-0.02,-0.05,0.03,-0.11,-0.17
12315,-1.26,-0.23,-0.05,-0.08,-0.11,-0.07
12316,-1.36,-0.13,-0.05,-0.08,-0.11,-0.07
12317,-1.26,-0.02,-0.05,0.03,-0.11,-0.17
12318,-1.36,-0.13,-0.05,0.03,-0.11,-0.07
12319,-1.36,-0.13,-0.16,0.03,-0.00,-0.07
12320,-1.26,-0.02,-0.16,0.03,-0.21,-0.28
12321,-1.36,-0.13,-0.05,-0.08,-0.00,-0.17
12322,-1.36,-0.02,-0.05,-0.08,-0.11,-0.07
12323,-1.26,-0.13,-0.05,-0.08,-0.11,-0.17
12324,-1.26,-0.13,-0.05,-0.08,-0.21,-0.17
12325,-1.26,-0.02,-0.16,0.03,-0.11,-0.28
12326,-1.26,-0.02,-0.05,0.03,-0.21,-0.17
12327,-1.36,-0.13,-0.05,-0.08,-0.11,-0.07
12328,-1.16,-0.13,-0.05,-0.08,-0.21,-0.07
12329,-1.26,-0.02,-0.05,-0.18,-0.21,-0.17
12330,-1.36,0.08,-0.05,0.03,-0.11,-0.07
12331,-1.26,-0.02,-0.05,0.03,0.10,-0.17
12332,-1.26,-0.02,-0.05,-0.08,-0.21,-0.07
12333,-1.26,-0.13,-0.16,0.03,-0.11,-0.07
12334,-1.36,-0.02,-0.16,0.03,-0.00,-0.07
12335,-1.26,-0.02,-0.16,0.03,-0.21,0.04
12336,-1.26,-0.02,-0.16,-0.08,-0.00,-0.07
12337,-1.26,-0.13,-0.16,-0.08,-0.11,-0.17
12338,-1.36,-0.13,-0.05,0.03,-0.11,-0.07
12339,-1.26,-0.02,-0.05,-0.08,-0.11,-0.17
12340,-1.26,-0.13,-0.05,-0.08,-0.00,-0.17
12341,-1.26,-0.02,-0.05,0.03,-0.11,-0.17
12342,-1.26,-0.13,-0.05,0.03,-0.21,-0.07
12343,-1.36,-0.02,-0.05,0.03,-0.11,-0.17
12344,-1.26,-0.13,-0.05,0.03,-0.31,-0.17
12345,-1.26,-0.02,-0.05,-0.08,-0.21,-0.17
12346,-1.26,-0.13,-0.05,-0.08,-0.11,-0.17
12347,-1.26,-0.13,-0.16,-0.18,-0.11,-0.17
12348,-1.26,-0.02,-0.05,0.03,-0.11,-0.17
12349,-1.26,-0.02,-0.16,-0.08,-0.11,-0.17
12350,-1.26,-0.13,-0.05,-0.08,-0.11,-0.07
12351,-1.16,-0.13,-0.05,0.03,-0.21,-0.07
12352,-1.26,-0.02,-0.05,-0.08,-0.21,-0.17
12353,-1.16,-0.02,-0.16,-0.08,-0.11,-0.07
12354,-1.36,-0.13,-0.05,-0.08,-0.21,-0.17
12355,-1.26,-0.02,-0.16,0.03,-0.11,-0.17
12356,-1.36,-0.02,-0.05,-0.08,-0.11,-0.07
12357,-1.16,-0.02,-0.05,-0.08,-0.11,-0.17
12358,-1.26,-0.13,-0.05,-0.08,-0.11,-0.07
12359,-1.36,-0.13,-0.05,-0.08,-0.11,-0.07
12360,-1.26,-0.13,-0.05,0.03,-0.11,-0.07
12361,-1.16,-0.02,-0.05,-0.08,-0.31,-0.07
12362,-1.36,-0.02,-0.16,-0.08,-0.11,-0.17
12363,-1.26,-0.13,-0.05,0.03,-0.21,-0.17
12364,-1.16,-0.13,-0.05,0.13,-0.21,-0.17
12365,-1.26,-0.02,-0.05,0.13,-0.11,-0.17
12366,-1.26,-0.02,-0.05,0.03,-0.11,-0.28
12367,-1.36,-0.02,-0.05,-0.08,-0.11,-0.17
12368,-1.26,-0.13,-0.05,-0.08,-0.11,-0.07
12369,-1.36,-0.13,-0.05,-0.08,-0.11,-0.07
12370,-1.26,-0.02,-0.05,-0.08,-0.21,-0.17
12371,-1.36,-0.13,-0.05,0.03,-0.11,-0.07
12372,-1.26,-0.13,-0.16,0.03,-0.11,-0.07
12373,-1.26,-0.02,-0.05,-0.08,-0.11,-0.17
12374,-1.36,-0.13,-0.16,-0.08,-0.11,-0.07
12375,-1.36,-0.02,-0.16,0.03,-0.11,-0.07
12376,-1.26,-0.13,-0.05,0.03,-0.21,-0.07
12377,-1.36,-0.13,-0.05,-0.08,-0.00,-0.17
12378,-1.36,-0.13,-0.05,-0.08,-0.00,-0.17
12379,-1.26,-0.13,-0.05,-0.08,-0.11,-0.07
12380,-1.36,-0.02,-0.05,-0.08,-0.11,0.04
12381,-1.26,-0.13,-0.05,-0.08,-0.21,-0.17
12382,-1.16,-0.13,-0.05,-0.08,-0.21,-0.07
12383,-1.26,-0.13,-0.16,-0.08,-0.11,-0.07
12384,-1.36,-0.02,-0.16,-0.08,-0.11,-0.07
12385,-1.26,-0.13,0.05,0.03,-0.00,-0.07
12386,-1.26,-0.02,-0.05,-0.08,-0.21,-0.07
12387,-1.36,-0.02,-0.05,-0.08,-0.11,-0.07
12388,-1.36,-0.13,-0.05,-0.08,-0.11,-0.17
12389,-1.26,-0.02,-0.05,0.03,-0.11,-0.28
12390,-1.26,-0.02,-0.05,0.03,-0.21,-0.17
12391,-1.26,-0.13,-0.05,-0.08,-0.21,-0.17
12392,-1.16,-0.13,-0.16,-0.18,-0.11,-0.07
12393,-1.26,-0.13,-0.05,-0.08,-0.00,0.04
12394,-1.36,-0.02,-0.05,0.03,-0.11,-0.07
12395,-1.26,-0.13,-0.05,0.03,-0.21,-0.07
12396,-1.26,-0.02,-0.05,-0.08,-0.00,-0.17
12397,-1.26,-0.02,-0.05,0.03,-0.21,-0.07
12398,-1.36,-0.13,-0.05,0.03,-0.31,-0.17
12399,-1.26,-0.02,-0.05,0.03,-0.11,-0.17
12400,-1.26,-0.13,-0.16,-0.08,-0.11,-0.07
12401,-1.26,-0.13,-0.05,0.13,-0.11,0.04
12402,-1.26,-0.02,-0.16,0.03,-0.21,-0.07
12403,-1.26,-0.13,-0.05,-0.08,-0.11,-0.17
12404,-1.16,-0.13,-0.05,-0.08,-0.21,-0.17
12405,-1.36,-0.13,-0.05,-0.08,-0.11,-0.07
12406,-1.26,-0.13,-0.05,0.03,-0.11,-0.07
12704,-1.36,-0.02,-0.16,-0.08,-0.11,-0.17
12705,-1.16,-0.13,-0.05,-0.08,-0.21,-0.17
12706,-1.36,-0.02,-0.05,-0.08,-0.11,0.04
12707,-1.26,-0.02,-0.05,-0.08,-0.00,-0.17
12708,-1.36,-0.02,-0.05,0.03,-0.31,-0.28
12709,-1.26,-0.13,-0.16,0.03,-0.21,-0.07
12710,-1.26,0.08,-0.16,0.03,-0.21,-0.07
12711,-1.26,-0.13,-0.05,-0.08,-0.11,-0.17
12712,-1.36,-0.13,-0.05,0.03,-0.11,-0.17
12713,-1.36,-0.13,-0.16,0.03,-0.11,-0.17
12714,-1.26,-0.02,-0.05,0.03,-0.21,-0.07
12715,-1.36,-0.13,-0.05,-0.08,-0.21,-0.17
12716,-1.26,-0.02,-0.05,-0.08,-0.11,-0.07
12717,-1.26,-0.02,-0.05,-0.08,-0.00,-0.07
12718,-1.36,-0.13,-0.05,-0.08,-0.11,-0.07
12719,-1.26,-0.02,-0.05,-0.08,-0.00,-0.07
12720,-1.26,-0.02,-0.05,-0.18,-0.11,-0.07
12721,-1.36,-0.13,-0.16,0.03,-0.11,-0.17
12722,-1.36,-0.02,-0.05,-0.08,-0.11,-0.07
12723,-1.26,-0.02,-0.05,-0.08,-0.31,-0.17
12724,-1.26,-0.13,-0.05,-0.08,-0.11,-0.07
12725,-1.26,-0.02,-0.05,0.03,-0.00,-0.17
12726,-1.36,-0.02,-0.05,-0.08,-0.11,-0.17
12727,-1.26,-0.13,-0.05,-0.08,-0.11,-0.17
12728,-1.26,-0.13,-0.05,0.03,-0.11,-0.17
12729,-1.26,-0.02,-0.05,-0.18,-0.21,-0.07
12730,-1.36,-0.13,-0.05,0.03,-0.21,-0.17
12731,-1.36,-0.13,-0.05,0.03,-0.11,-0.17
12732,-1.26,0.08,-0.05,0.03,-0.11,-0.17
12733,-1.26,-0.02,-0.05,-0.08,-0.11,-0.07
12734,-1.36,-0.13,-0.05,0.03,-0.00,-0.07
12735,-1.26,-0.13,-0.05,-0.08,-0.11,-0.17
12736,-1.26,-0.02,-0.05,-0.18,-0.11,-0.07
12737,-1.26,-0.02,-0.16,-0.08,-0.21,0.04
12738,-1.36,-0.13,-0.05,-0.18,-0.11,-0.07
12739,-1.26,-0.02,-0.16,0.03,-0.11,-0.07
12740,-1.36,-0.13,-0.05,-0.08,-0.11,-0.07
12741,-1.26,-0.02,-0.05,-0.08,-0.11,-0.17
12742,-1.36,-0.23,-0.05,-0.08,-0.00,-0.07
12743,-1.26,-0.02,-0.05,0.03,-0.21,-0.17
12744,-1.26,-0.13,-0.16,0.03,-0.11,-0.17
12745,-1.36,-0.02,-0.05,-0.08,-0.00,-0.07
12746,-1.26,-0.13,-0.16,-0.08,-0.11,-0.07
12747,-1.36,-0.13,-0.05,0.03,0.10,-0.07
12748,-1.26,-0.13,-0.05,-0.08,-0.11,-0.07
12749,-1.16,-0.02,-0.05,0.03,-0.11,-0.17
12750,-1.16,-0.02,-0.05,0.03,-0.21,-0.17
12751,-1.47,-0.02,-0.05,-0.08,-0.11,-0.07
12752,-1.16,-0.02,-0.05,-0.08,-0.21,-0.07
12753,-1.26,-0.13,-0.05,0.03,-0.11,-0.17
12754,-1.36,-0.02,-0.05,-0.08,-0.11,-0.17
12755,-1.26,-0.02,-0.16,0.03,-0.21,-0.07
12756,-1.26,-0.02,-0.05,-0.08,-0.11,-0.07
12757,-1.26,-0.13,-0.05,0.03,-0.11,-0.07
12758,-1.26,-0.13,-0.05,0.03,-0.11,-0.07
12759,-1.16,-0.13,-0.05,0.03,-0.31,-0.17
12760,-1.26,-0.13,-0.05,0.13,-0.21,-0.28
12761,-1.26,-0.13,-0.05,0.03,-0.11,-0.17
12762,-1.36,-0.13,-0.05,-0.08,-0.11,-0.07
12763,-1.26,-0.02,-0.16,-0.08,-0.11,-0.07
12764,-1.26,-0.02,-0.05,-0.08,-0.11,-0.07
12765,-1.26,-0.02,-0.16,-0.08,-0.11,-0.07
12766,-1.36,-0.02,-0.16,-0.08,-0.11,-0.17
12767,-1.36,-0.13,-0.05,-0.08,-0.11,-0.17
12768,-1.26,-0.13,-0.05,-0.08,-0.21,-0.28
12769,-1.36,-0.13,-0.05,-0.08,-0.11,-0.07
12770,-1.26,-0.13,-0.16,-0.08,-0.11,-0.17
12771,-1.36,-0.13,-0.05,-0.08,-0.11,-0.17
12772,-1.26,-0.13,-0.05,0.03,-0.11,-0.07
12773,-1.26,-0.02,-0.16,-0.08,-0.00,-0.17
12774,-1.26,-0.02,-0.05,-0.08,-0.21,-0.28
12775,-1.26,-0.02,-0.05,-0.08,-0.11,-0.17
12776,-1.26,-0.13,-0.05,-0.08,-0.21,-0.07
12777,-1.26,-0.13,-0.16,-0.08,-0.00,-0.17
12778,-1.26,-0.02,-0.16,0.03,-0.11,-0.07
12779,-1.26,-0.02,-0.05,0.03,-0.11,-0.17
12780,-1.26,-0.13,-0.05,0.03,-0.21,-0.07
12781,-1.36,-0.13,-0.16,-0.18,-0.11,-0.07
12782,-1.26,-0.13,-0.05,-0.08,-0.11,-0.07
12783,-1.36,-0.13,-0.16,-0.08,-0.11,-0.17
12784,-1.26,-0.13,-0.05,-0.08,-0.11,-0.07
12785,-1.36,-0.13,-0.05,0.03,-0.11,-0.17
12786,-1.26,-0.13,-0.05,-0.08,-0.21,-0.07
12787,-1.36,-0.13,-0.05,0.03,-0.11,-0.17
12788,-1.26,-0.13,-0.05,0.03,-0.00,-0.17
12789,-1.36,-0.13,-0.05,-0.08,-0.21,-0.07
12790,-1.26,-0.02,-0.05,0.03,-0.11,-0.17
12791,-1.36,-0.02,-0.05,-0.08,-0.00,-0.17
12792,-1.26,-0.02,-0.05,0.03,-0.11,-0.28
12793,-1.47,-0.13,-0.16,-0.08,-0.11,-0.07
12794,-1.26,0.08,-0.16,-0.08,-0.11,-0.28
12795,-1.26,-0.02,-0.05,-0.08,-0.11,-0.07
12796,-1.36,-0.13,-0.05,0.03,-0.21,-0.17
12797,-1.36,-0.13,-0.05,0.03,-0.21,-0.28
12798,-1.26,-0.02,-0.05,-0.08,-0.11,-0.17
12799,-1.36,-0.02,-0.16,-0.08,-0.11,-0.07
12800,-1.26,-0.13,-0.05,-0.08,-0.21,-0.07
12801,-1.26,-0.02,-0.05,-0.08,-0.21,-0.17
12802,-1.26,-0.13,-0.05,0.03,-0.11,0.04
12803,-1.26,-0.02,-0.05,0.03,-0.11,-0.07
12804,-1.36,-0.02,-0.05,0.03,-0.11,-0.07
12805,-1.36,-0.13,-0.05,0.03,-0.21,-0.07
12806,-1.36,-0.02,-0.16,0.03,-0.11,-0.07
12807,-1.36,-0.02,-0.05,-0.08,-0.21,-0.07
12808,-1.26,-0.02,-0.05,0.03,-0.21,-0.07
12809,-1.36,-0.13,-0.05,-0.08,-0.21,-0.07
12810,-1.16,-0.23,-0.16,0.03,-0.21,-0.17
12811,-1.36,-0.13,-0.05,0.03,-0.11,-0.17
12812,-1.36,-0.02,-0.05,0.03,-0.11,-0.07
12813,-1.26,-0.13,-0.05,-0.18,-0.11,-0.17
12814,-1.26,-0.13,-0.05,0.03,-0.21,-0.07
12815,-1.26,-0.13,-0.05,0.03,-0.21,-0.17
12816,-1.36,0.08,-0.16,-0.08,-0.11,-0.07
12817,-1.26,-0.13,-0.05,-0.08,-0.11,-0.17
12818,-1.26,-0.13,-0.16,-0.08,-0.11,-0.07
12819,-1.26,-0.02,-0.05,-0.08,-0.11,-0.17
12820,-1.16,-0.13,-0.16,-0.08,-0.11,-0.07
12821,-1.36,-0.13,-0.16,-0.08,-0.11,-0.17
12822,-1.26,-0.02,-0.05,-0.08,-0.11,-0.07
12823,-1.16,-0.02,-0.05,0.03,-0.21,-0.17
12824,-1.36,-0.02,-0.05,-0.18,-0.11,-0.17
12825,-1.26,0.08,-0.16,-0.08,-0.11,-0.28
12826,-1.26,-0.02,-0.05,-0.08,-0.21,-0.17
12827,-1.16,-0.13,-0.05,-0.08,-0.11,-0.17
12828,-1.36,-0.13,-0.16,0.03,-0.21,-0.17
12829,-1.36,-0.02,-0.05,0.03,-0.11,-0.17
12830,-1.26,-0.02,-0.16,0.03,-0.11,-0.17
12831,-1.26,-0.13,-0.05,-0.08,-0.21,-0.17
13060,-1.26,-0.13,-0.05,0.03,-0.21,-0.07
13061,-1.26,-0.13,-0.16,0.03,-0.21,-0.17
13062,-1.26,-0.13,-0.05,-0.08,-0.11,-0.07
13063,-1.26,-0.13,-0.05,-0.08,-0.11,-0.07
13064,-1.36,-0.13,-0.05,-0.08,-0.00,-0.17
13065,-1.26,-0.13,-0.05,-0.08,-0.11,-0.17
13066,-1.36,-0.13,-0.05,-0.08,-0.11,-0.17
13067,-1.26,-0.13,-0.05,-0.08,-0.00,-0.07
13068,-1.26,-0.13,-0.05,-0.18,-0.21,-0.07
13069,-1.26,-0.13,-0.05,-0.08,-0.11,-0.07
13070,-1.26,-0.13,-0.05,-0.08,-0.11,-0.07
13071,-1.26,-0.23,-0.16,-0.18,-0.21,-0.17
13072,-1.26,0.08,-0.05,-0.08,-0.21,-0.17
13073,-1.26,-0.13,-0.16,0.13,-0.11,-0.07
13074,-1.26,-0.13,-0.05,-0.08,-0.21,-0.07
13075,-1.26,-0.02,-0.16,-0.08,-0.11,0.04
13076,-1.26,-0.02,-0.05,0.03,-0.21,-0.07
13077,-1.26,-0.13,-0.16,0.03,-0.00,0.04
13078,-1.26,-0.13,-0.05,0.03,-0.11,-0.17
13079,-1.26,-0.02,-0.05,0.03,-0.11,-0.07
13080,-1.26,-0.02,-0.05,0.03,-0.21,-0.07
13081,-1.26,-0.13,-0.05,-0.08,-0.11,-0.17
13082,-1.26,-0.13,-0.05,-0.08,-0.11,-0.07
13083,-1.36,-0.13,-0.05,0.03,-0.00,-0.17
13084,-1.26,0.08,-0.05,0.03,-0.00,-0.17
13085,-1.26,-0.13,-0.05,0.03,-0.21,-0.07
13086,-1.26,-0.02,-0.05,0.03,-0.00,-0.07
13087,-1.26,-0.02,-0.05,-0.18,-0.11,-0.07
13088,-1.36,-0.02,-0.05,0.03,-0.11,-0.07
13089,-1.36,-0.02,-0.05,0.03,-0.11,-0.07
13090,-1.16,-0.02,-0.05,0.13,-0.11,-0.07
13091,-1.26,-0.13,-0.16,0.03,-0.21,-0.07
13092,-1.26,-0.02,-0.16,-0.08,-0.11,-0.07
13093,-1.26,-0.02,-0.05,-0.08,-0.21,0.04
13094,-1.26,-0.13,-0.05,-0.08,-0.21,0.04
13095,-1.36,-0.13,-0.16,-0.08,-0.00,0.04
13096,-1.26,-0.02,-0.05,-0.08,-0.11,-0.07
13097,-1.26,-0.13,-0.05,-0.08,-0.11,-0.17
13098,-1.36,-0.02,-0.16,-0.08,-0.11,-0.07
13099,-1.16,-0.13,-0.05,-0.18,-0.11,-0.07
13100,-1.26,-0.02,-0.05,0.03,-0.11,-0.07
13101,-1.26,-0.13,-0.05,0.03,-0.11,-0.17
13102,-1.36,-0.02,-0.05,0.03,-0.11,-0.17
13103,-1.26,-0.13,-0.16,0.03,-0.11,-0.07
13104,-1.26,-0.13,-0.16,-0.08,-0.21,-0.07
13105,-1.26,-0.02,0.05,-0.08,-0.21,-0.07
13106,-1.16,-0.02,-0.16,-0.08,-0.21,-0.07
13107,-1.16,-0.02,-0.05,0.03,-0.21,-0.07
13108,-1.26,-0.13,-0.05,-0.08,-0.11,-0.17
13109,-1.26,-0.02,-0.05,0.03,-0.21,-0.17
13110,-1.26,-0.13,-0.05,-0.08,-0.21,-0.07
13111,-1.36,-0.13,-0.16,0.03,-0.11,-0.17
13112,-1.26,-0.13,-0.16,-0.08,-0.00,-0.17
13113,-1.26,-0.13,-0.16,-0.08,-0.11,-0.07
13114,-1.26,-0.13,-0.05,-0.08,-0.11,-0.17
13115,-1.26,-0.13,-0.16,-0.08,-0.21,-0.07
13116,-1.26,-0.02,-0.16,0.03,-0.11,-0.07
13117,-1.26,-0.02,-0.05,0.03,-0.21,-0.07
13118,-1.26,-0.02,-0.16,0.03,-0.00,-0.17
13119,-1.26,-0.02,-0.16,0.13,-0.11,-0.07
13120,-1.26,-0.02,-0.16,0.13,-0.11,-0.07
13121,-1.26,-0.13,-0.05,-0.08,-0.00,-0.07
13122,-1.26,-0.02,-0.16,-0.08,-0.11,-0.17
13123,-1.26,-0.13,-0.05,-0.08,-0.21,-0.07
13124,-1.26,-0.13,-0.16,0.13,-0.21,0.04
13125,-1.26,-0.02,-0.16,0.03,-0.11,-0.07
13126,-1.36,-0.13,-0.05,-0.08,-0.11,-0.07
13127,-1.36,-0.13,-0.05,0.03,-0.11,-0.17
13128,-1.36,-0.13,-0.05,-0.08,-0.11,-0.07
13129,-1.16,-0.13,-0.16,0.03,-0.00,-0.17
13130,-1.36,-0.02,-0.05,-0.08,-0.11,-0.07
13131,-1.26,-0.02,-0.16,0.03,-0.11,-0.17
13132,-1.26,-0.02,-0.16,0.03,-0.21,-0.17
13133,-1.26,-0.02,-0.05,-0.08,-0.21,-0.17
13134,-1.26,-0.13,-0.05,-0.08,-0.11,-0.17
13135,-1.26,-0.02,-0.05,-0.08,-0.11,-0.17
13136,-1.26,-0.13,-0.05,-0.08,-0.11,-0.17
13137,-1.26,-0.02,-0.16,0.03,-0.00,-0.07
13138,-1.26,-0.13,-0.05,-0.08,-0.00,-0.07
13139,-1.26,-0.02,-0.05,0.03,-0.11,-0.28
13140,-1.26,-0.13,-0.05,-0.08,-0.21,-0.17
13141,-1.26,-0.13,-0.05,0.03,-0.21,-0.07
13142,-1.36,-0.02,-0.05,0.03,-0.21,-0.07
13143,-1.36,-0.02,-0.05,-0.08,-0.11,-0.07
13144,-1.26,-0.13,-0.05,0.03,-0.11,-0.17
13145,-1.26,-0.13,-0.16,-0.08,-0.00,-0.07
13146,-1.26,-0.02,-0.05,-0.08,-0.11,-0.28
13147,-1.26,-0.02,-0.05,-0.08,-0.11,-0.07
13148,-1.26,-0.02,-0.05,-0.08,-0.11,0.04
13149,-1.16,-0.02,-0.05,0.03,-0.21,-0.17
13150,-1.26,-0.02,-0.16,0.03,-0.11,-0.07
13151,-1.26,0.08,-0.05,0.03,-0.21,-0.17
13152,-1.26,-0.13,-0.05,-0.08,-0.21,0.04
13153,-1.26,-0.02,-0.16,-0.08,-0.21,-0.17
13154,-1.26,-0.02,-0.05,0.03,-0.21,-0.17
13155,-1.36,-0.13,-0.05,-0.08,-0.21,-0.07
13156,-1.26,-0.02,-0.05,0.03,-0.21,-0.17
13157,-1.26,-0.02,-0.05,-0.08,-0.11,-0.07
13158,-1.36,-0.02,-0.05,-0.08,-0.11,0.04
13159,-1.26,-0.02,-0.16,0.03,-0.11,-0.07
13160,-1.26,-0.13,-0.05,0.03,-0.21,-0.07
13161,-1.26,-0.02,-0.05,-0.08,-0.11,-0.07
13162,-1.36,-0.13,-0.05,-0.08,-0.21,-0.07
13163,-1.36,-0.02,-0.05,-0.08,-0.00,-0.07
13164,-1.26,-0.13,-0.16,-0.08,-0.11,-0.28
13165,-1.26,-0.02,0.05,0.03,-0.21,-0.28
13166,-1.26,-0.13,-0.16,0.03,-0.11,-0.07
13167,-1.47,-0.13,-0.05,0.03,-0.00,-0.07
13168,-1.26,-0.02,-0.16,0.03,-0.11,0.04
13169,-1.26,-0.13,-0.16,0.03,-0.00,-0.07
13170,-1.26,-0.13,-0.05,-0.08,-0.11,-0.17
13171,-1.26,-0.13,-0.16,0.03,-0.11,-0.17
13172,-1.26,-0.02,-0.16,0.03,-0.21,-0.07
13173,-1.26,-0.02,-0.16,-0.18,-0.21,-0.07
13174,-1.26,-0.13,-0.05,0.13,-0.11,-0.17
13175,-1.26,-0.02,-0.16,0.03,-0.21,-0.07
13176,-1.26,-0.02,-0.05,0.03,-0.11,0.04
13177,-1.36,-0.13,-0.05,0.03,-0.21,-0.17
13178,-1.26,-0.13,-0.16,0.03,-0.11,-0.17
13179,-1.26,-0.13,-0.05,0.03,-0.21,-0.17
13180,-1.26,-0.02,-0.05,-0.08,-0.21,-0.17
13181,-1.36,-0.13,-0.16,-0.08,-0.11,-0.17
13182,-1.26,-0.13,-0.05,0.03,-0.11,-0.07
13183,-1.36,-0.02,-0.16,0.03,-0.11,-0.17
13184,-1.36,-0.13,-0.05,-0.08,-0.11,-0.17
13185,-1.26,-0.02,-0.05,0.03,-0.11,-0.07
13186,-1.26,-0.02,-0.05,0.03,-0.11,-0.17
13187,-1.26,-0.13,-0.05,-0.08,-0.00,0.04
13188,-1.26,-0.13,-0.05,0.03,-0.11,-0.07
13189,-1.26,-0.02,-0.05,-0.18,-0.11,-0.07
13190,-1.26,-0.13,-0.05,0.03,-0.00,-0.07
13191,-1.26,-0.13,-0.05,0.03,-0.11,-0.17
13192,-1.36,-0.02,-0.05,0.03,-0.21,-0.17
13193,-1.26,-0.13,-0.16,0.03,-0.11,-0.17
13194,-1.16,-0.13,-0.05,-0.08,-0.11,-0.17
13195,-1.26,-0.13,-0.05,-0.08,-0.21,-0.07
13196,-1.36,-0.13,-0.05,-0.08,-0.21,-0.17
13197,-1.26,-0.02,-0.16,0.03,-0.11,-0.07
13198,-1.16,-0.02,-0.16,-0.08,-0.21,-0.17
13199,-1.26,-0.02,-0.05,-0.08,-0.21,-0.17
13200,-1.26,-0.13,-0.05,-0.08,-0.21,-0.07
13201,-1.26,-0.02,-0.05,0.03,-0.31,-0.17
13202,-1.26,-0.13,-0.05,0.03,-0.21,-0.17
13203,-1.26,-0.02,-0.05,-0.08,-0.21,-0.28
13204,-1.26,-0.13,-0.05,0.03,-0.21,-0.28
13205,-1.36,-0.13,-0.16,0.03,-0.21,-0.07
13206,-1.26,-0.02,-0.16,-0.18,-0.00,-0.07
13207,-1.16,-0.13,-0.05,-0.08,-0.11,-0.17
13208,-1.36,-0.13,-0.16,-0.18,-0.11,-0.17
13209,-1.16,-0.13,-0.05,0.03,-0.21,-0.17
13210,-1.36,-0.13,-0.05,0.03,-0.21,-0.17
13211,-1.26,-0.02,-0.05,0.03,-0.11,-0.07
13212,-1.26,-0.13,-0.05,-0.08,-0.11,-0.07
13213,-1.36,-0.13,-0.16,-0.08,-0.00,-0.17
13214,-1.36,-0.13,-0.05,0.03,-0.11,-0.07
13215,-1.26,-0.02,-0.05,-0.18,-0.11,-0.07
13216,-1.26,-0.02,-0.05,0.03,-0.21,-0.17
13217,-1.36,-0.13,-0.16,0.03,-0.21,-0.17
13218,-1.36,-0.13,-0.05,-0.08,-0.21,-0.17
13219,-1.26,-0.02,-0.05,-0.08,-0.11,-0.07
13220,-1.26,-0.02,0.05,-0.08,-0.21,-0.07
13221,-1.36,-0.13,-0.05,-0.08,-0.21,-0.07
13222,-1.16,-0.02,-0.05,-0.08,-0.11,-0.07
13223,-1.26,-0.13,-0.05,-0.08,-0.11,-0.07
13224,-1.36,-0.02,-0.05,0.03,-0.21,-0.17
13225,-1.36,-0.13,-0.05,0.03,-0.21,-0.07
13226,-1.26,-0.13,-0.16,0.03,-0.11,-0.17
13227,-1.36,-0.02,0.05,-0.08,-0.21,-0.07
13228,-1.26,-0.02,-0.05,0.03,-0.21,-0.07
13229,-1.36,-0.02,-0.05,-0.08,-0.21,-0.17
13230,-1.36,-0.13,-0.05,0.03,-0.21,-0.17
13231,-1.26,-0.02,-0.05,0.03,-0.21,-0.17
13232,-1.26,-0.13,-0.05,0.13,-0.11,-0.17
13233,-1.26,-0.13,-0.05,-0.08,-0.11,-0.17
13234,-1.36,-0.13,-0.05,-0.08,-0.21,-0.17
13235,-1.26,-0.02,-0.16,-0.08,-0.21,-0.07
13236,-1.16,-0.13,-0.16,0.03,-0.21,-0.07
13237,-1.36,-0.02,-0.16,0.03,-0.11,-0.07
13238,-1.26,-0.02,-0.05,0.03,-0.00,-0.17
13239,-1.26,-0.02,-0.05,-0.18,-0.21,-0.17
13240,-1.26,-0.02,-0.05,-0.08,-0.21,-0.17
13241,-1.26,-0.02,-0.05,0.03,-0.11,-0.17
13242,-1.36,-0.13,-0.05,-0.08,-0.21,-0.28
13243,-1.16,-0.02,-0.05,-0.08,-0.11,-0.17
13244,-1.26,-0.02,-0.05,-0.08,-0.21,-0.28
13245,-1.36,-0.13,-0.05,-0.08,-0.11,-0.17
13246,-1.26,-0.02,-0.16,0.03,-0.00,-0.07
13247,-1.36,-0.02,-0.05,-0.08,-0.21,-0.17
13248,-1.26,-0.02,-0.16,-0.08,-0.11,-0.17
13249,-1.36,-0.02,-0.05,-0.08,-0.11,-0.07
13439,-1.36,-0.13,-0.16,-0.08,-0.11,-0.17
13440,-1.16,-0.13,-0.05,-0.08,-0.11,-0.28
13441,-1.26,-0.02,-0.05,0.03,-0.21,-0.07
13442,-1.36,-0.13,-0.16,-0.08,-0.11,-0.17
13443,-1.36,-0.13,-0.05,-0.18,-0.11,-0.07
13444,-1.26,-0.13,-0.05,-0.08,-0.00,-0.07
13445,-1.26,-0.13,-0.16,0.03,-0.11,-0.07
13446,-1.26,-0.13,-0.05,0.03,-0.11,-0.17
13447,-1.36,-0.02,-0.05,-0.08,-0.21,-0.17
13448,-1.36,-0.02,-0.05,-0.08,-0.11,-0.07
13449,-1.26,-0.13,-0.05,0.03,-0.11,-0.17
13450,-1.26,-0.13,-0.05,-0.08,-0.11,-0.07
13451,-1.26,-0.02,-0.16,0.03,-0.11,-0.17
13452,-1.26,-0.02,-0.16,-0.08,-0.11,-0.07
13453,-1.26,-0.02,-0.05,0.03,-0.21,-0.17
13454,-1.26,-0.13,-0.05,-0.08,-0.21,-0.07
13455,-1.26,-0.02,-0.05,0.03,-0.11,-0.07
13456,-1.36,-0.13,-0.05,-0.08,-0.11,-0.07
13457,-1.26,-0.02,-0.05,-0.08,-0.11,-0.17
13458,-1.26,-0.13,-0.05,0.03,-0.21,-0.17
13459,-1.26,-0.13,-0.05,-0.18,-0.00,-0.07
13460,-1.36,-0.02,-0.05,-0.08,-0.00,-0.07
13461,-1.36,-0.13,-0.05,0.03,-0.00,-0.07
13462,-1.26,-0.02,-0.05,0.03,-0.21,-0.07
13463,-1.26,-0.13,-0.05,-0.08,-0.11,-0.17
13464,-1.26,-0.13,-0.05,-0.08,-0.00,-0.07
13465,-1.36,-0.13,-0.16,-0.08,-0.00,-0.28
13466,-1.26,-0.02,-0.16,0.13,-0.11,-0.07
13467,-1.26,-0.02,-0.05,0.03,-0.11,-0.17
13468,-1.26,-0.13,-0.05,0.03,-0.00,-0.17
13469,-1.26,-0.02,-0.16,-0.08,-0.11,-0.17
13470,-1.26,-0.02,-0.05,-0.08,-0.11,-0.07
13471,-1.26,-0.13,-0.16,0.03,-0.11,-0.07
13472,-1.36,-0.02,-0.05,-0.08,-0.00,-0.07
13473,-1.26,-0.13,-0.16,-0.18,-0.11,-0.17
13474,-1.36,-0.13,-0.05,0.03,-0.11,-0.07
13475,-1.26,-0.13,-0.05,-0.08,-0.21,-0.17
13476,-1.26,-0.13,-0.05,-0.08,-0.11,-0.07
13477,-1.26,-0.02,-0.05,0.03,-0.11,-0.17
13478,-1.26,-0.02,-0.05,0.03,-0.11,-0.28
13479,-1.26,-0.02,-0.05,0.03,-0.11,-0.17
13480,-1.36,-0.13,-0.05,-0.08,-0.11,-0.07
13481,-1.26,-0.02,-0.16,0.03,-0.11,-0.17
13482,-1.26,-0.02,-0.05,-0.08,-0.21,-0.17
13483,-1.16,-0.13,-0.05,-0.08,-0.11,-0.17
13484,-1.26,-0.02,-0.16,0.03,-0.11,-0.17
13485,-1.36,-0.13,-0.05,-0.08,-0.11,-0.17
13486,-1.36,-0.02,-0.05,0.03,-0.11,0.04
13487,-1.36,-0.02,-0.05,0.03,-0.11,-0.07
13488,-1.26,-0.02,-0.05,0.03,-0.21,-0.17
13489,-1.26,-0.13,-0.16,0.03,-0.11,-0.17
13490,-1.36,-0.02,-0.05,0.03,-0.11,-0.17
13491,-1.36,-0.02,-0.16,-0.08,-0.11,0.04
13492,-1.36,-0.13,-0.05,-0.08,-0.11,-0.17
13493,-1.16,-0.02,-0.05,-0.08,-0.21,-0.17
13494,-1.26,0.08,-0.05,-0.08,-0.21,-0.07
13495,-1.16,-0.13,-0.05,0.03,-0.11,0.04
13496,-1.26,-0.13,-0.05,-0.08,-0.11,-0.07
13497,-1.26,-0.02,-0.05,-0.08,-0.11,-0.07
13498,-1.36,-0.13,-0.16,0.03,-0.11,-0.17
13499,-1.36,-0.13,-0.16,-0.08,-0.11,-0.17
13500,-1.36,-0.13,-0.16,0.03,-0.00,-0.07
13501,-1.26,-0.13,-0.05,0.03,-0.11,-0.17
13502,-1.26,-0.13,-0.05,-0.18,-0.11,-0.17
13503,-1.26,-0.02,-0.05,-0.08,-0.11,-0.17
13504,-1.36,-0.13,-0.16,-0.08,-0.21,-0.07
13505,-1.26,-0.13,-0.05,-0.08,-0.11,-0.28
13506,-1.26,-0.02,-0.16,0.03,-0.11,-0.07
13507,-1.36,-0.02,-0.16,0.03,-0.21,-0.07
13508,-1.36,-0.13,-0.16,-0.08,-0.11,-0.17
13509,-1.36,-0.13,-0.05,-0.08,-0.11,-0.17
13510,-1.36,-0.13,-0.16,-0.08,-0.21,-0.17
13511,-1.36,-0.13,-0.05,-0.08,-0.31,-0.07
13512,-1.26,-0.02,-0.05,-0.08,-0.11,-0.07
13513,-1.26,-0.13,-0.05,-0.08,-0.00,-0.07
13514,-1.26,-0.02,-0.05,-0.08,-0.11,-0.17
13515,-1.36,-0.02,-0.05,-0.08,-0.00,-0.07
13516,-1.26,-0.13,-0.05,0.03,-0.11,-0.07
13517,-1.26,-0.13,-0.16,-0.08,-0.21,-0.17
13518,-1.26,-0.13,-0.05,-0.08,-0.00,-0.07
13519,-1.26,-0.02,-0.05,-0.08,-0.00,-0.17
13520,-1.26,-0.02,-0.16,0.03,-0.21,-0.17
13521,-1.36,-0.02,-0.05,0.03,-0.21,-0.07
13522,-1.36,-0.02,-0.05,-0.08,-0.00,0.04
13523,-1.36,-0.02,-0.05,-0.08,-0.11,-0.07
13524,-1.26,-0.13,-0.05,0.13,-0.21,-0.07
13525,-1.26,-0.13,-0.05,-0.08,-0.11,-0.07
13526,-1.26,-0.02,-0.05,-0.08,-0.21,-0.17
13527,-1.26,-0.02,-0.05,-0.18,-0.21,-0.17
13528,-1.26,-0.13,-0.16,-0.08,-0.11,-0.17
13529,-1.26,-0.02,-0.05,-0.08,-0.00,-0.07
13530,-1.26,-0.13,-0.05,0.03,-0.00,-0.28
13531,-1.26,-0.13,-0.16,-0.08,-0.11,-0.07
13532,-1.26,-0.02,-0.16,0.13,-0.21,-0.17
13533,-1.16,-0.02,-0.05,-0.08,-0.11,-0.17
13534,-1.36,-0.13,-0.16,0.03,-0.21,-0.07
13535,-1.26,-0.13,-0.05,0.03,-0.11,-0.07
13536,-1.26,-0.13,-0.16,0.03,-0.21,-0.07
13537,-1.36,-0.13,-0.16,-0.08,-0.00,-0.07
13538,-1.16,-0.02,-0.05,-0.08,-0.21,-0.17
13539,-1.26,-0.02,-0.05,-0.08,-0.11,-0.17
13540,-1.36,-0.13,-0.16,0.03,-0.11,0.04
13541,-1.26,-0.13,-0.05,0.03,-0.11,-0.17
13542,-1.26,-0.13,-0.05,-0.08,-0.11,-0.07
13543,-1.26,-0.13,-0.05,-0.08,-0.11,-0.17
13544,-1.26,-0.13,-0.05,0.03,-0.11,-0.07
13545,-1.36,-0.13,-0.16,0.03,-0.21,-0.17
13546,-1.16,-0.02,-0.05,0.03,-0.11,-0.07
13547,-1.36,-0.02,-0.16,0.03,-0.11,0.04
13548,-1.26,-0.13,-0.05,0.03,-0.21,-0.28
13549,-1.26,-0.02,-0.05,-0.08,-0.11,-0.17
13550,-1.26,-0.13,-0.05,0.03,-0.11,-0.07
13551,-1.36,-0.02,-0.05,-0.18,-0.11,-0.17
13552,-1.26,-0.13,-0.16,-0.08,-0.21,-0.17
13553,-1.26,-0.13,-0.05,-0.08,-0.11,-0.07
13554,-1.26,-0.13,-0.16,-0.08,-0.11,-0.07
13555,-1.36,-0.02,-0.16,-0.08,-0.21,-0.28
13556,-1.26,-0.02,-0.05,0.03,-0.21,-0.07
13557,-1.26,-0.02,-0.05,-0.08,-0.11,-0.07
13558,-1.36,-0.13,-0.16,0.03,-0.11,-0.28
13559,-1.26,-0.02,-0.05,-0.08,-0.11,-0.07
13560,-1.36,-0.02,-0.05,-0.08,-0.21,-0.07
13561,-1.36,-0.02,-0.05,-0.08,-0.00,0.04
13562,-1.26,-0.13,-0.16,0.03,-0.00,-0.17
13563,-1.26,-0.13,-0.05,0.03,-0.11,-0.07
13564,-1.26,-0.13,-0.05,0.03,-0.11,-0.07
13565,-1.26,-0.02,-0.05,-0.08,-0.21,-0.17
13566,-1.26,-0.13,-0.05,0.03,-0.11,0.04
13567,-1.36,-0.02,-0.05,0.03,-0.11,-0.17
13568,-1.26,-0.13,-0.05,-0.08,-0.21,-0.17
13569,-1.36,-0.02,-0.05,-0.18,-0.00,-0.17
13570,-1.26,-0.13,-0.05,0.03,0.10,-0.17
13571,-1.26,-0.13,-0.05,-0.08,-0.00,-0.38
13572,-1.36,-0.02,-0.05,0.03,-0.11,-0.17
13573,-1.26,-0.02,-0.05,-0.08,-0.21,-0.07
13574,-1.26,-0.13,-0.05,-0.08,-0.11,-0.07
13575,-1.26,-0.02,-0.05,0.03,-0.11,-0.17
13576,-1.26,-0.02,-0.05,-0.18,-0.21,-0.07
13577,-1.26,-0.02,-0.05,-0.08,-0.21,-0.28
13578,-1.26,-0.13,-0.16,0.03,-0.11,-0.07
13579,-1.26,-0.02,-0.05,-0.18,-0.21,-0.17
13580,-1.26,-0.02,-0.05,0.03,-0.21,-0.17
13581,-1.36,-0.13,-0.05,-0.08,-0.11,-0.07
13582,-1.26,-0.13,-0.05,-0.18,-0.11,-0.17
13583,-1.26,-0.13,-0.05,-0.08,-0.11,-0.07
13584,-1.26,-0.02,-0.16,-0.08,-0.11,-0.07
13585,-1.36,-0.13,-0.05,-0.08,-0.11,-0.17
13586,-1.26,-0.13,-0.05,-0.08,-0.11,-0.17
13587,-1.26,-0.13,-0.16,0.03,-0.11,-0.17
13588,-1.16,-0.13,-0.05,-0.08,-0.21,-0.17
13589,-1.26,-0.02,-0.05,-0.08,-0.00,-0.07
13590,-1.26,-0.02,-0.05,0.03,-0.11,-0.17
13591,-1.26,-0.13,-0.05,-0.18,-0.11,-0.17
13592,-1.26,-0.13,-0.05,0.03,-0.11,-0.17
13593,-1.26,-0.13,-0.05,0.13,-0.11,-0.07
13594,-1.36,-0.13,-0.05,-0.18,-0.11,-0.07
13595,-1.36,-0.02,-0.16,0.03,-0.21,0.04
13596,-1.26,-0.13,-0.05,-0.08,-0.11,-0.07
13597,-1.26,-0.13,-0.05,-0.08,-0.21,-0.17
13598,-1.26,-0.02,-0.16,0.03,-0.11,-0.07
13599,-1.36,-0.13,-0.16,-0.08,-0.21,-0.07
13600,-1.26,-0.13,-0.05,-0.08,-0.11,-0.07
13601,-1.36,-0.02,-0.05,-0.08,-0.11,-0.17
13602,-1.16,-0.13,-0.16,0.03,-0.11,-0.28
13603,-1.26,-0.13,-0.16,-0.08,-0.11,-0.17
13604,-1.36,-0.02,-0.05,-0.08,-0.00,-0.17
13605,-1.26,-0.13,-0.05,-0.08,-0.21,-0.28
13606,-1.26,-0.13,-0.16,0.03,-0.11,-0.07
13607,-1.26,-0.02,-0.05,0.03,-0.00,-0.07
13608,-1.16,-0.13,-0.16,-0.08,-0.11,-0.17
13609,-1.26,-0.02,-0.05,-0.08,-0.11,-0.07
13610,-1.26,-0.13,-0.16,-0.08,-0.11,-0.07
13611,-1.36,-0.13,-0.16,-0.08,-0.21,-0.07
13612,-1.26,-0.13,-0.16,-0.08,-0.21,-0.07
13613,-1.36,-0.02,-0.05,-0.08,-0.11,-0.07
13614,-1.26,-0.02,-0.05,0.03,-0.21,-0.07
13615,-1.26,-0.13,-0.05,-0.08,-0.21,-0.17
13616,-1.26,-0.13,-0.05,-0.08,-0.21,-0.28
13617,-1.26,-0.02,-0.16,-0.08,-0.21,-0.28
13618,-1.36,-0.02,-0.05,-0.08,-0.11,-0.17
13619,-1.26,-0.13,-0.05,-0.18,-0.11,-0.17
13620,-1.26,-0.13,-0.05,-0.08,-0.11,-0.07
13621,-1.26,-0.02,-0.05,-0.08,-0.11,-0.07
13622,-1.26,-0.13,-0.05,-0.08,-0.11,0.04
13623,-1.26,-0.02,-0.05,-0.08,-0.11,-0.17
13624,-1.26,-0.13,-0.16,0.03,-0.11,-0.17
13625,-1.26,-0.13,-0.16,-0.08,-0.11,-0.28
13626,-1.36,-0.02,-0.05,-0.08,-0.11,-0.07
13627,-1.26,-0.13,-0.05,0.03,-0.11,-0.07
13628,-1.36,-0.13,-0.05,-0.08,-0.11,-0.17
13629,-1.36,-0.02,-0.05,-0.08,-0.11,-0.17
13630,-1.26,-0.13,-0.16,0.03,-0.21,-0.17
13631,-1.26,-0.13,-0.05,-0.18,-0.11,-0.07
13632,-1.36,-0.02,-0.05,-0.08,-0.11,-0.07
13633,-1.26,-0.02,-0.05,0.03,-0.21,-0.17
13634,-1.26,-0.02,-0.05,-0.08,-0.11,-0.17
13635,-1.36,-0.02,-0.05,-0.08,-0.00,-0.17
13636,-1.26,-0.13,-0.05,0.03,-0.11,0.04
13637,-1.26,-0.13,-0.16,0.03,-0.21,-0.17
13638,-1.36,-0.13,-0.16,0.03,-0.11,-0.17
13639,-1.26,-0.02,-0.16,-0.08,-0.21,-0.17
13640,-1.26,-0.02,-0.16,-0.08,-0.11,-0.07
13641,-1.26,-0.13,-0.05,-0.08,-0.00,-0.17
13642,-1.26,-0.13,-0.16,-0.08,-0.00,-0.07
13643,-1.26,-0.13,-0.05,-0.18,-0.11,-0.17
13644,-1.26,-0.02,-0.05,0.03,-0.11,-0.07
13645,-1.26,-0.02,-0.16,-0.18,-0.11,-0.07
13646,-1.26,-0.02,-0.05,-0.08,-0.11,-0.17
13647,-1.26,-0.13,-0.05,-0.08,-0.00,-0.07
13648,-1.36,-0.02,-0.05,0.03,-0.21,-0.17
13649,-1.36,-0.13,-0.05,-0.08,-0.11,-0.17
13650,-1.26,-0.13,-0.05,-0.08,-0.00,-0.07
13651,-1.26,-0.13,-0.16,0.03,-0.00,0.04
13652,-1.36,-0.13,-0.05,-0.08,-0.00,0.04
13653,-1.26,-0.02,-0.16,-0.08,-0.11,-0.07
13654,-1.36,-0.13,-0.05,0.03,-0.11,-0.07
13655,-1.36,-0.02,-0.05,-0.08,-0.11,-0.07
13656,-1.26,-0.13,-0.05,-0.08,-0.11,-0.07
13657,-1.16,-0.13,-0.16,-0.08,-0.11,-0.17
13658,-1.26,-0.02,-0.05,-0.08,-0.11,-0.17
13659,-1.36,-0.02,-0.05,0.03,-0.11,-0.17
13660,-1.36,-0.02,-0.16,-0.08,-0.11,-0.07
13661,-1.26,-0.13,-0.05,0.03,-0.11,-0.07
13662,-1.26,-0.02,-0.05,-0.08,-0.21,-0.17
13663,-1.26,-0.13,-0.05,0.03,-0.11,-0.17
13664,-1.26,-0.02,-0.05,-0.08,-0.11,-0.07
13665,-1.26,-0.13,-0.05,-0.18,-0.11,-0.07
13666,-1.36,-0.02,-0.05,-0.08,-0.11,-0.28
13667,-1.36,-0.02,-0.05,-0.18,-0.11,-0.07
13668,-1.36,-0.13,-0.05,0.03,-0.21,-0.17
13669,-1.16,-0.02,-0.05,0.03,-0.11,-0.17
13670,-1.16,-0.13,-0.05,0.03,-0.21,-0.07
13671,-1.26,-0.02,-0.05,-0.08,-0.21,-0.07
13672,-1.36,-0.13,-0.05,0.03,-0.11,-0.17
13673,-1.26,-0.02,-0.16,-0.08,-0.11,-0.17
13674,-1.36,-0.13,-0.16,0.03,-0.00,0.04
13675,-1.26,-0.02,-0.16,0.03,-0.11,-0.28
13676,-1.26,-0.13,-0.05,0.03,-0.11,-0.07
13677,-1.36,-0.13,-0.16,0.03,-0.11,-0.17
13678,-1.26,-0.13,-0.05,-0.08,-0.21,-0.17
13679,-1.36,-0.13,-0.05,-0.08,-0.11,-0.17
13680,-1.26,-0.13,-0.05,0.13,-0.21,-0.17
13681,-1.26,-0.13,-0.05,-0.08,-0.11,-0.17
13682,-1.16,-0.02,-0.05,0.03,-0.11,-0.07
13683,-1.36,-0.02,-0.05,-0.08,-0.21,-0.17
13684,-1.26,-0.02,-0.16,0.03,-0.11,-0.07
13685,-1.26,-0.02,-0.05,-0.08,-0.11,-0.07
13686,-1.36,-0.13,-0.16,-0.08,-0.00,0.04
13687,-1.26,-0.13,-0.05,-0.08,-0.11,-0.17
13688,-1.26,-0.13,-0.16,-0.08,-0.21,-0.17
13689,-1.36,-0.02,-0.05,-0.08,-0.00,-0.07
13690,-1.36,-0.13,-0.05,0.03,-0.11,-0.07
13691,-1.26,-0.13,-0.16,0.03,-0.11,-0.17
13692,-1.26,-0.02,-0.16,0.03,-0.21,-0.07
13693,-1.26,-0.02,-0.16,0.03,-0.00,-0.07
13694,-1.26,-0.13,-0.16,0.03,-0.11,-0.17
13695,-1.26,-0.13,-0.05,-0.08,-0.00,-0.17
13696,-1.26,-0.13,-0.05,-0.18,-0.11,-0.07
13697,-1.26,-0.23,-0.16,-0.08,-0.11,-0.07
13698,-1.26,-0.02,-0.05,-0.18,-0.11,-0.07
13699,-1.26,-0.02,-0.05,-0.08,-0.11,-0.17
13700,-1.26,-0.13,-0.05,-0.08,-0.11,-0.17
13701,-1.36,-0.13,-0.05,-0.18,-0.11,-0.17
13911,-1.36,-0.02,-0.16,0.03,-0.21,-0.07
13912,-1.36,-0.02,-0.05,-0.08,-0.21,-0.17
13913,-1.16,-0.13,-0.05,0.03,-0.21,-0.17
13914,-1.26,-0.13,-0.05,-0.08,-0.11,-0.17
13915,-1.36,-0.02,-0.05,-0.08,-0.11,-0.17
13916,-1.26,-0.02,-0.16,0.03,-0.21,-0.07
13917,-1.26,-0.13,-0.05,0.03,-0.21,-0.17
13918,-1.26,-0.02,-0.05,0.03,-0.21,-0.07
13919,-1.26,-0.02,-0.05,-0.08,-0.11,-0.07
13920,-1.36,-0.13,-0.05,0.03,-0.11,-0.17
13921,-1.36,-0.13,-0.16,0.03,-0.11,-0.07
13922,-1.36,-0.13,-0.05,-0.08,-0.11,-0.07
13923,-1.36,-0.13,-0.16,0.03,-0.00,-0.07
13924,-1.36,-0.13,-0.05,-0.08,-0.21,-0.17
13925,-1.26,-0.13,-0.05,-0.08,-0.11,-0.17
13926,-1.36,-0.13,-0.05,-0.08,-0.00,-0.07
13927,-1.26,0.08,-0.16,-0.08,-0.21,-0.17
13928,-1.26,-0.02,-0.05,-0.08,-0.21,-0.07
13929,-1.26,-0.02,-0.05,0.03,-0.21,-0.07
13930,-1.26,-0.13,-0.05,-0.08,-0.11,-0.07
13931,-1.26,-0.13,-0.05,0.03,-0.11,-0.17
13932,-1.26,-0.13,-0.05,0.03,-0.21,-0.07
13933,-1.36,-0.02,-0.05,-0.18,-0.21,-0.07
13934,-1.26,-0.13,-0.16,0.03,-0.11,-0.17
13935,-1.26,-0.02,-0.05,-0.08,-0.11,-0.17
13936,-1.36,-0.02,-0.16,-0.08,-0.11,-0.17
13937,-1.26,-0.13,-0.05,-0.08,-0.00,-0.17
13938,-1.26,-0.13,-0.05,-0.08,-0.11,-0.17
13939,-1.26,-0.02,-0.05,0.13,-0.21,-0.07
13940,-1.36,-0.02,-0.05,-0.08,0.10,-0.07
13941,-1.26,-0.13,-0.05,-0.18,-0.11,-0.07
13942,-1.16,-0.13,-0.16,0.03,-0.11,-0.17
13943,-1.16,-0.02,-0.05,-0.08,-0.21,-0.17
13944,-1.36,-0.02,-0.05,0.03,-0.11,-0.28
13945,-1.26,-0.02,-0.16,-0.08,-0.11,-0.07
13946,-1.26,-0.13,-0.05,0.03,-0.21,-0.17
13947,-1.26,-0.13,-0.16,0.03,-0.11,-0.17
13948,-1.26,-0.13,-0.05,-0.08,-0.00,-0.07
13949,-1.36,-0.13,-0.05,0.03,-0.11,-0.28
13950,-1.36,-0.13,-0.05,0.03,-0.11,-0.17
13951,-1.26,-0.02,-0.05,0.03,-0.11,0.04
13952,-1.36,-0.02,-0.05,-0.08,-0.11,-0.17
13953,-1.26,-0.13,-0.05,0.03,-0.11,-0.17
13954,-1.36,-0.13,-0.05,-0.08,-0.21,0.04
13955,-1.26,-0.23,-0.05,-0.08,-0.21,-0.17
13956,-1.26,-0.02,-0.05,-0.08,-0.00,-0.17
13957,-1.16,-0.13,-0.16,-0.08,-0.11,-0.07
13958,-1.36,-0.13,-0.05,-0.08,-0.11,-0.17
13959,-1.26,-0.13,-0.16,0.03,-0.11,-0.17
13960,-1.26,-0.02,-0.05,0.03,-0.11,-0.17
13961,-1.36,-0.02,-0.05,-0.08,-0.00,-0.07
13962,-1.26,-0.02,-0.05,0.03,-0.11,0.04
13963,-1.36,-0.13,-0.05,-0.08,-0.11,-0.07
13964,-1.16,-0.02,-0.05,0.03,-0.11,-0.07
13965,-1.36,-0.13,-0.05,0.03,-0.00,-0.17
13966,-1.26,-0.13,-0.05,0.03,-0.21,-0.17
13967,-1.26,-0.02,-0.05,-0.08,-0.11,-0.07
13968,-1.26,-0.13,-0.05,-0.08,-0.11,-0.07
13969,-1.26,-0.13,-0.05,-0.08,-0.00,-0.07
13970,-1.26,-0.13,0.05,0.03,-0.11,-0.07
13971,-1.26,-0.13,-0.05,-0.18,-0.11,-0.17
13972,-1.36,-0.02,-0.05,0.03,-0.11,-0.07
13973,-1.36,-0.13,-0.05,-0.08,-0.11,-0.17
13974,-1.26,-0.13,-0.05,-0.08,-0.11,-0.07
13975,-1.26,-0.23,-0.05,0.03,-0.11,-0.17
13976,-1.26,-0.02,0.05,0.03,-0.11,-0.17
13977,-1.26,-0.13,-0.16,-0.08,-0.11,-0.07
13978,-1.26,-0.13,-0.05,0.03,-0.11,-0.17
13979,-1.36,-0.02,-0.16,-0.08,-0.11,-0.07
13980,-1.36,-0.13,-0.16,0.03,-0.21,-0.17
13981,-1.36,-0.13,-0.05,-0.08,-0.11,-0.17
13982,-1.26,-0.13,-0.05,-0.08,-0.21,-0.07
13983,-1.26,-0.02,-0.16,0.03,-0.21,-0.07
13984,-1.26,-0.02,-0.05,0.03,-0.11,-0.07
13985,-1.26,-0.02,-0.05,-0.08,-0.21,-0.17
13986,-1.36,-0.02,-0.05,0.03,-0.11,0.04
13987,-1.16,-0.13,-0.05,0.03,-0.11,-0.07
13988,-1.26,-0.02,-0.05,-0.08,-0.21,-0.07
13989,-1.26,-0.13,-0.05,0.03,-0.11,-0.07
13990,-1.36,-0.02,-0.05,-0.08,-0.21,-0.17
13991,-1.26,-0.02,-0.05,-0.08,-0.11,-0.07
13992,-1.26,-0.13,-0.05,0.03,-0.11,-0.28
13993,-1.36,-0.13,-0.05,0.03,-0.11,-0.17
13994,-1.36,-0.13,-0.05,-0.08,-0.11,-0.07
13995,-1.36,-0.13,-0.16,-0.08,-0.21,-0.17
13996,-1.26,-0.13,-0.05,0.03,-0.21,-0.17
13997,-1.26,-0.02,-0.05,-0.08,-0.11,-0.07
13998,-1.26,-0.13,-0.16,-0.08,-0.11,-0.17
13999,-1.36,-0.02,-0.05,-0.08,-0.21,-0.07
14000,-1.26,-0.13,-0.05,-0.08,-0.11,-0.17
14001,-1.36,-0.13,-0.16,0.03,-0.11,-0.07
14002,-1.26,-0.13,-0.05,0.03,-0.21,-0.07
14003,-1.26,-0.13,-0.16,-0.08,-0.11,-0.17
14004,-1.26,-0.13,-0.05,-0.08,-0.21,-0.07
14005,-1.36,-0.02,-0.05,0.03,-0.11,-0.17
14006,-1.26,-0.02,-0.05,0.03,-0.11,-0.17
14007,-1.47,-0.02,-0.05,-0.08,-0.11,-0.07
14008,-1.36,-0.13,-0.05,0.03,-0.21,-0.17
14009,-1.26,-0.02,-0.16,-0.18,-0.11,-0.07
14010,-1.26,-0.13,-0.16,0.03,-0.11,-0.07
14011,-1.26,-0.02,-0.16,-0.08,-0.11,-0.17
14012,-1.36,-0.02,-0.05,0.03,-0.11,-0.28
14013,-1.16,-0.13,-0.05,0.03,-0.00,0.04
14014,-1.26,-0.13,-0.05,-0.08,-0.11,-0.17
14015,-1.36,-0.02,-0.05,0.03,-0.31,0.04
14016,-1.26,-0.02,-0.16,0.03,-0.11,-0.07
14017,-1.16,-0.02,-0.05,-0.08,-0.21,-0.07
14018,-1.26,-0.13,-0.05,0.03,-0.00,-0.17
14019,-1.26,-0.02,-0.16,-0.08,-0.11,-0.28
14020,-1.36,-0.13,-0.05,-0.08,-0.31,-0.07
14021,-1.36,-0.02,-0.05,-0.08,-0.11,-0.07
14022,-1.36,-0.02,-0.05,-0.08,-0.21,-0.07
14023,-1.26,-0.02,-0.05,-0.18,-0.11,-0.07
14024,-1.16,-0.23,-0.05,0.03,-0.00,-0.07
14025,-1.36,-0.02,-0.05,-0.08,-0.11,-0.17
14026,-1.36,-0.13,-0.05,0.03,-0.11,-0.17
14027,-1.26,-0.13,-0.05,-0.08,-0.21,-0.07
14028,-1.26,-0.02,-0.16,-0.08,-0.11,-0.07
14029,-1.36,-0.13,-0.05,0.03,-0.11,-0.17
14030,-1.26,-0.13,-0.05,-0.18,-0.11,-0.07
14031,-1.36,-0.02,-0.05,0.03,-0.11,-0.17
14032,-1.36,-0.02,-0.05,-0.08,-0.11,-0.17
14033,-1.26,-0.02,-0.05,0.03,-0.21,-0.07
14034,-1.36,-0.13,-0.05,0.03,-0.21,-0.07
14035,-1.36,-0.02,-0.05,-0.08,-0.11,-0.17
14036,-1.26,-0.13,-0.16,-0.08,-0.11,-0.17
14037,-1.26,-0.02,-0.05,0.03,-0.11,-0.38
14038,-1.36,-0.02,-0.16,0.03,-0.21,-0.07
14039,-1.16,-0.02,-0.05,0.03,-0.11,-0.07
14040,-1.36,-0.02,-0.05,-0.08,-0.11,-0.17
14041,-1.26,-0.13,-0.05,-0.08,-0.00,-0.17
14042,-1.16,-0.13,-0.05,0.03,-0.11,-0.07
14043,-1.36,-0.13,-0.05,-0.08,-0.21,-0.28
14044,-1.26,-0.13,-0.16,-0.08,-0.21,-0.07
14045,-1.36,-0.02,-0.05,0.03,-0.21,-0.07
14046,-1.26,-0.02,-0.05,-0.08,-0.00,-0.07
14047,-1.26,-0.13,-0.05,-0.08,-0.11,-0.17
14048,-1.16,-0.02,-0.05,-0.08,-0.11,-0.28
14049,-1.26,-0.02,-0.16,-0.08,-0.21,-0.07
14050,-1.16,-0.13,-0.16,-0.08,-0.11,-0.07
14051,-1.36,-0.13,-0.05,0.03,-0.11,-0.07
14052,-1.26,-0.02,-0.05,0.03,-0.00,-0.17
14053,-1.26,-0.13,-0.16,0.03,-0.11,-0.07
14054,-1.26,-0.13,-0.16,0.03,-0.00,-0.17
14055,-1.26,-0.13,-0.05,-0.08,-0.11,-0.17
14056,-1.36,-0.13,-0.05,-0.08,-0.11,-0.17
14057,-1.26,-0.02,-0.05,-0.08,-0.21,-0.17
14058,-1.26,-0.13,-0.05,-0.08,-0.11,-0.28
14059,-1.26,-0.02,-0.05,-0.08,-0.21,-0.07
14060,-1.26,-0.13,-0.05,-0.08,-0.11,-0.07
14061,-1.36,-0.02,-0.05,0.03,-0.11,-0.17
14062,-1.36,-0.13,-0.05,0.03,-0.00,-0.28
14063,-1.26,-0.02,-0.05,0.03,-0.11,-0.07
14064,-1.36,-0.13,-0.16,-0.08,-0.11,-0.07
14065,-1.26,-0.02,-0.16,-0.08,-0.21,-0.17
14066,-1.26,-0.02,-0.16,-0.08,-0.21,-0.17
14067,-1.26,-0.02,-0.16,0.03,-0.11,-0.07
14068,-1.16,-0.13,-0.05,-0.08,-0.21,-0.17
14069,-1.26,-0.13,-0.05,0.03,-0.11,-0.07
14070,-1.26,-0.02,-0.05,-0.18,-0.21,-0.17
14071,-1.36,-0.13,-0.16,-0.08,-0.11,-0.17
14072,-1.36,-0.13,-0.05,-0.08,-0.11,-0.07
14073,-1.36,-0.13,-0.16,0.03,-0.00,-0.17
14074,-1.26,-0.02,-0.05,-0.08,-0.11,-0.17
14075,-1.36,-0.13,-0.16,0.03,-0.11,-0.07
14076,-1.16,-0.13,-0.05,-0.08,-0.11,-0.17
14077,-1.26,-0.02,-0.05,-0.08,-0.11,-0.07
14078,-1.36,-0.13,-0.05,0.03,-0.11,-0.07
14079,-1.26,-0.13,-0.05,-0.08,-0.00,-0.17
14080,-1.16,-0.02,-0.05,-0.08,-0.11,-0.17
14081,-1.26,-0.13,-0.05,0.03,-0.11,-0.17
14082,-1.26,-0.13,-0.16,0.03,-0.11,-0.17
14083,-1.26,-0.02,-0.05,-0.08,-0.21,-0.17
14084,-1.26,-0.13,-0.16,0.13,-0.11,-0.17
14085,-1.26,-0.02,-0.16,0.03,-0.00,-0.28
14086,-1.16,-0.23,-0.05,0.03,-0.11,-0.17
14087,-1.26,-0.02,-0.16,-0.08,-0.11,-0.07
14088,-1.26,-0.13,-0.05,-0.08,-0.11,-0.07
14089,-1.26,-0.02,-0.05,-0.08,-0.11,-0.17
14090,-1.26,-0.02,-0.05,-0.08,-0.11,-0.07
14091,-1.26,-0.02,-0.16,-0.08,-0.11,-0.07
14092,-1.26,-0.13,-0.05,-0.08,-0.00,-0.17
14278,-1.26,-0.02,-0.05,0.03,-0.11,-0.17
14279,-1.26,-0.13,-0.05,-0.08,-0.21,-0.07
14280,-1.26,-0.02,-0.05,-0.08,-0.11,-0.07
14281,-1.26,-0.13,-0.05,-0.08,-0.21,-0.07
14282,-1.26,-0.02,-0.16,-0.18,-0.11,-0.07
14283,-1.26,-0.02,-0.16,-0.18,-0.21,-0.17
14284,-1.26,-0.02,-0.05,-0.18,-0.00,-0.07
14285,-1.26,-0.13,-0.16,-0.08,-0.11,-0.07
14286,-1.26,-0.13,-0.16,0.03,-0.00,-0.07
14287,-1.36,-0.02,-0.05,-0.08,-0.00,-0.17
14288,-1.36,-0.02,-0.16,-0.08,-0.11,-0.17
14289,-1.26,-0.02,-0.05,-0.08,-0.11,0.04
14290,-1.26,-0.13,-0.05,-0.08,-0.11,-0.17
14291,-1.26,-0.02,-0.16,-0.08,-0.11,-0.07
14292,-1.26,-0.13,-0.05,-0.08,-0.21,-0.17
14293,-1.36,-0.02,-0.16,-0.08,-0.00,-0.17
14294,-1.36,-0.13,-0.05,0.03,-0.11,-0.17
14295,-1.26,-0.13,-0.05,-0.08,-0.21,-0.07
14296,-1.26,-0.02,-0.05,0.03,-0.21,-0.07
14297,-1.26,-0.02,-0.05,0.03,-0.21,-0.07
14298,-1.36,-0.13,-0.16,-0.08,-0.11,-0.17
14299,-1.26,-0.02,-0.16,0.03,-0.11,-0.17
14300,-1.16,-0.13,-0.05,0.03,-0.11,-0.28
14301,-1.26,-0.02,-0.05,0.03,-0.11,-0.17
14302,-1.36,-0.13,-0.16,0.13,-0.11,-0.07
14303,-1.26,-0.02,-0.05,-0.08,-0.21,-0.07
14304,-1.26,-0.13,-0.05,-0.08,-0.11,-0.07
14305,-1.26,-0.02,-0.16,-0.08,-0.11,-0.07
14306,-1.36,-0.02,-0.05,-0.08,-0.21,-0.17
14307,-1.36,-0.13,-0.05,-0.08,-0.00,-0.07
14308,-1.26,-0.02,-0.05,-0.08,-0.11,-0.07
14309,-1.16,0.08,-0.05,-0.08,-0.21,-0.07
14310,-1.36,-0.02,-0.05,0.13,-0.11,-0.17
14311,-1.16,-0.13,-0.05,-0.08,-0.00,-0.17
14312,-1.26,-0.02,-0.05,0.03,-0.21,-0.07
14313,-1.26,-0.13,-0.05,-0.08,-0.11,-0.17
14314,-1.26,-0.13,-0.16,0.13,-0.11,-0.17
14315,-1.26,-0.02,-0.16,-0.08,-0.11,-0.07
14316,-1.26,-0.02,-0.05,-0.08,-0.11,-0.07
14317,-1.26,-0.02,-0.05,-0.08,-0.11,-0.17
14318,-1.36,-0.13,-0.05,0.03,-0.11,-0.07
14319,-1.26,-0.02,-0.16,-0.08,-0.21,-0.07
14320,-1.26,-0.13,-0.05,0.03,-0.21,-0.07
14321,-1.26,-0.13,-0.16,0.03,-0.00,-0.07
14322,-1.26,-0.02,-0.16,0.03,-0.11,-0.07
14323,-1.36,-0.13,-0.05,-0.08,-0.11,-0.07
14324,-1.26,-0.02,-0.05,-0.08,-0.21,-0.17
14325,-1.26,-0.02,-0.16,0.03,-0.11,-0.17
14326,-1.26,-0.02,-0.05,-0.08,-0.21,-0.28
14327,-1.26,-0.13,-0.05,0.03,-0.11,-0.17
14328,-1.36,-0.13,-0.05,-0.08,-0.21,-0.17
14329,-1.26,-0.13,-0.05,-0.08,-0.11,-0.17
14330,-1.16,-0.13,-0.05,-0.18,-0.00,-0.17
14331,-1.36,-0.02,0.05,-0.08,-0.21,-0.07
14332,-1.26,-0.02,-0.05,0.03,-0.11,-0.07
14333,-1.16,-0.02,-0.16,-0.18,-0.21,-0.07
14334,-1.26,-0.02,-0.05,-0.08,-0.11,-0.17
14335,-1.16,-0.13,-0.16,0.03,-0.00,-0.17
14336,-1.26,-0.02,-0.05,0.03,-0.21,-0.28
14337,-1.26,-0.02,-0.05,-0.08,-0.21,0.04
14338,-1.26,-0.02,-0.16,0.03,-0.11,-0.07
14339,-1.26,-0.02,-0.05,-0.08,-0.21,-0.17
14340,-1.36,-0.13,-0.05,0.03,-0.11,-0.17
14341,-1.36,-0.13,-0.05,-0.08,-0.21,-0.07
14342,-1.26,-0.02,-0.05,-0.08,-0.11,-0.17
14343,-1.36,-0.13,-0.05,0.03,-0.21,-0.07
14344,-1.36,-0.13,-0.05,0.03,-0.00,-0.07
14345,-1.36,-0.02,-0.05,0.03,-0.11,-0.07
14346,-1.26,-0.02,-0.05,-0.08,-0.11,-0.07
14347,-1.36,-0.13,-0.05,0.03,-0.11,-0.07
14348,-1.16,-0.13,-0.16,0.03,-0.11,-0.07
14349,-1.26,-0.02,-0.05,0.03,-0.21,-0.17
14350,-1.26,-0.02,-0.16,-0.08,-0.11,-0.17
14351,-1.36,-0.02,-0.05,0.03,-0.00,-0.07
14352,-1.47,-0.02,-0.05,-0.08,-0.11,-0.17
14353,-1.26,-0.02,-0.05,0.03,-0.00,-0.07
14354,-1.26,-0.02,-0.05,0.03,-0.21,-0.17
14355,-1.26,-0.02,-0.16,0.03,-0.11,-0.17
14356,-1.26,-0.13,-0.05,-0.18,-0.21,-0.17
14357,-1.36,-0.13,-0.05,-0.08,-0.11,-0.07
14358,-1.36,-0.02,-0.05,-0.08,-0.11,-0.07
14359,-1.26,-0.02,-0.05,-0.08,-0.21,-0.17
14360,-1.36,-0.13,-0.05,-0.18,-0.11,-0.07
14361,-1.36,-0.13,-0.05,-0.08,-0.21,-0.07
14362,-1.36,-0.02,-0.05,-0.18,-0.11,-0.17
14363,-1.36,-0.02,-0.16,0.03,-0.11,-0.07
14364,-1.36,-0.13,-0.05,0.03,-0.11,-0.17
14365,-1.26,-0.13,-0.05,0.03,-0.11,-0.17
14366,-1.26,-0.02,-0.16,-0.08,-0.00,-0.17
14367,-1.16,-0.02,-0.05,0.03,-0.11,-0.07
14368,-1.26,-0.02,-0.16,0.03,-0.11,-0.07
14369,-1.26,-0.13,-0.05,0.03,-0.11,-0.07
14370,-1.26,-0.13,-0.05,-0.08,-0.11,0.04
14371,-1.16,0.08,-0.05,-0.08,-0.21,-0.17
14372,-1.26,-0.13,-0.05,-0.08,-0.11,-0.17
14373,-1.26,-0.02,-0.05,-0.08,-0.21,-0.07
14374,-1.36,-0.13,-0.05,-0.08,-0.11,0.04
14375,-1.36,-0.13,-0.16,-0.18,-0.00,-0.07
14376,-1.26,-0.02,-0.05,-0.08,-0.21,-0.07
14377,-1.36,-0.02,-0.05,-0.08,-0.21,-0.07
14378,-1.16,-0.02,-0.05,0.03,-0.21,-0.28
14379,-1.26,-0.02,-0.16,0.03,-0.00,-0.07
14380,-1.26,-0.02,-0.05,0.03,-0.11,-0.07
14381,-1.36,-0.13,-0.05,-0.08,-0.11,-0.07
14383,-1.26,-0.13,-0.05,0.03,-0.00,-0.07
14383,-1.26,-0.13,-0.16,-0.08,-0.11,-0.17
14384,-1.36,-0.02,-0.05,-0.08,-0.11,-0.07
14385,-1.26,-0.13,-0.05,-0.18,-0.11,-0.07
14386,-1.26,-0.02,-0.16,-0.08,-0.11,-0.17
14387,-1.26,-0.02,-0.16,-0.08,-0.11,-0.07
14388,-1.36,-0.13,-0.05,0.03,-0.11,-0.17
14389,-1.26,-0.13,-0.05,-0.08,-0.11,-0.07
14390,-1.36,-0.13,-0.05,0.03,-0.21,-0.17
14391,-1.26,-0.13,-0.05,0.03,-0.11,-0.17
14392,-1.36,-0.13,-0.16,0.03,-0.11,-0.07
14393,-1.36,-0.13,-0.16,0.03,-0.11,-0.17
14394,-1.36,-0.13,-0.05,0.03,-0.11,-0.07
14395,-1.26,-0.02,-0.16,-0.08,-0.11,-0.07
14396,-1.26,-0.13,-0.05,-0.08,-0.11,-0.17
14397,-1.26,-0.02,-0.05,-0.08,-0.21,-0.07
14398,-1.26,-0.13,-0.05,-0.08,-0.11,-0.17
14399,-1.26,-0.13,-0.16,-0.08,-0.21,-0.17
14400,-1.26,-0.02,-0.05,-0.08,-0.21,-0.17
14401,-1.26,-0.13,-0.16,-0.18,-0.21,-0.17
14402,-1.26,-0.13,-0.05,-0.08,-0.00,-0.17
14403,-1.26,-0.02,-0.16,0.03,-0.11,-0.28
14404,-1.16,-0.02,-0.05,0.03,-0.21,-0.07
14405,-1.26,-0.02,-0.05,0.03,-0.00,-0.17
14406,-1.36,-0.13,-0.05,-0.08,-0.11,-0.17
14407,-1.26,-0.13,-0.16,0.03,-0.21,-0.17
14408,-1.36,-0.13,-0.05,0.03,-0.00,-0.07
14409,-1.36,-0.02,-0.16,-0.08,-0.11,-0.07
14410,-1.26,-0.13,-0.05,-0.08,-0.11,-0.17
14411,-1.36,-0.13,-0.05,-0.18,-0.11,-0.17
14412,-1.26,-0.13,-0.16,-0.08,-0.11,0.04
14413,-1.36,-0.13,-0.16,-0.08,-0.11,-0.07
14414,-1.26,-0.02,-0.05,0.03,-0.21,-0.07
14415,-1.36,-0.13,-0.05,0.03,-0.31,-0.07
14416,-1.26,-0.02,-0.16,0.03,-0.11,-0.17
14417,-1.26,-0.02,-0.05,0.03,-0.11,-0.07
14419,-1.26,-0.02,-0.05,-0.08,-0.11,-0.17
14419,-1.26,-0.02,-0.05,-0.08,-0.00,-0.17
14420,-1.26,-0.02,-0.05,0.03,-0.11,-0.17
14421,-1.26,-0.13,-0.05,-0.08,-0.11,-0.17
14422,-1.26,-0.13,-0.16,0.03,-0.11,-0.07
14423,-1.36,-0.02,-0.05,-0.08,-0.11,-0.07
14424,-1.36,-0.13,-0.05,-0.08,-0.11,-0.17
14425,-1.36,-0.02,-0.05,0.03,-0.11,-0.28
14426,-1.26,-0.02,-0.05,-0.08,-0.00,-0.17
14427,-1.36,-0.13,-0.05,0.03,-0.11,-0.07
14428,-1.26,-0.02,-0.05,0.03,-0.11,-0.17
14429,-1.36,-0.13,-0.05,-0.08,-0.11,-0.28
14430,-1.36,-0.02,-0.05,-0.08,-0.21,-0.07
14431,-1.36,-0.13,-0.05,0.03,-0.11,-0.07
14432,-1.26,-0.13,-0.16,0.03,-0.21,-0.07
14433,-1.36,-0.02,-0.05,-0.08,-0.21,-0.07
14434,-1.26,-0.02,-0.16,-0.08,-0.21,-0.17
14435,-1.16,-0.13,-0.05,-0.08,-0.11,-0.07
14436,-1.36,0.08,-0.05,0.03,-0.11,-0.17
14437,-1.26,-0.13,-0.05,-0.08,-0.11,0.04
14438,-1.26,-0.02,-0.05,-0.18,-0.21,-0.17
14439,-1.16,-0.02,-0.05,0.03,-0.11,-0.07
14440,-1.26,-0.13,-0.05,-0.08,-0.11,-0.07
14441,-1.36,-0.02,-0.05,-0.08,-0.11,-0.17
14442,-1.26,-0.13,-0.05,0.03,-0.11,-0.07
14443,-1.26,-0.13,-0.05,-0.08,-0.21,-0.17
14444,-1.26,-0.23,-0.16,0.03,-0.21,-0.17
14445,-1.26,-0.02,-0.05,0.03,-0.11,-0.17
14446,-1.26,-0.02,-0.16,-0.08,-0.00,-0.07
14447,-1.26,-0.13,0.05,-0.08,-0.11,-0.17
14448,-1.26,-0.13,-0.05,0.03,-0.11,-0.28
14449,-1.26,-0.02,-0.05,0.03,-0.11,-0.17
14450,-1.16,-0.13,-0.05,-0.08,-0.11,-0.07
14451,-1.26,-0.13,-0.05,0.03,-0.11,-0.17
14452,-1.16,-0.13,-0.05,-0.08,-0.21,0.04
14453,-1.36,-0.13,-0.05,-0.08,-0.00,-0.07
14454,-1.26,-0.13,-0.16,0.03,-0.11,0.04
14455,-1.26,-0.02,-0.05,-0.08,-0.21,-0.17
14456,-1.26,-0.02,-0.16,0.03,-0.21,-0.07
14457,-1.26,-0.13,-0.05,0.03,-0.21,-0.17
14458,-1.26,-0.13,-0.16,0.03,-0.21,-0.17
14459,-1.26,-0.13,0.05,0.03,-0.11,-0.17
14460,-1.36,-0.02,-0.16,-0.08,-0.21,-0.07
14461,-1.26,-0.13,-0.05,-0.08,-0.21,-0.07
14462,-1.36,-0.13,-0.05,-0.08,-0.21,-0.17
14463,-1.26,-0.13,-0.05,-0.18,-0.21,-0.07
14605,-1.26,-0.13,-0.05,0.03,-0.11,-0.07
14606,-1.26,-0.02,-0.16,-0.08,-0.00,-0.17
14607,-1.26,-0.13,-0.05,-0.08,-0.11,-0.07
14608,-1.36,-0.02,-0.05,0.03,-0.11,-0.07
14609,-1.36,-0.13,-0.05,-0.08,-0.21,-0.07
14610,-1.26,-0.13,-0.05,-0.08,-0.11,-0.17
14611,-1.36,-0.02,-0.05,0.03,-0.11,-0.17
14612,-1.36,-0.13,-0.05,0.03,-0.11,-0.07
14613,-1.36,-0.13,-0.16,0.03,-0.00,-0.17
14614,-1.26,-0.13,-0.05,-0.08,-0.11,-0.07
14615,-1.26,-0.02,-0.05,0.03,-0.11,-0.17
14616,-1.26,-0.02,-0.05,0.03,-0.21,-0.07
14618,-1.26,-0.02,-0.16,0.03,-0.00,-0.17
14618,-1.36,-0.02,-0.16,0.03,-0.00,-0.07
14619,-1.26,-0.23,-0.05,-0.08,-0.00,0.04
14620,-1.26,-0.13,-0.05,-0.08,-0.11,-0.07
14621,-1.36,-0.13,-0.16,0.03,-0.00,-0.07
14622,-1.26,-0.13,-0.05,0.03,-0.11,-0.07
14623,-1.26,-0.02,-0.05,0.03,-0.11,-0.17
14624,-1.26,-0.13,-0.16,-0.08,-0.00,-0.28
14625,-1.26,-0.13,-0.05,0.13,-0.21,-0.07
14626,-1.26,-0.02,-0.05,0.03,-0.11,-0.28
14627,-1.26,-0.02,-0.05,-0.08,-0.21,-0.17
14628,-1.26,-0.02,-0.05,-0.08,-0.00,0.04
14629,-1.26,-0.02,-0.16,-0.08,-0.11,-0.07
14630,-1.36,-0.02,-0.05,-0.08,-0.11,-0.17
14631,-1.26,0.08,-0.05,0.03,-0.21,-0.17
14632,-1.26,-0.13,-0.05,0.03,-0.11,-0.17
14633,-1.26,-0.13,-0.05,-0.08,-0.11,-0.17
14634,-1.26,-0.02,-0.05,0.03,-0.11,-0.28
14635,-1.26,-0.13,-0.05,-0.08,-0.11,0.04
14636,-1.26,-0.02,-0.05,0.03,-0.11,-0.17
14637,-1.36,-0.13,-0.05,0.03,-0.00,-0.07
14638,-1.26,-0.02,-0.05,0.13,-0.11,-0.07
14639,-1.36,-0.02,-0.16,-0.08,-0.11,-0.17
14640,-1.26,-0.02,-0.05,-0.08,-0.11,-0.17
14641,-1.26,-0.02,-0.16,0.03,-0.11,-0.17
14642,-1.26,-0.13,-0.05,0.03,-0.00,-0.07
14643,-1.26,-0.02,-0.05,-0.08,-0.11,-0.07
14644,-1.36,-0.02,-0.16,0.03,-0.00,-0.07
14645,-1.26,-0.02,-0.05,0.03,-0.11,-0.17
14646,-1.36,-0.13,-0.05,0.03,-0.11,-0.17
14647,-1.26,-0.13,-0.05,0.03,-0.00,-0.07
14648,-1.36,-0.02,-0.05,-0.18,-0.31,-0.17
14649,-1.26,-0.13,-0.05,-0.08,-0.00,-0.17
14650,-1.16,-0.13,-0.16,0.03,-0.00,-0.17
14651,-1.47,-0.13,-0.05,-0.08,-0.00,0.04
14652,-1.36,-0.02,-0.05,0.03,-0.21,-0.17
14653,-1.16,-0.13,-0.05,-0.08,-0.21,-0.17
14654,-1.26,-0.13,-0.16,-0.08,-0.11,-0.17
14655,-1.26,-0.13,-0.05,-0.08,-0.11,-0.07
14656,-1.26,-0.13,-0.05,-0.08,-0.11,-0.07
14657,-1.36,-0.13,-0.05,-0.18,-0.11,-0.28
14658,-1.26,-0.13,-0.05,0.03,-0.21,-0.17
14659,-1.36,-0.13,-0.16,0.03,-0.00,-0.07
14660,-1.26,-0.02,-0.05,0.03,-0.00,-0.17
14661,-1.26,-0.02,-0.16,-0.08,-0.11,-0.07
14662,-1.36,-0.13,-0.05,-0.08,-0.11,-0.07
14663,-1.36,-0.13,-0.05,-0.08,-0.11,-0.07
14664,-1.36,-0.02,-0.16,-0.08,-0.00,-0.17
14665,-1.26,-0.13,-0.16,0.03,-0.11,-0.17
14666,-1.26,-0.13,-0.16,0.03,-0.21,-0.07
14667,-1.36,-0.02,-0.16,-0.08,-0.11,-0.07
14668,-1.26,-0.13,-0.05,0.03,-0.11,0.04
14669,-1.36,-0.13,-0.05,0.03,-0.11,-0.17
14670,-1.26,-0.13,-0.05,-0.08,-0.00,-0.07
14671,-1.16,-0.02,-0.05,-0.08,-0.21,-0.17
14672,-1.26,-0.13,-0.05,-0.08,-0.11,-0.07
14673,-1.26,-0.13,-0.16,0.03,-0.11,-0.07
14674,-1.16,-0.13,-0.05,-0.08,-0.11,-0.17
14675,-1.26,0.08,-0.16,-0.08,-0.21,-0.28
14676,-1.36,-0.13,-0.05,-0.08,-0.11,-0.17
14677,-1.26,-0.13,-0.05,-0.08,-0.11,-0.17
14678,-1.26,-0.02,-0.16,0.03,-0.11,-0.17
14679,-1.26,-0.02,-0.16,0.03,-0.11,-0.07
14680,-1.26,-0.02,-0.05,0.13,-0.21,-0.17
14681,-1.26,-0.02,-0.05,0.03,-0.21,0.04
14682,-1.36,-0.02,-0.05,-0.08,-0.11,-0.07
14683,-1.26,-0.13,-0.05,0.13,-0.21,-0.17
14684,-1.26,-0.02,-0.05,0.13,-0.21,-0.17
14685,-1.36,-0.13,-0.05,-0.08,-0.11,-0.07
14686,-1.36,-0.13,-0.05,0.03,-0.11,-0.17
14687,-1.26,-0.13,-0.05,0.03,-0.21,-0.17
14688,-1.26,-0.02,-0.05,-0.08,-0.11,-0.17
14689,-1.36,-0.13,-0.16,-0.08,-0.11,-0.17
14690,-1.26,-0.02,-0.05,-0.18,-0.21,0.04
14691,-1.36,-0.13,-0.16,-0.08,-0.31,-0.07
14692,-1.26,-0.13,-0.16,0.03,-0.11,-0.17
14693,-1.26,-0.02,0.05,-0.08,-0.21,-0.07
14694,-1.26,-0.13,-0.05,0.03,-0.21,-0.07
14695,-1.36,-0.13,-0.05,-0.08,-0.11,-0.07
14696,-1.26,-0.13,-0.16,0.03,-0.11,-0.17
14697,-1.36,-0.13,-0.05,-0.08,-0.11,-0.07
14698,-1.26,-0.13,-0.05,0.03,-0.11,-0.17
14699,-1.26,-0.13,-0.05,-0.08,-0.00,-0.07
14700,-1.36,-0.13,-0.05,0.03,-0.11,0.04
14701,-1.26,-0.02,-0.05,-0.08,-0.21,-0.17
14702,-1.36,-0.13,-0.16,0.03,-0.11,-0.17
14703,-1.36,-0.02,0.05,-0.08,-0.11,-0.07
14704,-1.36,-0.13,-0.05,-0.08,-0.11,-0.07
14705,-1.26,-0.13,-0.05,0.03,-0.11,-0.17
14706,-1.36,-0.13,-0.05,-0.08,-0.11,-0.17
14707,-1.26,-0.13,-0.05,-0.08,-0.11,-0.17
14708,-1.26,-0.02,-0.05,-0.08,-0.11,-0.07
14709,-1.26,-0.02,-0.05,-0.08,-0.11,-0.07
14710,-1.26,-0.13,-0.05,0.03,-0.00,-0.17
14711,-1.16,-0.13,-0.05,0.03,-0.21,-0.07
14712,-1.26,-0.02,-0.05,0.03,-0.21,-0.07
14713,-1.26,-0.13,-0.05,0.03,-0.11,-0.17
14714,-1.26,-0.02,-0.05,0.03,-0.21,-0.07
14715,-1.36,-0.02,-0.16,0.03,-0.11,-0.17
14716,-1.36,-0.02,-0.05,-0.08,-0.00,-0.07
14717,-1.26,-0.02,-0.05,0.03,-0.21,-0.17
14718,-1.26,-0.13,-0.05,0.03,-0.21,-0.07
14719,-1.26,-0.02,-0.05,0.03,-0.11,-0.17
14720,-1.36,-0.13,-0.16,-0.08,-0.00,-0.07
14721,-1.26,-0.23,-0.05,-0.08,-0.11,-0.17
14722,-1.26,-0.13,-0.05,-0.18,-0.11,-0.07
14723,-1.26,-0.02,-0.16,-0.08,-0.21,-0.17
14724,-1.26,-0.02,-0.05,0.03,-0.00,-0.17
14725,-1.36,-0.02,-0.05,-0.08,-0.11,-0.07
14726,-1.26,-0.23,-0.05,0.03,-0.11,-0.17
14727,-1.26,-0.13,-0.05,-0.08,-0.11,-0.07
14728,-1.26,-0.13,-0.05,-0.08,-0.11,-0.17
14729,-1.26,-0.02,-0.05,0.03,-0.21,-0.28
14730,-1.36,-0.02,-0.16,0.03,-0.21,-0.07
14731,-1.36,-0.13,-0.05,0.03,-0.11,-0.17
14732,-1.36,-0.02,-0.05,0.03,-0.21,-0.17
14733,-1.26,-0.02,-0.05,-0.08,-0.11,-0.17
14734,-1.26,-0.13,-0.05,0.03,-0.11,-0.07
14735,-1.36,-0.13,-0.16,0.13,-0.11,-0.17
14736,-1.26,-0.02,-0.16,-0.08,-0.21,-0.07
14737,-1.26,-0.13,-0.05,0.03,-0.11,-0.17
14738,-1.26,-0.13,-0.05,-0.08,-0.11,-0.07
14739,-1.36,-0.02,-0.05,-0.08,-0.21,-0.17
14740,-1.26,-0.13,-0.05,0.03,-0.00,-0.17
14741,-1.26,-0.13,-0.16,0.13,-0.11,-0.17
14742,-1.26,-0.13,-0.05,0.03,-0.11,-0.28
14743,-1.26,-0.02,-0.05,0.13,-0.00,-0.07
14744,-1.26,-0.13,-0.16,-0.08,-0.11,-0.17
14745,-1.26,-0.13,-0.16,-0.08,-0.21,-0.17
14746,-1.36,-0.02,-0.05,-0.08,-0.00,-0.28
14747,-1.36,-0.13,-0.16,0.13,-0.21,-0.07
14748,-1.26,-0.02,-0.05,-0.08,-0.11,0.04
14749,-1.26,-0.02,-0.05,0.03,-0.11,-0.17
14750,-1.26,-0.02,-0.05,0.03,-0.00,-0.17
14751,-1.26,-0.02,-0.05,-0.08,-0.21,-0.17
14752,-1.36,-0.13,-0.05,0.03,-0.11,-0.17
14753,-1.36,-0.02,-0.16,0.03,-0.21,-0.17
14754,-1.26,-0.13,-0.05,-0.08,-0.11,-0.17
14755,-1.26,-0.02,-0.05,-0.18,-0.11,-0.17
14756,-1.36,-0.02,-0.05,0.03,-0.21,-0.17
14757,-1.26,-0.02,-0.05,-0.08,-0.11,-0.17
14758,-1.36,-0.02,-0.16,0.03,-0.21,-0.17
14759,-1.26,-0.13,-0.05,0.13,-0.21,-0.17
14760,-1.36,-0.02,-0.16,-0.18,-0.11,-0.07
14761,-1.16,-0.13,-0.05,-0.08,-0.00,-0.07
14762,-1.36,-0.02,-0.16,0.03,-0.11,0.04
14763,-1.36,-0.02,-0.05,0.03,-0.21,-0.07
14764,-1.16,-0.02,-0.05,0.03,-0.11,-0.07
14765,-1.36,-0.13,-0.05,-0.08,-0.21,-0.17
14766,-1.36,-0.13,-0.16,0.03,-0.00,-0.07
14767,-1.26,-0.13,-0.05,-0.08,-0.11,-0.17
14768,-1.26,-0.02,-0.16,0.03,-0.11,-0.17
14769,-1.26,-0.02,-0.05,-0.08,-0.11,-0.28
14770,-1.26,-0.02,-0.05,0.03,-0.11,-0.17
14771,-1.26,-0.13,-0.05,-0.08,-0.11,-0.28
14772,-1.26,-0.13,-0.16,0.03,-0.21,-0.17
14773,-1.26,-0.02,-0.16,-0.08,-0.11,-0.07
14946,-1.26,-0.13,-0.05,-0.08,-0.21,-0.17
14947,-1.26,-0.02,-0.05,-0.08,-0.11,-0.28
14948,-1.26,-0.13,-0.05,-0.08,-0.00,-0.07
14949,-1.26,-0.13,-0.05,0.03,-0.11,-0.17
14950,-1.36,-0.02,-0.16,-0.08,-0.11,-0.07
14951,-1.36,-0.13,-0.16,0.03,-0.11,-0.17
14952,-1.26,-0.13,-0.05,0.03,-0.11,-0.07
14953,-1.36,-0.13,-0.05,-0.08,-0.21,-0.17
14954,-1.36,-0.13,-0.05,-0.08,-0.11,-0.17
14955,-1.26,-0.02,-0.16,-0.08,-0.21,-0.17
14956,-1.26,-0.13,-0.16,-0.08,-0.11,-0.07
14957,-1.26,-0.02,-0.05,0.13,-0.11,-0.17
14958,-1.36,-0.02,-0.05,0.03,-0.11,-0.07
14959,-1.36,-0.02,-0.16,-0.08,-0.11,-0.07
14960,-1.26,-0.13,-0.16,0.03,-0.11,-0.07
14961,-1.26,-0.13,-0.05,0.03,-0.11,-0.07
14962,-1.36,-0.13,-0.16,-0.08,-0.11,0.04
14963,-1.26,-0.23,-0.05,0.03,-0.11,-0.07
14964,-1.36,-0.13,-0.05,0.03,-0.11,-0.17
14965,-1.26,-0.02,-0.05,0.03,-0.21,-0.07
14966,-1.26,-0.13,-0.16,0.03,-0.11,-0.07
14967,-1.36,-0.02,-0.05,-0.08,-0.21,-0.17
14968,-1.26,-0.13,-0.16,-0.08,-0.11,-0.17
14969,-1.26,-0.13,-0.16,0.03,-0.11,-0.07
14970,-1.26,-0.02,-0.05,0.03,-0.11,-0.17
14971,-1.26,-0.13,-0.05,-0.18,-0.11,-0.17
14972,-1.26,-0.13,-0.16,0.03,-0.11,-0.17
14973,-1.36,0.08,-0.05,0.03,-0.00,-0.17
14974,-1.36,-0.02,-0.05,-0.08,-0.11,-0.17
14975,-1.26,-0.02,-0.05,-0.08,-0.21,-0.17
14976,-1.26,-0.02,-0.05,-0.18,-0.11,-0.17
14977,-1.36,-0.02,-0.05,0.03,-0.21,-0.07
14978,-1.26,-0.02,-0.05,0.03,-0.21,-0.07
14979,-1.36,-0.02,-0.05,-0.08,-0.21,-0.17
14980,-1.26,-0.02,-0.05,-0.08,-0.21,-0.07
14981,-1.26,-0.13,-0.05,-0.08,-0.11,-0.17
14982,-1.36,-0.13,-0.05,0.03,-0.11,-0.17
14983,-1.26,-0.02,-0.05,-0.08,-0.11,-0.17
14984,-1.26,-0.02,-0.05,0.03,-0.11,-0.28
14985,-1.26,-0.02,-0.05,0.03,-0.21,-0.28
14986,-1.36,-0.13,-0.05,-0.08,-0.11,-0.17
14987,-1.26,-0.02,-0.05,-0.08,-0.11,-0.17
14988,-1.36,-0.13,-0.05,-0.08,-0.11,-0.17
14989,-1.26,-0.13,-0.05,-0.08,-0.00,-0.07
14990,-1.26,-0.13,-0.05,-0.08,-0.00,-0.07
14991,-1.36,-0.02,-0.05,-0.08,-0.11,-0.07
14992,-1.26,-0.02,-0.05,0.03,-0.21,-0.17
14993,-1.36,-0.13,-0.05,0.03,-0.11,-0.17
14994,-1.36,-0.13,-0.16,0.03,-0.11,-0.17
14995,-1.26,-0.02,-0.05,-0.08,-0.11,-0.28
14996,-1.16,-0.13,-0.05,0.03,-0.21,-0.28
14997,-1.36,-0.02,-0.05,0.03,-0.00,-0.17
14998,-1.36,-0.02,-0.05,0.03,-0.11,-0.28
14999,-1.26,-0.02,-0.16,0.03,-0.11,0.04
15000,-1.26,-0.23,-0.05,0.03,-0.21,-0.17
15001,-1.36,-0.13,-0.05,-0.08,-0.21,-0.17
15002,-1.26,-0.13,-0.05,-0.08,-0.21,-0.17
15003,-1.26,-0.02,-0.05,-0.18,-0.11,-0.17
15004,-1.36,-0.13,-0.16,0.03,-0.00,-0.17
15005,-1.26,-0.13,-0.05,-0.08,-0.11,-0.17
15006,-1.26,-0.13,-0.16,-0.08,-0.11,-0.07
15007,-1.26,-0.13,-0.16,-0.08,-0.11,-0.07
15008,-1.36,-0.13,-0.05,0.03,-0.11,-0.17
15009,-1.26,-0.02,-0.05,-0.08,-0.11,-0.17
15010,-1.16,-0.13,-0.05,0.03,-0.11,-0.07
15011,-1.26,-0.02,-0.05,0.13,-0.21,-0.07
15012,-1.36,-0.02,-0.05,-0.08,-0.11,-0.17
15013,-1.36,-0.02,-0.16,-0.08,-0.11,-0.07
15014,-1.16,-0.02,-0.05,0.03,-0.21,-0.07
15015,-1.36,-0.13,-0.05,0.03,-0.11,-0.07
15016,-1.26,-0.13,-0.16,0.03,-0.11,0.04
15017,-1.26,-0.02,-0.05,-0.08,-0.21,-0.07
15018,-1.26,-0.02,-0.05,-0.08,-0.31,-0.17
15019,-1.36,-0.13,-0.05,-0.08,-0.21,-0.17
15020,-1.26,-0.13,-0.05,0.03,-0.11,-0.17
15021,-1.26,-0.13,-0.16,0.03,-0.11,-0.07
15022,-1.26,-0.02,-0.05,-0.08,-0.21,-0.17
15023,-1.26,-0.13,-0.16,0.03,-0.11,-0.17
15024,-1.26,-0.13,-0.16,-0.08,-0.00,-0.07
15025,-1.26,-0.13,-0.16,-0.08,-0.11,0.04
15026,-1.26,-0.02,-0.16,0.03,-0.21,-0.17
15027,-1.26,-0.13,-0.05,-0.08,-0.00,-0.17
15028,-1.36,-0.13,-0.05,0.03,-0.11,-0.07
15029,-1.36,-0.13,-0.16,-0.08,-0.00,-0.17
15030,-1.26,-0.02,-0.05,-0.08,-0.21,-0.17
15031,-1.26,-0.13,-0.05,0.03,-0.21,-0.07
15032,-1.26,-0.02,-0.05,-0.08,-0.11,-0.07
15033,-1.36,-0.13,-0.05,-0.08,-0.11,-0.07
15034,-1.26,-0.13,-0.05,0.03,-0.11,0.04
15035,-1.26,-0.02,-0.05,0.03,-0.11,-0.07
15036,-1.26,-0.13,-0.16,-0.08,-0.11,-0.17
15037,-1.36,-0.13,-0.05,-0.08,-0.11,-0.17
15038,-1.36,-0.13,-0.05,-0.08,-0.21,-0.17
15039,-1.36,-0.13,-0.05,0.03,-0.11,-0.07
15040,-1.36,-0.13,-0.16,0.03,-0.11,-0.17
15041,-1.26,-0.02,-0.16,-0.08,-0.11,-0.17
15042,-1.16,0.08,-0.05,-0.08,-0.21,-0.28
15043,-1.26,-0.02,-0.05,-0.08,-0.21,-0.17
15044,-1.36,-0.13,-0.05,0.03,-0.11,-0.17
15045,-1.26,-0.13,-0.05,0.03,-0.11,-0.17
15046,-1.26,-0.02,-0.05,-0.18,-0.11,-0.07
15047,-1.26,-0.13,-0.16,0.03,-0.11,0.04
15048,-1.36,-0.13,-0.05,-0.08,-0.11,-0.17
15049,-1.26,-0.13,-0.16,-0.08,-0.11,-0.07
15050,-1.36,-0.02,-0.16,-0.08,-0.11,-0.07
15051,-1.36,-0.13,-0.05,0.03,-0.11,0.04
15052,-1.26,-0.13,-0.05,-0.08,-0.11,-0.07
15053,-1.26,-0.02,-0.05,-0.08,0.10,-0.17
15054,-1.26,-0.13,-0.05,-0.08,-0.00,-0.17
15055,-1.36,-0.13,-0.05,-0.08,-0.00,-0.07
15056,-1.36,-0.02,-0.05,-0.08,-0.21,-0.17
15057,-1.36,-0.02,-0.16,-0.08,-0.11,-0.07
15058,-1.36,-0.02,-0.05,0.03,-0.11,0.04
15059,-1.26,-0.13,-0.05,-0.08,-0.21,-0.17
15060,-1.36,-0.13,-0.05,-0.08,-0.00,-0.07
15061,-1.26,-0.02,-0.16,0.03,-0.11,-0.07
15062,-1.36,-0.13,-0.05,-0.08,0.10,-0.17
15063,-1.36,-0.02,-0.05,-0.18,-0.11,-0.17
15064,-1.26,-0.13,-0.05,0.03,-0.21,-0.17
15065,-1.26,-0.02,-0.05,0.03,-0.21,-0.17
15066,-1.26,-0.02,-0.05,-0.08,-0.21,-0.17
15067,-1.26,-0.02,-0.05,-0.08,-0.21,-0.07
15068,-1.26,-0.02,-0.16,-0.08,-0.11,-0.07
15069,-1.36,-0.02,-0.05,0.03,-0.21,-0.07
15070,-1.26,-0.13,-0.05,0.03,-0.21,-0.07
15071,-1.36,-0.13,-0.05,-0.08,-0.11,-0.07
15072,-1.26,-0.13,-0.05,0.03,-0.11,-0.07
15073,-1.26,-0.02,-0.05,0.03,-0.00,-0.07
15074,-1.26,-0.13,-0.16,-0.08,-0.11,-0.28
15075,-1.36,-0.02,-0.05,-0.08,-0.21,-0.17
15076,-1.26,-0.13,-0.05,-0.08,-0.11,-0.07
15077,-1.26,-0.13,-0.16,-0.08,-0.11,-0.17
15078,-1.36,-0.02,-0.05,-0.08,-0.21,-0.17
15079,-1.26,-0.13,-0.05,-0.18,-0.11,-0.07
15080,-1.26,-0.02,-0.16,0.03,-0.21,-0.07
15081,-1.26,-0.02,-0.16,-0.08,-0.21,-0.07
15082,-1.36,-0.13,-0.05,0.03,-0.11,-0.07
15083,-1.36,-0.02,-0.16,0.03,-0.11,-0.07
15084,-1.26,-0.13,-0.05,0.03,-0.00,-0.17
15085,-1.26,-0.13,-0.05,-0.08,-0.00,-0.07
15086,-1.26,-0.02,-0.05,-0.18,-0.11,-0.17
15087,-1.36,-0.02,-0.16,-0.08,-0.21,-0.17
15088,-1.26,-0.02,-0.05,0.13,-0.21,-0.17
15089,-1.26,-0.02,-0.05,-0.08,-0.11,-0.07
15090,-1.26,-0.13,-0.16,0.03,-0.11,-0.07
15091,-1.26,-0.13,-0.16,0.03,-0.11,-0.17
15092,-1.26,-0.02,-0.05,-0.08,-0.11,-0.07
15093,-1.26,-0.13,-0.16,0.03,-0.11,-0.07
15094,-1.36,-0.02,-0.05,0.03,-0.11,-0.17
15095,-1.26,-0.02,-0.05,0.03,-0.11,-0.07
15096,-1.26,-0.02,-0.16,0.03,-0.11,-0.28
15097,-1.26,-0.23,-0.05,-0.08,-0.21,-0.07
15098,-1.47,-0.13,-0.16,0.03,-0.00,-0.07
15099,-1.26,-0.13,-0.16,0.03,-0.00,-0.07
15100,-1.26,-0.13,-0.16,-0.08,-0.21,-0.17
15101,-1.36,-0.13,-0.05,0.03,-0.11,-0.07
15102,-1.26,-0.02,-0.05,-0.08,-0.21,-0.07
15103,-1.26,-0.02,-0.05,0.03,-0.11,-0.17
15104,-1.26,-0.13,-0.05,0.03,-0.00,-0.17
15105,-1.36,-0.13,-0.05,-0.08,-0.11,-0.07
15106,-1.26,-0.13,-0.05,-0.08,-0.21,-0.17
15107,-1.26,-0.13,-0.05,-0.08,-0.21,-0.17
15108,-1.36,-0.02,-0.05,-0.08,-0.00,-0.07
15109,-1.47,-0.13,-0.05,-0.08,-0.11,-0.17
15110,-1.26,-0.02,-0.05,0.03,-0.11,-0.07
15111,-1.26,-0.02,-0.05,0.03,-0.11,-0.17
15112,-1.26,-0.13,-0.16,-0.08,-0.11,-0.07
15113,-1.36,-0.13,-0.05,-0.08,-0.11,-0.17
15114,-1.36,-0.13,-0.05,0.03,-0.21,-0.07
15115,-1.26,-0.02,-0.16,0.03,-0.21,-0.28
15116,-1.26,0.08,-0.05,-0.08,-0.21,-0.17
15117,-1.16,-0.02,-0.05,-0.18,-0.11,-0.17
15118,-1.16,-0.13,-0.05,0.03,-0.11,-0.07
15119,-1.36,-0.02,-0.16,-0.08,-0.11,-0.07
15120,-1.26,-0.02,-0.05,-0.08,-0.21,-0.17
15121,-1.26,-0.02,-0.05,0.03,-0.11,-0.17
15122,-1.26,-0.13,-0.05,-0.18,-0.11,-0.17
15123,-1.26,-0.02,-0.16,-0.08,-0.11,-0.17
15124,-1.26,-0.13,-0.16,-0.08,-0.11,-0.17
15125,-1.26,-0.13,-0.16,0.13,-0.21,-0.17
15126,-1.26,-0.02,-0.05,-0.08,-0.31,-0.17
15127,-1.16,-0.13,-0.16,-0.08,-0.11,-0.17
15128,-1.36,-0.13,-0.05,0.03,-0.11,-0.17
15129,-1.26,-0.02,-0.16,-0.08,-0.11,-0.07
15130,-1.36,-0.02,-0.05,-0.08,-0.11,-0.07
15131,-1.26,-0.13,-0.16,0.03,-0.11,-0.07
15132,-1.26,-0.02,-0.05,0.03,-0.21,-0.17
15133,-1.26,-0.13,-0.16,-0.08,-0.11,0.04
15134,-1.36,-0.13,-0.05,-0.08,-0.11,-0.17
15135,-1.26,-0.02,-0.05,0.03,-0.11,-0.17
15136,-1.26,-0.13,-0.05,0.03,-0.21,-0.07
15137,-1.26,-0.02,-0.16,0.03,-0.11,-0.17
15138,-1.26,-0.13,-0.16,0.13,-0.21,0.04
15139,-1.36,-0.13,-0.16,-0.08,-0.00,0.04
15140,-1.26,-0.02,-0.16,-0.18,-0.11,-0.07
15141,-1.26,-0.13,-0.05,-0.08,-0.21,-0.17
15142,-1.26,-0.13,-0.16,0.03,-0.21,-0.28
15143,-1.26,-0.23,-0.16,0.03,-0.11,-0.07
15144,-1.26,-0.02,-0.05,-0.08,-0.21,-0.17
15145,-1.26,-0.13,-0.05,-0.08,-0.11,-0.07
15146,-1.26,-0.02,-0.16,-0.08,-0.21,-0.07
15147,-1.36,-0.13,-0.05,-0.08,-0.21,-0.17
15148,-1.26,-0.13,-0.05,0.03,-0.00,-0.17
15149,-1.26,-0.02,-0.05,-0.08,-0.00,-0.17
15150,-1.26,-0.02,-0.05,-0.08,-0.11,-0.17
15151,-1.36,-0.02,-0.05,-0.18,-0.11,-0.17
15152,-1.36,-0.13,-0.05,0.03,-0.11,-0.17
15153,-1.26,-0.13,-0.05,-0.08,-0.21,-0.07
15154,-1.26,-0.02,-0.05,-0.08,-0.11,-0.17
15155,-1.26,-0.13,-0.16,-0.08,-0.21,-0.07
15156,-1.26,-0.02,-0.05,-0.08,-0.11,-0.17
15157,-1.36,-0.02,-0.05,0.03,-0.21,-0.17
15158,-1.26,-0.02,-0.05,-0.08,-0.21,-0.28
15159,-1.26,-0.13,-0.05,-0.08,-0.21,-0.17
15160,-1.26,-0.02,-0.05,0.03,-0.31,-0.17
15161,-1.26,-0.02,-0.05,0.13,-0.11,-0.07
15162,-1.36,0.08,-0.05,0.03,-0.11,-0.17
15163,-1.26,-0.02,-0.16,0.03,-0.11,0.04
15164,-1.16,-0.02,-0.05,0.03,-0.11,-0.07
15165,-1.36,-0.13,-0.05,0.03,-0.21,-0.17
15166,-1.36,-0.13,-0.05,-0.08,-0.21,-0.07
15167,-1.26,-0.13,-0.16,0.03,-0.11,-0.17
15168,-1.26,-0.02,-0.05,-0.08,-0.21,-0.17
15169,-1.16,-0.13,-0.05,-0.08,-0.11,-0.17
15170,-1.36,-0.02,-0.05,0.03,-0.11,0.04
15171,-1.16,-0.13,-0.16,0.03,-0.11,-0.07
15172,-1.26,-0.02,-0.16,-0.08,-0.11,-0.07
15173,-1.26,-0.02,-0.05,0.13,-0.11,-0.07
15174,-1.36,-0.13,-0.05,-0.08,-0.11,-0.07
15175,-1.26,-0.13,-0.05,-0.18,-0.11,-0.07
15176,-1.26,-0.13,-0.16,0.03,-0.21,-0.07
15177,-1.26,-0.02,-0.16,0.03,-0.21,-0.07
15178,-1.26,-0.13,-0.05,0.03,-0.00,-0.17
15179,-1.26,-0.13,-0.05,-0.08,-0.11,-0.07
15180,-1.26,-0.13,-0.05,0.03,-0.11,-0.17
15181,-1.36,-0.13,-0.05,-0.08,-0.11,-0.17
15182,-1.26,-0.02,-0.05,0.03,-0.11,-0.17
15183,-1.36,-0.13,-0.16,0.03,-0.11,-0.07
15184,-1.36,-0.13,-0.05,-0.08,-0.11,-0.07
15185,-1.36,-0.02,-0.05,0.03,-0.11,-0.17
15186,-1.26,-0.02,-0.05,0.03,-0.21,-0.17
15187,-1.16,-0.02,-0.05,-0.08,-0.21,-0.07
15188,-1.26,-0.02,-0.05,-0.08,-0.21,-0.07
15189,-1.36,-0.02,-0.05,0.03,-0.11,-0.17
15190,-1.16,-0.02,-0.16,-0.08,-0.11,-0.07
15191,-1.36,-0.02,-0.05,0.03,-0.11,-0.07
15192,-1.26,-0.02,-0.16,0.03,-0.11,-0.17
15193,-1.26,-0.13,-0.05,0.03,-0.21,-0.07
15194,-1.26,-0.02,-0.05,-0.08,-0.11,-0.28
15195,-1.36,-0.13,-0.16,-0.08,-0.21,0.04
15196,-1.36,-0.13,-0.05,0.03,-0.11,-0.17
15197,-1.26,-0.13,-0.05,0.03,-0.21,-0.17
15198,-1.26,-0.02,-0.05,-0.08,-0.11,-0.17
15199,-1.26,-0.13,-0.05,0.03,-0.11,-0.07
15200,-1.36,-0.02,-0.05,0.03,-0.11,-0.17
15201,-1.36,-0.02,-0.05,0.13,-0.11,-0.17
15202,-1.26,-0.02,-0.05,-0.18,-0.21,-0.17
15203,-1.26,-0.02,-0.16,0.03,-0.11,-0.07
15204,-1.26,-0.02,-0.05,-0.08,-0.21,-0.07
15205,-1.36,-0.13,-0.05,0.03,-0.11,-0.07
15206,-1.26,-0.02,-0.05,-0.08,-0.11,-0.17
15207,-1.26,-0.02,-0.16,0.03,-0.11,-0.17
15208,-1.26,-0.02,-0.16,-0.08,-0.11,-0.28
15209,-1.16,-0.02,-0.05,-0.18,-0.00,-0.07
15210,-1.26,-0.13,-0.05,-0.18,-0.21,-0.17
15211,-1.36,-0.13,-0.05,-0.08,-0.11,-0.07
15212,-1.26,-0.13,-0.16,-0.08,-0.11,0.04
15213,-1.16,-0.02,-0.16,0.03,-0.21,0.04
15214,-1.36,-0.02,-0.05,-0.08,-0.31,-0.17
15215,-1.36,-0.13,-0.05,-0.08,-0.21,-0.07
15216,-1.26,-0.13,-0.05,-0.08,-0.21,-0.28
15217,-1.36,-0.13,-0.05,0.13,-0.11,-0.07
15404,-1.26,-0.23,-0.05,0.03,-0.11,-0.17
15405,-1.26,-0.13,-0.05,-0.08,-0.11,-0.07
15406,-1.36,-0.02,-0.05,-0.08,-0.11,-0.07
15407,-1.36,-0.13,-0.16,0.03,-0.11,-0.17
15408,-1.26,-0.13,-0.05,0.03,-0.00,-0.07
15409,-1.26,-0.13,-0.05,-0.08,-0.11,0.04
15410,-1.26,-0.13,-0.16,0.03,-0.11,-0.07
15411,-1.26,-0.02,-0.05,-0.08,-0.11,-0.07
15412,-1.26,-0.02,-0.05,-0.08,-0.11,-0.07
15413,-1.26,-0.13,-0.05,0.03,-0.21,-0.07
15414,-1.26,-0.02,-0.16,0.03,-0.11,-0.38
15415,-1.26,-0.13,-0.16,-0.08,-0.11,0.04
15416,-1.26,-0.02,-0.05,-0.08,-0.11,-0.17
15417,-1.36,-0.02,-0.05,-0.18,-0.21,-0.17
15418,-1.26,-0.02,-0.05,0.03,-0.11,-0.17
15419,-1.26,-0.02,-0.05,-0.08,-0.11,-0.07
15420,-1.26,-0.02,-0.05,-0.08,-0.11,-0.07
15421,-1.26,-0.02,-0.16,-0.08,-0.21,0.04
15422,-1.26,-0.02,-0.05,-0.08,-0.21,-0.07
15423,-1.26,-0.02,-0.05,0.03,-0.21,-0.07
15424,-1.26,-0.02,-0.05,0.03,-0.11,-0.07
15425,-1.26,-0.02,-0.16,-0.08,-0.11,-0.28
15426,-1.26,-0.02,-0.05,-0.08,-0.11,-0.17
15427,-1.36,-0.13,-0.05,-0.08,-0.11,-0.07
15428,-1.26,-0.13,-0.05,0.03,-0.21,-0.07
15429,-1.26,-0.02,-0.05,0.03,-0.21,-0.17
15430,-1.26,-0.02,-0.05,-0.08,-0.11,-0.17
15431,-1.36,-0.02,-0.05,-0.08,-0.11,-0.07
15432,-1.26,-0.13,-0.05,0.13,-0.21,-0.07
15433,-1.26,-0.13,-0.05,0.03,-0.11,-0.07
15434,-1.26,-0.13,-0.05,-0.08,-0.21,-0.17
15435,-1.26,-0.02,-0.05,-0.08,-0.31,-0.07
15436,-1.36,-0.13,-0.05,0.13,-0.11,-0.07
15437,-1.26,-0.13,-0.05,-0.08,-0.00,-0.07
15438,-1.26,-0.13,-0.05,0.03,-0.21,-0.28
15439,-1.26,-0.02,-0.05,-0.18,-0.11,-0.07
15440,-1.16,-0.02,-0.16,-0.08,-0.11,-0.07
15441,-1.36,-0.02,-0.16,0.03,-0.00,-0.28
15442,-1.26,-0.13,-0.16,0.03,-0.11,-0.07
15443,-1.36,-0.02,-0.05,-0.18,-0.21,-0.07
15444,-1.36,-0.13,-0.05,-0.08,-0.21,-0.07
15445,-1.36,-0.13,-0.05,0.03,-0.11,-0.07
15446,-1.16,-0.13,-0.05,-0.08,-0.11,-0.17
15447,-1.26,-0.02,-0.16,0.03,-0.00,-0.17
15448,-1.26,-0.02,-0.05,0.03,-0.00,-0.07
15449,-1.36,-0.02,-0.16,0.03,-0.00,-0.17
15450,-1.36,-0.02,-0.05,-0.08,-0.21,-0.07
15451,-1.26,-0.13,-0.05,0.03,-0.11,0.04
15452,-1.26,-0.13,-0.05,-0.08,-0.11,-0.07
15453,-1.26,-0.02,-0.05,-0.08,-0.11,-0.17
15454,-1.26,-0.02,-0.05,0.03,-0.11,-0.07
15455,-1.26,-0.02,-0.16,0.03,-0.11,-0.07
15456,-1.26,-0.02,-0.05,0.03,-0.11,-0.07
15457,-1.26,-0.13,-0.05,0.03,-0.21,-0.17
15458,-1.36,-0.02,-0.16,0.03,-0.11,-0.28
15459,-1.36,-0.13,-0.05,0.03,-0.11,-0.17
15460,-1.26,-0.13,-0.16,-0.08,-0.11,-0.07
15461,-1.36,-0.02,-0.05,0.03,-0.11,-0.17
15462,-1.26,-0.02,-0.16,0.03,-0.00,-0.07
15463,-1.36,-0.13,-0.05,0.03,-0.11,-0.17
15464,-1.26,-0.02,-0.16,-0.08,-0.21,-0.07
15465,-1.36,-0.13,-0.16,0.13,-0.21,-0.17
15466,-1.26,-0.02,-0.05,-0.08,-0.11,-0.07
15467,-1.36,-0.02,-0.16,-0.08,-0.21,-0.07
15468,-1.26,-0.02,-0.05,-0.08,-0.11,-0.07
15469,-1.36,-0.02,-0.05,-0.08,-0.21,-0.07
15470,-1.26,-0.02,-0.05,-0.08,-0.11,-0.17
15471,-1.36,-0.02,-0.05,-0.08,-0.21,-0.17
15472,-1.36,-0.13,-0.05,-0.08,-0.11,-0.07
15473,-1.26,-0.13,-0.05,-0.08,-0.11,-0.17
15474,-1.26,-0.02,-0.16,-0.08,-0.11,-0.17
15475,-1.26,-0.02,-0.05,-0.08,-0.11,-0.07
15476,-1.36,-0.13,-0.05,0.03,-0.11,-0.07
15477,-1.36,-0.13,-0.05,-0.08,-0.11,-0.17
15478,-1.36,-0.02,-0.05,0.03,-0.11,-0.07
15479,-1.36,-0.02,-0.05,0.03,-0.21,-0.07
15480,-1.26,-0.02,-0.05,-0.08,-0.11,-0.07
15481,-1.36,-0.13,-0.05,-0.08,-0.00,-0.28
15482,-1.36,-0.02,-0.05,-0.18,-0.11,-0.17
15483,-1.26,-0.13,-0.05,-0.08,-0.21,-0.17
15484,-1.36,-0.02,-0.05,-0.08,-0.11,-0.07
15485,-1.36,-0.13,-0.05,-0.08,-0.11,-0.07
15486,-1.36,-0.02,-0.05,-0.08,-0.11,0.04
15487,-1.26,-0.13,-0.05,-0.08,-0.11,-0.07
15488,-1.36,-0.13,-0.05,-0.08,-0.21,-0.07
15489,-1.36,-0.13,-0.05,-0.18,-0.21,-0.07
15490,-1.36,-0.02,-0.05,-0.08,-0.11,-0.07
15491,-1.26,-0.13,-0.05,-0.08,-0.11,-0.17
15492,-1.36,-0.02,-0.05,-0.08,-0.21,-0.07
15493,-1.26,-0.13,-0.05,-0.08,-0.00,-0.28
15494,-1.26,-0.13,-0.16,0.03,-0.11,-0.07
15495,-1.26,-0.13,-0.05,-0.08,-0.00,-0.17
15496,-1.36,-0.13,-0.05,0.03,-0.21,-0.07
15497,-1.16,-0.13,-0.16,-0.08,-0.21,-0.07
15498,-1.36,-0.02,-0.16,0.03,-0.11,-0.17
15499,-1.26,-0.13,-0.05,-0.08,-0.21,-0.17
15500,-1.16,-0.13,-0.05,-0.18,-0.11,-0.17
15501,-1.26,-0.02,-0.05,-0.08,-0.21,-0.07
15502,-1.26,-0.02,-0.05,-0.08,-0.11,-0.17
15503,-1.26,-0.02,-0.05,-0.08,-0.21,-0.28
15504,-1.36,-0.02,-0.16,0.03,-0.11,-0.07
15505,-1.26,-0.13,-0.05,-0.08,-0.11,-0.07
15506,-1.26,-0.02,-0.05,-0.18,-0.11,0.04
15507,-1.26,-0.13,-0.05,-0.08,-0.11,-0.17
15508,-1.26,-0.13,-0.16,0.03,-0.00,0.04
15509,-1.26,-0.13,-0.05,0.03,-0.11,-0.17
15510,-1.26,-0.23,-0.05,0.03,-0.11,-0.17
15511,-1.26,-0.13,-0.05,0.03,-0.11,-0.07
15512,-1.26,-0.13,-0.05,0.03,-0.21,-0.07
15513,-1.26,-0.13,-0.05,0.03,-0.11,-0.28
15514,-1.26,-0.02,-0.05,-0.08,-0.21,-0.07
15515,-1.26,-0.02,-0.05,-0.08,-0.21,-0.07
15516,-1.36,-0.13,-0.05,0.03,-0.11,-0.17
15517,-1.36,-0.13,-0.05,0.03,-0.11,-0.17
15518,-1.36,-0.13,-0.05,0.03,-0.21,-0.07
15519,-1.36,-0.13,-0.05,0.03,-0.11,-0.07
15520,-1.26,-0.13,-0.05,-0.08,-0.11,-0.17
15521,-1.36,-0.02,-0.05,0.03,-0.00,-0.17
15522,-1.26,-0.13,-0.05,-0.08,-0.21,-0.17
15523,-1.26,-0.13,-0.05,-0.08,-0.21,-0.07
15524,-1.26,-0.02,-0.16,-0.08,-0.21,-0.17
15525,-1.26,-0.13,-0.05,0.03,-0.21,-0.17
15526,-1.36,-0.02,-0.05,0.03,-0.11,-0.07
15527,-1.36,-0.02,-0.05,-0.08,-0.11,0.04
15528,-1.26,-0.02,-0.16,-0.08,-0.11,-0.07
15529,-1.26,-0.02,-0.16,-0.08,-0.21,-0.07
15530,-1.26,-0.02,-0.05,-0.08,-0.21,-0.07
15531,-1.26,-0.13,-0.16,0.03,-0.21,-0.28
15532,-1.26,-0.02,-0.05,0.03,-0.11,-0.17
15533,-1.26,-0.02,-0.16,-0.18,-0.11,-0.07
15534,-1.26,-0.02,-0.05,-0.08,-0.21,0.04
15535,-1.36,-0.02,-0.05,-0.08,-0.21,-0.17
15536,-1.26,-0.13,-0.16,-0.08,-0.21,-0.07
15537,-1.26,-0.13,-0.05,0.03,-0.11,-0.07
15538,-1.26,-0.13,-0.05,0.03,-0.21,-0.17
15539,-1.36,-0.13,-0.05,-0.08,-0.11,-0.07
15540,-1.26,-0.02,-0.05,0.03,-0.11,-0.07
15541,-1.36,-0.02,-0.05,0.03,-0.11,-0.17
15542,-1.26,-0.13,-0.05,-0.08,-0.11,0.04
15543,-1.26,-0.02,-0.05,-0.08,-0.11,-0.17
15544,-1.26,-0.02,-0.05,0.03,-0.11,-0.28
15545,-1.26,-0.13,-0.05,-0.08,-0.11,-0.28
15546,-1.26,-0.13,-0.05,0.03,-0.11,-0.07
15547,-1.26,-0.02,-0.05,0.03,-0.11,-0.07
15548,-1.26,-0.02,-0.05,0.03,-0.11,-0.17
15549,-1.26,-0.13,-0.05,-0.08,-0.11,-0.28
15550,-1.36,-0.02,-0.05,-0.08,-0.11,-0.17
15551,-1.26,-0.02,-0.05,0.03,-0.21,-0.17
15552,-1.26,-0.13,-0.05,0.03,-0.00,-0.07
15553,-1.26,-0.13,-0.05,0.03,-0.00,-0.17
15554,-1.26,-0.02,-0.16,-0.08,-0.11,-0.07
15555,-1.26,-0.13,-0.05,-0.08,-0.00,-0.28
15556,-1.26,0.08,-0.05,0.03,-0.21,-0.17
15557,-1.26,-0.13,-0.05,0.03,-0.11,-0.17
15558,-1.26,-0.13,-0.16,-0.08,-0.11,-0.07
15559,-1.36,-0.13,-0.05,0.03,-0.21,-0.07
15560,-1.26,-0.02,-0.05,0.03,-0.21,-0.07
15561,-1.36,-0.13,-0.05,-0.08,-0.00,-0.07
15562,-1.36,-0.13,-0.05,-0.08,-0.11,-0.07
15563,-1.26,-0.02,-0.16,0.03,-0.11,-0.17
15564,-1.36,-0.13,-0.05,0.03,-0.11,-0.17
15565,-1.36,-0.13,-0.05,-0.08,-0.11,-0.07
15566,-1.26,-0.13,-0.05,-0.08,-0.21,-0.07
15567,-1.26,-0.13,-0.05,0.03,-0.21,-0.07
15568,-1.26,-0.13,-0.05,0.03,-0.11,-0.17
15569,-1.26,-0.13,-0.05,0.03,-0.11,-0.07
15570,-1.26,-0.02,-0.05,0.03,-0.11,-0.07
15571,-1.36,-0.02,-0.16,-0.08,-0.11,-0.17
15572,-1.26,-0.02,-0.05,0.03,-0.21,-0.07
15573,-1.26,-0.02,-0.05,-0.08,-0.11,-0.07
15574,-1.26,-0.13,-0.05,-0.08,-0.11,-0.07
15575,-1.36,-0.02,-0.16,-0.08,-0.00,-0.07
15576,-1.26,-0.13,-0.05,-0.08,-0.11,-0.07
15577,-1.26,-0.13,-0.16,-0.08,-0.11,-0.07
15578,-1.26,-0.02,-0.16,-0.08,-0.11,-0.07
15579,-1.26,-0.02,-0.05,0.03,-0.21,-0.17
15580,-1.36,-0.02,-0.05,0.03,-0.21,-0.17
15581,-1.26,-0.13,-0.05,0.03,-0.11,-0.17
15582,-1.26,-0.02,-0.05,0.03,-0.11,-0.17
15583,-1.26,-0.13,-0.05,-0.08,-0.00,-0.07
15584,-1.26,-0.02,-0.05,0.03,-0.21,-0.07
15585,-1.26,-0.02,-0.05,-0.08,-0.11,-0.07
15586,-1.26,-0.02,-0.16,-0.08,-0.11,-0.17
15587,-1.36,-0.13,-0.16,0.03,-0.11,-0.07
15588,-1.26,-0.13,-0.16,0.03,-0.21,-0.28
15589,-1.36,-0.13,-0.16,-0.08,-0.21,-0.17
15590,-1.26,-0.02,-0.16,0.03,-0.00,-0.17
15746,-1.26,-0.02,-0.05,0.03,-0.11,-0.07
15747,-1.36,-0.13,-0.05,-0.08,-0.11,-0.07
15748,-1.26,-0.02,-0.16,-0.08,-0.11,-0.17
15749,-1.36,-0.02,-0.16,0.03,-0.11,-0.07
15750,-1.36,-0.13,-0.16,-0.08,-0.11,-0.17
15751,-1.26,-0.13,-0.16,-0.08,-0.11,-0.07
15752,-1.26,-0.13,-0.16,0.03,-0.11,-0.07
15753,-1.36,-0.13,-0.05,0.03,-0.21,-0.17
15754,-1.36,-0.13,-0.05,0.13,-0.11,-0.17
15755,-1.36,-0.13,-0.05,0.13,-0.11,-0.07
15756,-1.26,-0.02,-0.05,-0.08,-0.11,-0.07
15757,-1.26,-0.02,-0.05,-0.08,-0.11,-0.07
15758,-1.26,-0.13,-0.16,0.03,-0.21,-0.07
15759,-1.26,-0.02,-0.05,-0.18,-0.11,-0.17
15760,-1.26,-0.02,-0.05,-0.08,-0.21,-0.17
15761,-1.26,-0.13,-0.05,-0.08,-0.11,-0.07
15762,-1.36,-0.13,-0.16,-0.08,-0.11,-0.17
15763,-1.36,-0.02,-0.16,0.03,-0.11,-0.07
15764,-1.36,-0.13,-0.16,0.03,-0.21,-0.07
15765,-1.26,-0.13,-0.05,-0.08,-0.00,-0.07
15766,-1.26,-0.02,-0.05,-0.08,-0.00,-0.17
15767,-1.36,-0.13,-0.05,0.03,-0.11,-0.28
15768,-1.36,-0.02,-0.05,-0.08,-0.11,-0.07
15769,-1.36,-0.13,-0.16,0.03,-0.11,-0.07
15770,-1.36,-0.13,-0.05,-0.08,-0.00,-0.17
15771,-1.26,-0.02,-0.16,0.03,-0.00,-0.17
15772,-1.36,-0.13,-0.16,0.03,-0.11,-0.07
15773,-1.26,-0.13,-0.05,-0.08,-0.21,-0.17
15774,-1.26,-0.02,-0.05,0.03,-0.11,-0.07
15775,-1.26,-0.13,-0.16,-0.08,-0.00,-0.07
15776,-1.16,-0.13,-0.05,-0.08,-0.11,-0.07
15777,-1.26,-0.13,-0.16,-0.18,-0.11,-0.07
15778,-1.36,-0.02,-0.05,0.03,-0.11,-0.07
15779,-1.26,-0.02,-0.05,-0.08,-0.11,-0.07
15780,-1.26,-0.02,-0.05,-0.18,-0.21,-0.07
15781,-1.26,-0.02,-0.05,-0.08,-0.11,-0.17
15782,-1.26,-0.13,-0.16,-0.08,-0.11,0.04
15783,-1.36,-0.13,-0.16,-0.08,-0.11,-0.17
15784,-1.16,-0.02,-0.16,-0.08,-0.21,-0.07
15785,-1.26,-0.13,-0.16,0.03,-0.21,-0.17
15786,-1.26,-0.13,-0.05,-0.08,-0.11,-0.07
15787,-1.36,-0.13,-0.05,0.03,-0.11,-0.17
15788,-1.36,-0.13,-0.16,0.03,-0.21,-0.07
15789,-1.36,-0.13,-0.05,0.03,-0.11,-0.07
15790,-1.16,-0.02,-0.05,-0.08,-0.21,-0.07
15791,-1.26,-0.02,-0.05,-0.08,-0.21,-0.17
15792,-1.36,-0.13,-0.05,-0.08,-0.11,-0.17
15793,-1.26,-0.13,-0.16,-0.08,-0.00,-0.17
15794,-1.26,-0.02,-0.16,0.03,-0.21,-0.07
15795,-1.26,-0.02,-0.05,-0.08,-0.11,-0.07
15796,-1.26,-0.02,-0.05,-0.08,-0.11,-0.07
15797,-1.26,-0.02,-0.05,0.03,-0.21,-0.28
15798,-1.26,-0.02,-0.05,-0.18,-0.00,-0.07
15799,-1.26,-0.13,-0.16,0.03,-0.11,-0.07
15800,-1.36,-0.02,-0.05,-0.08,-0.21,-0.17
15801,-1.16,-0.13,-0.16,0.03,-0.21,-0.17
15802,-1.36,-0.13,-0.16,0.13,-0.21,-0.17
15803,-1.26,-0.02,-0.05,0.03,-0.11,-0.17
15804,-1.26,-0.02,-0.05,-0.08,-0.11,-0.17
15805,-1.16,-0.02,-0.16,-0.08,-0.11,-0.28
15806,-1.36,-0.02,-0.05,0.03,-0.11,-0.07
15807,-1.26,-0.13,-0.05,-0.08,-0.11,-0.17
15808,-1.26,-0.02,-0.05,0.03,-0.11,-0.07
15809,-1.36,-0.13,-0.05,-0.18,-0.21,-0.17
15810,-1.26,-0.02,-0.05,-0.08,-0.21,-0.17
15811,-1.26,-0.13,-0.05,-0.08,-0.11,-0.07
15812,-1.26,-0.13,-0.05,-0.08,-0.11,-0.17
15813,-1.36,-0.02,-0.16,0.13,-0.11,-0.07
15814,-1.26,-0.13,-0.05,0.13,-0.11,-0.07
15815,-1.26,-0.13,-0.16,0.03,-0.11,0.04
15816,-1.26,-0.02,-0.05,-0.08,-0.31,-0.17
15817,-1.26,-0.13,-0.16,0.03,-0.21,-0.17
15818,-1.26,-0.02,-0.05,0.03,-0.00,-0.07
15819,-1.26,-0.13,-0.05,0.03,-0.11,-0.07
15820,-1.36,-0.02,-0.05,-0.08,-0.11,-0.17
15821,-1.36,-0.02,-0.05,-0.08,-0.11,-0.07
15822,-1.26,0.08,-0.05,0.03,-0.11,-0.07
15823,-1.26,-0.02,-0.16,-0.18,-0.11,-0.07
15824,-1.26,-0.02,-0.16,-0.18,-0.11,-0.07
15825,-1.26,-0.02,-0.16,0.03,-0.11,-0.07
15826,-1.36,-0.13,-0.05,0.03,-0.11,-0.07
15827,-1.36,-0.02,-0.05,0.03,-0.11,-0.07
15828,-1.36,-0.13,-0.05,-0.08,-0.11,0.04
15829,-1.26,-0.02,-0.05,-0.08,-0.11,-0.28
15830,-1.26,-0.13,-0.05,-0.08,-0.11,-0.07
15831,-1.36,-0.13,-0.05,0.03,-0.11,-0.17
15832,-1.26,-0.02,-0.05,-0.08,-0.21,-0.17
15833,-1.36,-0.13,-0.16,0.03,-0.11,-0.17
15834,-1.26,-0.13,-0.16,0.03,-0.21,-0.17
15835,-1.36,-0.02,-0.05,0.03,-0.00,-0.17
15837,-1.26,-0.13,-0.05,0.03,-0.21,-0.17
15837,-1.26,-0.13,-0.05,-0.08,-0.21,-0.17
15838,-1.26,-0.13,-0.16,-0.08,-0.21,-0.17
15839,-1.36,-0.23,-0.16,0.03,-0.21,-0.07
15840,-1.26,-0.02,-0.16,-0.08,-0.11,-0.17
15841,-1.26,-0.02,-0.05,0.03,-0.11,-0.17
15842,-1.26,-0.13,-0.05,0.03,-0.21,-0.17
15843,-1.26,-0.02,-0.05,-0.08,-0.21,-0.17
15844,-1.26,-0.13,-0.05,0.03,-0.21,-0.07
15845,-1.26,-0.13,-0.16,0.03,-0.11,-0.07
15846,-1.36,-0.02,-0.05,0.03,-0.11,0.04
15847,-1.36,-0.02,-0.05,0.03,-0.21,-0.07
15848,-1.36,-0.13,-0.05,0.13,-0.11,-0.17
15849,-1.36,-0.13,-0.05,-0.08,-0.11,-0.17
15850,-1.36,-0.13,-0.05,0.03,-0.00,-0.07
15851,-1.26,-0.13,-0.05,0.03,-0.11,-0.07
15852,-1.36,-0.13,-0.16,0.03,-0.11,-0.17
15853,-1.36,-0.13,-0.05,-0.08,-0.21,-0.07
15854,-1.26,-0.13,-0.16,0.03,-0.11,-0.17
15855,-1.36,-0.02,-0.05,-0.08,-0.11,-0.17
15856,-1.26,-0.13,-0.05,-0.08,-0.11,-0.07
15857,-1.26,-0.02,-0.05,-0.08,-0.21,-0.07
15858,-1.26,-0.13,-0.16,0.03,-0.11,-0.07
15859,-1.36,-0.13,-0.05,0.03,-0.11,-0.07
15860,-1.36,-0.02,-0.05,0.03,-0.11,-0.07
15861,-1.26,-0.02,-0.05,0.03,-0.21,-0.28
15862,-1.26,-0.02,-0.05,0.03,-0.21,-0.17
15863,-1.26,-0.02,-0.05,-0.08,-0.21,-0.17
15864,-1.36,-0.13,-0.05,0.13,-0.11,-0.17
15865,-1.26,-0.02,-0.16,0.03,-0.11,-0.07
15866,-1.26,-0.02,-0.05,-0.08,-0.21,-0.07
15867,-1.26,-0.02,-0.05,-0.08,-0.11,-0.17
15868,-1.26,-0.13,-0.05,-0.08,-0.11,-0.28
15869,-1.26,-0.13,-0.05,0.03,-0.00,-0.17
15870,-1.16,-0.13,-0.05,0.03,-0.11,-0.17
15871,-1.36,-0.02,-0.05,0.03,-0.21,-0.17
15873,-1.36,-0.02,-0.05,-0.08,-0.21,-0.07
15873,-1.26,-0.13,-0.05,0.03,-0.11,-0.17
15874,-1.26,-0.02,-0.05,-0.08,-0.11,-0.07
15875,-1.26,-0.02,-0.05,-0.08,-0.11,-0.17
15876,-1.26,-0.13,-0.16,-0.08,-0.21,-0.17
15877,-1.26,-0.13,-0.05,0.03,-0.11,-0.17
15878,-1.26,0.08,-0.05,-0.08,-0.11,-0.17
15879,-1.16,-0.23,-0.16,-0.08,-0.21,-0.17
15880,-1.26,-0.13,-0.05,-0.08,-0.21,-0.17
15881,-1.26,-0.13,-0.05,0.03,-0.11,-0.28
15882,-1.26,-0.02,-0.05,-0.08,-0.21,-0.17
15883,-1.26,-0.02,-0.05,0.03,-0.11,-0.17
15884,-1.26,-0.13,-0.05,-0.18,-0.11,-0.17
15885,-1.26,-0.13,-0.05,0.03,-0.11,-0.28
15886,-1.26,-0.02,-0.05,-0.08,-0.11,-0.17
15887,-1.16,-0.02,-0.16,-0.08,-0.21,-0.17
15888,-1.36,-0.13,-0.16,0.03,-0.21,-0.17
15889,-1.26,-0.13,-0.05,0.03,-0.11,-0.07
15890,-1.36,-0.13,-0.05,0.13,-0.11,-0.17
15891,-1.36,-0.13,-0.05,0.03,-0.21,-0.07
15892,-1.26,-0.02,-0.05,0.03,-0.21,-0.07
15893,-1.26,-0.02,-0.05,-0.18,-0.21,-0.17
15894,-1.26,-0.02,-0.05,-0.08,-0.11,-0.07
15895,-1.26,-0.02,-0.05,0.03,-0.11,-0.17
15896,-1.26,-0.13,-0.16,-0.08,-0.00,-0.07
15897,-1.26,-0.02,-0.05,0.03,-0.21,-0.17
15898,-1.26,-0.02,-0.05,0.03,-0.21,-0.07
15899,-1.26,-0.13,-0.05,-0.08,-0.11,-0.07
15900,-1.26,-0.02,-0.16,0.03,-0.00,-0.17
15901,-1.26,-0.13,-0.16,-0.08,-0.11,-0.17
15902,-1.36,-0.13,-0.05,0.03,-0.21,-0.17
15903,-1.26,-0.02,-0.05,0.03,-0.11,-0.07
15904,-1.26,-0.02,-0.16,0.03,-0.21,-0.07
15905,-1.26,-0.02,-0.05,-0.08,-0.21,-0.17
15906,-1.26,0.08,-0.05,-0.08,-0.11,-0.07
15907,-1.26,-0.02,-0.16,-0.08,-0.21,-0.17
15908,-1.36,-0.13,-0.16,-0.08,-0.11,0.04
15909,-1.36,-0.02,-0.05,0.03,-0.21,-0.07
15910,-1.26,-0.13,-0.05,-0.08,-0.11,-0.07
15911,-1.26,-0.13,-0.05,-0.08,-0.11,-0.17
15912,-1.36,-0.13,-0.05,0.13,-0.21,-0.07
15913,-1.36,-0.13,-0.16,0.13,-0.11,-0.07
15914,-1.26,-0.13,-0.05,0.03,-0.11,0.04
15915,-1.26,-0.13,-0.05,-0.18,-0.21,-0.17
15916,-1.26,-0.13,-0.16,0.03,-0.11,-0.07
15917,-1.26,-0.13,-0.05,-0.08,-0.21,-0.17
15918,-1.26,-0.02,-0.05,0.03,-0.11,-0.17
15919,-1.36,-0.02,-0.16,-0.08,-0.11,-0.17
15920,-1.26,-0.02,-0.05,0.13,-0.11,-0.07
15921,-1.36,-0.13,-0.16,0.03,-0.21,-0.07
15922,-1.36,-0.13,-0.05,-0.08,-0.00,-0.07
15923,-1.26,-0.02,-0.05,-0.18,-0.11,-0.07
15924,-1.26,-0.02,-0.16,-0.08,-0.11,-0.17
15925,-1.26,-0.13,-0.05,0.03,-0.21,-0.17
15926,-1.26,-0.02,-0.05,-0.08,-0.21,-0.17
15927,-1.36,-0.02,0.05,-0.08,-0.21,-0.17
15928,-1.26,-0.02,-0.16,-0.08,-0.11,-0.17
15929,-1.26,-0.02,-0.16,-0.08,-0.11,-0.07
15930,-1.26,-0.02,-0.05,-0.08,-0.11,-0.07
15931,-1.26,-0.13,-0.05,0.03,-0.21,-0.07
16074,-1.26,-0.13,-0.05,0.03,-0.21,-0.17
16075,-1.36,-0.13,-0.16,0.03,-0.11,-0.07
16076,-1.26,-0.02,-0.05,0.03,-0.11,-0.17
16077,-1.26,-0.13,-0.05,-0.08,-0.11,-0.17
16078,-1.26,-0.02,-0.05,0.03,-0.11,-0.17
16079,-1.36,0.08,-0.05,-0.08,-0.21,-0.28
16080,-1.36,-0.13,-0.16,0.03,-0.11,-0.07
16081,-1.26,-0.02,-0.05,-0.08,-0.21,-0.28
16082,-1.26,-0.02,-0.05,0.03,-0.11,-0.07
16083,-1.16,-0.13,-0.05,0.03,-0.21,-0.07
16084,-1.26,-0.02,-0.05,-0.08,-0.11,-0.07
16085,-1.26,-0.13,-0.16,0.03,-0.00,-0.07
16086,-1.26,-0.02,-0.05,0.03,-0.11,-0.17
16087,-1.26,-0.02,-0.05,0.03,-0.00,-0.17
16088,-1.26,-0.13,-0.05,-0.08,-0.21,-0.17
16089,-1.26,-0.02,-0.05,-0.08,-0.11,-0.17
16090,-1.36,-0.02,-0.05,0.03,-0.00,-0.17
16091,-1.16,-0.02,-0.05,0.03,-0.21,-0.07
16092,-1.36,-0.13,-0.05,0.03,-0.11,-0.07
16093,-1.26,-0.13,-0.05,0.03,-0.21,-0.17
16094,-1.36,-0.13,-0.05,0.03,-0.21,-0.07
16095,-1.26,-0.13,-0.05,0.03,-0.11,-0.07
16096,-1.36,-0.13,-0.16,0.03,-0.11,-0.07
16097,-1.36,-0.13,-0.16,-0.08,-0.11,-0.17
16098,-1.26,-0.13,-0.05,-0.08,-0.21,-0.17
16099,-1.36,-0.13,-0.05,-0.08,-0.11,-0.17
16100,-1.26,-0.02,-0.05,0.03,-0.21,-0.07
16101,-1.26,-0.13,-0.05,-0.18,-0.21,-0.17
16102,-1.26,-0.13,-0.05,0.03,-0.11,-0.07
16103,-1.26,-0.13,-0.05,0.03,-0.11,-0.17
16104,-1.26,-0.02,-0.05,-0.08,-0.11,-0.07
16105,-1.26,-0.13,-0.05,0.03,-0.21,0.04
16106,-1.26,-0.02,-0.05,-0.08,-0.21,-0.17
16107,-1.36,-0.02,-0.16,0.03,-0.11,-0.07
16108,-1.26,-0.02,-0.05,0.03,-0.00,-0.17
16109,-1.26,-0.02,-0.16,0.03,-0.11,-0.07
16110,-1.26,-0.02,-0.16,-0.08,-0.11,-0.17
16111,-1.26,-0.02,-0.05,-0.08,-0.11,-0.07
16112,-1.26,-0.23,-0.05,-0.08,-0.11,-0.07
16113,-1.26,-0.13,-0.05,-0.08,-0.21,-0.17
16114,-1.26,-0.13,-0.05,-0.08,-0.11,-0.07
16115,-1.26,-0.13,-0.05,-0.08,-0.11,-0.07
16116,-1.26,-0.13,-0.05,0.03,-0.11,-0.07
16117,-1.26,-0.13,-0.16,0.03,-0.11,0.04
16118,-1.26,-0.02,-0.05,-0.08,-0.21,-0.07
16119,-1.16,-0.02,-0.05,-0.18,-0.11,-0.07
16120,-1.26,-0.02,-0.05,0.03,-0.11,-0.17
16121,-1.36,-0.13,-0.05,0.03,-0.21,-0.07
16122,-1.26,-0.02,-0.05,0.03,-0.11,-0.17
16123,-1.26,-0.02,-0.16,0.03,-0.21,-0.07
16124,-1.26,-0.02,-0.05,0.03,-0.11,-0.17
16125,-1.26,-0.13,-0.16,-0.08,-0.00,-0.07
16126,-1.36,-0.13,-0.16,0.03,-0.11,-0.07
16127,-1.26,-0.13,-0.05,-0.08,-0.11,-0.07
16128,-1.36,-0.02,-0.16,0.03,-0.11,-0.28
16129,-1.36,-0.13,-0.05,0.03,-0.11,-0.07
16130,-1.26,-0.13,-0.05,0.03,-0.11,-0.07
16131,-1.36,-0.02,-0.16,-0.08,-0.11,-0.17
16132,-1.36,-0.02,-0.05,-0.18,-0.21,-0.07
16133,-1.36,-0.02,-0.05,0.03,-0.11,-0.07
16134,-1.26,-0.13,-0.05,-0.08,-0.11,-0.17
16135,-1.26,-0.13,-0.05,0.03,-0.21,-0.17
16136,-1.26,-0.02,-0.05,0.13,-0.11,-0.17
16137,-1.26,0.08,-0.05,-0.18,-0.11,-0.07
16138,-1.36,-0.02,-0.16,-0.08,-0.21,-0.07
16139,-1.26,-0.02,-0.05,-0.18,-0.00,-0.07
16140,-1.26,-0.13,-0.05,0.03,-0.21,-0.07
16141,-1.26,-0.02,-0.05,0.03,-0.11,-0.28
16142,-1.36,-0.13,-0.16,0.13,-0.11,-0.17
16143,-1.36,-0.13,-0.05,-0.08,-0.21,-0.17
16144,-1.36,-0.13,-0.16,0.13,-0.21,-0.07
16145,-1.26,-0.13,-0.05,0.03,-0.21,-0.07
16146,-1.36,-0.02,-0.16,-0.08,-0.11,-0.17
16147,-1.26,-0.13,-0.05,-0.08,-0.11,-0.07
16148,-1.26,-0.13,-0.05,-0.08,-0.21,-0.07
16149,-1.16,-0.02,-0.05,0.03,-0.11,-0.07
16150,-1.26,-0.13,-0.05,0.03,-0.11,-0.07
16151,-1.36,-0.02,-0.05,-0.08,-0.21,-0.17
16152,-1.26,-0.02,-0.05,0.03,-0.11,-0.17
16153,-1.26,-0.13,-0.16,-0.08,-0.11,-0.07
16154,-1.26,-0.02,-0.05,-0.08,-0.21,-0.17
16155,-1.26,-0.13,-0.05,-0.08,-0.11,-0.07
16156,-1.26,-0.13,-0.05,0.03,-0.11,-0.17
16157,-1.26,-0.13,-0.16,-0.08,-0.11,-0.07
16158,-1.26,-0.02,-0.05,0.03,-0.11,-0.17
16159,-1.36,-0.13,-0.05,-0.08,-0.11,-0.17
16160,-1.16,-0.13,-0.16,-0.08,-0.00,-0.17
16161,-1.36,-0.13,-0.05,0.03,-0.21,-0.17
16162,-1.26,-0.02,-0.05,-0.08,-0.21,0.04
16163,-1.26,-0.13,-0.16,-0.08,-0.21,-0.07
16164,-1.26,-0.13,-0.16,0.03,-0.21,-0.07
16165,-1.26,-0.13,-0.05,0.13,-0.21,-0.07
16166,-1.36,-0.13,-0.05,-0.08,-0.00,-0.17
16167,-1.26,-0.13,-0.05,0.03,-0.21,-0.17
16168,-1.26,-0.02,-0.05,-0.08,-0.00,-0.07
16169,-1.36,-0.02,-0.05,-0.08,-0.11,-0.17
16170,-1.26,-0.13,-0.05,0.03,-0.11,-0.17
16171,-1.36,-0.13,-0.16,-0.08,-0.21,-0.07
16172,-1.26,-0.13,-0.05,0.03,-0.11,-0.07
16173,-1.36,-0.13,-0.05,0.03,-0.11,-0.17
16174,-1.26,-0.13,-0.05,-0.08,-0.11,-0.28
16175,-1.26,-0.13,-0.16,-0.08,-0.21,-0.17
16176,-1.26,-0.13,-0.16,0.03,-0.11,-0.07
16177,-1.36,-0.13,-0.05,-0.08,-0.11,-0.17
16178,-1.16,-0.13,-0.05,-0.08,-0.21,-0.07
16179,-1.26,-0.13,-0.16,0.03,-0.11,-0.07
16180,-1.26,-0.13,-0.05,-0.08,-0.11,0.04
16181,-1.26,-0.02,-0.05,-0.08,-0.11,0.04
16182,-1.36,-0.13,-0.16,0.03,-0.11,-0.07
16183,-1.36,-0.02,-0.16,0.03,-0.21,-0.07
16184,-1.36,-0.02,-0.05,-0.08,-0.11,-0.07
16185,-1.26,-0.13,-0.05,0.03,-0.00,-0.07
16186,-1.36,-0.02,-0.05,-0.08,-0.21,0.04
16187,-1.26,-0.02,-0.16,0.03,-0.21,-0.17
16188,-1.26,-0.02,-0.05,0.03,-0.21,-0.07
16189,-1.26,-0.02,-0.16,0.03,-0.00,-0.07
16190,-1.26,-0.02,-0.16,-0.08,-0.11,-0.07
16191,-1.26,-0.13,-0.05,-0.08,-0.11,-0.17
16192,-1.26,-0.02,-0.16,-0.08,-0.11,-0.07
16193,-1.36,-0.13,-0.05,-0.18,-0.11,-0.07
16194,-1.16,-0.02,-0.05,0.03,-0.21,-0.17
16195,-1.36,-0.13,-0.05,0.03,-0.11,0.04
16196,-1.26,-0.13,-0.05,-0.08,-0.00,-0.07
16197,-1.36,-0.02,-0.05,0.03,-0.11,0.04
16198,-1.26,-0.02,-0.16,0.03,-0.11,-0.07
16199,-1.36,-0.02,-0.05,-0.08,-0.00,-0.17
16200,-1.36,-0.02,-0.05,0.03,-0.21,-0.17
16201,-1.36,-0.13,-0.05,-0.08,-0.21,-0.07
16202,-1.26,-0.02,-0.16,-0.08,-0.11,-0.28
16203,-1.26,-0.02,-0.05,-0.08,-0.11,-0.17
16204,-1.16,-0.02,-0.05,-0.08,-0.11,-0.17
16205,-1.26,-0.13,-0.05,-0.08,-0.11,-0.07
16206,-1.26,-0.02,-0.05,0.03,-0.11,-0.17
16207,-1.26,-0.02,-0.05,0.03,-0.21,0.04
16208,-1.26,-0.02,-0.16,0.03,-0.21,-0.17
16209,-1.26,-0.02,-0.16,0.03,-0.11,-0.07
16210,-1.36,-0.02,-0.05,-0.08,-0.11,-0.07
16211,-1.36,-0.02,-0.16,-0.08,-0.11,-0.07
16212,-1.26,-0.02,-0.05,0.03,-0.00,-0.28
16213,-1.26,-0.13,-0.16,-0.08,-0.21,-0.17
16214,-1.26,-0.13,-0.05,0.03,-0.21,-0.17
16215,-1.16,-0.02,-0.05,-0.08,-0.11,-0.07
16216,-1.16,-0.02,-0.05,-0.18,-0.21,-0.17
16217,-1.26,-0.13,-0.05,-0.18,-0.11,-0.17
16218,-1.36,-0.02,-0.05,0.03,-0.21,-0.17
16219,-1.26,-0.02,-0.05,-0.08,-0.21,-0.07
16220,-1.26,-0.02,-0.05,0.03,-0.21,-0.17
16221,-1.16,-0.02,-0.05,-0.08,-0.21,-0.17
16222,-1.26,-0.13,-0.16,-0.08,-0.21,-0.17
16223,-1.36,-0.02,-0.05,0.03,-0.11,-0.17
16224,-1.26,-0.02,-0.16,0.03,-0.11,-0.17
16225,-1.26,-0.02,-0.05,-0.08,-0.21,-0.07
16226,-1.26,-0.02,-0.05,-0.08,-0.21,-0.07
16227,-1.36,-0.02,-0.05,-0.08,-0.11,-0.07
16228,-1.26,-0.13,-0.05,0.03,-0.11,-0.07
16229,-1.26,-0.02,-0.05,0.03,-0.21,-0.17
16230,-1.26,-0.13,-0.05,-0.08,-0.11,-0.17
16231,-1.26,-0.02,-0.05,0.13,-0.11,-0.07
16232,-1.36,-0.13,-0.05,-0.08,-0.00,-0.17
16233,-1.26,-0.02,-0.16,-0.08,-0.11,-0.07
16234,-1.36,-0.02,-0.05,-0.08,-0.21,-0.07
16235,-1.26,-0.13,-0.16,0.03,-0.11,-0.28
16236,-1.16,-0.02,-0.05,0.03,-0.21,-0.17
16237,-1.26,-0.13,-0.16,0.03,-0.11,-0.17
16238,-1.26,-0.13,-0.05,-0.08,-0.11,-0.17
16239,-1.36,-0.02,-0.16,0.03,-0.11,-0.17
16240,-1.26,-0.13,-0.05,-0.08,-0.21,-0.28
16241,-1.26,-0.02,-0.05,-0.08,-0.11,0.04
16242,-1.26,-0.02,-0.05,0.03,-0.21,-0.07
16243,-1.26,-0.02,-0.16,-0.08,-0.11,-0.07
16244,-1.26,-0.13,-0.16,0.03,-0.11,-0.07
16245,-1.16,-0.13,-0.05,-0.08,-0.11,-0.07
16246,-1.36,-0.02,-0.05,-0.08,-0.11,-0.28
16247,-1.26,-0.02,-0.05,-0.08,-0.21,-0.28
16248,-1.26,-0.02,-0.05,0.03,-0.21,-0.07
16249,-1.26,-0.02,-0.05,-0.08,-0.11,-0.17
16250,-1.26,-0.02,-0.16,-0.08,-0.21,-0.17
16251,-1.26,-0.13,-0.05,-0.08,-0.21,-0.17
16252,-1.26,-0.02,-0.05,-0.08,-0.11,0.04
16253,-1.36,-0.23,-0.05,0.03,-0.11,-0.17
16254,-1.36,-0.13,-0.16,0.03,-0.00,-0.17
16255,-1.26,-0.13,-0.16,0.03,-0.21,-0.07
16256,-1.36,-0.13,-0.05,-0.08,-0.11,-0.07
16257,-1.36,-0.13,-0.16,0.03,-0.11,-0.07
16258,-1.36,-0.02,-0.05,-0.08,-0.11,-0.07
16259,-1.36,-0.13,-0.05,0.03,-0.21,-0.07
16260,-1.26,-0.13,-0.16,-0.08,-0.11,-0.17
16261,-1.26,-0.13,-0.05,-0.18,-0.11,-0.17
16262,-1.26,-0.02,-0.16,0.03,0.10,-0.17
16263,-1.47,-0.13,-0.05,0.03,-0.00,-0.17
16264,-1.26,-0.02,-0.05,-0.08,-0.31,-0.07
16265,-1.26,-0.02,-0.16,0.03,-0.11,-0.28
16266,-1.26,-0.02,-0.16,0.03,-0.11,-0.07
16267,-1.26,-0.13,-0.16,0.03,-0.21,-0.17
16268,-1.26,-0.02,-0.16,0.03,-0.11,-0.17
16269,-1.26,-0.13,-0.05,-0.08,-0.21,-0.07
16270,-1.26,0.08,-0.05,-0.08,-0.21,-0.17
16271,-1.36,-0.02,-0.05,-0.18,-0.21,-0.07
16272,-1.36,-0.02,-0.16,0.03,-0.11,-0.07
16273,-1.26,-0.02,-0.05,-0.08,-0.11,-0.07
16274,-1.36,-0.13,-0.05,0.03,-0.00,-0.17
16275,-1.36,-0.13,-0.05,0.03,-0.11,0.04
16276,-1.36,-0.13,-0.05,-0.08,-0.11,-0.07
16277,-1.36,-0.02,-0.05,-0.08,-0.11,-0.17
16278,-1.36,-0.13,-0.05,-0.08,-0.21,-0.17
16279,-1.26,-0.02,-0.05,-0.08,-0.21,-0.07
16280,-1.36,-0.02,-0.05,-0.08,-0.21,-0.07
16281,-1.26,-0.02,-0.05,-0.08,-0.11,-0.28
16282,-1.36,-0.13,-0.16,0.03,-0.11,-0.07
16283,-1.26,-0.13,-0.05,0.03,-0.11,-0.17
16284,-1.36,-0.13,-0.05,-0.08,-0.21,-0.17
16285,-1.26,-0.02,-0.16,0.03,-0.11,-0.17
16286,-1.26,-0.13,-0.05,-0.08,-0.00,-0.07
16287,-1.36,-0.02,-0.05,0.03,-0.21,-0.07
16288,-1.26,-0.02,-0.05,-0.18,-0.00,-0.17
16289,-1.26,-0.02,-0.16,-0.08,-0.00,-0.17
16290,-1.26,-0.02,-0.16,0.03,-0.21,-0.17
16291,-1.26,-0.13,-0.05,0.03,-0.11,-0.17
16292,-1.26,-0.13,-0.05,0.03,-0.11,-0.07
16293,-1.26,-0.02,-0.05,-0.08,-0.11,-0.17
16294,-1.26,-0.02,-0.16,-0.08,-0.11,-0.17
16295,-1.26,-0.02,-0.05,0.03,-0.00,-0.17
16296,-1.36,-0.13,-0.05,-0.18,-0.21,-0.17
16297,-1.26,-0.02,-0.05,0.03,-0.11,-0.07
16298,-1.26,-0.02,-0.05,0.03,-0.11,-0.17
16299,-1.26,-0.02,-0.05,0.03,-0.21,-0.17
16300,-1.36,-0.13,-0.05,0.03,-0.21,-0.17
16301,-1.26,-0.13,-0.16,-0.08,-0.00,-0.07
16302,-1.26,-0.13,-0.05,-0.08,-0.21,-0.17
16303,-1.36,-0.02,-0.05,-0.18,-0.11,-0.28
16304,-1.26,-0.02,-0.05,0.03,-0.21,-0.17
16305,-1.26,-0.02,-0.05,-0.18,-0.00,-0.17
16306,-1.26,-0.13,-0.05,-0.08,-0.11,-0.07
16307,-1.36,-0.13,-0.05,0.03,-0.21,-0.17
16308,-1.36,-0.02,-0.16,-0.08,-0.11,-0.07
16309,-1.36,-0.02,-0.05,0.03,-0.21,-0.17
16310,-1.26,-0.02,-0.05,0.03,-0.11,0.04
16311,-1.36,-0.02,-0.05,0.03,-0.11,0.04
16312,-1.26,-0.02,-0.05,-0.08,-0.11,-0.17
16313,-1.26,-0.02,-0.05,-0.08,-0.11,-0.17
16314,-1.16,-0.02,-0.05,0.03,-0.21,-0.28
16315,-1.26,-0.02,-0.05,-0.08,-0.21,-0.07
16316,-1.36,-0.13,-0.05,0.03,-0.11,-0.07
16317,-1.16,-0.13,-0.05,-0.18,-0.21,-0.07
16318,-1.26,-0.13,-0.05,-0.18,-0.21,-0.17
16319,-1.26,-0.13,-0.05,-0.08,-0.11,0.04
16320,-1.26,-0.02,-0.05,0.03,-0.21,0.04
16321,-1.36,-0.13,-0.16,-0.08,-0.11,-0.07
16322,-1.26,-0.02,-0.05,-0.08,-0.11,-0.17
16323,-1.26,-0.02,-0.05,0.03,-0.21,-0.17
16324,-1.26,-0.13,-0.05,-0.08,-0.11,-0.07
16325,-1.26,-0.02,-0.16,-0.08,-0.00,-0.28
16326,-1.26,-0.13,-0.05,0.03,-0.11,-0.07
16327,-1.26,-0.13,0.05,-0.08,-0.21,-0.17
16328,-1.36,-0.13,-0.05,-0.08,-0.11,-0.07
16329,-1.36,-0.13,-0.05,-0.08,-0.11,-0.07
16330,-1.36,-0.13,-0.05,-0.08,-0.11,-0.07
16331,-1.26,-0.13,-0.05,-0.18,-0.00,-0.07
16332,-1.26,-0.13,-0.16,-0.08,-0.11,-0.28
16333,-1.36,-0.02,-0.05,-0.08,-0.11,-0.07
16334,-1.36,-0.02,-0.05,-0.18,-0.11,-0.07
16335,-1.26,-0.02,-0.05,-0.18,-0.21,-0.17
16336,-1.26,-0.02,-0.05,-0.18,-0.21,-0.17
16337,-1.26,-0.02,-0.16,-0.08,-0.11,-0.07
16338,-1.26,-0.02,-0.05,0.03,-0.11,0.04
16339,-1.26,-0.02,-0.05,-0.28,-0.11,-0.07
16340,-1.36,-0.02,-0.16,-0.08,-0.11,-0.17
16341,-1.36,-0.02,-0.05,0.03,-0.11,-0.07
16342,-1.26,-0.02,-0.05,0.03,-0.11,-0.07
16343,-1.16,-0.13,-0.05,-0.08,-0.11,-0.07
16344,-1.36,-0.13,-0.16,0.03,-0.11,-0.07
16345,-1.26,-0.13,-0.16,-0.08,-0.11,-0.07
16346,-1.26,-0.13,-0.05,-0.08,-0.11,-0.07
16347,-1.26,-0.13,-0.05,-0.08,-0.21,-0.07
16348,-1.26,-0.02,-0.16,0.03,-0.21,-0.07
16349,-1.26,-0.02,-0.16,-0.08,-0.11,-0.07
16350,-1.16,-0.02,-0.05,-0.18,-0.21,-0.17
16351,-1.26,-0.02,-0.05,0.03,-0.31,-0.07
16352,-1.26,-0.02,-0.16,-0.08,-0.11,-0.07
16353,-1.26,-0.02,-0.05,0.03,-0.21,-0.07
16354,-1.36,-0.02,-0.05,0.03,-0.11,-0.07
16355,-1.26,-0.02,-0.16,-0.08,-0.21,-0.17
16356,-1.26,0.08,-0.16,0.03,-0.21,-0.17
16357,-1.26,-0.13,-0.16,-0.08,-0.11,-0.17
16358,-1.26,-0.02,-0.05,-0.08,-0.21,-0.28
16359,-1.26,-0.02,-0.05,-0.08,-0.11,-0.17
16360,-1.36,-0.13,-0.05,-0.18,-0.11,-0.07
16361,-1.26,-0.13,-0.05,-0.08,-0.00,-0.07
16362,-1.26,-0.02,-0.05,-0.18,-0.21,-0.17
16363,-1.16,-0.02,-0.16,0.03,-0.21,-0.07
16364,-1.26,-0.13,-0.05,-0.08,-0.21,-0.17
16365,-1.16,-0.13,-0.05,-0.08,-0.21,-0.07
16366,-1.36,-0.13,-0.05,-0.08,-0.11,-0.07
16367,-1.36,-0.13,-0.05,-0.18,-0.00,-0.07
16368,-1.26,-0.02,-0.05,-0.08,-0.00,-0.07
16369,-1.16,-0.02,-0.05,0.03,-0.21,-0.17
16370,-1.26,-0.13,-0.16,-0.08,-0.11,-0.07
16371,-1.36,-0.02,-0.16,-0.08,-0.11,-0.07
16372,-1.26,-0.02,-0.05,-0.08,-0.00,-0.17
16373,-1.26,-0.13,-0.05,-0.08,-0.21,-0.17
16374,-1.26,-0.13,-0.05,0.03,-0.21,-0.07
16375,-1.16,-0.13,-0.05,-0.08,-0.21,-0.07
16376,-1.26,-0.13,-0.16,0.03,-0.21,-0.28
16377,-1.36,-0.02,-0.05,0.03,-0.21,-0.07
16378,-1.16,-0.13,-0.05,0.03,-0.11,0.04
16379,-1.26,-0.02,-0.16,-0.08,-0.00,-0.07
16380,-1.26,-0.02,-0.16,0.03,-0.11,-0.07
16381,-1.36,-0.13,-0.05,-0.08,-0.11,-0.17
16382,-1.36,-0.13,-0.05,0.03,-0.11,-0.17
16383,-1.26,-0.13,-0.05,0.03,-0.11,-0.17
16384,-1.36,-0.13,-0.05,0.03,-0.11,0.04
16385,-1.47,-0.13,-0.05,-0.08,-0.00,-0.07
16386,-1.26,-0.02,-0.05,0.03,-0.21,-0.07
16387,-1.36,-0.02,-0.16,0.03,-0.11,-0.07
16388,-1.26,-0.02,-0.16,-0.08,-0.11,-0.07
16389,-1.26,-0.02,-0.05,-0.08,-0.21,-0.07
16390,-1.26,-0.02,0.05,0.03,-0.11,-0.17
16391,-1.16,-0.13,-0.05,-0.08,-0.11,-0.07
16392,-1.36,-0.13,-0.05,0.03,-0.21,-0.17
16393,-1.26,-0.02,-0.05,0.03,-0.00,-0.07
16394,-1.36,-0.02,-0.05,0.03,-0.11,-0.07
16395,-1.26,-0.13,-0.16,-0.08,-0.11,-0.07
16396,-1.26,-0.02,-0.05,-0.08,-0.21,-0.17
16397,-1.26,-0.13,-0.05,-0.08,-0.00,-0.17
16398,-1.26,-0.02,-0.16,-0.08,-0.11,0.04
16399,-1.26,-0.02,-0.05,-0.18,-0.00,-0.07
16400,-1.26,-0.13,-0.05,-0.08,-0.11,-0.07
16401,-1.36,-0.02,-0.05,-0.08,-0.11,-0.17
16402,-1.36,-0.13,-0.16,0.03,-0.11,-0.07
16403,-1.26,-0.02,-0.05,0.03,-0.00,-0.07
16404,-1.26,-0.13,-0.16,0.03,-0.11,-0.07
16405,-1.26,-0.02,-0.05,-0.18,-0.11,-0.07
16406,-1.36,-0.13,-0.16,0.03,-0.00,-0.07
16407,-1.26,-0.02,-0.16,-0.08,-0.00,-0.07
16408,-1.16,-0.02,-0.05,-0.18,-0.21,-0.28
16409,-1.16,-0.02,-0.05,-0.18,-0.31,-0.17
16410,-1.26,-0.13,-0.05,0.03,-0.21,-0.07
16411,-1.26,-0.13,-0.05,-0.08,-0.21,-0.07
16412,-1.26,-0.13,-0.05,0.03,-0.11,-0.07
16413,-1.26,-0.02,-0.05,-0.08,-0.11,-0.07
16414,-1.26,-0.13,-0.05,0.03,-0.00,-0.07
16415,-1.36,-0.02,-0.05,-0.08,-0.00,-0.17
16416,-1.26,-0.13,-0.16,0.03,-0.11,-0.17
16417,-1.26,-0.02,-0.16,0.03,-0.11,-0.17
16418,-1.26,-0.02,-0.05,0.03,-0.11,-0.07
16419,-1.36,-0.02,-0.05,0.03,-0.11,-0.07
16420,-1.26,-0.13,-0.05,-0.08,-0.11,-0.17
16421,-1.26,-0.13,-0.05,-0.08,-0.21,-0.07
16422,-1.26,-0.02,-0.05,-0.08,-0.11,-0.07
16423,-1.26,-0.13,-0.16,-0.08,-0.00,-0.28
16424,-1.26,-0.13,-0.05,-0.08,-0.21,-0.07
16425,-1.16,-0.13,-0.05,-0.08,-0.11,-0.17
16426,-1.36,-0.02,-0.05,-0.08,-0.11,-0.07
16427,-1.26,-0.13,-0.16,-0.18,-0.21,-0.17
16428,-1.26,-0.13,-0.05,-0.08,-0.21,-0.07
16429,-1.36,-0.13,-0.05,-0.08,-0.21,-0.07
16430,-1.47,-0.13,-0.16,-0.08,-0.21,-0.07
16431,-1.26,-0.02,-0.16,0.03,-0.11,-0.17
16432,-1.36,-0.02,-0.05,-0.08,-0.11,-0.17
16433,-1.36,-0.13,-0.16,-0.08,-0.00,-0.07
16434,-1.26,-0.13,-0.05,0.03,-0.21,-0.07
16435,-1.36,-0.13,-0.05,0.03,-0.21,-0.17
16436,-1.26,-0.13,-0.16,0.03,-0.11,0.04
16437,-1.26,-0.02,-0.16,-0.08,-0.21,-0.17
16438,-1.26,-0.13,-0.16,-0.08,-0.11,-0.17
16439,-1.36,-0.13,-0.16,-0.08,-0.11,-0.17
16440,-1.26,-0.23,-0.16,0.03,-0.11,-0.17
16441,-1.26,-0.13,-0.05,0.03,-0.11,-0.17
16442,-1.26,-0.02,-0.05,-0.18,-0.11,-0.07
16443,-1.36,-0.02,-0.05,0.03,-0.11,-0.17
16444,-1.26,-0.13,-0.05,-0.08,-0.11,-0.28
16445,-1.26,-0.02,-0.05,0.03,-0.21,-0.17
16446,-1.26,-0.02,-0.05,0.03,-0.21,-0.07
16447,-1.36,-0.13,-0.16,0.03,-0.11,-0.17
16448,-1.16,-0.13,-0.05,-0.08,-0.21,-0.17
16449,-1.26,-0.02,-0.05,-0.08,-0.11,-0.17
16450,-1.36,-0.13,-0.05,0.03,-0.11,-0.07
16451,-1.47,-0.02,-0.16,-0.08,-0.21,-0.07
16452,-1.36,-0.13,-0.16,-0.08,-0.11,-0.07
16611,-1.26,-0.02,-0.05,-0.18,-0.11,-0.17
16612,-1.26,-0.02,-0.05,0.03,-0.11,-0.17
16613,-1.36,-0.02,-0.05,0.03,-0.11,-0.07
16614,-1.26,-0.13,-0.05,-0.08,-0.21,-0.07
16615,-1.26,-0.02,-0.16,0.03,-0.11,-0.07
16616,-1.26,-0.13,-0.16,-0.08,-0.00,-0.07
16617,-1.36,-0.02,-0.05,0.03,-0.21,-0.17
16618,-1.36,-0.13,-0.16,-0.08,-0.11,-0.07
16619,-1.36,-0.13,-0.05,-0.08,-0.11,-0.17
16620,-1.26,-0.02,-0.05,0.03,-0.11,-0.07
16621,-1.26,-0.02,-0.05,-0.08,-0.11,-0.17
16622,-1.36,-0.02,-0.05,-0.08,-0.11,-0.28
16623,-1.36,-0.13,-0.05,0.13,-0.11,-0.17
16624,-1.26,-0.13,-0.16,-0.08,-0.31,-0.07
16625,-1.26,-0.02,-0.05,0.03,-0.21,-0.17
16626,-1.26,-0.02,-0.05,0.03,-0.21,-0.07
16627,-1.26,-0.13,-0.16,-0.08,-0.11,-0.17
16628,-1.36,-0.13,-0.16,-0.08,-0.11,-0.17
16629,-1.26,-0.02,-0.16,-0.08,-0.11,-0.07
16630,-1.26,-0.02,-0.05,0.03,-0.21,-0.17
16631,-1.36,-0.02,-0.05,-0.08,-0.21,-0.17
16632,-1.26,-0.02,-0.16,0.03,-0.00,-0.07
16633,-1.26,-0.02,-0.05,0.03,-0.11,-0.17
16634,-1.26,-0.02,-0.05,0.03,-0.11,-0.17
16635,-1.26,-0.13,-0.05,0.03,-0.21,-0.17
16636,-1.36,-0.02,-0.05,0.13,-0.11,-0.07
16637,-1.36,-0.02,-0.16,-0.08,-0.11,-0.07
16638,-1.36,-0.13,-0.05,-0.08,-0.11,-0.07
16639,-1.26,-0.02,-0.05,0.03,-0.21,-0.17
16640,-1.16,-0.13,-0.05,0.03,-0.11,-0.17
16641,-1.26,-0.13,-0.05,0.03,-0.11,-0.07
16642,-1.36,-0.13,-0.05,-0.08,-0.21,-0.07
16643,-1.26,-0.13,-0.05,-0.08,-0.21,-0.07
16644,-1.36,-0.13,-0.05,0.03,-0.11,-0.07
16645,-1.26,-0.02,-0.05,-0.08,-0.21,-0.07
16646,-1.16,-0.02,-0.05,0.03,-0.21,-0.07
16647,-1.36,-0.13,-0.05,-0.08,-0.11,-0.17
16648,-1.26,-0.02,-0.05,0.03,-0.11,0.04
16649,-1.36,-0.13,-0.05,-0.08,-0.21,-0.17
16650,-1.26,-0.02,-0.16,0.03,-0.21,-0.17
16651,-1.26,-0.13,-0.16,-0.08,-0.11,-0.17
16652,-1.26,-0.02,-0.16,0.13,-0.11,-0.17
16653,-1.36,-0.02,-0.05,0.03,-0.21,-0.17
16654,-1.36,-0.02,-0.05,0.03,-0.11,-0.17
16655,-1.26,-0.13,-0.05,-0.08,-0.21,-0.17
16656,-1.36,-0.02,-0.05,-0.08,-0.11,-0.07
16657,-1.36,-0.13,-0.05,0.03,-0.11,-0.17
16658,-1.16,-0.02,-0.05,-0.08,-0.21,-0.07
16659,-1.26,-0.13,-0.05,-0.08,-0.11,-0.07
16660,-1.26,-0.13,-0.05,0.03,-0.21,-0.17
16661,-1.26,-0.13,-0.05,-0.08,-0.11,-0.17
16662,-1.36,-0.13,-0.05,0.03,-0.11,-0.07
16663,-1.26,-0.02,-0.05,-0.08,-0.11,-0.07
16664,-1.26,-0.02,-0.05,0.03,-0.21,-0.17
16665,-1.26,-0.13,-0.05,-0.08,-0.21,-0.17
16666,-1.26,-0.02,-0.16,-0.08,-0.11,-0.17
16667,-1.36,-0.02,-0.05,0.03,-0.21,-0.17
16668,-1.26,-0.02,-0.16,0.03,-0.11,0.04
16669,-1.26,-0.02,-0.05,-0.08,-0.21,-0.17
16670,-1.26,-0.13,-0.05,0.03,-0.11,-0.17
16671,-1.36,-0.02,-0.05,-0.08,-0.11,-0.07
16672,-1.26,-0.02,-0.05,-0.08,-0.00,-0.07
16673,-1.26,-0.13,-0.05,-0.08,-0.11,0.04
16674,-1.26,-0.02,-0.05,-0.08,-0.11,-0.17
16675,-1.26,0.08,-0.05,-0.08,-0.00,-0.17
16676,-1.36,-0.13,-0.16,-0.08,-0.00,-0.17
16677,-1.26,-0.13,-0.05,-0.08,-0.21,-0.17
16678,-1.26,-0.13,-0.05,-0.08,-0.11,-0.17
16679,-1.26,-0.23,-0.05,0.03,-0.11,-0.07
16680,-1.36,-0.13,-0.05,0.03,-0.11,-0.07
16681,-1.36,-0.13,-0.05,-0.08,-0.11,-0.17
16682,-1.26,-0.02,-0.16,0.03,-0.11,-0.17
16683,-1.26,-0.02,-0.05,0.03,-0.11,-0.07
16684,-1.47,-0.13,-0.05,-0.08,-0.11,-0.07
16685,-1.26,-0.13,-0.05,0.03,-0.21,-0.17
16686,-1.26,-0.13,-0.05,0.03,-0.21,-0.07
16687,-1.26,-0.13,-0.05,0.03,-0.11,-0.07
16688,-1.26,-0.13,-0.05,0.03,-0.21,-0.07
16689,-1.26,-0.13,-0.16,0.03,-0.11,-0.07
16690,-1.36,-0.13,-0.05,0.03,-0.21,-0.17
16691,-1.26,-0.13,-0.05,0.03,-0.11,-0.07
16692,-1.26,-0.02,-0.16,-0.18,-0.21,-0.07
16693,-1.26,-0.13,-0.16,0.03,-0.11,-0.17
16694,-1.26,-0.02,-0.05,-0.08,-0.21,-0.07
16695,-1.26,-0.02,-0.05,-0.08,-0.11,0.04
16696,-1.26,-0.13,-0.16,-0.08,-0.11,-0.07
16697,-1.26,-0.02,-0.05,-0.18,-0.21,-0.17
16698,-1.36,-0.13,-0.05,-0.08,-0.11,0.04
16699,-1.26,-0.13,-0.16,0.03,-0.11,-0.07
16700,-1.36,-0.02,-0.05,-0.08,-0.21,-0.07
16701,-1.26,-0.02,-0.16,-0.18,-0.11,-0.07
16702,-1.26,-0.02,-0.05,-0.08,-0.11,-0.17
16703,-1.26,-0.02,-0.05,-0.08,-0.11,0.04
16704,-1.36,-0.02,-0.05,0.13,-0.11,-0.07
16705,-1.26,-0.02,-0.05,-0.08,-0.21,-0.07
16706,-1.26,-0.13,-0.05,-0.08,-0.11,-0.17
16707,-1.26,-0.02,-0.05,0.03,-0.11,-0.07
16708,-1.26,-0.02,-0.05,0.03,-0.11,-0.17
16709,-1.26,-0.13,-0.05,-0.08,-0.21,-0.17
16710,-1.36,-0.02,-0.05,0.03,-0.11,0.04
16711,-1.26,-0.02,-0.05,-0.08,-0.11,-0.17
16712,-1.26,-0.02,-0.05,-0.08,-0.11,-0.07
16713,-1.26,-0.13,-0.05,-0.18,-0.11,-0.17
16714,-1.26,-0.02,-0.05,-0.08,-0.11,-0.28
16715,-1.26,0.08,-0.05,0.03,-0.11,-0.17
16716,-1.36,-0.02,-0.05,-0.18,-0.11,-0.17
16717,-1.36,-0.13,-0.05,-0.08,-0.21,-0.07
16718,-1.36,-0.02,-0.16,0.03,-0.11,-0.17
16719,-1.26,-0.02,-0.16,0.03,-0.11,-0.07
16720,-1.26,-0.02,-0.05,-0.08,-0.11,-0.07
16721,-1.36,-0.13,-0.16,-0.08,-0.11,0.04
16722,-1.26,-0.13,-0.05,-0.18,-0.11,-0.07
16723,-1.36,-0.02,-0.05,-0.08,-0.11,-0.17
16724,-1.26,-0.02,-0.16,-0.18,-0.00,-0.07
16725,-1.26,-0.02,-0.05,-0.08,-0.21,-0.17
16726,-1.26,-0.13,-0.05,-0.08,-0.21,-0.07
16727,-1.26,-0.02,-0.05,-0.08,-0.11,-0.17
16728,-1.36,-0.02,-0.16,-0.08,-0.11,-0.17
16729,-1.16,-0.02,-0.16,0.03,-0.11,-0.07
16730,-1.36,-0.02,-0.05,0.03,-0.11,-0.07
16731,-1.26,-0.13,-0.05,-0.08,-0.11,-0.17
16732,-1.26,-0.02,-0.05,-0.08,-0.21,-0.17
16733,-1.26,-0.13,-0.05,-0.08,-0.11,0.04
16734,-1.26,-0.13,-0.05,0.03,-0.21,-0.07
16735,-1.26,-0.02,-0.05,0.13,-0.11,-0.17
16736,-1.26,-0.02,-0.05,-0.08,-0.11,-0.17
16737,-1.26,-0.02,-0.05,-0.08,-0.21,-0.07
16738,-1.26,-0.13,-0.16,0.03,-0.00,0.04
16739,-1.26,-0.02,-0.05,-0.08,-0.11,-0.17
16740,-1.36,0.08,-0.05,-0.08,-0.11,-0.28
16741,-1.26,-0.13,-0.05,-0.08,-0.11,-0.07
16742,-1.26,-0.13,-0.05,0.03,0.10,-0.07
16743,-1.26,-0.13,-0.05,-0.18,-0.11,-0.07
16744,-1.26,-0.13,-0.05,0.03,-0.21,-0.17
16745,-1.36,-0.02,-0.16,0.03,-0.00,-0.17
16746,-1.26,-0.13,-0.05,0.03,-0.00,-0.17
16747,-1.36,-0.02,-0.05,-0.08,-0.11,-0.07
16748,-1.36,0.08,-0.05,-0.18,-0.21,-0.07
16749,-1.36,-0.02,-0.05,-0.08,-0.11,-0.17
16750,-1.36,-0.13,-0.05,-0.08,-0.11,-0.07
16751,-1.36,-0.02,-0.05,-0.08,-0.11,-0.17
16752,-1.36,-0.02,-0.05,0.03,-0.21,0.04
16753,-1.26,-0.13,-0.05,0.03,-0.11,-0.17
16754,-1.26,-0.02,-0.05,-0.18,-0.21,-0.28
16755,-1.26,-0.02,-0.05,-0.08,-0.00,-0.17
16756,-1.26,-0.02,-0.05,0.03,-0.21,-0.17
16757,-1.26,-0.02,-0.05,0.03,-0.21,-0.28
16758,-1.26,-0.13,-0.05,-0.08,-0.21,-0.07
16759,-1.26,0.08,-0.05,0.03,-0.21,-0.17
16760,-1.26,-0.02,-0.05,0.03,-0.21,-0.07
16761,-1.26,-0.13,-0.05,0.03,0.10,-0.28
16762,-1.16,-0.02,-0.16,-0.08,-0.11,-0.17
16763,-1.36,-0.13,-0.05,-0.08,-0.21,-0.07
16764,-1.36,-0.02,-0.05,0.03,-0.11,-0.17
16765,-1.26,-0.13,-0.05,-0.18,-0.11,-0.07
16766,-1.36,-0.13,-0.05,0.03,-0.11,-0.17
16767,-1.26,-0.13,-0.05,-0.08,-0.11,-0.07
16768,-1.26,-0.02,-0.05,0.03,-0.11,-0.07
16769,-1.26,-0.13,-0.05,-0.08,-0.21,-0.17
16770,-1.26,-0.13,-0.05,0.03,-0.11,-0.17
16771,-1.26,-0.13,-0.05,-0.08,-0.11,0.04
16772,-1.36,-0.13,-0.05,-0.08,-0.21,-0.07
16773,-1.26,-0.13,-0.05,-0.08,-0.21,-0.07
16774,-1.26,-0.02,-0.05,0.03,-0.11,-0.17
16775,-1.36,-0.13,-0.16,-0.08,-0.00,-0.07
16776,-1.16,-0.02,-0.05,-0.08,-0.00,-0.17
16777,-1.26,-0.02,-0.05,-0.08,-0.11,-0.17
16778,-1.36,-0.13,-0.16,0.03,-0.11,-0.07
16779,-1.36,-0.02,-0.05,-0.08,-0.11,-0.17
16780,-1.26,-0.13,-0.05,-0.08,-0.11,-0.07
16781,-1.26,-0.13,-0.05,0.03,-0.11,-0.28
16782,-1.26,-0.02,-0.05,0.03,-0.00,0.04
16783,-1.26,-0.13,-0.05,-0.08,-0.11,-0.28
16784,-1.36,-0.02,-0.16,0.03,-0.11,-0.17
16785,-1.36,-0.02,-0.05,-0.08,-0.11,-0.07
16786,-1.16,-0.13,-0.05,0.03,-0.11,-0.17
16787,-1.36,-0.13,-0.05,-0.08,-0.21,-0.07
16788,-1.26,-0.02,-0.16,0.03,-0.11,-0.07
16789,-1.26,-0.02,-0.05,-0.08,-0.21,-0.17
16790,-1.26,-0.13,-0.05,0.03,-0.11,-0.07
16791,-1.26,-0.02,-0.05,0.03,-0.11,-0.17
16792,-1.36,-0.13,-0.05,0.03,-0.11,-0.17
16793,-1.26,-0.13,-0.16,-0.08,-0.11,-0.17
16794,-1.26,-0.13,-0.05,-0.08,-0.21,-0.17
16795,-1.16,-0.13,-0.05,-0.08,-0.11,-0.07
16796,-1.26,-0.13,-0.05,0.03,-0.11,-0.17
16797,-1.26,-0.13,-0.16,0.03,-0.00,-0.17
16798,-1.26,-0.02,-0.05,-0.08,-0.21,-0.07
16799,-1.26,-0.13,-0.05,-0.08,-0.11,-0.17
16800,-1.26,-0.13,-0.16,-0.08,-0.11,-0.07
16801,-1.26,-0.13,-0.16,-0.08,-0.11,-0.07
16802,-1.16,-0.13,-0.05,0.13,-0.21,-0.07
16803,-1.36,-0.02,-0.05,0.03,-0.11,0.04
16804,-1.26,-0.13,-0.05,0.03,-0.11,-0.07
16805,-1.26,-0.13,-0.05,-0.08,-0.11,-0.07
16806,-1.36,-0.02,-0.16,-0.08,-0.21,-0.17
16807,-1.26,-0.13,-0.16,-0.08,-0.11,-0.07
16808,-1.36,-0.13,-0.05,-0.08,-0.11,-0.07
16809,-1.26,-0.13,-0.05,0.03,-0.21,-0.07
16810,-1.16,-0.13,-0.05,-0.08,-0.21,-0.07
16811,-1.16,-0.13,-0.05,0.03,-0.11,-0.17
16812,-1.36,-0.13,-0.05,-0.08,-0.00,-0.07
16813,-1.36,-0.02,-0.16,-0.08,-0.21,-0.17
16814,-1.26,-0.13,-0.05,-0.08,-0.00,-0.17
16815,-1.36,-0.13,-0.05,-0.18,-0.21,-0.07
16816,-1.36,-0.13,-0.16,-0.08,-0.11,-0.07
16817,-1.26,-0.13,-0.05,0.03,-0.11,-0.07
16818,-1.36,-0.02,-0.05,0.03,-0.11,-0.28
16819,-1.36,-0.13,-0.16,-0.08,-0.00,-0.07
16820,-1.26,-0.13,-0.05,-0.08,-0.21,-0.07
16821,-1.36,0.08,-0.16,-0.08,-0.11,-0.28
16822,-1.26,-0.02,-0.05,0.03,-0.11,-0.17
16823,-1.26,-0.02,-0.05,-0.08,-0.00,-0.17
16824,-1.26,-0.02,-0.05,0.03,-0.11,-0.07
16825,-1.26,-0.13,-0.05,-0.08,-0.11,-0.17
16826,-1.26,-0.13,-0.05,-0.08,-0.11,-0.07
16827,-1.26,-0.02,-0.16,0.03,-0.11,-0.07
16828,-1.36,-0.13,-0.05,-0.08,-0.00,-0.07
16829,-1.36,-0.02,-0.05,-0.18,-0.11,-0.17
16830,-1.26,-0.13,-0.05,-0.08,-0.11,-0.17
16831,-1.36,-0.13,-0.05,0.13,-0.21,-0.07
16832,-1.26,-0.13,-0.05,-0.08,-0.11,-0.17
16951,-1.68,-0.33,0.05,0.03,-0.31,-0.17
16951,-1.26,-0.02,-0.05,0.03,-0.11,-0.17
16952,-1.26,-0.13,-0.05,-0.08,-0.00,-0.07
16953,-1.26,-0.13,-0.16,-0.08,-0.00,-0.07
16954,-1.26,-0.02,-0.05,0.03,-0.11,-0.07
16955,-1.26,-0.02,-0.05,0.03,-0.21,-0.17
16956,-1.26,-0.02,-0.16,-0.08,-0.21,-0.17
16957,-1.26,-0.13,-0.16,0.13,-0.11,-0.07
16958,-1.26,-0.13,-0.16,-0.08,-0.11,-0.07
16959,-1.26,-0.02,-0.05,-0.08,-0.11,-0.07
16960,-1.36,-0.02,-0.05,0.03,-0.00,-0.17
16961,-1.26,-0.02,-0.05,-0.08,-0.11,-0.07
16962,-1.26,-0.13,-0.05,0.03,-0.11,-0.07
16963,-1.26,-0.02,-0.05,-0.08,-0.11,-0.07
16964,-1.36,-0.02,-0.05,-0.08,-0.21,-0.17
16965,-1.26,-0.13,-0.05,0.03,-0.21,-0.07
16966,-1.16,-0.02,-0.05,-0.08,-0.11,-0.17
16967,-1.26,-0.13,-0.16,-0.08,-0.11,-0.07
16968,-1.26,-0.13,-0.05,-0.08,-0.11,-0.07
16969,-1.26,-0.02,-0.16,0.03,-0.21,-0.07
16970,-1.26,-0.02,-0.05,-0.08,-0.21,-0.07
16971,-1.26,-0.02,-0.16,-0.08,-0.21,-0.07
16972,-1.26,-0.02,-0.05,0.03,-0.11,-0.07
16973,-1.36,-0.13,-0.05,0.03,-0.00,-0.07
16974,-1.16,-0.13,-0.05,0.03,-0.00,-0.28
16975,-1.26,-0.13,-0.05,0.03,-0.11,0.04
16976,-1.16,-0.02,-0.05,0.03,-0.21,-0.28
16977,-1.26,-0.02,-0.05,-0.08,-0.11,-0.07
16978,-1.26,-0.13,-0.05,0.03,-0.21,-0.17
16979,-1.26,-0.13,-0.05,0.03,-0.11,-0.17
16980,-1.26,-0.13,-0.16,-0.08,-0.11,-0.07
16981,-1.16,-0.02,-0.16,0.03,-0.21,-0.07
16982,-1.36,-0.13,-0.05,0.03,-0.11,-0.17
16983,-1.16,-0.02,-0.05,-0.08,-0.11,-0.17
16984,-1.26,-0.13,-0.05,-0.08,-0.11,-0.07
16985,-1.26,-0.02,-0.05,-0.08,-0.21,-0.17
16986,-1.36,-0.02,-0.05,0.03,-0.11,-0.07
16987,-1.26,-0.02,-0.05,0.03,-0.11,-0.07
16988,-1.26,-0.02,-0.05,0.03,-0.00,-0.07
16989,-1.36,-0.02,-0.05,-0.08,-0.11,-0.17
16990,-1.26,-0.02,-0.05,-0.08,-0.11,-0.07
16991,-1.26,-0.13,-0.05,0.13,-0.11,-0.07
16992,-1.36,-0.13,-0.16,-0.08,-0.11,-0.17
16993,-1.36,-0.13,-0.05,0.03,-0.11,0.04
16994,-1.36,-0.02,-0.05,-0.08,-0.11,-0.07
16995,-1.26,-0.02,-0.05,0.03,-0.11,-0.07
16996,-1.26,-0.13,-0.05,0.03,-0.21,-0.17
16997,-1.36,-0.13,-0.05,0.13,-0.11,-0.17
16998,-1.26,-0.13,-0.16,-0.08,-0.00,-0.07
16999,-1.26,-0.13,-0.05,-0.08,-0.11,-0.07
17000,-1.36,-0.13,-0.05,-0.08,-0.11,-0.07
17001,-1.36,-0.13,-0.16,0.03,-0.11,-0.07
17002,-1.26,-0.13,-0.05,0.03,-0.11,-0.17
17003,-1.26,-0.13,-0.05,-0.18,-0.11,-0.07
17004,-1.16,-0.02,-0.05,0.03,-0.11,0.04
17005,-1.26,-0.13,-0.16,0.03,-0.11,-0.07
17006,-1.26,-0.13,-0.05,-0.08,-0.21,-0.07
17007,-1.26,-0.02,-0.16,0.03,-0.21,-0.07
17008,-1.26,-0.02,-0.16,-0.18,-0.00,0.04
17009,-1.26,-0.13,-0.05,0.03,-0.11,-0.17
17010,-1.36,-0.02,-0.05,0.03,-0.00,-0.17
17011,-1.36,-0.13,-0.05,0.03,-0.21,-0.07
17012,-1.26,-0.02,-0.16,-0.08,-0.00,-0.07
17013,-1.36,-0.02,-0.05,0.03,-0.11,-0.17
17014,-1.26,-0.02,-0.05,-0.08,-0.21,-0.17
17015,-1.36,-0.13,-0.05,-0.08,-0.11,-0.07
17016,-1.36,-0.02,-0.16,-0.08,-0.11,-0.17
17017,-1.26,-0.13,-0.05,0.03,-0.00,-0.07
17018,-1.26,-0.13,-0.05,-0.08,-0.00,-0.07
17019,-1.26,-0.02,-0.16,0.03,-0.11,-0.17
17020,-1.26,-0.02,-0.05,-0.08,-0.11,-0.07
17021,-1.16,-0.02,-0.16,-0.08,-0.11,-0.17
17022,-1.36,-0.02,-0.05,0.03,-0.11,-0.17
17023,-1.26,-0.02,-0.05,-0.08,-0.11,-0.07
17024,-1.26,-0.13,-0.05,0.03,-0.00,-0.07
17025,-1.26,-0.02,-0.05,-0.08,-0.21,-0.17
17026,-1.26,-0.02,-0.05,-0.08,-0.11,-0.07
17027,-1.26,-0.13,-0.05,0.13,-0.11,-0.07
17028,-1.26,-0.13,-0.05,-0.08,-0.11,-0.07
17029,-1.26,-0.02,-0.05,-0.08,-0.11,0.04
17030,-1.36,-0.13,-0.05,-0.08,-0.21,-0.17
17031,-1.36,-0.02,-0.16,0.03,-0.11,-0.17
17032,-1.26,-0.02,-0.16,0.03,-0.11,-0.07
17033,-1.26,-0.13,-0.05,-0.08,-0.11,-0.07
17034,-1.26,-0.13,-0.05,0.03,-0.11,-0.07
17035,-1.26,-0.02,-0.05,-0.08,-0.21,-0.17
17036,-1.16,-0.02,-0.16,0.03,-0.11,-0.07
17037,-1.26,-0.02,-0.05,0.03,-0.21,-0.17
17038,-1.26,-0.23,-0.16,0.03,-0.11,-0.07
17039,-1.36,-0.02,-0.05,0.03,-0.21,-0.07
17040,-1.26,-0.13,-0.05,-0.08,-0.11,-0.07
17041,-1.26,-0.13,-0.16,-0.08,-0.11,-0.07
17042,-1.26,-0.13,-0.05,-0.08,-0.11,-0.07
17043,-1.16,-0.02,-0.16,0.03,-0.11,-0.17
17044,-1.36,-0.02,-0.05,0.03,-0.21,0.04
17045,-1.26,-0.02,-0.05,0.03,-0.11,-0.17
17046,-1.26,-0.13,-0.05,-0.08,-0.11,-0.28
17047,-1.16,-0.02,-0.05,-0.08,-0.21,-0.17
17048,-1.26,-0.13,-0.05,-0.08,-0.11,-0.07
17049,-1.36,-0.13,-0.05,0.03,-0.00,0.04
17050,-1.26,-0.13,-0.16,0.03,-0.11,-0.07
17051,-1.36,-0.13,-0.16,-0.08,-0.21,-0.17
17052,-1.26,-0.02,-0.05,-0.08,-0.21,-0.17
17053,-1.36,-0.02,-0.16,-0.08,-0.00,-0.17
17054,-1.26,-0.13,-0.05,0.03,-0.11,-0.17
17055,-1.36,-0.13,-0.05,0.03,-0.21,-0.17
17056,-1.26,-0.13,-0.05,0.03,-0.11,-0.17
17057,-1.26,-0.13,-0.05,0.03,-0.11,-0.17
17058,-1.26,-0.02,-0.05,-0.08,-0.11,-0.17
17059,-1.26,-0.02,-0.05,-0.08,-0.11,-0.17
17060,-1.36,-0.13,-0.05,-0.08,-0.00,-0.17
17061,-1.36,-0.13,-0.16,-0.08,-0.11,-0.07
17062,-1.26,-0.13,-0.05,-0.08,-0.21,-0.07
17063,-1.26,-0.02,-0.16,-0.18,-0.11,-0.17
17064,-1.26,-0.02,-0.05,0.03,-0.21,-0.17
17065,-1.26,-0.13,-0.05,-0.08,-0.00,-0.07
17066,-1.36,-0.02,-0.05,0.03,-0.11,-0.07
17067,-1.26,-0.13,-0.05,0.03,-0.11,-0.17
17068,-1.36,-0.02,-0.05,-0.08,-0.11,-0.17
17069,-1.36,-0.02,-0.16,-0.08,-0.11,-0.17
17070,-1.36,-0.02,-0.05,-0.08,-0.11,-0.07
17071,-1.26,-0.13,-0.05,0.03,-0.21,-0.17
17072,-1.36,-0.13,-0.16,0.03,-0.11,-0.17
17073,-1.26,-0.02,-0.05,-0.18,-0.21,-0.17
17074,-1.16,-0.13,-0.05,0.03,-0.11,-0.07
17075,-1.16,-0.13,-0.05,-0.08,-0.00,-0.07
17076,-1.26,-0.13,-0.05,-0.08,-0.21,-0.17
17077,-1.36,-0.13,-0.05,0.03,-0.21,-0.07
17078,-1.26,-0.02,-0.05,0.03,-0.21,-0.17
17079,-1.36,-0.13,-0.16,0.03,-0.21,0.04
17080,-1.16,-0.13,-0.16,0.03,-0.11,-0.07
17081,-1.36,-0.02,-0.05,-0.18,-0.21,-0.17
17082,-1.26,-0.02,-0.16,-0.08,-0.00,-0.17
17083,-1.26,-0.23,-0.05,0.03,-0.21,-0.17
17084,-1.26,-0.02,-0.05,0.03,-0.21,-0.17
17085,-1.26,-0.13,-0.05,-0.08,-0.11,-0.17
17086,-1.26,-0.02,-0.05,-0.08,-0.21,-0.28
17087,-1.36,-0.02,-0.05,0.03,-0.11,-0.28
17088,-1.36,-0.02,-0.05,-0.08,-0.21,0.04
17089,-1.26,-0.02,-0.05,-0.18,-0.21,-0.07
17090,-1.26,-0.02,-0.05,-0.08,-0.11,-0.07
17091,-1.26,-0.02,-0.05,-0.08,-0.21,-0.07
17092,-1.26,-0.02,-0.16,-0.08,-0.11,-0.17
17093,-1.16,-0.02,-0.05,-0.08,-0.00,0.04
17094,-1.36,-0.02,-0.05,0.03,-0.11,-0.17
17095,-1.36,-0.02,-0.05,-0.08,-0.21,-0.17
17096,-1.26,-0.02,-0.05,-0.08,-0.11,-0.07
17097,-1.26,-0.02,-0.05,-0.08,-0.00,-0.07
17098,-1.26,-0.13,-0.05,0.03,-0.21,-0.17
17099,-1.26,-0.13,-0.05,-0.18,-0.21,-0.17
17100,-1.26,-0.02,-0.05,-0.18,-0.21,-0.17
17101,-1.36,-0.13,-0.05,0.03,-0.11,-0.07
17102,-1.36,-0.02,-0.05,0.03,-0.00,-0.17
17103,-1.26,-0.02,-0.05,-0.08,-0.21,-0.17
17104,-1.26,-0.02,-0.05,-0.28,-0.00,-0.17
17105,-1.36,-0.02,-0.05,-0.08,-0.11,-0.17
17106,-1.36,-0.13,-0.05,-0.08,-0.21,0.04
17107,-1.16,-0.02,-0.05,-0.08,-0.11,-0.17
17108,-1.36,-0.13,-0.05,-0.08,-0.00,-0.17
17109,-1.26,-0.13,-0.16,0.03,-0.11,-0.07
17110,-1.26,-0.02,-0.05,0.03,-0.11,0.04
17111,-1.26,-0.13,-0.05,0.03,-0.21,-0.07
17112,-1.26,-0.13,-0.05,-0.08,-0.00,-0.07
17113,-1.26,-0.02,-0.05,-0.08,-0.21,-0.17
17114,-1.26,-0.02,-0.05,-0.08,-0.00,-0.07
17115,-1.36,-0.13,-0.05,0.03,-0.11,-0.17
17116,-1.36,-0.02,-0.05,-0.08,-0.00,-0.28
17117,-1.36,-0.13,-0.05,-0.08,-0.00,-0.17
17118,-1.36,-0.02,-0.05,-0.08,-0.00,-0.17
17119,-1.36,-0.02,-0.16,-0.08,-0.21,-0.17
17120,-1.16,-0.13,-0.16,-0.08,-0.00,-0.07
17121,-1.36,-0.13,-0.16,0.03,-0.11,-0.17
17122,-1.26,-0.13,-0.16,-0.08,-0.11,-0.07
17123,-1.36,-0.13,-0.05,0.03,-0.00,-0.17
17124,-1.16,-0.13,-0.05,-0.08,-0.21,-0.07
17125,-1.36,-0.13,-0.05,0.03,-0.00,-0.07
17126,-1.36,-0.13,-0.05,-0.08,-0.11,-0.17
17127,-1.26,-0.13,-0.05,-0.08,-0.11,-0.07
17128,-1.36,-0.13,-0.16,-0.08,-0.11,-0.17
17129,-1.26,-0.02,-0.05,-0.08,-0.21,-0.17
17130,-1.36,-0.13,-0.05,-0.08,-0.11,0.04
17131,-1.36,-0.02,-0.16,-0.08,-0.00,-0.07
17132,-1.26,-0.02,-0.16,0.03,-0.11,-0.28
17133,-1.16,-0.13,-0.05,-0.08,-0.11,-0.07
17134,-1.26,-0.13,-0.16,0.03,-0.11,-0.07
17135,-1.26,-0.02,-0.05,-0.08,-0.11,0.04
17136,-1.16,-0.13,-0.16,-0.08,-0.11,-0.17
17137,-1.36,-0.02,-0.16,0.03,-0.11,-0.17
17138,-1.36,-0.02,-0.05,-0.18,-0.21,-0.07
17139,-1.26,-0.02,-0.05,-0.08,-0.11,-0.07
17140,-1.36,-0.02,0.05,-0.08,-0.11,-0.17
17141,-1.36,-0.02,-0.16,-0.08,-0.21,-0.07
17142,-1.26,-0.02,-0.16,-0.18,-0.00,-0.17
17143,-1.26,-0.13,-0.16,-0.08,-0.11,-0.28
17144,-1.36,-0.02,-0.05,-0.08,-0.21,-0.17
17145,-1.26,-0.02,-0.05,-0.08,-0.11,-0.17
17146,-1.36,-0.02,-0.05,-0.18,-0.11,-0.07
17147,-1.36,-0.02,-0.05,0.03,-0.21,-0.17
17148,-1.26,-0.02,-0.05,0.03,-0.21,-0.28
17149,-1.36,-0.13,-0.16,0.03,-0.00,-0.07
17150,-1.26,-0.02,-0.05,-0.08,-0.11,-0.17
17151,-1.36,-0.02,-0.16,-0.08,-0.00,-0.17
17152,-1.26,-0.13,-0.05,-0.08,-0.21,-0.17
17153,-1.26,-0.13,-0.16,0.03,-0.11,-0.17
17154,-1.26,-0.13,-0.05,-0.08,-0.11,-0.17
17155,-1.16,-0.13,-0.05,-0.08,-0.11,-0.17
17156,-1.26,-0.13,-0.05,0.03,-0.11,-0.17
17157,-1.36,-0.13,-0.05,-0.08,-0.11,-0.17
17158,-1.26,-0.13,-0.05,-0.08,-0.21,-0.17
17159,-1.26,-0.13,-0.05,-0.08,-0.21,-0.17
17160,-1.26,-0.13,-0.05,-0.08,-0.21,-0.17
17161,-1.26,-0.02,-0.16,-0.18,-0.11,-0.07
17162,-1.26,-0.02,-0.05,-0.08,-0.11,0.04
17163,-1.36,-0.02,-0.16,-0.08,-0.11,-0.07
17164,-1.26,-0.13,-0.05,0.03,-0.11,-0.17
17165,-1.16,-0.13,-0.16,-0.08,-0.11,-0.17
17166,-1.26,-0.13,-0.16,0.03,-0.11,-0.07
17167,-1.26,-0.13,-0.16,-0.08,-0.21,-0.07
17168,-1.36,-0.02,-0.05,-0.08,-0.11,-0.07
17169,-1.36,-0.02,-0.05,-0.08,-0.21,-0.07
17170,-1.26,-0.02,-0.05,-0.08,-0.21,-0.17
17171,-1.26,-0.02,-0.16,0.03,-0.11,-0.07
17172,-1.36,-0.13,-0.05,-0.08,-0.21,-0.17
17173,-1.26,-0.13,-0.16,-0.08,-0.11,-0.17
17174,-1.26,-0.13,-0.05,0.03,-0.11,-0.17
17175,-1.26,-0.02,-0.16,-0.08,-0.21,0.04
17176,-1.26,-0.13,-0.05,0.03,-0.11,-0.17
17177,-1.26,-0.02,-0.05,-0.08,-0.11,-0.17
17178,-1.36,-0.02,-0.16,0.03,-0.11,-0.07
17179,-1.26,-0.02,-0.16,-0.08,-0.11,-0.07
17180,-1.36,-0.02,-0.16,-0.18,-0.00,-0.07
17181,-1.26,-0.13,-0.05,0.03,-0.21,-0.07
17182,-1.26,-0.13,-0.05,-0.08,-0.21,-0.17
17183,-1.26,-0.13,-0.05,-0.08,-0.11,-0.28
17184,-1.26,-0.02,-0.05,0.03,-0.11,-0.17
17185,-1.36,-0.02,-0.16,0.03,-0.21,-0.17
17186,-1.26,-0.02,-0.05,0.03,-0.21,-0.17
17187,-1.26,-0.13,-0.05,-0.08,-0.11,-0.17
17188,-1.26,-0.13,-0.05,0.03,-0.21,-0.17
17189,-1.26,-0.13,-0.05,0.03,-0.00,-0.07
17190,-1.36,-0.02,-0.05,0.03,-0.21,-0.07
17191,-1.36,-0.02,-0.05,-0.08,-0.11,-0.07
17192,-1.26,-0.02,-0.05,-0.08,-0.00,-0.07
17193,-1.36,-0.02,-0.05,0.03,-0.11,-0.17
17194,-1.26,-0.02,-0.16,-0.08,-0.21,-0.07
17195,-1.26,-0.13,-0.05,-0.08,-0.11,-0.07
17196,-1.26,-0.13,-0.05,-0.08,-0.21,-0.07
17197,-1.36,-0.02,-0.05,-0.08,-0.11,-0.17
17198,-1.26,-0.02,-0.05,-0.08,-0.11,-0.07
17199,-1.26,-0.02,-0.05,0.03,-0.21,-0.07
17200,-1.36,-0.02,-0.16,0.03,-0.11,0.04
17201,-1.26,-0.02,-0.05,0.03,-0.21,-0.07
17202,-1.26,-0.02,-0.16,-0.08,-0.11,-0.17
17393,-1.26,-0.02,-0.16,-0.08,-0.11,-0.07
17394,-1.36,-0.13,-0.16,0.03,-0.31,-0.17
17395,-1.36,-0.02,-0.05,0.03,-0.11,-0.07
17396,-1.26,-0.13,-0.05,-0.08,-0.11,-0.17
17397,-1.26,-0.13,-0.05,-0.08,-0.21,-0.17
17398,-1.26,-0.13,-0.16,0.03,-0.11,-0.07
17399,-1.26,-0.13,-0.05,-0.08,-0.11,-0.17
17400,-1.36,-0.02,-0.05,-0.08,-0.11,-0.07
17401,-1.26,-0.02,-0.16,-0.08,-0.11,-0.17
17402,-1.26,-0.13,-0.05,-0.18,-0.11,-0.17
17403,-1.26,-0.02,-0.16,-0.08,-0.11,-0.17
17404,-1.26,-0.13,-0.05,-0.08,-0.11,-0.07
17405,-1.16,-0.02,-0.05,-0.08,-0.21,-0.17
17406,-1.26,-0.13,-0.05,-0.08,-0.11,0.04
17407,-1.36,-0.13,-0.16,-0.08,-0.21,-0.17
17408,-1.26,-0.02,-0.05,-0.08,-0.21,-0.17
17409,-1.36,-0.13,-0.05,0.13,-0.21,-0.17
17410,-1.26,-0.02,-0.05,-0.08,-0.21,-0.17
17411,-1.26,-0.13,-0.05,0.03,-0.11,0.04
17412,-1.36,-0.02,-0.05,-0.08,-0.11,-0.17
17413,-1.26,-0.13,-0.05,0.03,-0.00,-0.17
17414,-1.26,-0.02,-0.05,-0.08,-0.11,-0.17
17415,-1.26,-0.02,-0.05,-0.08,-0.11,-0.17
17416,-1.26,-0.13,-0.16,-0.08,-0.11,-0.17
17417,-1.36,-0.02,-0.05,0.03,-0.21,-0.17
17418,-1.26,-0.13,-0.05,0.03,-0.11,0.04
17419,-1.26,-0.13,-0.05,-0.08,-0.11,-0.07
17420,-1.26,-0.13,-0.16,0.03,-0.11,-0.17
17421,-1.26,-0.02,-0.16,-0.08,-0.21,-0.17
17422,-1.16,-0.13,-0.05,-0.08,-0.21,0.04
17423,-1.36,-0.02,-0.05,-0.08,-0.21,-0.07
17424,-1.36,-0.02,-0.05,-0.08,-0.11,-0.07
17425,-1.36,-0.13,-0.05,0.03,-0.11,-0.17
17426,-1.26,-0.13,-0.05,0.03,-0.00,-0.17
17427,-1.26,-0.13,-0.05,0.13,-0.11,-0.17
17428,-1.36,-0.02,-0.05,-0.08,-0.11,-0.07
17429,-1.26,-0.13,-0.16,0.03,-0.11,-0.07
17430,-1.16,-0.13,-0.05,-0.08,-0.11,-0.17
17431,-1.26,-0.02,-0.05,-0.08,-0.00,-0.07
17432,-1.36,-0.13,-0.16,-0.08,-0.21,-0.07
17433,-1.36,-0.13,-0.16,-0.08,-0.00,-0.07
17434,-1.26,-0.23,-0.16,0.03,-0.11,-0.17
17435,-1.26,-0.13,-0.16,-0.08,-0.21,-0.17
17436,-1.26,-0.23,-0.05,-0.08,-0.21,-0.07
17437,-1.26,-0.02,-0.05,0.03,-0.21,-0.07
17438,-1.26,-0.13,-0.05,0.03,-0.21,-0.07
17439,-1.36,-0.02,-0.05,0.03,-0.00,-0.17
17440,-1.26,-0.13,-0.16,0.03,-0.11,-0.17
17441,-1.26,-0.23,-0.05,0.03,-0.11,-0.17
17442,-1.26,-0.13,-0.16,0.03,-0.11,-0.17
17443,-1.26,-0.13,-0.16,0.03,-0.11,-0.17
17444,-1.26,-0.02,-0.05,0.03,-0.21,-0.07
17445,-1.26,-0.13,-0.16,-0.08,-0.11,-0.07
17446,-1.47,-0.02,-0.05,-0.08,-0.11,-0.17
17447,-1.26,-0.13,-0.16,0.03,-0.00,-0.17
17448,-1.26,-0.02,-0.05,-0.08,-0.21,-0.07
17449,-1.47,-0.13,-0.16,-0.08,-0.11,-0.17
17450,-1.36,-0.02,-0.05,-0.18,-0.11,-0.07
17451,-1.26,-0.02,-0.05,-0.08,-0.21,-0.07
17452,-1.26,-0.02,-0.16,-0.08,-0.11,-0.07
17453,-1.26,-0.13,-0.16,-0.08,-0.00,-0.17
17454,-1.36,-0.13,-0.05,0.03,-0.11,-0.07
17455,-1.36,-0.02,-0.05,0.03,-0.11,-0.17
17456,-1.26,-0.13,-0.05,0.03,-0.11,-0.07
17457,-1.36,-0.02,-0.16,-0.08,-0.11,-0.17
17458,-1.36,-0.13,-0.05,-0.08,-0.21,-0.07
17459,-1.26,-0.02,-0.16,-0.08,-0.11,-0.17
17460,-1.36,-0.02,-0.05,-0.08,-0.11,-0.17
17461,-1.16,-0.13,-0.05,-0.08,-0.11,-0.07
17462,-1.36,-0.13,-0.16,-0.08,-0.00,-0.07
17463,-1.36,-0.13,-0.05,0.03,-0.21,-0.17
17464,-1.26,-0.02,-0.05,-0.08,-0.11,-0.07
17465,-1.36,-0.13,-0.05,-0.08,-0.21,-0.17
17466,-1.26,-0.13,-0.05,-0.08,-0.00,-0.17
17467,-1.36,-0.13,-0.05,-0.08,-0.21,-0.07
17468,-1.26,-0.02,-0.16,-0.08,-0.21,-0.17
17469,-1.26,-0.13,-0.05,0.03,-0.00,-0.07
17470,-1.36,-0.13,-0.05,-0.08,-0.00,-0.17
17471,-1.26,-0.02,-0.05,0.03,-0.21,-0.17
17472,-1.36,-0.13,-0.05,-0.08,-0.11,-0.28
17473,-1.26,-0.02,-0.05,-0.08,-0.21,-0.17
17474,-1.16,-0.02,-0.05,-0.18,-0.31,-0.07
17475,-1.36,-0.13,-0.05,-0.08,-0.21,-0.07
17476,-1.26,-0.02,-0.05,-0.08,-0.21,-0.07
17477,-1.26,-0.13,-0.05,-0.08,-0.11,-0.07
17478,-1.26,-0.13,-0.16,0.03,-0.11,-0.07
17479,-1.26,-0.02,-0.05,-0.08,-0.21,-0.07
17480,-1.16,-0.13,-0.05,0.03,-0.11,-0.17
17481,-1.26,-0.02,-0.05,0.03,-0.11,-0.07
17482,-1.26,-0.13,-0.05,-0.08,-0.11,-0.17
17483,-1.36,-0.13,-0.05,-0.08,-0.21,-0.07
17484,-1.36,-0.02,-0.05,0.03,-0.11,-0.17
17485,-1.26,-0.02,-0.16,-0.08,-0.21,-0.07
17486,-1.26,-0.02,-0.16,-0.08,-0.11,-0.07
17487,-1.26,-0.02,-0.05,0.03,-0.11,-0.07
17488,-1.36,-0.02,-0.05,0.03,-0.21,-0.17
17489,-1.26,-0.13,-0.05,-0.08,-0.21,-0.17
17490,-1.26,-0.02,-0.05,-0.08,-0.21,-0.17
17491,-1.26,-0.02,-0.05,-0.08,-0.21,-0.17
17492,-1.26,-0.13,-0.05,-0.08,-0.11,-0.07
17493,-1.36,-0.13,-0.05,0.03,-0.11,-0.07
17494,-1.26,-0.13,-0.05,-0.08,-0.11,-0.17
17495,-1.16,-0.13,-0.16,-0.08,-0.11,-0.07
17496,-1.36,-0.13,-0.16,-0.08,-0.11,-0.07
17497,-1.26,0.08,-0.05,-0.08,-0.11,-0.07
17498,-1.16,-0.23,-0.05,-0.08,-0.11,-0.17
17499,-1.36,-0.13,-0.16,0.03,-0.11,-0.17
17500,-1.26,-0.02,-0.05,-0.08,-0.21,-0.07
17501,-1.26,-0.13,-0.16,-0.18,-0.11,-0.17
17502,-1.26,-0.02,-0.05,-0.18,-0.21,0.04
17503,-1.26,-0.13,-0.05,-0.08,-0.11,-0.17
17504,-1.26,-0.02,-0.05,0.03,-0.21,-0.17
17505,-1.16,-0.02,-0.05,-0.08,-0.21,-0.17
17506,-1.26,-0.13,-0.05,-0.08,-0.21,-0.17
17507,-1.26,-0.02,-0.05,0.03,-0.21,-0.17
17508,-1.26,-0.02,-0.05,0.03,-0.21,-0.17
17509,-1.36,-0.13,-0.05,0.03,-0.21,-0.17
17510,-1.26,-0.02,-0.05,0.03,-0.00,-0.07
17511,-1.26,-0.02,-0.16,0.03,-0.21,-0.28
17512,-1.36,-0.13,-0.05,-0.18,-0.21,-0.17
17513,-1.36,-0.02,-0.05,-0.08,-0.11,-0.07
17514,-1.26,-0.13,-0.05,-0.08,-0.11,0.04
17515,-1.16,-0.13,-0.16,-0.18,-0.11,0.04
17516,-1.26,-0.02,-0.16,0.03,-0.11,-0.17
17517,-1.26,-0.13,-0.16,-0.08,-0.11,-0.17
17518,-1.36,-0.13,-0.05,0.03,-0.11,-0.17
17519,-1.36,0.08,-0.05,-0.08,-0.11,-0.07
17520,-1.26,-0.13,-0.05,0.03,-0.21,-0.07
17521,-1.36,-0.13,-0.05,0.03,-0.11,-0.17
17522,-1.26,-0.13,-0.16,-0.08,-0.11,-0.07
17523,-1.36,-0.13,-0.05,-0.08,-0.11,-0.17
17524,-1.26,-0.13,-0.05,-0.08,-0.11,-0.17
17525,-1.26,-0.02,-0.05,-0.08,-0.11,-0.17
17526,-1.26,-0.02,-0.16,-0.08,-0.11,-0.17
17527,-1.26,-0.02,-0.05,0.03,-0.11,-0.07
17528,-1.36,-0.02,-0.16,-0.08,-0.11,-0.07
17529,-1.36,-0.13,-0.05,-0.08,-0.11,-0.17
17530,-1.26,-0.13,-0.16,-0.18,-0.21,-0.17
17531,-1.16,-0.02,-0.16,-0.08,-0.11,-0.17
17532,-1.26,-0.13,-0.05,-0.08,-0.11,-0.17
17533,-1.36,-0.13,-0.16,0.03,-0.11,-0.17
17534,-1.26,-0.13,-0.05,-0.08,-0.11,-0.07
17535,-1.26,-0.02,-0.05,-0.08,-0.21,-0.17
17536,-1.26,-0.02,-0.05,-0.18,-0.21,-0.17
17537,-1.26,-0.02,-0.05,-0.18,-0.00,-0.17
17538,-1.26,-0.02,-0.05,-0.08,-0.11,-0.07
17539,-1.26,-0.13,-0.16,0.03,-0.00,-0.07
17540,-1.36,-0.02,-0.05,-0.08,-0.21,-0.07
17541,-1.26,-0.13,-0.05,0.13,-0.11,-0.17
17542,-1.36,-0.13,-0.05,0.13,-0.11,-0.17
17543,-1.36,-0.02,-0.16,-0.08,-0.11,-0.07
17544,-1.26,-0.02,-0.05,0.03,-0.21,-0.17
17545,-1.36,-0.02,-0.05,0.13,-0.11,-0.07
17546,-1.36,-0.13,-0.05,0.03,-0.11,-0.07
17547,-1.26,-0.13,-0.05,-0.08,-0.11,-0.07
17548,-1.26,-0.13,-0.05,0.03,-0.11,-0.07
17549,-1.36,-0.02,-0.05,0.03,-0.11,-0.17
17550,-1.26,-0.02,-0.05,-0.08,-0.00,-0.07
17551,-1.26,-0.02,-0.05,-0.08,-0.11,-0.07
17552,-1.26,-0.02,-0.05,0.03,-0.11,-0.17
17553,-1.26,-0.02,-0.05,-0.08,-0.11,-0.07
17554,-1.26,-0.13,-0.05,-0.08,-0.21,-0.07
17555,-1.26,-0.13,-0.05,0.03,-0.11,-0.17
17556,-1.26,-0.13,-0.05,0.03,-0.21,-0.17
17557,-1.26,-0.13,-0.05,-0.08,-0.11,-0.17
17558,-1.36,-0.02,-0.05,0.03,-0.21,-0.07
17559,-1.26,-0.02,-0.16,0.03,-0.21,-0.17
17560,-1.16,-0.13,-0.05,0.03,-0.21,-0.17
17561,-1.26,-0.02,-0.16,-0.08,-0.11,-0.07
17562,-1.36,-0.13,-0.05,-0.08,-0.11,-0.17
17563,-1.26,-0.02,-0.05,-0.08,-0.11,-0.17
17564,-1.36,-0.02,-0.05,0.03,-0.00,-0.07
17565,-1.26,-0.02,-0.16,0.03,-0.00,-0.17
17566,-1.26,-0.02,-0.05,-0.08,-0.11,-0.07
17567,-1.26,-0.13,-0.05,-0.08,-0.11,-0.17
17568,-1.26,-0.13,-0.05,0.03,-0.11,-0.07
17569,-1.26,-0.02,-0.05,0.03,-0.11,-0.17
17570,-1.26,-0.02,-0.05,0.03,-0.11,-0.07
17571,-1.26,-0.23,-0.05,-0.08,-0.11,-0.17
17572,-1.16,-0.13,-0.05,0.03,-0.21,-0.28
17573,-1.26,-0.02,-0.16,0.03,-0.11,-0.07
17574,-1.26,-0.13,-0.05,0.03,-0.11,-0.17
17575,-1.26,-0.13,-0.05,-0.08,-0.11,-0.07
17576,-1.26,-0.02,-0.05,-0.08,-0.21,-0.17
17577,-1.36,-0.13,0.05,-0.08,-0.21,-0.07
17578,-1.26,-0.13,-0.05,-0.08,-0.11,-0.07
17579,-1.26,-0.13,-0.16,0.03,-0.11,-0.07
17580,-1.26,-0.23,-0.05,0.03,-0.11,-0.07
17581,-1.36,-0.02,-0.05,0.03,-0.21,-0.07
17582,-1.26,-0.13,-0.16,0.13,-0.11,-0.07
17583,-1.26,-0.13,-0.05,-0.08,-0.11,-0.17
17584,-1.26,-0.13,-0.16,0.13,-0.11,-0.07
17585,-1.26,-0.02,-0.05,-0.08,-0.21,-0.28
17586,-1.26,-0.02,-0.05,0.03,-0.21,-0.17
17587,-1.26,-0.13,-0.05,0.03,-0.11,-0.07
17588,-1.26,-0.02,-0.16,0.03,-0.21,-0.17
17589,-1.26,-0.13,-0.05,0.03,-0.11,-0.17
17590,-1.36,-0.13,-0.16,-0.08,-0.11,-0.07
17591,-1.26,-0.13,-0.05,-0.08,-0.11,-0.17
17592,-1.36,-0.02,-0.16,-0.08,-0.11,-0.17
17593,-1.26,-0.13,-0.16,-0.08,-0.00,-0.17
17594,-1.36,-0.02,-0.16,0.03,-0.11,-0.17
17595,-1.26,-0.13,-0.05,0.03,-0.11,0.04
17596,-1.36,-0.02,-0.05,-0.08,-0.21,0.04
17597,-1.26,-0.13,-0.05,0.03,-0.11,0.04
17598,-1.26,-0.02,-0.05,-0.08,-0.21,-0.17
17599,-1.26,-0.02,-0.05,-0.08,-0.11,-0.17
17600,-1.36,-0.13,-0.05,0.03,-0.11,-0.17
17601,-1.16,-0.13,-0.05,0.03,-0.11,-0.07
17602,-1.26,-0.13,-0.05,-0.08,-0.00,-0.07
17603,-1.36,-0.02,-0.05,0.03,-0.00,-0.07
17604,-1.36,-0.02,-0.16,-0.08,-0.11,-0.17
17605,-1.36,-0.02,-0.05,-0.08,-0.11,-0.17
17606,-1.36,-0.13,-0.05,-0.08,-0.00,-0.07
17607,-1.26,-0.02,-0.05,0.03,-0.11,-0.07
17608,-1.26,-0.02,-0.05,-0.08,-0.11,-0.17
17609,-1.26,-0.13,-0.05,0.03,-0.11,-0.28
17610,-1.26,-0.13,-0.16,-0.08,-0.11,-0.07
17611,-1.26,-0.13,-0.05,-0.18,-0.11,-0.17
17612,-1.26,-0.02,-0.05,0.03,-0.11,-0.07
17613,-1.26,-0.13,-0.05,-0.08,-0.00,-0.07
17614,-1.36,-0.02,-0.16,-0.08,-0.21,-0.07
17615,-1.26,-0.02,-0.05,-0.08,-0.21,-0.17
17616,-1.36,-0.13,-0.05,0.03,-0.11,-0.17
17617,-1.26,-0.13,-0.05,-0.08,-0.11,-0.07
17618,-1.26,-0.13,-0.05,-0.08,-0.11,-0.17
17619,-1.36,-0.02,-0.05,-0.08,-0.21,-0.07
17620,-1.26,-0.02,-0.05,0.13,-0.21,-0.07
17621,-1.36,-0.02,-0.16,-0.08,-0.21,-0.17
17622,-1.36,-0.02,-0.05,-0.08,-0.11,-0.28
17623,-1.36,-0.13,-0.16,0.03,-0.11,-0.17
17624,-1.26,-0.13,-0.05,0.03,-0.11,-0.07
17625,-1.26,-0.02,-0.16,0.03,-0.21,-0.07
17626,-1.16,-0.02,-0.05,-0.08,-0.21,-0.17
17627,-1.26,-0.13,-0.05,-0.08,-0.11,-0.28
17628,-1.26,-0.02,-0.05,0.03,-0.00,-0.07
17629,-1.26,-0.02,-0.05,-0.08,-0.11,-0.07
17630,-1.36,-0.13,-0.16,0.03,-0.11,-0.07
17631,-1.16,-0.02,-0.05,-0.08,-0.21,-0.07
17632,-1.26,-0.02,-0.05,0.03,-0.11,-0.17
17633,-1.26,-0.13,-0.16,-0.08,-0.11,-0.17
17634,-1.26,-0.02,-0.05,-0.08,-0.11,-0.17
17635,-1.26,-0.02,-0.16,-0.08,-0.00,-0.07
17636,-1.36,-0.13,-0.05,-0.08,-0.11,-0.07
17637,-1.26,-0.13,-0.16,-0.08,-0.11,-0.07
17638,-1.26,-0.13,-0.16,0.03,-0.11,-0.17
17639,-1.16,-0.23,-0.05,-0.08,-0.11,-0.07
17640,-1.26,-0.13,-0.05,0.03,-0.11,-0.07
17641,-1.36,-0.02,-0.05,0.03,-0.11,-0.07
17642,-1.26,-0.13,-0.05,0.03,-0.11,-0.17
17643,-1.36,-0.13,-0.05,-0.08,-0.11,-0.07
17644,-1.26,-0.02,-0.16,0.03,-0.21,-0.17
17645,-1.26,-0.13,-0.05,-0.08,-0.21,-0.07
17646,-1.26,-0.13,-0.16,-0.08,-0.11,0.04
17647,-1.26,-0.13,-0.05,-0.08,-0.11,-0.07
17648,-1.26,-0.02,-0.05,0.03,-0.21,-0.17
17649,-1.26,-0.02,-0.05,-0.08,-0.21,-0.17
17650,-1.36,-0.02,-0.16,-0.08,-0.11,-0.17
17651,-1.26,-0.13,-0.05,-0.08,-0.21,-0.17
17652,-1.26,-0.13,-0.05,0.03,-0.11,-0.07
17653,-1.36,-0.02,-0.16,0.03,-0.21,-0.07
17654,-1.26,-0.02,-0.05,-0.08,-0.21,-0.17
17655,-1.26,-0.02,-0.05,-0.08,-0.21,-0.17
17656,-1.26,-0.13,-0.05,0.03,-0.11,-0.07
17657,-1.26,-0.13,-0.05,0.03,-0.11,-0.28
17658,-1.26,-0.13,-0.05,-0.08,-0.11,-0.07
17659,-1.26,0.08,-0.05,0.03,-0.21,-0.17
17660,-1.26,-0.02,-0.05,0.03,-0.11,-0.07
17661,-1.26,-0.13,-0.16,0.03,-0.21,-0.07
17662,-1.26,-0.13,-0.05,-0.08,-0.11,-0.17
17663,-1.26,-0.02,-0.05,-0.08,-0.11,-0.17
17664,-1.26,-0.02,-0.05,0.03,-0.11,-0.07
17665,-1.26,-0.02,-0.05,-0.08,-0.11,-0.17
17666,-1.26,-0.13,-0.05,-0.08,-0.11,-0.07
17667,-1.26,-0.02,-0.05,-0.08,-0.11,-0.17
17668,-1.36,-0.13,-0.05,-0.08,-0.21,-0.17
17669,-1.36,-0.13,-0.05,-0.08,-0.21,0.04
17670,-1.36,-0.13,-0.05,0.03,-0.21,-0.07
17671,-1.16,-0.02,-0.05,0.03,-0.21,-0.07
17672,-1.36,-0.02,-0.16,0.03,-0.11,-0.07
17673,-1.36,-0.02,-0.16,0.03,-0.11,-0.07
17674,-1.26,-0.02,-0.16,-0.08,-0.21,-0.17
17675,-1.26,-0.02,-0.05,0.03,-0.21,-0.07
17676,-1.26,-0.13,-0.05,0.03,-0.11,-0.07
17677,-1.36,-0.02,-0.16,-0.08,-0.21,-0.17
17678,-1.26,-0.13,-0.16,0.03,-0.21,-0.07
17679,-1.26,-0.02,-0.16,-0.18,-0.11,-0.07
17680,-1.26,-0.13,-0.05,-0.08,-0.11,-0.07
17681,-1.16,-0.02,-0.05,0.03,-0.11,-0.07
17682,-1.26,-0.02,-0.05,0.03,-0.11,-0.17
17683,-1.26,-0.13,-0.05,0.03,-0.11,-0.07
17684,-1.16,-0.02,-0.05,-0.08,-0.21,-0.07
17685,-1.16,-0.02,-0.05,-0.08,-0.21,-0.07
17686,-1.26,-0.02,-0.05,-0.08,-0.11,-0.07
17687,-1.16,-0.13,-0.05,0.03,-0.11,-0.17
17688,-1.36,-0.13,-0.16,-0.08,-0.11,-0.17
17689,-1.36,-0.02,-0.16,-0.08,-0.00,-0.07
17690,-1.26,-0.13,-0.05,-0.08,-0.11,-0.07
17691,-1.36,-0.02,-0.05,-0.08,-0.00,-0.17
17692,-1.26,-0.02,-0.05,0.03,-0.21,-0.17
17693,-1.26,-0.13,-0.05,0.03,-0.21,-0.17
17694,-1.26,-0.02,-0.05,-0.08,-0.11,-0.07
17695,-1.36,-0.13,-0.16,0.03,-0.11,-0.17
17696,-1.36,-0.13,-0.05,0.03,-0.21,-0.28
17697,-1.26,-0.13,-0.05,0.03,-0.11,-0.07
17698,-1.26,-0.02,-0.05,0.03,-0.21,-0.17
17699,-1.26,-0.02,-0.05,-0.08,-0.21,-0.07
17700,-1.26,-0.13,-0.05,-0.18,-0.21,-0.07
17701,-1.26,-0.02,-0.05,0.13,-0.11,-0.07
17702,-1.36,-0.13,-0.05,0.03,-0.21,-0.17
17703,-1.26,-0.02,-0.16,-0.08,-0.11,0.04
17704,-1.26,-0.02,-0.05,0.03,-0.21,-0.17
17705,-1.36,-0.02,-0.05,-0.08,-0.00,0.04
17706,-1.26,-0.02,-0.05,-0.08,-0.11,-0.07
17707,-1.36,-0.13,-0.05,-0.08,-0.11,-0.17
17708,-1.36,-0.13,-0.16,-0.08,-0.21,-0.17
17709,-1.36,-0.13,-0.05,-0.08,-0.31,-0.07
17710,-1.36,-0.02,-0.16,-0.08,-0.11,-0.17
17821,-1.26,0.50,0.05,-0.18,-0.31,-0.07
17821,-1.16,-0.02,-0.05,-0.18,-0.21,0.04
17822,-1.26,-0.02,-0.05,-0.08,-0.21,-0.28
17823,-1.26,-0.02,-0.05,0.03,-0.11,0.04
17824,-1.36,-0.13,-0.05,0.03,-0.11,-0.07
17825,-1.36,-0.13,-0.16,-0.08,-0.11,-0.07
17826,-1.26,-0.02,-0.16,-0.08,-0.11,-0.07
17827,-1.26,-0.13,-0.05,-0.08,-0.11,-0.17
17828,-1.26,-0.02,-0.05,0.03,-0.00,-0.17
17829,-1.26,-0.13,-0.05,-0.08,-0.11,-0.07
17830,-1.26,-0.02,-0.05,0.13,-0.21,-0.17
17831,-1.36,-0.13,-0.05,-0.08,-0.11,-0.17
17832,-1.36,-0.02,-0.05,0.03,-0.11,-0.07
17833,-1.26,-0.13,-0.16,-0.08,-0.11,-0.07
17834,-1.26,-0.13,-0.05,-0.08,-0.11,-0.07
17835,-1.26,-0.02,-0.05,-0.08,-0.21,-0.28
17836,-1.26,-0.13,-0.05,0.03,-0.11,-0.17
17837,-1.36,-0.13,-0.05,-0.18,-0.11,-0.07
17838,-1.26,-0.13,-0.05,-0.08,-0.11,-0.07
17839,-1.26,-0.02,-0.05,0.03,-0.11,-0.07
17840,-1.26,-0.02,-0.05,0.03,-0.21,-0.17
17841,-1.26,-0.02,-0.05,0.03,-0.00,-0.07
17842,-1.36,-0.13,-0.05,-0.08,-0.11,0.04
17843,-1.26,-0.02,-0.05,0.03,-0.11,-0.17
17844,-1.26,-0.13,-0.16,-0.08,-0.11,-0.17
17845,-1.26,-0.02,-0.05,-0.08,-0.21,-0.17
17846,-1.36,-0.13,-0.05,0.03,-0.11,-0.17
17847,-1.26,-0.13,-0.16,-0.08,-0.11,-0.17
17848,-1.26,-0.13,-0.05,0.03,-0.11,-0.17
17849,-1.26,-0.13,-0.05,0.03,-0.21,-0.07
17850,-1.26,-0.02,-0.05,0.03,-0.21,-0.28
17851,-1.26,-0.13,-0.05,-0.08,-0.21,-0.17
17852,-1.36,-0.23,-0.05,0.03,-0.00,-0.17
17853,-1.26,-0.13,-0.16,-0.18,-0.21,-0.07
17854,-1.36,-0.02,-0.05,-0.08,-0.11,-0.07
17855,-1.26,-0.13,-0.16,-0.08,-0.11,-0.17
17856,-1.26,-0.02,-0.05,0.03,-0.11,-0.17
17857,-1.26,-0.02,-0.05,-0.08,-0.21,-0.17
17858,-1.36,-0.02,-0.16,0.03,-0.11,-0.07
17859,-1.36,-0.13,-0.05,0.03,-0.11,-0.17
17860,-1.36,-0.02,-0.05,0.03,-0.21,0.14
17861,-1.26,-0.13,-0.16,-0.08,-0.11,0.04
17862,-1.36,-0.13,-0.05,-0.18,-0.11,-0.07
17863,-1.26,-0.13,-0.05,0.03,-0.21,-0.17
17864,-1.26,-0.13,-0.16,-0.08,-0.11,-0.17
17865,-1.26,-0.13,-0.05,-0.08,-0.00,-0.07
17866,-1.26,-0.02,-0.05,-0.08,-0.21,-0.17
17867,-1.26,-0.02,-0.05,-0.08,-0.21,-0.07
17868,-1.26,-0.02,-0.05,0.03,-0.21,-0.17
17869,-1.36,-0.02,-0.16,-0.08,-0.11,-0.17
17870,-1.26,-0.02,-0.05,0.03,-0.11,-0.17
17871,-1.26,-0.02,-0.16,-0.08,-0.21,-0.17
17872,-1.16,-0.13,-0.05,0.03,-0.11,-0.07
17873,-1.26,-0.02,-0.16,0.03,-0.11,-0.07
17874,-1.26,-0.13,-0.16,0.03,-0.21,-0.17
17875,-1.36,-0.02,-0.05,0.03,-0.11,-0.17
17876,-1.36,-0.02,-0.05,-0.08,-0.11,-0.17
17877,-1.26,-0.02,-0.16,0.03,-0.11,-0.17
17878,-1.26,-0.13,-0.05,0.03,-0.21,-0.17
17879,-1.26,-0.02,-0.05,-0.08,-0.21,-0.07
17880,-1.36,-0.02,-0.05,-0.08,-0.11,-0.07
17881,-1.36,-0.02,-0.16,-0.08,-0.11,-0.17
17882,-1.36,-0.13,-0.05,-0.18,-0.11,-0.17
17883,-1.36,-0.13,-0.05,0.03,-0.21,-0.17
17884,-1.26,-0.02,-0.05,-0.08,-0.11,-0.07
17885,-1.36,-0.02,-0.16,-0.08,-0.11,-0.07
17886,-1.26,-0.13,-0.05,-0.08,-0.11,-0.17
17887,-1.16,-0.13,-0.05,0.03,-0.11,-0.07
17888,-1.26,-0.02,-0.05,0.03,-0.11,-0.07
17889,-1.26,-0.13,-0.05,-0.08,-0.11,-0.17
17890,-1.36,-0.13,-0.05,-0.08,-0.00,-0.07
17891,-1.26,-0.13,-0.05,0.03,-0.21,-0.17
17892,-1.26,-0.13,-0.05,0.03,-0.11,-0.17
17893,-1.26,-0.02,-0.05,0.03,-0.21,0.04
17894,-1.26,-0.13,-0.05,-0.08,-0.11,-0.07
17895,-1.26,-0.13,-0.05,0.03,-0.11,-0.17
17896,-1.26,-0.13,-0.05,0.03,-0.21,-0.17
17897,-1.26,-0.02,-0.16,0.13,-0.00,-0.07
17898,-1.26,-0.02,-0.05,0.03,-0.21,-0.17
17899,-1.36,-0.13,-0.16,-0.08,-0.11,-0.17
17900,-1.26,-0.13,-0.05,-0.08,-0.00,-0.07
17901,-1.26,-0.02,-0.05,-0.08,-0.21,-0.07
17902,-1.26,-0.13,-0.05,0.13,-0.11,-0.17
17903,-1.26,-0.13,-0.05,-0.08,-0.11,-0.07
17904,-1.36,-0.13,-0.16,0.03,-0.21,-0.07
17905,-1.26,-0.02,-0.16,0.03,-0.21,-0.28
17906,-1.36,-0.13,-0.05,-0.08,-0.21,-0.07
17907,-1.26,-0.02,-0.05,-0.18,-0.21,-0.17
17908,-1.36,-0.02,-0.05,-0.08,-0.21,-0.17
17909,-1.26,-0.02,-0.05,-0.08,-0.00,-0.17
17910,-1.26,-0.02,-0.05,-0.08,-0.11,-0.17
17911,-1.26,-0.13,-0.16,0.03,-0.00,-0.07
17912,-1.26,-0.13,-0.05,0.03,-0.11,-0.07
17913,-1.36,-0.13,-0.05,-0.08,-0.11,-0.07
17914,-1.26,-0.02,-0.16,0.03,-0.11,-0.17
17915,-1.26,-0.13,-0.05,-0.08,-0.00,0.04
17916,-1.26,-0.13,-0.05,-0.08,-0.11,-0.17
17917,-1.26,-0.13,-0.05,-0.18,-0.21,-0.07
17918,-1.36,-0.13,-0.16,-0.08,-0.11,-0.07
17919,-1.26,-0.13,-0.05,-0.08,-0.11,-0.17
17920,-1.26,-0.13,-0.05,0.03,-0.11,-0.07
17921,-1.26,-0.02,-0.05,-0.18,-0.11,-0.17
17922,-1.26,-0.02,-0.05,-0.08,-0.00,-0.17
17923,-1.26,-0.02,-0.05,-0.08,-0.00,-0.17
17924,-1.16,-0.13,-0.05,-0.08,-0.11,-0.17
17925,-1.26,-0.13,-0.16,0.03,-0.00,0.04
17926,-1.36,-0.13,-0.16,0.13,-0.11,-0.07
17927,-1.36,-0.13,-0.16,-0.08,-0.11,-0.07
17928,-1.26,-0.02,-0.05,-0.08,-0.21,-0.07
17929,-1.16,-0.02,-0.16,-0.08,-0.21,-0.07
17930,-1.26,-0.13,-0.05,-0.08,-0.11,-0.17
17931,-1.36,-0.13,-0.05,0.03,-0.00,-0.07
17932,-1.36,-0.13,-0.16,0.03,-0.11,-0.17
17933,-1.26,-0.13,-0.05,-0.08,-0.11,-0.07
17934,-1.36,-0.13,-0.05,0.03,-0.00,-0.17
17935,-1.36,-0.02,-0.05,0.03,-0.21,-0.07
17936,-1.26,-0.13,-0.05,-0.08,-0.21,-0.17
17937,-1.26,-0.13,-0.16,-0.08,-0.11,-0.07
17938,-1.36,-0.13,-0.05,0.03,-0.21,-0.17
17939,-1.16,-0.13,-0.16,-0.08,-0.11,-0.07
17940,-1.26,-0.13,-0.05,0.03,-0.11,-0.17
17941,-1.36,-0.02,-0.16,-0.08,-0.21,-0.07
17942,-1.47,-0.13,-0.05,0.03,-0.00,-0.17
17943,-1.26,-0.02,-0.05,-0.08,-0.11,-0.17
17944,-1.36,-0.02,-0.05,-0.08,-0.21,-0.07
17945,-1.26,-0.02,-0.05,0.03,-0.11,-0.17
17946,-1.36,-0.13,-0.16,0.03,-0.11,-0.07
17947,-1.26,-0.02,-0.05,-0.08,-0.11,-0.17
17948,-1.36,-0.02,-0.16,-0.08,-0.11,-0.07
17949,-1.36,-0.02,-0.05,-0.08,-0.21,-0.28
17950,-1.26,-0.13,-0.05,-0.08,-0.00,-0.28
17951,-1.26,-0.02,-0.16,-0.08,-0.21,-0.17
17952,-1.36,-0.13,-0.16,0.03,-0.21,-0.07
17953,-1.16,-0.13,-0.05,-0.08,-0.11,-0.28
17954,-1.26,-0.13,-0.05,0.03,-0.21,0.04
17955,-1.26,-0.02,-0.05,0.03,-0.21,-0.17
17956,-1.36,-0.02,-0.16,-0.08,-0.21,-0.07
17957,-1.16,-0.02,-0.05,0.03,-0.11,-0.07
17958,-1.26,-0.13,-0.05,0.03,-0.11,-0.17
17959,-1.36,-0.02,-0.16,0.13,-0.11,-0.28
17960,-1.26,-0.13,-0.16,0.13,-0.21,-0.28
17961,-1.26,-0.13,-0.16,0.03,-0.21,-0.17
17962,-1.36,-0.13,-0.05,-0.08,-0.11,-0.07
17963,-1.36,-0.02,-0.05,0.03,-0.21,-0.17
17964,-1.26,-0.13,-0.05,0.03,-0.11,-0.17
17965,-1.26,-0.13,-0.16,0.03,-0.11,-0.07
17966,-1.36,-0.13,-0.05,-0.08,-0.11,0.04
17967,-1.36,-0.02,-0.05,0.03,-0.21,-0.17
17968,-1.26,-0.13,-0.05,0.03,-0.11,-0.07
17969,-1.36,-0.13,-0.16,0.03,-0.21,-0.17
17970,-1.36,-0.02,-0.05,0.03,-0.11,-0.07
17971,-1.36,-0.13,-0.05,-0.08,-0.21,-0.07
17972,-1.36,-0.13,-0.16,0.03,-0.11,-0.28
17973,-1.36,-0.02,0.05,0.03,-0.11,-0.17
17974,-1.26,-0.13,-0.16,-0.08,-0.11,-0.07
17975,-1.16,-0.13,-0.05,-0.08,-0.11,-0.17
17976,-1.26,-0.13,-0.05,-0.08,-0.11,-0.07
17977,-1.36,-0.13,-0.05,-0.08,-0.21,-0.17
17978,-1.26,-0.13,-0.05,-0.08,-0.11,0.04
17979,-1.36,-0.02,-0.05,-0.08,-0.11,-0.07
17980,-1.26,-0.13,-0.05,-0.08,-0.31,-0.17
17981,-1.36,-0.02,-0.16,0.03,-0.00,-0.17
17982,-1.26,-0.02,-0.05,-0.08,-0.00,-0.17
17983,-1.36,-0.02,-0.05,-0.08,-0.21,-0.17
17984,-1.26,-0.02,-0.05,0.03,-0.21,-0.17
17985,-1.26,-0.13,-0.05,0.03,-0.11,-0.17
17986,-1.26,-0.02,-0.05,-0.08,-0.11,-0.17
17987,-1.36,-0.02,-0.05,0.03,-0.21,-0.17
17988,-1.36,-0.13,-0.05,0.03,-0.11,-0.17
17989,-1.26,-0.13,-0.05,-0.08,-0.21,-0.07
17990,-1.26,-0.02,-0.05,-0.08,-0.11,-0.17
17991,-1.26,-0.02,-0.05,-0.08,-0.11,-0.17
17992,-1.26,-0.02,-0.05,-0.08,-0.11,-0.17
17993,-1.36,-0.13,-0.05,0.03,-0.11,-0.17
17994,-1.26,-0.13,-0.05,-0.08,-0.11,-0.07
17995,-1.26,-0.13,-0.05,-0.08,-0.21,-0.07
17996,-1.26,-0.02,-0.16,0.03,-0.21,-0.07
17997,-1.26,-0.02,-0.05,0.03,-0.11,-0.07
17998,-1.26,-0.23,-0.16,-0.08,-0.00,-0.07
17999,-1.26,-0.02,-0.16,-0.08,-0.00,-0.17
18000,-1.26,-0.02,-0.05,-0.08,-0.21,-0.17
18001,-1.26,-0.02,-0.05,-0.08,-0.21,0.04
18002,-1.36,-0.13,-0.05,0.03,-0.00,-0.17
18003,-1.26,-0.13,-0.16,-0.08,-0.11,-0.07
18004,-1.26,-0.02,-0.05,-0.18,-0.11,-0.07
18005,-1.36,-0.02,-0.16,-0.08,-0.11,-0.17
18006,-1.26,-0.02,-0.05,-0.08,-0.11,-0.17
18007,-1.26,-0.02,-0.05,-0.08,-0.11,-0.17
18008,-1.26,-0.13,-0.05,-0.08,-0.11,-0.07
18009,-1.26,-0.02,-0.05,0.03,-0.11,-0.07
18010,-1.36,-0.02,-0.05,0.03,-0.11,-0.07
18011,-1.36,-0.02,-0.05,-0.08,-0.11,-0.17
18012,-1.26,-0.02,-0.05,0.03,-0.21,-0.28
18013,-1.26,-0.13,-0.05,0.03,-0.21,-0.07
18014,-1.26,-0.13,-0.16,-0.18,-0.11,-0.07
18015,-1.36,-0.02,-0.16,-0.08,-0.11,-0.07
18016,-1.26,-0.02,-0.05,-0.08,-0.11,-0.07
18017,-1.26,-0.02,-0.05,0.03,-0.11,0.04
18018,-1.26,-0.13,-0.05,-0.08,-0.21,-0.28
18019,-1.26,-0.13,-0.05,0.03,-0.11,-0.17
18020,-1.26,-0.13,-0.05,0.03,-0.21,-0.17
18021,-1.26,-0.02,-0.05,0.03,-0.21,-0.07
18022,-1.26,-0.13,-0.16,-0.08,-0.11,-0.07
18023,-1.16,-0.13,-0.05,-0.18,-0.21,-0.17
18024,-1.26,-0.02,-0.05,-0.18,-0.21,-0.07
18025,-1.36,-0.13,-0.16,-0.08,-0.00,-0.07
18026,-1.26,-0.13,-0.05,-0.08,-0.11,-0.17
18027,-1.26,-0.02,-0.16,-0.08,-0.21,-0.07
18028,-1.26,-0.02,-0.16,0.03,-0.11,-0.07
18029,-1.36,-0.02,-0.05,0.03,-0.21,-0.17
18030,-1.26,-0.13,-0.05,0.03,-0.11,-0.17
18031,-1.36,-0.02,-0.05,0.03,-0.21,-0.07
18032,-1.26,-0.13,-0.05,-0.08,-0.11,-0.07
18033,-1.36,-0.13,-0.05,-0.08,-0.11,-0.17
18034,-1.26,-0.02,-0.05,0.03,-0.11,-0.07
18035,-1.36,-0.02,-0.05,0.03,-0.21,-0.07
18036,-1.26,-0.13,-0.05,0.03,-0.00,-0.17
18037,-1.26,-0.13,-0.05,0.03,-0.11,-0.28
18038,-1.36,-0.13,-0.16,0.03,-0.11,-0.07
18039,-1.16,-0.13,-0.05,0.03,-0.11,0.04
18040,-1.26,-0.13,-0.05,0.03,-0.21,-0.17
18041,-1.26,-0.02,-0.16,-0.08,-0.21,-0.07
18042,-1.36,-0.02,-0.05,-0.08,-0.00,-0.07
18043,-1.26,-0.02,-0.16,-0.18,-0.11,-0.07
18044,-1.26,-0.23,-0.05,-0.08,-0.11,-0.07
18045,-1.26,-0.02,-0.05,-0.08,-0.11,-0.07
18046,-1.26,-0.02,-0.16,0.03,-0.21,0.04
18047,-1.26,-0.02,-0.16,-0.08,-0.21,-0.07
18048,-1.26,-0.13,-0.05,0.03,-0.21,-0.07
18049,-1.26,-0.02,-0.16,0.03,-0.11,-0.07
18050,-1.26,-0.02,-0.05,0.03,-0.11,-0.07
18051,-1.26,-0.13,-0.05,-0.08,-0.11,-0.07
18052,-1.36,-0.02,-0.05,-0.08,-0.21,-0.07
18053,-1.36,-0.13,-0.16,-0.08,-0.11,-0.17
18054,-1.26,-0.13,-0.05,-0.08,-0.11,-0.07
18055,-1.26,-0.02,-0.05,0.03,-0.00,-0.07
18056,-1.26,-0.02,-0.05,0.03,-0.11,-0.28
18057,-1.26,-0.02,-0.16,-0.08,-0.11,-0.07
18058,-1.26,-0.02,-0.05,0.03,-0.21,-0.17
18059,-1.36,-0.13,-0.05,-0.08,-0.21,-0.17
18060,-1.26,-0.13,-0.16,-0.08,-0.21,-0.07
18061,-1.26,-0.13,-0.05,-0.08,-0.00,-0.17
18062,-1.26,-0.02,-0.05,-0.08,-0.11,-0.07
18063,-1.26,-0.13,-0.05,-0.08,-0.21,-0.07
18064,-1.26,-0.13,-0.16,-0.08,-0.11,-0.07
18065,-1.26,-0.13,-0.05,-0.08,-0.11,-0.17
18066,-1.26,-0.13,-0.16,-0.08,-0.11,-0.07
18067,-1.26,-0.13,-0.05,0.03,-0.21,-0.17
18068,-1.36,-0.02,-0.16,-0.08,-0.00,-0.17
18069,-1.36,-0.13,-0.16,-0.08,-0.11,-0.07
18070,-1.26,-0.02,-0.05,-0.08,-0.21,-0.07
18071,-1.36,-0.02,-0.16,-0.08,-0.11,-0.17
18072,-1.36,-0.13,-0.05,-0.08,-0.11,-0.07
18073,-1.26,-0.02,-0.05,-0.08,-0.11,-0.07
18074,-1.26,-0.02,-0.05,-0.08,-0.21,-0.17
18075,-1.26,-0.13,-0.05,0.03,-0.11,-0.17
18076,-1.26,-0.02,-0.05,-0.08,-0.11,-0.28
18077,-1.26,-0.02,-0.05,-0.08,-0.11,-0.17
18078,-1.26,-0.23,-0.05,0.03,-0.11,-0.07
18079,-1.16,-0.02,-0.05,-0.08,-0.21,-0.07
18080,-1.26,-0.02,-0.05,0.03,-0.11,-0.17
18081,-1.36,-0.02,-0.05,-0.08,-0.00,-0.07
18082,-1.26,-0.13,-0.05,-0.08,-0.11,-0.07
18083,-1.36,-0.02,-0.05,0.03,-0.11,-0.17
18084,-1.26,-0.02,-0.16,-0.18,-0.21,-0.07
18085,-1.26,-0.13,-0.05,0.03,-0.11,-0.07
18086,-1.47,-0.13,-0.05,-0.08,-0.11,-0.07
18087,-1.26,-0.02,-0.05,-0.08,-0.11,0.04
18088,-1.36,-0.13,-0.05,0.03,-0.21,-0.17
18089,-1.36,-0.13,-0.05,-0.08,-0.11,-0.07
18090,-1.26,-0.13,-0.05,0.03,-0.11,-0.07
18091,-1.26,-0.13,-0.16,0.03,-0.11,-0.17
18092,-1.36,-0.02,-0.05,-0.08,-0.11,-0.17
18093,-1.26,-0.13,-0.05,-0.08,-0.11,-0.07
18094,-1.26,-0.02,-0.05,-0.08,-0.11,-0.07
18095,-1.36,-0.13,-0.05,0.03,-0.11,-0.17
18096,-1.26,-0.13,-0.05,0.03,-0.11,0.04
18097,-1.36,-0.02,-0.16,0.03,-0.11,-0.17
18098,-1.26,-0.02,-0.16,-0.08,-0.21,-0.07
18099,-1.36,-0.13,-0.16,0.03,-0.11,0.04
18100,-1.16,-0.13,-0.05,-0.08,-0.21,-0.17
18101,-1.26,-0.02,-0.05,0.03,-0.11,0.04
18102,-1.26,-0.13,-0.05,0.03,-0.21,-0.17
18103,-1.26,-0.02,-0.16,-0.08,-0.11,-0.17
18104,-1.26,-0.02,-0.05,0.03,-0.11,-0.07
18105,-1.26,-0.02,-0.05,0.03,-0.21,-0.07
18106,-1.26,-0.02,-0.05,-0.08,-0.21,-0.07
18107,-1.26,-0.02,-0.05,-0.08,-0.21,-0.17
18108,-1.36,-0.13,-0.05,0.03,-0.11,-0.17
18109,-1.36,-0.13,-0.16,-0.08,-0.21,0.04
18110,-1.36,-0.13,-0.16,0.03,-0.11,-0.17
18111,-1.36,-0.13,-0.05,-0.08,-0.00,-0.07
18112,-1.26,-0.02,-0.16,-0.08,-0.11,-0.17
18113,-1.26,-0.13,-0.05,0.03,-0.11,-0.17
18114,-1.36,-0.13,-0.16,-0.08,-0.11,-0.17
18115,-1.26,0.08,-0.05,0.03,-0.21,-0.07
18116,-1.36,-0.02,-0.05,0.03,-0.21,-0.17
18117,-1.16,-0.13,-0.05,0.03,-0.11,-0.07
18118,-1.36,-0.02,-0.16,-0.08,-0.11,-0.07
18119,-1.26,-0.13,-0.05,0.03,-0.21,-0.17
18120,-1.26,-0.13,-0.05,0.03,-0.11,-0.17
18121,-1.36,-0.02,-0.05,0.03,-0.11,-0.07
18122,-1.26,-0.13,-0.05,-0.08,-0.00,-0.07
18123,-1.26,-0.02,-0.05,0.03,-0.11,-0.07
18124,-1.36,-0.13,-0.05,0.03,-0.11,-0.07
18125,-1.26,-0.13,-0.05,0.03,-0.21,-0.17
18126,-1.36,-0.13,-0.05,-0.08,-0.00,-0.07
18127,-1.26,-0.13,-0.05,-0.08,-0.11,-0.17
18128,-1.26,-0.13,-0.05,-0.08,-0.21,-0.07
18129,-1.26,-0.13,-0.05,0.03,-0.11,-0.17
18130,-1.26,-0.02,-0.05,0.03,-0.21,0.04
18131,-1.26,-0.13,-0.05,-0.08,-0.00,-0.17
18132,-1.36,-0.13,-0.16,0.03,-0.21,-0.17
18133,-1.26,-0.02,-0.05,0.03,-0.21,-0.17
18134,-1.26,-0.02,-0.05,-0.08,-0.21,-0.17
18135,-1.26,-0.02,-0.05,0.03,-0.21,-0.17
18136,-1.26,-0.13,-0.05,0.03,-0.11,-0.17
18137,-1.26,-0.23,-0.05,0.03,-0.11,-0.07
18138,-1.36,-0.13,-0.16,-0.08,-0.11,-0.07
18139,-1.26,-0.02,-0.16,0.03,-0.21,-0.17
18140,-1.26,-0.13,-0.16,0.03,-0.21,-0.17
18141,-1.36,-0.02,-0.16,-0.08,-0.11,-0.28
18142,-1.26,-0.13,-0.05,0.03,-0.21,-0.17
18143,-1.26,-0.13,-0.05,-0.08,-0.11,-0.17
18144,-1.36,-0.02,-0.05,-0.08,-0.11,-0.17
18145,-1.26,-0.13,-0.05,-0.08,-0.11,-0.17
18146,-1.36,-0.13,-0.05,0.03,-0.11,0.04
18147,-1.36,-0.13,-0.05,0.13,-0.11,-0.07
18148,-1.36,-0.13,-0.05,-0.08,-0.00,-0.07
18149,-1.36,-0.02,-0.05,-0.08,-0.11,0.04
18150,-1.26,-0.02,-0.05,0.03,-0.11,-0.07
18151,-1.26,-0.13,-0.16,-0.08,-0.21,-0.07
18152,-1.36,-0.13,-0.05,-0.08,-0.11,0.04
18153,-1.36,-0.13,-0.05,0.03,-0.11,-0.17
18154,-1.36,-0.02,-0.05,-0.08,-0.11,-0.17
18155,-1.36,-0.13,-0.16,-0.08,-0.11,-0.17
18156,-1.36,-0.02,-0.05,0.03,-0.21,-0.28
18157,-1.26,-0.13,-0.16,-0.08,-0.11,-0.17
18158,-1.26,-0.13,-0.05,-0.08,-0.21,-0.07
18159,-1.26,-0.13,-0.05,0.03,-0.21,-0.07
18160,-1.26,-0.02,-0.05,0.03,-0.21,-0.07
18161,-1.26,-0.13,-0.05,-0.08,-0.11,-0.17
18162,-1.16,-0.13,-0.05,-0.08,-0.21,-0.17
18163,-1.26,-0.02,-0.05,0.03,-0.11,-0.07
18164,-1.26,-0.13,-0.05,0.03,-0.11,-0.07
18338,-1.26,-0.13,-0.16,-0.08,-0.21,-0.17
18339,-1.26,-0.13,-0.05,0.03,-0.11,-0.17
18340,-1.36,-0.02,-0.16,-0.08,0.10,-0.17
18341,-1.26,-0.02,-0.05,-0.08,-0.11,-0.28
18342,-1.16,-0.13,-0.16,0.03,-0.11,-0.17
18343,-1.26,-0.13,-0.05,-0.08,-0.11,-0.17
18344,-1.16,-0.02,-0.05,-0.18,-0.11,-0.17
18345,-1.26,-0.13,-0.16,-0.08,-0.11,-0.17
18346,-1.26,-0.02,-0.05,0.03,-0.11,-0.17
18347,-1.26,-0.02,-0.05,0.03,-0.21,-0.07
18348,-1.36,-0.02,-0.16,-0.08,-0.21,-0.07
18349,-1.26,-0.13,-0.05,-0.08,-0.11,-0.17
18350,-1.26,-0.13,-0.05,-0.18,-0.21,-0.07
18351,-1.26,-0.13,-0.05,-0.08,-0.21,-0.17
18352,-1.26,-0.02,-0.05,0.03,-0.00,-0.17
18353,-1.26,-0.13,-0.05,0.03,-0.21,-0.17
18354,-1.16,0.08,-0.05,-0.08,-0.21,-0.17
18355,-1.36,-0.13,-0.05,0.03,-0.11,-0.17
18356,-1.36,-0.13,-0.16,0.03,-0.11,-0.17
18357,-1.36,-0.02,-0.05,-0.08,-0.11,-0.17
18358,-1.26,-0.13,-0.05,-0.08,-0.11,-0.17
18359,-1.26,-0.13,-0.16,-0.08,-0.11,-0.17
18360,-1.26,-0.13,-0.05,-0.08,-0.11,-0.28
18361,-1.26,-0.02,-0.05,0.03,-0.11,-0.28
18362,-1.26,-0.13,-0.16,0.13,-0.00,-0.17
18363,-1.26,-0.02,-0.05,-0.08,-0.21,-0.07
18364,-1.26,-0.13,-0.05,0.03,-0.11,-0.28
18365,-1.26,-0.13,-0.05,0.03,-0.11,-0.07
18366,-1.36,-0.02,-0.05,-0.08,-0.11,-0.07
18367,-1.26,-0.13,-0.05,-0.18,-0.11,-0.17
18368,-1.26,0.08,-0.05,-0.18,-0.21,-0.07
18369,-1.26,-0.02,-0.05,-0.08,-0.21,-0.17
18370,-1.26,-0.13,-0.05,0.03,-0.11,-0.17
18371,-1.36,-0.02,-0.16,0.03,-0.11,-0.07
18372,-1.36,-0.13,-0.05,0.03,-0.11,-0.17
18373,-1.36,-0.23,-0.05,-0.08,-0.21,-0.17
18374,-1.26,-0.02,-0.05,-0.08,-0.11,-0.17
18375,-1.26,-0.13,-0.05,-0.08,-0.21,-0.17
18376,-1.26,-0.13,-0.16,-0.08,-0.00,0.04
18377,-1.36,-0.13,-0.05,-0.08,-0.11,-0.28
18378,-1.26,-0.02,-0.16,-0.08,-0.21,-0.17
18379,-1.26,-0.02,-0.05,0.03,-0.11,-0.17
18380,-1.26,-0.02,-0.16,0.03,-0.31,0.04
18381,-1.26,-0.13,-0.16,-0.08,-0.11,-0.07
18382,-1.26,-0.02,-0.05,-0.08,-0.11,-0.28
18383,-1.16,-0.02,-0.05,0.03,-0.21,-0.07
18384,-1.36,-0.13,-0.05,0.13,-0.21,-0.07
18385,-1.26,-0.13,-0.05,-0.08,-0.21,-0.07
18386,-1.16,-0.02,-0.05,0.03,-0.11,-0.17
18387,-1.36,-0.02,-0.05,0.03,-0.21,-0.17
18388,-1.36,-0.02,-0.05,0.03,-0.21,-0.07
18389,-1.26,-0.02,-0.05,0.03,-0.11,-0.17
18390,-1.26,-0.13,-0.05,0.13,-0.21,-0.17
18391,-1.26,-0.02,-0.05,-0.08,-0.21,-0.07
18392,-1.26,-0.02,-0.05,-0.18,-0.21,-0.07
18393,-1.26,-0.02,-0.16,-0.08,-0.11,-0.17
18394,-1.26,-0.13,-0.16,-0.08,-0.11,-0.17
18395,-1.36,-0.13,-0.05,-0.08,-0.00,-0.17
18396,-1.26,-0.13,-0.05,0.03,-0.21,-0.07
18397,-1.36,-0.13,-0.05,-0.08,-0.00,-0.07
18398,-1.26,-0.02,-0.16,0.03,-0.21,-0.07
18399,-1.26,-0.13,-0.16,-0.08,-0.11,-0.07
18400,-1.26,-0.02,-0.05,0.03,-0.21,-0.17
18401,-1.26,-0.02,-0.05,-0.08,-0.11,-0.17
18402,-1.26,-0.02,-0.05,-0.08,-0.00,-0.07
18403,-1.26,-0.13,-0.05,0.03,-0.11,-0.07
18404,-1.26,-0.02,-0.05,-0.08,-0.21,-0.07
18405,-1.36,-0.13,-0.05,0.03,-0.11,-0.17
18406,-1.16,-0.02,-0.16,-0.08,-0.11,-0.07
18407,-1.26,-0.13,-0.05,0.03,-0.11,-0.07
18408,-1.26,-0.13,-0.16,0.03,-0.21,-0.17
18409,-1.36,-0.02,-0.16,0.03,-0.21,-0.17
18410,-1.36,-0.13,-0.05,-0.08,-0.11,-0.07
18411,-1.26,-0.13,-0.16,-0.08,-0.21,-0.07
18412,-1.36,-0.13,-0.05,-0.08,-0.11,-0.17
18413,-1.26,-0.13,-0.05,0.03,-0.00,-0.07
18414,-1.36,-0.02,-0.05,-0.08,-0.21,0.04
18415,-1.36,-0.02,-0.16,0.03,-0.11,-0.07
18416,-1.36,-0.02,-0.05,-0.08,0.10,-0.17
18417,-1.26,-0.02,-0.05,0.03,-0.21,-0.17
18418,-1.26,-0.02,-0.05,0.03,-0.21,-0.17
18419,-1.36,-0.13,-0.05,0.03,-0.11,-0.17
18420,-1.26,-0.02,-0.16,0.03,-0.11,-0.17
18421,-1.26,-0.13,-0.05,0.13,-0.11,0.04
18422,-1.36,-0.02,-0.16,0.13,-0.21,-0.17
18423,-1.36,-0.02,-0.05,0.03,-0.11,-0.07
18424,-1.26,-0.02,-0.05,0.03,-0.11,-0.07
18425,-1.26,-0.13,-0.05,-0.08,-0.21,-0.17
18426,-1.26,-0.13,-0.05,-0.08,-0.21,-0.07
18427,-1.36,-0.13,-0.16,-0.08,-0.11,-0.07
18428,-1.36,-0.23,-0.05,0.03,-0.11,0.04
18429,-1.26,-0.13,-0.05,-0.08,-0.11,-0.07
18430,-1.26,-0.13,-0.16,0.03,-0.21,-0.07
18431,-1.26,-0.02,-0.05,-0.08,-0.11,-0.07
18432,-1.36,-0.13,-0.16,-0.08,-0.11,-0.17
18433,-1.26,-0.13,-0.05,-0.08,-0.11,-0.07
18434,-1.26,-0.13,-0.16,-0.08,-0.00,0.04
18435,-1.26,-0.13,-0.05,-0.08,-0.21,-0.07
18436,-1.26,-0.02,-0.05,0.03,-0.11,-0.07
18437,-1.26,-0.13,-0.05,-0.08,-0.11,-0.17
18438,-1.26,-0.02,-0.05,0.03,-0.11,-0.07
18439,-1.26,-0.13,-0.05,0.03,-0.11,-0.17
18440,-1.36,-0.13,-0.05,-0.08,-0.11,-0.28
18441,-1.36,-0.02,-0.05,0.03,-0.21,-0.07
18442,-1.26,-0.02,-0.05,0.03,-0.21,-0.07
18443,-1.36,-0.13,-0.05,-0.08,-0.00,-0.07
18444,-1.26,-0.02,-0.05,0.03,-0.21,-0.28
18445,-1.26,-0.13,-0.05,0.03,-0.11,-0.07
18446,-1.26,-0.13,-0.05,-0.08,-0.11,-0.07
18447,-1.26,-0.13,-0.05,0.03,-0.21,-0.07
18448,-1.26,-0.13,-0.05,-0.08,-0.11,-0.07
18449,-1.26,-0.02,-0.05,-0.08,-0.11,-0.17
18450,-1.36,-0.13,-0.05,-0.08,-0.11,-0.17
18451,-1.26,-0.13,-0.16,-0.08,-0.21,-0.17
18452,-1.26,-0.13,-0.05,0.03,-0.21,-0.17
18453,-1.26,-0.02,-0.05,-0.18,-0.21,-0.07
18454,-1.26,-0.02,-0.05,-0.08,-0.21,-0.17
18455,-1.26,-0.13,-0.05,-0.08,-0.21,-0.17
18456,-1.36,-0.02,-0.05,-0.18,-0.11,-0.28
18457,-1.26,-0.02,-0.05,-0.08,-0.21,-0.17
18458,-1.36,-0.02,-0.05,-0.08,-0.21,-0.07
18459,-1.26,-0.02,-0.16,-0.08,-0.11,-0.07
18460,-1.36,-0.02,-0.05,-0.08,-0.11,-0.07
18461,-1.26,-0.02,-0.05,-0.08,-0.11,-0.17
18462,-1.26,-0.13,-0.16,0.03,-0.21,-0.17
18463,-1.26,-0.13,-0.05,-0.18,-0.11,-0.07
18464,-1.36,-0.13,-0.16,0.03,-0.11,-0.17
18465,-1.26,-0.13,-0.05,-0.18,-0.11,-0.07
18466,-1.36,-0.02,-0.16,-0.18,-0.00,0.04
18467,-1.36,-0.02,-0.05,0.03,-0.21,-0.17
18468,-1.26,-0.13,-0.05,-0.08,-0.31,-0.17
18469,-1.26,-0.02,-0.16,0.03,-0.31,-0.17
18470,-1.26,-0.13,-0.16,0.03,-0.11,-0.07
18471,-1.36,-0.13,-0.05,-0.08,-0.11,-0.17
18472,-1.36,-0.02,-0.16,0.03,-0.11,-0.17
18473,-1.26,0.08,-0.05,0.03,-0.11,-0.17
18474,-1.26,-0.13,-0.16,0.03,-0.00,-0.17
18475,-1.36,-0.13,-0.05,0.03,-0.11,-0.17
18476,-1.16,-0.13,-0.05,-0.08,-0.11,-0.07
18477,-1.26,-0.13,-0.05,0.03,-0.11,-0.17
18478,-1.47,-0.02,-0.16,0.03,-0.11,-0.07
18479,-1.26,-0.13,-0.16,-0.08,-0.11,-0.07
18480,-1.36,-0.02,-0.05,0.03,-0.11,-0.17
18481,-1.26,-0.23,-0.16,-0.08,-0.11,-0.07
18482,-1.26,-0.13,-0.05,-0.08,-0.21,-0.17
18483,-1.36,-0.02,-0.05,-0.08,-0.21,-0.07
18484,-1.26,-0.13,-0.16,0.03,-0.21,-0.07
18485,-1.26,-0.13,-0.05,-0.08,-0.11,-0.07
18486,-1.36,-0.02,-0.05,-0.08,-0.00,-0.17
18487,-1.26,-0.02,-0.16,0.03,-0.11,-0.07
18488,-1.36,-0.13,-0.16,0.03,-0.11,-0.07
18489,-1.36,-0.13,-0.05,0.03,-0.11,-0.07
18490,-1.16,-0.13,-0.05,0.03,-0.21,-0.17
18491,-1.36,-0.13,-0.05,-0.08,-0.21,-0.07
18492,-1.36,-0.02,-0.05,-0.08,-0.21,-0.17
18493,-1.36,-0.02,-0.05,-0.08,-0.21,0.04
18494,-1.26,-0.02,-0.16,-0.08,-0.21,-0.07
18495,-1.36,-0.02,-0.05,0.03,-0.21,-0.07
18496,-1.36,-0.02,0.05,0.03,-0.21,-0.17
18497,-1.26,-0.02,-0.16,0.03,-0.11,-0.07
18498,-1.26,-0.02,-0.05,0.03,-0.11,-0.17
18499,-1.26,-0.02,-0.05,0.03,-0.11,-0.07
18500,-1.26,-0.02,-0.05,-0.28,-0.21,0.04
18501,-1.26,-0.02,-0.05,-0.08,-0.21,-0.17
18502,-1.36,-0.02,-0.05,-0.08,-0.11,-0.17
18503,-1.26,-0.02,-0.05,0.03,-0.11,-0.17
18504,-1.26,-0.13,-0.05,0.03,-0.11,-0.17
18505,-1.26,-0.02,-0.16,-0.08,-0.11,-0.07
18506,-1.16,-0.13,-0.05,-0.08,-0.21,-0.07
18507,-1.26,-0.02,-0.05,0.03,-0.21,-0.07
18508,-1.26,-0.13,-0.05,-0.08,-0.11,-0.07
18509,-1.26,-0.02,-0.05,-0.08,-0.11,-0.17
18510,-1.26,-0.02,-0.16,-0.08,-0.11,-0.17
18511,-1.26,-0.13,-0.05,-0.08,-0.21,-0.07
18512,-1.36,-0.13,-0.05,0.03,-0.11,-0.07
18513,-1.26,-0.13,-0.05,0.03,-0.21,0.04
18514,-1.26,-0.02,-0.16,0.03,-0.11,-0.17
18515,-1.36,-0.13,-0.05,0.03,-0.11,-0.07
18516,-1.26,-0.13,-0.16,0.03,-0.11,-0.17
18517,-1.26,-0.02,-0.05,-0.08,-0.21,-0.07
18518,-1.16,-0.02,-0.05,-0.08,-0.11,-0.17
18519,-1.26,-0.13,-0.05,-0.08,-0.11,-0.17
18520,-1.26,-0.02,-0.05,-0.08,-0.11,-0.17
18521,-1.26,-0.13,-0.05,0.03,-0.00,-0.07
18522,-1.36,-0.02,-0.05,0.03,-0.00,-0.07
18523,-1.26,-0.02,-0.16,0.03,-0.11,-0.07
18524,-1.26,-0.13,-0.05,-0.08,-0.21,-0.07
18525,-1.26,-0.13,-0.05,0.03,-0.00,-0.17
18526,-1.36,-0.13,-0.05,-0.08,-0.21,-0.07
18527,-1.26,-0.13,-0.05,0.03,-0.11,-0.07
18528,-1.26,-0.13,-0.05,-0.08,-0.11,-0.17
18529,-1.26,-0.02,-0.16,0.03,-0.11,-0.17
18530,-1.26,-0.13,-0.05,0.03,-0.11,-0.17
18531,-1.16,-0.02,-0.05,-0.08,-0.21,-0.17
18532,-1.36,-0.02,-0.05,0.03,-0.11,-0.17
18533,-1.26,-0.02,-0.16,0.03,-0.11,-0.17
18534,-1.16,-0.13,-0.05,-0.08,-0.00,-0.07
18535,-1.26,-0.13,-0.16,0.03,-0.00,-0.07
18536,-1.26,-0.02,-0.05,0.03,-0.11,-0.17
18537,-1.36,-0.13,-0.05,0.03,-0.00,-0.07
18538,-1.26,-0.02,-0.05,-0.08,-0.11,-0.17
18539,-1.36,-0.13,-0.05,-0.08,-0.21,-0.17
18540,-1.26,-0.13,-0.16,0.03,-0.00,-0.07
18541,-1.36,-0.13,-0.05,0.03,-0.11,-0.07
18542,-1.26,-0.02,-0.05,-0.08,0.10,-0.17
18543,-1.26,-0.02,-0.05,-0.08,-0.21,-0.28
18544,-1.26,-0.02,-0.05,-0.08,-0.11,-0.17
18545,-1.26,-0.13,-0.05,0.03,-0.11,-0.07
18546,-1.36,-0.13,-0.05,0.03,-0.11,-0.07
18547,-1.26,-0.13,-0.05,0.03,-0.11,-0.07
18548,-1.36,-0.02,-0.05,0.03,-0.00,-0.07
18549,-1.36,-0.13,-0.05,-0.08,-0.21,0.04
18550,-1.26,-0.02,-0.05,-0.08,-0.21,-0.17
18551,-1.36,-0.02,-0.05,-0.08,-0.11,-0.07
18552,-1.16,-0.13,-0.16,-0.08,-0.11,-0.17
18553,-1.26,-0.13,-0.05,0.03,-0.11,-0.17
18554,-1.26,-0.02,-0.16,-0.08,-0.11,-0.17
18555,-1.26,-0.13,-0.05,-0.08,-0.11,-0.07
18556,-1.36,-0.13,-0.05,0.03,-0.00,-0.07
18557,-1.26,-0.13,-0.05,0.03,-0.11,-0.17
18558,-1.26,-0.13,-0.16,-0.08,-0.11,-0.17
18559,-1.26,-0.02,-0.16,-0.08,-0.11,-0.17
18560,-1.26,-0.02,-0.05,-0.08,-0.11,-0.17
18561,-1.26,-0.13,-0.05,-0.18,-0.21,0.04
18562,-1.36,-0.02,-0.05,0.03,-0.11,-0.17
18563,-1.26,-0.02,-0.16,-0.08,-0.21,-0.17
18565,-1.16,-0.13,-0.05,0.03,-0.11,-0.07
18565,-1.16,-0.02,-0.16,0.03,-0.11,-0.17
18566,-1.26,-0.13,-0.05,-0.08,-0.11,-0.07
18567,-1.36,-0.13,-0.05,-0.08,-0.11,-0.07
18568,-1.26,-0.02,0.05,-0.08,-0.11,-0.28
18569,-1.36,-0.02,-0.05,-0.08,-0.11,-0.17
18570,-1.36,-0.02,0.05,-0.08,-0.21,-0.07
18571,-1.36,-0.13,-0.05,0.03,-0.21,-0.07
18736,-1.16,-0.02,-0.05,0.03,-0.11,-0.07
18737,-1.26,-0.02,-0.05,0.03,-0.11,-0.17
18738,-1.26,-0.02,-0.05,0.03,-0.31,-0.17
18739,-1.26,-0.02,-0.16,0.03,-0.11,-0.07
18740,-1.26,-0.13,-0.05,0.03,-0.21,-0.17
18741,-1.36,-0.13,-0.16,0.03,-0.21,-0.07
18742,-1.26,-0.13,-0.05,0.03,-0.21,-0.07
18743,-1.26,-0.02,-0.05,0.03,-0.11,-0.17
18744,-1.26,-0.13,-0.05,0.03,-0.11,-0.17
18745,-1.36,-0.13,-0.05,-0.08,-0.21,-0.17
18746,-1.26,-0.13,-0.05,0.03,-0.11,-0.07
18747,-1.26,-0.13,-0.05,0.03,-0.00,-0.17
18748,-1.26,0.08,-0.16,-0.08,-0.11,-0.17
18749,-1.26,-0.13,-0.16,-0.08,-0.21,-0.07
18750,-1.26,-0.13,-0.16,0.03,-0.11,-0.07
18751,-1.36,-0.13,-0.05,0.03,-0.21,-0.07
18752,-1.36,-0.13,-0.05,-0.08,-0.21,-0.07
18753,-1.26,-0.02,-0.05,-0.08,-0.21,-0.28
18754,-1.26,-0.23,-0.05,-0.08,-0.21,-0.17
18755,-1.26,-0.02,-0.05,0.13,-0.00,-0.17
18756,-1.36,-0.02,-0.05,-0.08,-0.21,-0.17
18757,-1.26,-0.02,-0.16,0.03,-0.00,-0.07
18758,-1.26,-0.13,-0.05,0.03,-0.21,-0.07
18759,-1.36,-0.13,-0.05,-0.08,-0.11,-0.17
18760,-1.36,-0.13,-0.05,-0.08,-0.11,-0.07
18761,-1.26,-0.13,-0.05,-0.08,-0.11,-0.17
18762,-1.26,-0.13,-0.05,-0.08,-0.11,-0.17
18763,-1.26,-0.13,-0.05,0.03,-0.00,0.04
18764,-1.26,-0.02,-0.05,0.03,-0.21,-0.28
18765,-1.26,-0.02,-0.05,0.03,-0.11,0.04
18766,-1.26,-0.13,-0.05,-0.08,-0.11,-0.17
18767,-1.26,-0.02,-0.05,0.03,-0.11,-0.17
18768,-1.26,-0.13,-0.05,0.03,-0.21,-0.17
18769,-1.26,-0.02,-0.16,0.03,-0.11,-0.07
18770,-1.26,-0.13,-0.05,0.03,-0.21,-0.07
18771,-1.26,-0.02,-0.05,-0.18,-0.21,-0.17
18772,-1.26,-0.13,-0.05,0.03,-0.21,-0.17
18773,-1.26,-0.13,-0.05,0.03,-0.11,-0.07
18774,-1.36,-0.02,-0.05,-0.08,-0.00,-0.17
18775,-1.47,-0.13,-0.05,-0.08,-0.11,-0.07
18776,-1.26,-0.02,-0.05,-0.08,-0.00,-0.07
18777,-1.26,-0.02,-0.05,-0.08,-0.00,-0.07
18778,-1.16,-0.13,-0.16,-0.08,-0.11,-0.07
18779,-1.36,-0.02,-0.05,0.03,-0.21,-0.07
18780,-1.26,-0.02,-0.16,0.03,-0.00,-0.17
18781,-1.26,-0.02,-0.05,-0.08,-0.21,-0.17
18782,-1.26,-0.02,-0.05,-0.08,-0.11,-0.17
18783,-1.26,-0.13,-0.16,-0.08,-0.11,-0.07
18784,-1.36,-0.02,0.05,-0.08,-0.11,0.04
18785,-1.36,-0.02,-0.05,-0.08,-0.11,-0.07
18786,-1.36,-0.02,-0.05,0.03,-0.11,-0.07
18787,-1.26,-0.02,-0.05,-0.08,-0.11,-0.17
18788,-1.26,-0.02,-0.16,-0.08,-0.00,-0.17
18789,-1.36,-0.02,-0.05,-0.08,-0.11,-0.07
18790,-1.26,-0.02,-0.16,-0.08,-0.21,-0.17
18791,-1.36,-0.13,-0.05,-0.08,-0.00,0.04
18792,-1.36,-0.02,-0.05,-0.08,-0.21,-0.07
18793,-1.36,-0.13,-0.16,0.13,-0.11,-0.17
18794,-1.26,-0.02,-0.05,-0.08,-0.11,-0.07
18795,-1.26,-0.02,-0.05,-0.08,-0.11,-0.17
18796,-1.26,-0.13,-0.16,0.13,-0.00,-0.17
18797,-1.26,-0.02,-0.16,-0.08,-0.11,-0.17
18798,-1.36,-0.02,-0.05,0.03,-0.00,-0.17
18799,-1.26,-0.02,-0.05,0.03,-0.21,-0.17
18800,-1.26,-0.13,-0.16,0.03,-0.11,-0.07
18801,-1.26,-0.13,-0.05,0.03,-0.00,-0.17
18802,-1.26,-0.13,-0.05,0.03,-0.11,-0.17
18803,-1.26,-0.02,-0.05,0.03,-0.21,-0.17
18804,-1.26,-0.02,-0.05,-0.08,-0.11,-0.17
18805,-1.36,-0.02,-0.05,-0.08,-0.11,-0.17
18806,-1.26,-0.02,-0.16,0.03,-0.21,-0.07
18807,-1.36,-0.02,-0.05,-0.08,-0.11,-0.07
18808,-1.26,-0.02,-0.16,0.03,-0.21,-0.07
18809,-1.36,0.08,-0.16,-0.08,-0.21,-0.17
18810,-1.36,-0.13,-0.05,-0.08,-0.11,-0.17
18811,-1.26,-0.13,-0.05,0.03,-0.21,-0.17
18812,-1.36,-0.02,-0.16,-0.08,-0.11,-0.07
18813,-1.26,-0.13,-0.05,-0.08,-0.21,-0.17
18814,-1.36,-0.13,-0.05,-0.08,-0.00,-0.28
18815,-1.26,-0.13,-0.05,0.03,-0.11,0.04
18816,-1.26,-0.02,-0.16,-0.18,-0.11,-0.17
18817,-1.26,-0.02,-0.05,0.03,-0.21,-0.17
18818,-1.26,-0.02,-0.16,0.03,-0.00,-0.17
18819,-1.26,-0.13,-0.05,0.03,-0.21,-0.17
18820,-1.36,-0.02,-0.05,-0.08,-0.21,-0.07
18821,-1.36,-0.13,-0.05,0.03,-0.11,-0.07
18822,-1.36,-0.13,-0.05,0.03,-0.21,-0.17
18823,-1.16,-0.13,-0.16,0.03,-0.11,-0.17
18824,-1.26,-0.02,-0.05,-0.08,-0.11,-0.07
18825,-1.36,-0.02,-0.16,0.03,-0.11,-0.07
18826,-1.26,-0.02,-0.05,-0.18,-0.11,-0.07
18827,-1.26,-0.02,-0.05,-0.08,-0.21,-0.07
18828,-1.36,-0.02,-0.05,0.03,-0.11,-0.17
18829,-1.36,-0.02,-0.16,-0.08,-0.11,-0.07
18830,-1.26,-0.02,-0.05,-0.08,-0.11,-0.07
18831,-1.26,-0.02,-0.05,-0.08,-0.11,-0.07
18832,-1.16,-0.13,-0.05,-0.08,-0.21,-0.17
18833,-1.26,-0.13,-0.05,0.03,-0.11,-0.17
18834,-1.36,-0.13,-0.05,-0.08,-0.21,-0.07
18835,-1.26,-0.02,-0.05,-0.08,-0.21,-0.17
18836,-1.36,-0.02,-0.05,-0.08,-0.21,-0.17
18837,-1.36,-0.13,-0.05,0.03,-0.11,0.04
18838,-1.26,-0.13,-0.05,-0.18,-0.11,-0.17
18839,-1.36,-0.02,-0.05,0.03,-0.00,0.04
18840,-1.26,-0.13,-0.16,-0.08,-0.11,-0.07
18841,-1.36,-0.13,-0.05,0.03,-0.11,-0.17
18842,-1.26,-0.02,-0.16,-0.08,-0.11,-0.17
18843,-1.26,-0.13,-0.05,-0.08,-0.21,-0.17
18844,-1.26,-0.02,-0.16,-0.08,-0.21,-0.28
18845,-1.36,-0.02,-0.16,-0.08,-0.11,0.04
18846,-1.26,-0.02,-0.05,-0.08,-0.11,0.04
18847,-1.16,-0.13,-0.05,-0.08,-0.21,-0.07
18848,-1.26,-0.02,-0.05,0.03,-0.21,-0.17
18849,-1.26,-0.02,-0.05,0.03,-0.11,-0.28
18850,-1.26,-0.13,-0.16,-0.08,-0.11,-0.07
18851,-1.26,-0.02,-0.05,0.03,-0.11,-0.28
18852,-1.26,-0.02,-0.05,0.03,-0.21,-0.17
18853,-1.16,-0.02,-0.16,-0.08,-0.11,-0.07
18854,-1.16,-0.13,-0.05,-0.08,-0.11,-0.07
18855,-1.26,-0.13,-0.05,-0.08,-0.11,-0.07
18856,-1.36,-0.13,-0.05,-0.08,-0.11,-0.07
18857,-1.26,-0.13,-0.05,0.03,-0.21,-0.07
18858,-1.26,-0.02,-0.16,0.03,-0.21,-0.17
18859,-1.36,-0.13,-0.05,-0.08,-0.11,-0.07
18860,-1.36,-0.02,-0.05,0.03,-0.11,-0.07
18861,-1.36,-0.02,-0.05,-0.08,-0.11,-0.07
18862,-1.26,-0.13,-0.05,-0.08,-0.11,-0.17
18863,-1.36,-0.13,-0.05,0.03,-0.11,-0.17
18864,-1.26,-0.02,-0.16,-0.18,-0.11,-0.07
18865,-1.26,-0.02,-0.16,-0.08,-0.11,-0.07
18866,-1.26,-0.02,-0.05,0.03,-0.11,-0.17
18867,-1.26,-0.02,-0.05,-0.18,-0.21,-0.17
18868,-1.26,-0.02,-0.05,-0.08,-0.21,-0.07
18869,-1.26,-0.02,-0.05,0.03,-0.21,-0.17
18870,-1.36,-0.02,-0.16,-0.08,-0.00,-0.17
18871,-1.36,-0.02,-0.05,0.03,-0.11,-0.07
18872,-1.26,-0.02,-0.05,-0.08,-0.11,-0.07
18873,-1.36,-0.02,-0.05,0.03,-0.11,-0.07
18874,-1.26,-0.02,-0.16,0.03,-0.11,-0.07
18875,-1.26,-0.02,-0.05,0.03,-0.11,-0.17
18876,-1.26,-0.13,-0.05,-0.18,-0.11,-0.17
18877,-1.26,-0.13,-0.05,-0.08,-0.21,-0.17
18878,-1.26,-0.02,-0.05,0.03,-0.11,-0.07
18879,-1.26,-0.02,0.05,-0.08,-0.11,-0.17
18880,-1.26,-0.13,-0.05,-0.08,-0.00,-0.17
18881,-1.26,-0.02,-0.05,0.03,-0.21,0.04
18882,-1.26,-0.13,-0.05,0.03,-0.11,-0.17
18883,-1.26,-0.02,-0.05,0.03,-0.11,-0.07
18884,-1.26,-0.02,-0.05,-0.08,-0.11,-0.07
18885,-1.26,-0.13,-0.16,-0.08,-0.21,-0.17
18886,-1.26,-0.13,-0.05,0.03,-0.11,-0.07
18887,-1.26,-0.13,-0.05,-0.08,-0.11,-0.17
18888,-1.36,-0.02,-0.05,-0.08,-0.11,-0.07
18889,-1.26,-0.13,-0.05,-0.08,-0.11,-0.17
18890,-1.26,-0.13,-0.05,0.03,-0.21,-0.17
18891,-1.26,-0.02,-0.16,0.03,-0.21,-0.28
18892,-1.26,-0.13,-0.05,-0.08,-0.11,-0.07
18893,-1.16,-0.02,-0.05,0.03,-0.11,-0.17
18894,-1.26,-0.13,-0.16,0.03,-0.21,-0.17
18895,-1.26,-0.13,-0.05,-0.08,-0.11,-0.17
18896,-1.36,-0.13,-0.16,0.03,-0.11,-0.17
18897,-1.36,-0.13,-0.05,-0.08,-0.11,-0.07
18898,-1.26,-0.02,-0.16,0.03,-0.11,-0.07
18899,-1.36,-0.02,-0.16,-0.28,-0.21,-0.07
18900,-1.36,-0.02,-0.05,-0.08,-0.11,-0.07
18901,-1.26,-0.02,-0.16,-0.08,-0.31,-0.07
18902,-1.26,-0.13,-0.05,0.03,-0.11,-0.07
18903,-1.26,-0.02,-0.05,-0.08,-0.21,-0.07
18904,-1.26,-0.23,-0.05,-0.08,-0.11,-0.07
18905,-1.26,-0.13,-0.05,0.03,-0.00,-0.17
18906,-1.26,-0.02,-0.05,0.03,-0.11,-0.17
18907,-1.26,-0.13,-0.16,0.03,-0.11,-0.07
18908,-1.26,-0.13,-0.05,-0.08,-0.21,-0.07
18909,-1.26,-0.13,-0.05,0.03,-0.21,-0.28
18910,-1.26,-0.02,-0.05,0.13,-0.21,-0.28
18911,-1.26,-0.02,-0.16,0.03,-0.11,0.04
18912,-1.36,-0.13,-0.05,-0.08,-0.21,-0.17
18913,-1.26,-0.02,-0.05,0.03,-0.11,-0.17
18914,-1.36,-0.02,-0.05,-0.08,-0.11,-0.17
18915,-1.26,-0.02,-0.16,0.03,-0.00,-0.17
18916,-1.36,-0.02,-0.05,-0.08,-0.21,-0.28
18917,-1.26,-0.13,-0.05,0.03,-0.11,-0.28
18918,-1.26,0.08,-0.16,-0.08,-0.00,0.14
18919,-1.16,-0.13,-0.05,0.03,-0.21,-0.17
18920,-1.26,-0.02,-0.05,0.03,-0.21,-0.07
18921,-1.26,-0.02,-0.05,-0.08,-0.21,-0.07
19111,-1.26,-0.02,-0.05,0.03,-0.00,0.04
19112,-1.36,-0.13,-0.05,0.03,-0.11,-0.17
19113,-1.26,-0.13,-0.16,0.03,-0.11,-0.17
19114,-1.16,-0.02,-0.05,0.03,-0.21,-0.07
19115,-1.36,-0.13,-0.05,-0.08,-0.11,0.04
19116,-1.26,-0.02,-0.16,-0.08,-0.11,-0.07
19117,-1.26,-0.02,-0.05,-0.08,-0.31,0.04
19118,-1.26,-0.13,-0.05,-0.08,-0.11,-0.17
19119,-1.26,-0.13,-0.05,-0.08,-0.21,-0.07
19120,-1.26,-0.02,0.05,-0.08,-0.11,-0.17
19121,-1.26,-0.02,-0.05,0.03,-0.11,-0.17
19122,-1.26,-0.13,-0.05,-0.08,-0.11,-0.07
19123,-1.26,-0.13,-0.16,0.13,-0.11,-0.17
19124,-1.26,-0.13,-0.05,0.03,-0.21,-0.07
19125,-1.26,-0.02,-0.05,0.03,-0.21,-0.07
19126,-1.26,-0.02,-0.05,-0.18,-0.21,-0.17
19127,-1.16,-0.13,-0.16,-0.08,-0.00,-0.28
19128,-1.26,-0.02,-0.05,0.03,-0.11,-0.17
19129,-1.36,-0.02,-0.16,-0.08,-0.11,-0.17
19130,-1.26,-0.13,-0.16,-0.08,-0.00,-0.17
19131,-1.26,-0.02,-0.05,0.03,-0.21,-0.28
19132,-1.26,-0.13,-0.16,-0.08,-0.11,0.04
19133,-1.36,-0.13,-0.16,-0.08,-0.00,-0.07
19134,-1.26,-0.02,-0.05,-0.08,-0.11,-0.17
19135,-1.36,-0.13,-0.05,0.03,-0.11,0.04
19136,-1.26,-0.13,-0.05,-0.08,-0.00,-0.07
19137,-1.26,-0.02,-0.16,0.03,-0.00,-0.17
19138,-1.36,-0.02,-0.05,0.03,-0.11,-0.28
19139,-1.36,-0.13,-0.05,0.03,-0.11,-0.17
19140,-1.26,-0.13,-0.05,-0.08,-0.11,-0.07
19141,-1.26,-0.02,-0.16,-0.08,-0.11,0.04
19142,-1.36,-0.02,-0.05,0.03,-0.11,-0.17
19143,-1.26,-0.02,-0.16,0.03,-0.11,-0.07
19144,-1.16,-0.13,-0.16,-0.08,-0.21,-0.07
19145,-1.16,-0.02,-0.16,-0.08,-0.11,-0.17
19146,-1.26,-0.13,-0.05,-0.08,-0.11,-0.17
19147,-1.26,-0.13,-0.05,-0.08,-0.11,-0.17
19148,-1.16,-0.02,-0.05,-0.18,-0.11,-0.17
19149,-1.26,-0.13,-0.05,-0.08,-0.11,-0.07
19150,-1.36,-0.13,-0.05,-0.08,-0.11,-0.07
19151,-1.36,-0.13,-0.16,0.03,-0.11,-0.17
19152,-1.26,-0.13,-0.05,-0.08,-0.00,-0.17
19153,-1.36,-0.02,-0.05,0.13,-0.11,-0.07
19154,-1.16,-0.13,-0.05,-0.08,-0.11,-0.17
19155,-1.36,-0.13,-0.05,-0.08,-0.11,-0.07
19156,-1.26,-0.02,-0.16,0.03,-0.11,-0.28
19157,-1.36,-0.02,-0.16,0.03,-0.11,0.04
19158,-1.36,-0.13,-0.05,-0.08,-0.21,-0.17
19159,-1.36,-0.02,-0.16,-0.08,-0.11,-0.17
19160,-1.36,-0.13,-0.16,0.03,-0.11,-0.07
19161,-1.26,-0.02,-0.05,-0.08,-0.11,-0.17
19162,-1.26,-0.02,-0.16,0.03,-0.11,-0.17
19163,-1.26,-0.13,-0.05,0.03,-0.21,-0.17
19164,-1.26,-0.13,-0.05,0.03,-0.11,-0.07
19165,-1.26,-0.02,-0.05,-0.08,-0.11,-0.07
19166,-1.26,-0.02,-0.05,-0.08,-0.11,-0.07
19167,-1.26,-0.02,-0.05,-0.18,-0.11,-0.07
19168,-1.26,-0.02,-0.05,-0.08,-0.11,-0.07
19169,-1.26,-0.02,-0.05,-0.08,-0.11,0.04
19170,-1.26,-0.13,-0.05,-0.08,-0.21,-0.17
19171,-1.26,-0.02,-0.05,0.03,-0.11,-0.17
19172,-1.36,-0.13,-0.05,0.03,-0.11,-0.17
19173,-1.36,-0.02,-0.05,-0.08,-0.11,-0.17
19174,-1.36,-0.13,-0.05,0.03,-0.11,-0.07
19175,-1.36,-0.02,-0.05,-0.08,-0.11,-0.07
19176,-1.26,-0.02,-0.05,0.03,-0.21,-0.17
19177,-1.26,-0.13,-0.16,0.03,-0.00,-0.07
19178,-1.36,-0.13,-0.05,0.03,-0.21,-0.07
19179,-1.26,-0.02,-0.05,-0.18,-0.21,-0.07
19180,-1.26,-0.02,-0.05,-0.08,-0.11,-0.17
19181,-1.26,0.08,-0.16,-0.08,-0.00,-0.28
19182,-1.36,-0.13,-0.05,-0.08,-0.21,-0.07
19183,-1.26,-0.13,-0.05,0.03,-0.00,-0.17
19184,-1.26,-0.13,-0.05,-0.08,-0.11,-0.07
19185,-1.26,-0.02,-0.05,-0.08,-0.11,-0.07
19186,-1.26,-0.02,-0.05,-0.08,-0.00,-0.28
19187,-1.26,-0.02,-0.05,-0.08,-0.21,-0.07
19188,-1.26,-0.02,-0.05,0.03,-0.11,-0.07
19189,-1.36,-0.02,-0.05,-0.18,-0.11,0.04
19190,-1.36,-0.02,-0.05,-0.08,-0.11,-0.07
19191,-1.26,-0.13,0.05,0.03,-0.00,-0.17
19192,-1.36,-0.02,-0.16,-0.08,-0.11,-0.17
19193,-1.26,-0.02,-0.05,-0.08,-0.21,-0.17
19194,-1.26,-0.02,-0.05,0.03,-0.11,-0.17
19195,-1.26,-0.13,-0.05,0.03,-0.11,-0.28
19196,-1.26,-0.13,-0.05,-0.08,-0.11,-0.28
19197,-1.26,-0.13,-0.05,0.03,-0.11,-0.07
19198,-1.36,-0.13,-0.16,0.03,-0.21,-0.07
19199,-1.26,-0.02,-0.05,0.03,-0.11,-0.28
19200,-1.26,-0.02,-0.16,0.03,-0.11,-0.17
19201,-1.36,-0.02,-0.05,0.03,-0.11,-0.07
19202,-1.26,-0.13,-0.05,-0.08,-0.00,-0.07
19203,-1.36,-0.02,-0.05,-0.08,-0.11,-0.17
19204,-1.36,-0.02,-0.05,0.03,-0.11,-0.17
19205,-1.26,-0.13,-0.16,-0.08,-0.11,-0.07
19206,-1.26,-0.13,-0.05,0.03,-0.21,-0.17
19207,-1.26,-0.13,-0.05,-0.08,-0.11,-0.07
19208,-1.36,-0.13,-0.05,0.03,-0.11,-0.07
19209,-1.26,-0.13,-0.05,0.03,-0.11,-0.07
19210,-1.26,-0.02,-0.05,-0.08,-0.11,-0.07
19211,-1.36,-0.02,-0.05,-0.08,-0.11,-0.07
19212,-1.36,-0.02,-0.16,0.03,-0.11,-0.17
19213,-1.36,-0.13,-0.05,-0.08,-0.11,-0.17
19214,-1.26,-0.02,-0.16,-0.08,-0.11,-0.07
19215,-1.26,-0.13,-0.05,-0.08,-0.11,0.04
19216,-1.26,-0.13,-0.05,-0.08,-0.21,-0.07
19217,-1.26,-0.13,-0.05,0.03,-0.31,-0.17
19218,-1.36,-0.13,-0.05,0.03,-0.21,-0.07
19219,-1.26,-0.02,-0.05,-0.08,-0.11,-0.07
19220,-1.26,0.08,-0.05,-0.08,-0.21,-0.17
19221,-1.36,-0.13,-0.05,-0.08,-0.00,-0.07
19222,-1.26,-0.13,-0.05,-0.08,-0.21,0.04
19223,-1.26,-0.02,-0.05,-0.08,-0.11,-0.07
19224,-1.26,-0.13,-0.05,-0.08,-0.11,-0.17
19225,-1.26,-0.02,-0.16,-0.08,-0.21,-0.07
19226,-1.26,-0.02,-0.16,-0.18,-0.21,-0.07
19227,-1.26,-0.02,-0.05,-0.08,-0.21,-0.17
19228,-1.26,-0.13,-0.05,-0.08,-0.11,-0.17
19229,-1.26,-0.13,-0.05,0.03,-0.11,-0.07
19230,-1.36,-0.13,-0.05,-0.08,-0.11,0.04
19231,-1.36,-0.02,-0.05,-0.08,-0.11,-0.07
19232,-1.26,-0.13,-0.05,0.03,-0.11,0.04
19233,-1.36,-0.13,-0.05,-0.08,-0.11,0.04
19234,-1.26,-0.02,-0.05,-0.08,-0.21,-0.07
19235,-1.26,-0.02,-0.05,0.03,-0.11,-0.28
19236,-1.26,-0.02,-0.05,-0.08,-0.21,-0.07
19237,-1.26,-0.13,-0.16,0.03,-0.21,-0.07
19238,-1.16,-0.02,-0.16,0.03,-0.00,-0.17
19239,-1.26,-0.02,-0.16,0.03,-0.11,-0.07
19240,-1.36,-0.02,-0.05,0.03,-0.21,-0.17
19241,-1.36,-0.13,-0.05,0.03,-0.21,-0.17
19242,-1.16,-0.13,-0.05,-0.08,-0.21,-0.28
19243,-1.26,-0.02,-0.05,-0.08,-0.11,-0.07
19244,-1.26,-0.02,-0.05,-0.08,-0.21,-0.07
19245,-1.26,-0.02,-0.05,-0.08,-0.21,-0.07
19246,-1.36,-0.13,-0.16,-0.08,-0.21,-0.07
19247,-1.26,-0.02,-0.05,-0.08,-0.21,-0.17
19248,-1.26,-0.13,-0.05,-0.08,-0.11,-0.28
19249,-1.16,-0.13,-0.05,-0.08,-0.31,-0.07
19250,-1.26,-0.13,-0.16,0.03,-0.21,-0.17
19251,-1.36,-0.13,-0.05,-0.08,-0.11,-0.07
19252,-1.26,-0.02,-0.05,0.03,-0.21,-0.17
19253,-1.26,-0.02,-0.16,0.03,-0.11,-0.17
19254,-1.26,-0.02,-0.05,-0.08,-0.21,-0.17
19255,-1.26,-0.02,-0.05,0.03,-0.11,-0.07
19256,-1.26,-0.02,-0.16,-0.08,-0.11,-0.07
19257,-1.26,-0.02,-0.16,-0.08,-0.21,-0.17
19258,-1.26,-0.02,-0.05,0.03,-0.11,-0.17
19259,-1.36,-0.13,-0.16,0.03,-0.11,-0.07
19260,-1.26,-0.13,-0.05,0.03,-0.11,-0.07
19261,-1.26,-0.02,-0.05,0.03,-0.00,-0.17
19262,-1.36,-0.02,-0.16,-0.08,-0.11,-0.17
19263,-1.26,-0.13,-0.16,0.03,-0.11,-0.07
19264,-1.26,-0.13,-0.16,-0.08,-0.21,-0.07
19265,-1.16,-0.13,-0.05,-0.08,-0.11,-0.17
19266,-1.26,-0.13,-0.05,-0.08,-0.21,-0.07
19267,-1.36,-0.02,-0.16,-0.08,-0.11,-0.07
19268,-1.36,-0.02,-0.05,-0.08,-0.11,-0.07
19269,-1.36,-0.13,-0.05,0.03,-0.11,-0.07
19270,-1.26,-0.02,-0.05,-0.08,-0.00,-0.17
19271,-1.36,-0.13,-0.16,0.03,-0.11,-0.07
19272,-1.16,-0.02,-0.05,-0.18,-0.21,-0.07
19273,-1.26,-0.13,-0.05,0.03,-0.11,-0.17
19274,-1.36,-0.02,-0.16,-0.08,-0.11,-0.07
19275,-1.26,-0.13,-0.16,0.03,-0.31,-0.17
19276,-1.36,-0.13,-0.05,-0.08,-0.11,-0.28
19277,-1.26,-0.13,-0.05,-0.08,-0.11,-0.17
19278,-1.26,-0.13,-0.05,0.03,-0.21,-0.17
19279,-1.36,-0.13,-0.05,0.03,-0.11,-0.07
19280,-1.36,-0.02,-0.05,-0.08,-0.11,0.04
19281,-1.26,-0.13,-0.05,0.03,-0.11,-0.17
19282,-1.36,-0.13,-0.05,-0.08,-0.21,-0.17
19283,-1.26,-0.13,-0.05,0.03,-0.21,-0.17
19284,-1.26,-0.02,-0.16,0.03,-0.11,-0.28
19286,-1.26,-0.02,-0.05,0.03,-0.11,-0.07
19286,-1.26,-0.13,-0.16,0.03,-0.11,-0.07
19287,-1.36,-0.13,-0.05,0.03,-0.21,-0.17
19288,-1.36,-0.02,-0.16,-0.08,-0.11,-0.07
19289,-1.26,-0.02,-0.16,-0.08,-0.11,-0.17
19290,-1.26,-0.13,-0.05,0.03,-0.00,-0.07
19291,-1.36,-0.13,-0.05,0.03,-0.21,-0.17
19292,-1.47,-0.02,-0.16,0.03,-0.21,-0.17
19293,-1.36,-0.13,-0.05,0.03,-0.00,-0.07
19294,-1.26,-0.02,-0.05,0.03,-0.11,-0.17
19295,-1.26,-0.02,-0.16,0.03,-0.11,-0.17
19296,-1.36,-0.13,-0.16,-0.08,-0.11,-0.07
19297,-1.26,-0.13,-0.05,0.03,-0.21,-0.07
19298,-1.36,-0.13,-0.16,-0.08,-0.00,-0.07
19299,-1.26,-0.02,-0.05,-0.18,-0.11,-0.07
19300,-1.26,-0.13,-0.16,-0.08,-0.00,-0.17
19301,-1.26,-0.13,-0.16,0.03,-0.11,-0.07
19302,-1.26,-0.02,-0.05,0.03,-0.11,-0.07
19303,-1.16,-0.02,-0.05,-0.08,-0.21,-0.17
19304,-1.26,-0.13,-0.05,0.03,-0.21,-0.07
19305,-1.36,-0.02,-0.16,-0.08,-0.21,-0.17
19306,-1.36,-0.02,-0.05,-0.08,-0.11,-0.28
19307,-1.36,-0.13,-0.05,0.03,-0.21,-0.17
19308,-1.36,-0.13,-0.05,-0.08,-0.11,-0.07
19309,-1.26,-0.13,-0.05,-0.08,-0.00,-0.07
19310,-1.36,-0.02,-0.05,0.03,-0.21,-0.17
19311,-1.26,-0.13,-0.05,0.03,-0.11,-0.07
19312,-1.26,-0.13,-0.16,0.03,-0.21,-0.07
19313,-1.26,-0.02,-0.05,-0.08,-0.00,-0.17
19314,-1.26,-0.02,-0.05,-0.08,-0.11,-0.17
19462,-1.36,-0.02,-0.05,0.03,-0.21,-0.07
19463,-1.36,-0.02,-0.16,0.03,-0.11,-0.07
19464,-1.26,-0.02,-0.05,-0.08,-0.21,-0.17
19465,-1.36,-0.13,-0.05,0.03,-0.00,-0.17
19466,-1.36,-0.13,-0.05,0.03,-0.11,-0.07
19467,-1.26,-0.13,-0.05,0.03,-0.21,-0.07
19468,-1.26,-0.13,-0.05,-0.08,-0.11,-0.17
19469,-1.16,-0.13,-0.16,0.03,-0.11,-0.17
19470,-1.16,-0.02,-0.05,0.03,-0.11,-0.17
19471,-1.26,-0.13,-0.05,-0.08,-0.11,-0.07
19472,-1.26,-0.13,-0.05,0.03,-0.21,-0.17
19473,-1.26,-0.02,-0.16,0.03,-0.00,-0.17
19474,-1.16,-0.13,-0.05,-0.08,-0.21,-0.07
19475,-1.36,-0.13,-0.05,-0.08,-0.11,-0.07
19476,-1.16,-0.23,-0.16,0.03,-0.21,-0.17
19477,-1.26,-0.02,-0.05,-0.08,-0.21,-0.28
19478,-1.26,-0.02,-0.05,0.03,-0.21,-0.17
19479,-1.36,-0.02,-0.05,-0.08,-0.21,-0.17
19480,-1.26,-0.13,-0.16,0.03,-0.21,-0.17
19481,-1.26,-0.02,0.05,-0.08,-0.11,-0.17
19482,-1.26,-0.02,-0.05,-0.08,-0.11,-0.17
19483,-1.26,-0.02,-0.16,0.03,-0.21,-0.07
19484,-1.36,-0.02,-0.05,-0.18,-0.21,-0.07
19485,-1.16,-0.13,-0.05,-0.08,-0.11,-0.17
19486,-1.26,-0.13,-0.05,0.03,-0.11,-0.07
19487,-1.36,-0.13,-0.05,0.03,-0.00,-0.07
19488,-1.26,-0.02,-0.05,-0.08,-0.21,-0.28
19489,-1.26,-0.13,-0.16,0.03,-0.11,0.04
19490,-1.36,-0.13,-0.05,0.03,-0.21,-0.07
19491,-1.26,-0.02,-0.05,-0.08,-0.21,-0.17
19492,-1.36,-0.13,-0.05,-0.08,-0.11,-0.07
19493,-1.26,-0.02,-0.16,-0.08,-0.11,-0.07
19494,-1.26,-0.13,-0.05,0.03,-0.00,-0.07
19495,-1.36,-0.13,-0.05,0.03,-0.11,-0.07
19496,-1.26,-0.13,-0.16,-0.08,-0.11,0.04
19497,-1.36,-0.02,-0.05,-0.08,-0.21,-0.17
19498,-1.26,-0.13,-0.05,0.03,-0.11,-0.17
19499,-1.26,-0.02,-0.05,0.03,-0.21,-0.17
19500,-1.26,-0.13,-0.05,0.03,-0.21,-0.17
19501,-1.26,-0.02,-0.05,-0.08,-0.00,-0.07
19502,-1.26,-0.02,-0.16,-0.08,-0.11,-0.17
19503,-1.36,-0.13,-0.05,0.03,-0.00,-0.17
19504,-1.36,-0.02,-0.16,0.03,-0.11,-0.07
19505,-1.36,0.08,-0.05,0.03,-0.11,-0.17
19506,-1.36,-0.02,-0.05,-0.08,-0.11,-0.07
19507,-1.16,-0.13,-0.16,-0.08,-0.11,-0.07
19508,-1.36,-0.13,-0.05,-0.08,-0.21,-0.07
19509,-1.26,-0.13,-0.05,-0.08,-0.21,-0.17
19510,-1.36,-0.02,-0.16,-0.08,-0.11,-0.17
19511,-1.36,-0.02,-0.05,-0.08,-0.00,-0.17
19512,-1.26,-0.13,-0.05,-0.08,-0.00,-0.17
19513,-1.26,-0.13,-0.05,-0.08,-0.21,-0.07
19514,-1.26,-0.02,-0.16,0.03,-0.00,-0.17
19515,-1.36,-0.02,-0.05,-0.08,-0.11,-0.07
19516,-1.26,-0.02,-0.05,0.03,-0.11,-0.07
19517,-1.36,-0.02,-0.05,-0.08,-0.11,-0.17
19518,-1.26,-0.02,-0.05,0.03,-0.11,-0.17
19519,-1.26,-0.13,-0.05,0.03,-0.11,-0.07
19520,-1.36,-0.13,-0.16,0.03,-0.11,-0.07
19521,-1.26,-0.02,-0.05,-0.08,-0.21,-0.17
19522,-1.26,-0.02,-0.05,-0.08,-0.31,-0.07
19523,-1.36,-0.13,-0.05,-0.08,-0.11,-0.07
19524,-1.26,-0.13,-0.05,0.03,-0.11,-0.07
19525,-1.26,-0.13,-0.05,0.03,-0.11,-0.07
19526,-1.36,-0.13,-0.16,0.03,-0.11,-0.07
19527,-1.36,-0.13,-0.16,-0.08,-0.11,-0.17
19528,-1.26,-0.02,-0.16,-0.08,-0.21,-0.28
19529,-1.36,-0.13,-0.05,-0.08,-0.11,-0.07
19530,-1.26,-0.13,-0.05,-0.08,-0.11,-0.07
19531,-1.36,-0.02,-0.05,-0.08,-0.11,-0.07
19532,-1.26,-0.13,-0.05,-0.08,-0.00,-0.07
19533,-1.26,-0.02,-0.05,-0.08,-0.11,-0.28
19534,-1.26,-0.13,-0.05,0.03,-0.11,-0.17
19535,-1.26,-0.13,-0.05,0.03,-0.11,-0.07
19536,-1.36,-0.02,-0.05,0.03,-0.21,-0.07
19537,-1.36,-0.02,-0.05,-0.08,-0.11,-0.17
19538,-1.36,-0.13,-0.16,-0.08,-0.00,-0.07
19539,-1.36,-0.13,-0.05,-0.08,-0.11,-0.07
19540,-1.36,-0.02,-0.16,0.03,-0.11,-0.07
19541,-1.26,-0.02,-0.05,0.03,-0.11,-0.07
19542,-1.36,-0.02,-0.05,0.13,-0.11,-0.17
19543,-1.26,-0.13,-0.16,0.03,-0.11,-0.17
19544,-1.26,-0.13,-0.05,-0.08,-0.21,0.04
19545,-1.26,-0.02,-0.05,-0.08,-0.11,-0.17
19546,-1.26,-0.13,-0.05,-0.08,-0.00,-0.17
19547,-1.36,-0.02,-0.05,-0.08,-0.00,-0.17
19548,-1.26,-0.02,-0.05,0.03,-0.21,-0.07
19549,-1.16,-0.13,-0.16,0.03,-0.21,-0.17
19550,-1.16,-0.13,-0.05,-0.08,-0.31,-0.07
19551,-1.26,-0.02,-0.16,-0.18,-0.11,-0.17
19552,-1.26,-0.13,-0.16,0.03,-0.21,-0.17
19553,-1.26,-0.02,-0.05,-0.08,-0.11,-0.17
19554,-1.16,-0.13,-0.05,0.03,-0.11,-0.07
19555,-1.36,-0.13,-0.05,-0.08,-0.00,-0.07
19556,-1.36,-0.13,-0.16,-0.08,-0.21,-0.17
19557,-1.26,-0.23,-0.05,0.03,-0.11,0.04
19558,-1.26,-0.13,-0.16,0.03,-0.11,-0.07
19559,-1.26,-0.13,-0.16,0.03,-0.11,-0.07
19560,-1.36,-0.02,-0.05,-0.18,-0.21,-0.07
19561,-1.26,-0.02,-0.05,-0.08,-0.21,-0.17
19562,-1.26,-0.02,-0.05,0.03,-0.21,-0.17
19563,-1.36,-0.02,-0.05,-0.18,-0.11,-0.07
19564,-1.26,-0.13,-0.05,-0.08,-0.11,-0.07
19565,-1.26,-0.13,-0.05,0.03,-0.11,-0.17
19566,-1.26,-0.02,-0.05,0.03,-0.11,-0.17
19567,-1.36,-0.13,-0.16,-0.08,-0.11,-0.17
19568,-1.26,-0.13,-0.05,-0.08,-0.00,0.04
19569,-1.36,-0.02,-0.05,0.03,-0.00,0.04
19570,-1.26,-0.13,-0.05,0.03,-0.11,-0.07
19571,-1.26,-0.02,-0.05,-0.08,-0.11,-0.28
19572,-1.26,-0.13,-0.05,0.03,-0.11,-0.07
19573,-1.26,-0.02,-0.05,-0.08,-0.00,-0.07
19574,-1.36,-0.13,-0.16,-0.08,-0.11,-0.07
19575,-1.26,-0.02,-0.05,-0.08,-0.11,-0.17
19576,-1.26,-0.13,-0.05,0.03,-0.21,0.04
19577,-1.26,-0.02,-0.05,-0.08,-0.21,-0.07
19578,-1.26,-0.02,-0.05,-0.08,-0.21,-0.17
19579,-1.36,-0.02,-0.05,-0.08,-0.11,-0.07
19580,-1.16,-0.02,-0.05,0.03,-0.11,-0.07
19581,-1.26,-0.02,-0.05,-0.18,-0.21,-0.17
19582,-1.26,-0.02,-0.05,-0.08,-0.21,-0.07
19583,-1.26,-0.13,-0.05,-0.08,-0.11,-0.17
19584,-1.26,-0.13,-0.16,-0.08,-0.11,-0.07
19585,-1.26,-0.13,-0.05,0.03,-0.11,0.04
19586,-1.26,-0.02,-0.05,0.03,-0.11,-0.17
19587,-1.26,-0.13,-0.05,0.03,-0.11,-0.17
19588,-1.26,-0.13,-0.05,0.03,-0.11,-0.07
19589,-1.36,-0.13,-0.05,0.03,-0.00,-0.17
19590,-1.16,-0.02,-0.05,0.03,-0.31,-0.17
19591,-1.26,-0.02,-0.16,0.13,-0.11,-0.17
19592,-1.36,-0.02,-0.16,0.03,-0.11,-0.28
19593,-1.26,-0.13,-0.16,0.03,-0.21,-0.07
19594,-1.26,-0.02,-0.05,-0.08,-0.11,-0.07
19595,-1.36,-0.02,-0.16,-0.08,-0.21,-0.07
19596,-1.26,-0.02,-0.16,0.03,-0.00,-0.17
19597,-1.36,-0.13,-0.05,0.03,-0.11,-0.17
19598,-1.36,-0.02,-0.05,-0.08,-0.00,-0.07
19599,-1.26,-0.13,-0.05,0.13,-0.11,-0.07
19600,-1.26,-0.13,-0.16,0.03,-0.11,0.04
19601,-1.26,-0.13,-0.05,0.03,-0.11,-0.07
19602,-1.36,-0.02,-0.16,-0.08,-0.11,-0.07
19603,-1.36,-0.13,-0.05,0.03,-0.11,-0.07
19604,-1.26,-0.13,-0.16,0.03,-0.11,-0.17
19605,-1.36,-0.13,-0.05,0.03,-0.00,-0.17
19606,-1.26,-0.13,-0.05,-0.08,-0.00,0.04
19607,-1.26,-0.13,-0.05,-0.18,-0.11,-0.07
19608,-1.26,-0.02,-0.16,0.03,-0.00,-0.07
19609,-1.26,-0.13,-0.16,0.03,-0.11,-0.28
19610,-1.36,-0.13,-0.05,-0.08,-0.11,-0.17
19611,-1.26,-0.13,-0.05,0.03,-0.31,-0.07
19612,-1.16,-0.02,-0.16,0.03,-0.11,-0.07
19613,-1.26,-0.13,-0.05,0.03,-0.11,-0.07
19614,-1.26,-0.02,-0.05,-0.08,-0.21,0.04
19615,-1.26,-0.13,-0.05,0.03,-0.11,-0.17
19616,-1.26,-0.02,-0.16,-0.08,-0.00,-0.17
19617,-1.26,-0.02,-0.05,0.03,-0.11,-0.07
19618,-1.26,-0.02,-0.16,0.03,-0.21,-0.17
19619,-1.26,-0.13,-0.05,0.03,-0.21,-0.07
19620,-1.26,-0.02,-0.16,-0.08,-0.21,-0.07
19621,-1.26,-0.13,-0.05,0.03,-0.11,-0.07
19622,-1.26,-0.02,-0.05,-0.08,-0.11,-0.17
19623,-1.26,-0.02,-0.16,0.03,-0.11,-0.17
19624,-1.26,-0.02,-0.05,0.13,-0.11,-0.17
19625,-1.36,-0.13,-0.16,0.03,-0.11,-0.17
19626,-1.26,-0.02,-0.05,-0.08,-0.11,-0.07
19627,-1.36,-0.13,-0.05,-0.08,-0.11,-0.07
19628,-1.26,-0.13,-0.16,-0.08,-0.11,-0.07
19629,-1.26,-0.13,-0.05,0.03,-0.00,-0.17
19630,-1.26,-0.13,-0.05,-0.08,-0.21,-0.17
19631,-1.26,-0.02,-0.05,-0.08,-0.11,-0.17
19632,-1.26,-0.02,-0.05,0.03,-0.00,-0.07
19633,-1.26,-0.02,-0.05,0.03,-0.11,-0.17
19634,-1.36,-0.13,-0.16,0.03,-0.11,-0.17
19635,-1.16,-0.02,-0.16,0.03,-0.11,-0.17
19636,-1.26,-0.02,-0.05,0.03,-0.11,-0.17
19637,-1.16,-0.13,-0.05,-0.08,-0.21,-0.07
19638,-1.26,-0.13,-0.16,0.03,-0.11,-0.07
19639,-1.36,-0.02,-0.05,-0.08,-0.21,-0.07
19640,-1.26,-0.13,-0.05,-0.08,-0.11,-0.07
19641,-1.36,-0.02,-0.05,-0.08,-0.21,-0.28
19642,-1.26,-0.13,-0.05,-0.08,-0.11,-0.17
19643,-1.26,-0.13,-0.05,-0.08,-0.11,-0.28
19644,-1.36,-0.02,-0.16,-0.08,-0.11,-0.07
19645,-1.36,-0.02,-0.05,-0.08,-0.11,-0.07
19646,-1.26,-0.13,-0.16,-0.08,-0.11,-0.17
19647,-1.36,-0.02,-0.16,-0.08,-0.11,-0.28
19648,-1.26,-0.13,-0.16,-0.08,-0.11,-0.17
19649,-1.26,-0.02,-0.16,-0.08,-0.21,-0.17
19650,-1.16,-0.02,-0.16,0.03,-0.11,-0.07
19651,-1.36,-0.13,-0.05,-0.08,-0.21,-0.07
19652,-1.26,-0.13,-0.05,0.03,-0.21,-0.17
19653,-1.26,-0.13,-0.05,0.03,-0.11,-0.07
19654,-1.26,-0.02,-0.05,0.03,-0.11,-0.07
19655,-1.26,-0.02,-0.16,0.03,-0.21,-0.07
19656,-1.26,-0.13,-0.05,0.03,-0.11,-0.07
19657,-1.16,-0.13,-0.16,0.03,-0.00,-0.17
19658,-1.26,-0.13,-0.05,0.03,-0.00,-0.17
19659,-1.26,-0.02,-0.05,-0.08,-0.21,-0.17
19660,-1.26,-0.13,-0.05,0.03,-0.21,-0.07
19661,-1.26,-0.02,-0.16,-0.08,-0.21,-0.07
19662,-1.26,-0.02,-0.16,0.13,-0.11,-0.17
19663,-1.16,-0.02,-0.16,-0.08,-0.11,-0.28
19664,-1.26,-0.13,-0.05,-0.08,-0.21,-0.17
19665,-1.26,-0.02,-0.05,0.03,-0.11,-0.07
19666,-1.36,-0.02,-0.05,0.03,-0.00,-0.17
19667,-1.26,-0.13,-0.16,0.13,-0.11,-0.07
19668,-1.26,-0.02,-0.16,-0.08,-0.11,-0.28
19669,-1.26,0.08,-0.16,-0.08,-0.11,-0.07
19670,-1.26,-0.02,-0.05,-0.08,-0.11,-0.07
19671,-1.26,-0.02,-0.05,0.03,-0.21,-0.17
19672,-1.26,-0.02,-0.05,0.03,-0.11,-0.07
19673,-1.36,-0.13,-0.16,0.03,-0.00,-0.07
19674,-1.26,-0.13,-0.05,0.03,-0.11,-0.07
19675,-1.36,-0.02,-0.16,-0.08,-0.00,-0.07
19676,-1.26,-0.13,-0.05,-0.18,-0.21,-0.17
19677,-1.26,-0.13,-0.05,0.03,-0.00,0.04
19678,-1.36,-0.13,-0.05,0.03,-0.11,-0.07
19679,-1.16,-0.13,-0.16,0.03,-0.11,-0.07
19680,-1.36,-0.02,-0.05,-0.08,-0.11,-0.17
19681,-1.36,-0.13,-0.05,0.03,-0.11,-0.07
19682,-1.26,-0.13,-0.16,-0.08,-0.11,-0.17
19683,-1.26,-0.13,-0.16,-0.08,-0.11,-0.07
19684,-1.36,-0.02,-0.05,0.03,-0.21,-0.17
19685,-1.26,-0.02,-0.05,0.03,-0.21,-0.07
19686,-1.26,-0.02,-0.05,-0.08,-0.11,-0.17
19687,-1.36,-0.13,-0.05,-0.08,-0.11,-0.17
19688,-1.36,-0.13,-0.16,0.03,-0.11,-0.17
19689,-1.36,-0.02,-0.05,-0.08,-0.11,-0.07
19690,-1.36,-0.02,-0.16,-0.08,-0.11,-0.17
19691,-1.26,-0.13,-0.16,0.03,-0.11,-0.07
19692,-1.26,-0.02,-0.16,-0.08,-0.11,-0.07
19693,-1.26,-0.13,-0.16,0.03,-0.21,-0.07
19694,-1.26,-0.13,-0.05,0.03,-0.11,-0.17
19695,-1.36,-0.13,-0.05,0.13,-0.11,-0.07
19696,-1.36,-0.13,-0.05,0.03,-0.00,-0.07
19697,-1.26,-0.13,-0.16,-0.08,-0.00,-0.17
19698,-1.26,-0.13,-0.05,-0.08,-0.11,-0.17
19699,-1.26,-0.13,-0.05,-0.08,-0.11,-0.17
19700,-1.26,-0.13,-0.05,-0.08,-0.11,-0.28
19701,-1.26,-0.13,0.05,0.03,-0.21,-0.07
19702,-1.26,-0.13,-0.05,0.03,-0.11,-0.17
19703,-1.26,-0.13,-0.05,0.03,-0.21,-0.07
19704,-1.36,-0.13,-0.05,0.03,-0.21,-0.07
19705,-1.26,-0.13,-0.05,0.03,-0.21,-0.17
19706,-1.36,-0.02,-0.05,-0.08,-0.21,-0.17
19707,-1.26,-0.02,-0.16,-0.08,-0.11,-0.17
19708,-1.26,-0.13,-0.05,0.03,-0.11,-0.17
19709,-1.26,-0.02,-0.05,0.03,-0.11,-0.07
19710,-1.26,-0.02,-0.05,0.03,-0.21,-0.17
19711,-1.36,-0.13,-0.05,-0.08,-0.00,0.04
19712,-1.36,-0.13,-0.16,0.03,-0.11,-0.07
19713,-1.26,-0.13,-0.05,-0.08,-0.11,-0.07
19714,-1.26,-0.02,-0.05,-0.18,-0.11,-0.07
19715,-1.36,-0.02,-0.05,-0.08,-0.21,0.04
19716,-1.26,-0.13,-0.05,-0.08,-0.11,0.04
19717,-1.26,-0.13,-0.05,-0.08,-0.11,-0.07
19718,-1.26,-0.02,-0.05,-0.18,-0.21,-0.07
19719,-1.36,0.08,-0.16,0.03,-0.11,-0.17
19720,-1.26,-0.13,-0.16,0.13,-0.11,-0.17
19721,-1.36,-0.02,-0.16,0.03,-0.11,-0.07
19722,-1.36,-0.13,-0.05,-0.08,-0.21,-0.07
19723,-1.26,-0.13,-0.05,-0.08,-0.11,-0.17
19724,-1.26,-0.13,-0.05,-0.18,-0.00,-0.17
19725,-1.36,-0.02,-0.16,0.03,-0.00,-0.07
19726,-1.36,-0.02,-0.05,0.03,-0.11,-0.17
19727,-1.36,-0.13,-0.05,-0.08,-0.11,-0.07
19728,-1.36,-0.13,-0.05,-0.08,-0.21,-0.07
19729,-1.26,-0.13,-0.05,-0.08,-0.21,-0.17
19730,-1.26,-0.13,-0.05,-0.18,-0.21,-0.07
19731,-1.26,-0.13,-0.05,0.03,-0.21,-0.07
19732,-1.26,-0.02,-0.16,-0.08,-0.21,-0.07
19733,-1.26,0.08,-0.16,-0.08,-0.21,-0.07
19734,-1.36,-0.02,-0.05,-0.08,-0.11,-0.07
19735,-1.16,-0.13,-0.16,-0.08,-0.11,0.04
19736,-1.26,-0.02,-0.16,-0.08,-0.21,-0.07
19737,-1.36,-0.13,-0.05,0.03,-0.11,-0.17
19738,-1.26,0.08,-0.05,-0.08,-0.21,-0.07
19739,-1.36,-0.02,-0.05,0.03,-0.21,-0.17
19740,-1.26,-0.13,-0.05,0.03,-0.11,-0.07
19741,-1.36,-0.13,-0.05,-0.08,-0.00,-0.07
19742,-1.26,-0.13,-0.05,-0.08,-0.11,-0.17
19743,-1.26,-0.13,-0.05,-0.08,-0.11,-0.17
19744,-1.36,-0.02,-0.16,-0.08,-0.00,-0.07
19745,-1.26,-0.02,-0.05,0.03,-0.11,-0.07
19746,-1.36,-0.13,-0.16,0.03,-0.11,-0.07
19747,-1.36,-0.13,-0.05,0.03,-0.00,-0.17
19748,-1.36,-0.02,-0.05,-0.08,-0.21,-0.07
19749,-1.26,-0.02,-0.05,0.03,-0.11,0.04
19750,-1.26,-0.13,-0.16,-0.08,-0.00,-0.28
19933,-1.36,-0.02,-0.05,-0.08,-0.21,-0.17
19934,-1.36,-0.13,-0.05,-0.08,-0.00,-0.07
19935,-1.36,-0.02,-0.16,-0.08,-0.11,-0.07
19936,-1.26,-0.02,-0.05,-0.08,-0.21,-0.07
19937,-1.26,-0.13,-0.05,-0.08,-0.11,-0.17
19938,-1.36,-0.13,-0.05,-0.08,-0.11,-0.07
19939,-1.26,-0.02,-0.16,-0.08,-0.11,-0.17
19940,-1.36,-0.02,-0.16,-0.18,-0.21,-0.17
19941,-1.36,-0.02,-0.16,0.03,-0.11,-0.07
19942,-1.26,-0.02,-0.05,0.03,-0.11,-0.17
19943,-1.26,-0.13,-0.16,-0.08,-0.11,-0.07
19944,-1.36,-0.02,-0.16,-0.08,-0.00,0.04
19945,-1.26,-0.13,-0.16,-0.08,-0.11,-0.17
19946,-1.36,-0.02,-0.16,0.03,-0.00,-0.17
19947,-1.26,-0.13,-0.05,0.03,-0.11,-0.17
19948,-1.36,-0.13,-0.05,-0.08,-0.21,-0.17
19949,-1.36,-0.02,-0.05,0.03,-0.21,-0.17
19950,-1.26,-0.02,-0.05,0.03,-0.21,-0.28
19951,-1.26,-0.13,-0.05,-0.08,-0.11,0.04
19952,-1.16,-0.02,-0.05,-0.08,-0.11,-0.07
19953,-1.26,-0.02,-0.05,-0.08,-0.21,-0.07
19954,-1.26,-0.13,-0.05,-0.08,-0.11,-0.07
19955,-1.26,-0.13,-0.05,0.03,-0.11,-0.07
19956,-1.36,-0.13,-0.05,0.03,-0.00,-0.17
19957,-1.36,-0.02,-0.05,0.03,-0.21,-0.07
19958,-1.26,-0.02,-0.05,-0.18,-0.21,-0.07
19959,-1.36,-0.13,-0.05,-0.08,-0.11,-0.07
19960,-1.36,-0.02,-0.05,0.03,-0.21,-0.07
19961,-1.26,-0.02,-0.05,-0.08,-0.21,-0.07
19962,-1.26,-0.02,-0.16,-0.08,-0.00,-0.17
19963,-1.36,-0.13,-0.05,-0.08,-0.11,-0.17
19964,-1.47,-0.02,-0.05,0.03,-0.00,-0.17
19965,-1.26,-0.13,-0.05,-0.08,-0.21,-0.07
19966,-1.36,-0.13,-0.05,-0.08,-0.11,-0.17
19967,-1.26,-0.02,-0.16,-0.18,-0.21,-0.17
19968,-1.36,-0.13,-0.05,0.03,-0.11,-0.07
19969,-1.26,-0.13,-0.16,0.03,-0.21,-0.17
19970,-1.26,-0.13,-0.05,-0.08,-0.11,-0.17
19971,-1.36,-0.02,-0.16,-0.08,-0.00,-0.17
19972,-1.26,-0.13,-0.05,-0.08,-0.21,-0.07
19973,-1.36,-0.02,-0.05,-0.08,-0.11,-0.17
19974,-1.26,-0.02,-0.16,-0.08,-0.11,-0.17
19975,-1.36,-0.13,-0.05,-0.08,-0.11,-0.07
19976,-1.36,-0.02,-0.16,-0.08,-0.11,-0.07
19977,-1.26,-0.13,-0.05,-0.08,-0.11,-0.07
19978,-1.36,-0.13,0.05,0.13,-0.11,-0.07
19979,-1.26,-0.02,-0.16,0.03,-0.00,-0.07
19980,-1.26,-0.13,-0.05,0.03,-0.00,-0.07
19981,-1.26,-0.13,-0.05,0.03,-0.21,-0.17
19982,-1.36,-0.02,-0.05,0.03,-0.21,-0.17
19983,-1.26,-0.02,-0.05,-0.08,-0.21,-0.28
19984,-1.36,-0.02,-0.05,0.03,-0.11,-0.17
19985,-1.26,-0.13,-0.16,0.03,-0.00,-0.07
19986,-1.36,-0.02,-0.16,-0.08,-0.21,-0.17
19987,-1.36,-0.13,-0.05,0.03,-0.11,-0.28
19988,-1.26,-0.02,-0.16,0.03,-0.11,-0.17
19989,-1.26,-0.13,-0.05,0.03,-0.11,-0.07
19990,-1.26,-0.13,-0.05,-0.08,-0.21,-0.17
19991,-1.36,-0.13,-0.05,0.03,-0.11,-0.07
19992,-1.16,-0.13,0.05,-0.08,-0.11,-0.17
19993,-1.26,-0.02,-0.05,0.03,-0.11,-0.17
19994,-1.26,-0.23,-0.05,-0.08,-0.11,-0.07
19995,-1.26,-0.13,-0.16,-0.08,-0.00,-0.07
19996,-1.26,-0.13,-0.05,0.03,-0.00,-0.07
19997,-1.36,-0.02,-0.16,-0.08,-0.11,-0.17
19998,-1.26,-0.02,-0.16,-0.18,-0.21,-0.17
19999,-1.16,-0.02,-0.05,0.03,-0.21,-0.07
20000,-1.26,-0.02,-0.05,0.03,-0.11,-0.17
20001,-1.36,-0.02,-0.05,0.03,-0.11,-0.07
20002,-1.26,-0.02,-0.16,-0.18,-0.11,-0.07
20003,-1.26,-0.13,-0.16,-0.08,-0.11,-0.17
20004,-1.47,-0.02,-0.16,-0.08,-0.11,-0.07
20005,-1.26,-0.02,-0.05,0.03,-0.21,-0.07
20006,-1.36,-0.13,-0.16,0.03,-0.11,-0.07
20007,-1.16,-0.02,-0.05,-0.08,-0.11,-0.07
20008,-1.26,-0.02,-0.05,-0.08,-0.21,-0.07
20009,-1.26,-0.13,-0.05,-0.08,-0.11,-0.17
20010,-1.26,-0.13,-0.16,0.13,-0.21,-0.07
20011,-1.26,-0.13,-0.16,0.03,-0.11,-0.07
20012,-1.26,-0.02,0.05,0.03,-0.21,-0.28
20013,-1.36,-0.02,-0.05,-0.08,-0.00,-0.17
20014,-1.36,-0.02,-0.05,-0.08,-0.00,-0.07
20015,-1.26,-0.13,-0.05,-0.08,-0.21,-0.17
20016,-1.26,-0.02,-0.16,0.03,-0.21,-0.07
20017,-1.36,-0.02,-0.05,-0.08,-0.11,-0.07
20018,-1.26,-0.13,-0.05,-0.08,-0.11,0.04
20019,-1.26,-0.13,-0.16,-0.08,-0.21,-0.28
20020,-1.36,-0.02,-0.05,-0.08,-0.11,-0.17
20021,-1.26,-0.02,-0.16,0.03,-0.11,-0.17
20022,-1.26,-0.02,-0.16,-0.18,-0.11,-0.17
20023,-1.26,-0.13,-0.05,-0.08,-0.21,-0.17
20024,-1.36,-0.13,-0.16,-0.08,-0.11,-0.07
20025,-1.26,-0.23,-0.05,-0.08,-0.11,-0.07
20026,-1.36,-0.13,-0.05,-0.08,-0.11,0.04
20027,-1.16,-0.13,-0.05,-0.08,-0.11,-0.17
20028,-1.16,-0.02,-0.05,-0.08,-0.21,-0.07
20029,-1.26,-0.13,-0.05,0.03,-0.11,-0.17
20030,-1.26,-0.02,-0.16,-0.08,-0.31,-0.07
20031,-1.26,-0.13,-0.05,0.03,-0.11,-0.17
20032,-1.26,-0.02,-0.05,-0.08,-0.11,-0.07
20033,-1.26,-0.02,-0.05,-0.08,-0.21,-0.17
20034,-1.26,-0.02,-0.05,0.03,-0.21,-0.17
20035,-1.26,-0.02,-0.05,0.03,-0.11,-0.17
20036,-1.26,0.08,-0.05,-0.08,-0.11,-0.17
20037,-1.16,-0.13,-0.05,0.03,-0.21,-0.17
20038,-1.26,-0.02,-0.05,-0.08,-0.11,-0.17
20039,-1.26,-0.02,-0.05,-0.08,-0.21,-0.28
20040,-1.26,-0.02,-0.05,-0.08,-0.11,-0.07
20041,-1.36,-0.02,-0.05,-0.08,-0.11,-0.17
20042,-1.36,-0.02,-0.05,0.03,-0.21,-0.28
20043,-1.26,-0.02,-0.05,-0.08,-0.00,-0.17
20044,-1.16,-0.13,-0.05,0.03,-0.21,-0.07
20045,-1.36,-0.02,-0.16,0.03,-0.11,-0.07
20046,-1.36,-0.02,-0.16,-0.08,-0.11,-0.17
20047,-1.26,-0.02,-0.16,-0.08,-0.00,-0.17
20048,-1.26,-0.02,-0.05,-0.08,-0.11,-0.28
20049,-1.36,-0.02,-0.16,0.03,-0.11,-0.07
20050,-1.16,-0.13,-0.05,-0.08,-0.11,-0.17
20051,-1.36,-0.13,-0.16,-0.08,-0.21,-0.07
20052,-1.26,-0.13,-0.05,-0.08,-0.21,-0.07
20053,-1.26,-0.13,-0.05,-0.08,-0.11,-0.17
20054,-1.26,0.08,-0.05,0.03,-0.00,-0.07
20055,-1.26,-0.02,-0.05,-0.08,-0.11,-0.17
20056,-1.36,0.08,-0.05,0.03,-0.21,-0.17
20057,-1.36,-0.13,-0.05,0.03,-0.11,-0.17
20058,-1.26,-0.13,-0.16,-0.08,-0.00,-0.07
20059,-1.26,-0.02,-0.16,-0.08,-0.11,-0.07
20060,-1.26,-0.13,-0.16,-0.18,-0.11,-0.07
20061,-1.26,-0.13,-0.05,0.03,-0.11,-0.07
20062,-1.26,-0.13,-0.05,0.13,-0.11,0.04
20063,-1.26,-0.02,-0.16,-0.08,-0.11,-0.17
20064,-1.26,-0.02,-0.05,-0.08,-0.00,-0.07
20065,-1.26,-0.13,-0.16,0.03,-0.21,-0.28
20066,-1.36,-0.02,-0.16,-0.08,-0.21,-0.07
20067,-1.26,-0.02,-0.16,0.03,-0.11,-0.07
20068,-1.26,-0.13,0.05,0.03,-0.21,-0.17
20069,-1.26,-0.13,-0.16,0.03,-0.11,-0.07
20070,-1.36,-0.13,-0.05,-0.08,-0.00,-0.17
20071,-1.26,-0.13,-0.05,0.03,-0.21,-0.17
20072,-1.36,-0.02,-0.05,-0.08,-0.11,-0.17
20073,-1.36,-0.13,-0.16,0.03,-0.11,-0.07
20074,-1.26,-0.13,-0.05,0.13,-0.11,-0.17
20075,-1.26,-0.02,-0.05,-0.08,-0.11,-0.28
20076,-1.26,-0.02,-0.05,-0.18,-0.00,-0.07
20077,-1.26,0.08,-0.05,-0.18,-0.21,-0.17
20078,-1.26,-0.13,-0.05,-0.08,-0.11,0.04
20079,-1.26,-0.02,-0.05,0.03,-0.21,-0.28
20080,-1.26,-0.13,-0.16,0.03,-0.11,-0.17
20081,-1.26,-0.02,-0.05,-0.08,-0.21,-0.17
20082,-1.36,-0.02,-0.16,0.03,-0.11,-0.07
20083,-1.36,-0.13,-0.05,0.03,-0.21,-0.17
20084,-1.26,-0.02,-0.05,-0.18,-0.11,-0.07
20085,-1.16,-0.02,-0.05,0.03,-0.21,-0.17
20086,-1.26,-0.02,-0.05,-0.18,-0.11,-0.28
20087,-1.26,-0.02,-0.05,-0.08,-0.21,-0.07
20088,-1.26,-0.02,-0.05,-0.08,-0.11,-0.17
20089,-1.36,-0.02,-0.05,-0.08,-0.11,-0.07
20090,-1.36,-0.02,-0.05,-0.08,-0.11,-0.17
20091,-1.26,-0.02,-0.05,-0.08,-0.21,-0.07
20092,-1.26,-0.02,-0.05,0.03,-0.11,-0.17
20093,-1.26,-0.02,-0.05,0.03,-0.11,-0.07
20094,-1.26,-0.02,-0.05,0.03,-0.21,-0.17
20095,-1.16,-0.02,-0.05,-0.18,-0.21,-0.17
20096,-1.36,-0.02,-0.05,0.03,-0.21,-0.07
20097,-1.36,-0.13,-0.05,-0.08,-0.00,-0.17
20098,-1.36,-0.13,-0.05,-0.08,-0.11,-0.17
20099,-1.36,-0.13,-0.05,-0.08,-0.21,-0.17
20100,-1.26,-0.13,-0.05,0.13,-0.21,-0.17
20101,-1.36,-0.13,-0.16,-0.08,-0.11,-0.17
20102,-1.36,-0.02,-0.05,-0.08,-0.11,-0.07
20103,-1.26,-0.02,-0.05,-0.18,-0.21,-0.07
20104,-1.16,-0.02,-0.05,-0.08,-0.21,-0.07
20105,-1.36,-0.02,-0.05,0.03,-0.11,-0.17
20106,-1.26,-0.13,-0.05,-0.08,-0.00,-0.07
20107,-1.36,-0.02,-0.05,-0.08,-0.11,-0.07
20108,-1.16,-0.13,-0.05,0.03,-0.11,0.04
20109,-1.36,-0.02,-0.05,0.13,-0.11,-0.17
20110,-1.26,-0.13,-0.05,-0.08,-0.21,-0.07
20111,-1.26,-0.13,-0.16,-0.18,-0.21,-0.07
20112,-1.36,-0.13,-0.05,0.03,-0.11,-0.07
20113,-1.26,-0.23,-0.16,-0.08,-0.11,-0.17
20114,-1.16,0.08,-0.16,0.03,-0.11,-0.07
20115,-1.26,-0.02,-0.05,-0.08,-0.11,-0.28
20116,-1.26,-0.02,-0.05,-0.08,-0.11,-0.17
20117,-1.26,-0.13,-0.05,0.03,-0.00,-0.07
20118,-1.26,-0.13,-0.16,-0.08,-0.00,-0.07
20119,-1.36,-0.02,-0.05,-0.08,-0.21,-0.07
20120,-1.26,-0.13,-0.05,-0.08,-0.21,-0.07
20121,-1.26,-0.02,-0.05,-0.08,-0.11,-0.07
20122,-1.26,-0.13,-0.05,-0.08,-0.11,-0.17
20123,-1.26,-0.13,-0.16,0.03,-0.11,-0.17
20124,-1.36,-0.13,-0.16,-0.08,-0.00,-0.07
20125,-1.36,-0.02,-0.05,-0.08,-0.21,-0.17
20126,-1.26,-0.13,-0.05,0.03,-0.11,-0.07
20127,-1.36,-0.02,-0.16,-0.08,-0.11,0.04
20128,-1.26,-0.02,-0.05,0.03,-0.21,-0.17
20129,-1.26,-0.13,-0.05,-0.08,-0.21,-0.07
20130,-1.26,-0.02,-0.05,-0.08,-0.21,0.04
20131,-1.26,-0.02,-0.05,-0.08,-0.21,-0.07
20132,-1.26,-0.23,-0.05,-0.08,-0.11,-0.07
20133,-1.26,-0.02,-0.05,-0.08,-0.21,-0.07
20134,-1.26,-0.13,-0.16,0.03,-0.11,-0.28
20135,-1.36,-0.02,-0.05,0.03,-0.00,-0.17
20136,-1.36,-0.13,-0.16,0.03,-0.11,-0.07
20137,-1.36,-0.13,-0.05,-0.08,-0.11,-0.07
20138,-1.26,-0.13,-0.16,0.03,-0.11,-0.07
20139,-1.26,-0.13,-0.16,-0.08,-0.00,-0.17
20140,-1.36,-0.13,-0.05,0.03,-0.11,-0.17
20141,-1.26,-0.13,-0.16,0.03,-0.11,-0.07
20142,-1.26,-0.13,-0.05,-0.08,-0.11,-0.07
20143,-1.26,-0.02,-0.05,-0.08,-0.11,-0.07
20144,-1.26,-0.13,-0.05,0.03,-0.11,-0.17
20145,-1.26,-0.13,-0.05,0.03,-0.21,-0.17
20146,-1.36,-0.02,-0.05,-0.18,-0.11,-0.07
20147,-1.26,-0.13,-0.05,-0.08,-0.11,-0.07
20148,-1.36,-0.02,-0.05,-0.08,-0.11,-0.07
20149,-1.16,-0.02,-0.16,-0.18,-0.21,-0.07
20150,-1.26,-0.13,-0.05,-0.08,-0.11,-0.07
20151,-1.36,-0.13,-0.16,-0.08,-0.11,-0.17
20152,-1.26,-0.13,-0.16,0.03,-0.21,-0.17
20153,-1.36,-0.13,-0.16,-0.08,-0.00,-0.17
20154,-1.16,-0.13,-0.05,-0.08,-0.21,-0.17
20155,-1.26,-0.02,-0.05,0.03,-0.00,0.04
20156,-1.26,-0.13,-0.16,-0.08,-0.00,-0.17
20157,-1.26,-0.02,-0.05,0.03,-0.11,-0.07
20158,-1.26,-0.02,-0.16,0.03,-0.11,-0.07
20159,-1.26,-0.02,-0.05,-0.18,-0.21,-0.17
20160,-1.26,-0.02,-0.05,-0.08,-0.21,-0.07
20161,-1.26,-0.23,-0.05,0.03,-0.21,-0.07
20162,-1.26,-0.02,-0.16,0.03,-0.21,-0.17
20163,-1.26,-0.02,-0.05,-0.08,-0.11,-0.07
20164,-1.36,-0.13,-0.05,0.03,-0.11,-0.17
20165,-1.26,-0.13,-0.05,-0.08,-0.11,-0.17
20166,-1.26,-0.02,-0.05,0.03,-0.00,-0.07
20167,-1.36,-0.02,-0.16,-0.08,-0.11,-0.17
20168,-1.36,-0.13,-0.05,-0.08,-0.11,-0.07
20169,-1.36,-0.02,-0.05,-0.08,-0.21,-0.17
20170,-1.26,-0.13,-0.16,0.03,-0.11,-0.17
20171,-1.36,-0.02,-0.05,-0.08,-0.11,-0.17
20172,-1.36,-0.13,-0.05,0.03,-0.11,0.04
20173,-1.26,-0.02,-0.05,0.03,-0.11,-0.07
20174,-1.16,-0.02,-0.05,-0.08,-0.11,-0.28
20175,-1.36,-0.13,-0.05,-0.08,-0.11,-0.07
20176,-1.26,-0.02,-0.16,-0.08,-0.21,-0.07
20177,-1.36,-0.13,-0.05,0.03,-0.21,-0.17
20178,-1.26,-0.23,-0.05,0.03,-0.00,-0.17
20179,-1.26,-0.02,-0.16,-0.08,-0.11,-0.17
20180,-1.36,-0.02,-0.16,-0.08,-0.21,-0.07
20181,-1.26,-0.02,-0.16,0.03,-0.11,-0.07
20182,-1.36,-0.02,-0.16,0.03,-0.11,-0.17
20183,-1.16,-0.13,-0.05,0.03,-0.21,-0.17
20184,-1.26,-0.13,-0.05,-0.08,-0.11,-0.28
20185,-1.26,-0.13,-0.05,-0.08,-0.31,-0.17
20186,-1.36,-0.13,-0.05,0.03,-0.11,-0.07
20187,-1.26,-0.13,-0.16,-0.08,-0.11,-0.07
20188,-1.36,-0.02,-0.05,-0.08,-0.21,-0.17
20189,-1.26,-0.02,-0.05,-0.08,-0.11,0.04
20190,-1.26,-0.02,-0.05,-0.08,-0.11,-0.17
20191,-1.26,-0.02,-0.16,-0.08,-0.21,-0.07
20192,-1.26,-0.13,-0.16,-0.08,-0.11,-0.17
20193,-1.26,-0.02,-0.16,-0.18,-0.11,-0.17
20194,-1.26,-0.02,-0.16,0.03,-0.11,-0.17
20195,-1.26,-0.13,-0.05,0.03,-0.11,-0.17
20196,-1.26,-0.02,-0.16,-0.08,-0.11,-0.07
20197,-1.16,-0.02,-0.05,-0.18,-0.11,-0.28
20198,-1.26,-0.13,-0.05,-0.18,-0.31,-0.07
20199,-1.26,-0.02,-0.05,0.03,-0.21,-0.28
20200,-1.26,-0.02,-0.16,0.03,-0.21,-0.07
20201,-1.26,-0.13,-0.16,0.03,-0.11,-0.17
20202,-1.36,-0.13,-0.05,-0.08,-0.11,-0.17
20203,-1.36,-0.02,-0.16,-0.08,-0.21,-0.07
20204,-1.26,-0.13,-0.05,-0.08,-0.21,-0.07
20205,-1.36,-0.13,-0.16,-0.08,-0.11,-0.07
20206,-1.26,-0.02,-0.05,0.03,-0.11,-0.17
20207,-1.26,-0.02,-0.05,-0.08,-0.11,-0.17
20208,-1.26,-0.02,-0.05,0.03,-0.21,-0.17
20209,-1.26,-0.02,-0.05,0.03,-0.11,-0.17
20210,-1.26,-0.13,-0.05,0.03,-0.11,-0.07
20211,-1.26,-0.02,-0.05,0.03,-0.21,-0.17
20212,-1.26,-0.13,-0.05,0.03,-0.21,-0.17
20213,-1.26,-0.02,-0.16,0.03,-0.11,-0.17
20214,-1.26,-0.13,-0.05,-0.08,-0.11,-0.17
20215,-1.36,-0.02,-0.05,-0.08,-0.21,-0.07
20216,-1.36,-0.13,-0.16,-0.08,-0.11,-0.07
20217,-1.26,-0.02,-0.16,0.03,-0.21,-0.17
20218,-1.26,0.08,-0.05,-0.08,-0.11,-0.17
20219,-1.26,-0.02,-0.05,-0.08,-0.21,-0.07
20220,-1.26,-0.13,-0.05,-0.08,-0.11,-0.17
20221,-1.36,-0.13,-0.16,0.03,-0.00,-0.17
20222,-1.26,-0.13,-0.05,0.03,-0.11,-0.07
20223,-1.26,-0.13,-0.05,-0.08,-0.00,-0.07
20224,-1.26,-0.13,-0.16,0.03,-0.11,0.04
20225,-1.26,-0.02,-0.05,0.03,-0.00,-0.17
20226,-1.26,-0.02,-0.05,-0.08,-0.00,-0.17
20227,-1.26,-0.13,-0.16,-0.08,-0.00,0.04
20228,-1.26,-0.02,-0.05,0.03,-0.11,-0.17
20229,-1.26,-0.13,-0.16,0.03,-0.21,-0.07
20230,-1.26,-0.13,-0.16,0.03,-0.21,-0.07
20231,-1.26,0.08,-0.05,-0.08,-0.21,-0.07
20232,-1.26,-0.02,-0.16,-0.08,-0.11,-0.17
20233,-1.47,-0.02,-0.05,0.03,-0.21,-0.17
20234,-1.26,-0.02,-0.05,0.03,-0.21,-0.17
20235,-1.26,-0.13,-0.05,-0.08,-0.11,-0.17
20236,-1.36,-0.13,-0.16,-0.08,-0.11,-0.17
20237,-1.26,-0.13,-0.05,-0.08,-0.21,-0.17
20238,-1.36,-0.13,-0.05,0.03,-0.21,-0.17
20239,-1.26,-0.13,-0.16,-0.08,-0.11,-0.17
20240,-1.26,-0.13,-0.05,0.03,-0.11,-0.07
20241,-1.36,-0.02,-0.16,-0.08,-0.21,-0.17
20242,-1.26,-0.02,-0.05,-0.08,-0.21,-0.17
20243,-1.26,-0.13,-0.05,0.03,-0.11,-0.07
20244,-1.36,-0.13,-0.05,-0.08,-0.11,-0.07
20245,-1.26,-0.02,-0.05,0.03,-0.21,-0.07
20246,-1.36,-0.02,-0.05,0.03,-0.11,-0.28
20247,-1.26,-0.02,-0.16,-0.08,-0.11,-0.07
20248,-1.36,-0.13,-0.05,-0.08,-0.11,-0.17
20249,-1.26,-0.02,-0.05,0.03,-0.11,-0.07
20250,-1.26,-0.02,-0.05,-0.08,-0.11,-0.07
20251,-1.36,-0.02,-0.16,-0.08,-0.21,-0.07
20252,-1.36,-0.13,-0.05,-0.08,-0.11,-0.17
20253,-1.26,-0.13,-0.16,-0.08,-0.11,-0.17
20254,-1.36,-0.02,-0.05,-0.08,-0.21,-0.17
20255,-1.26,-0.02,-0.05,0.03,-0.21,-0.17
20256,-1.26,-0.13,-0.16,0.03,-0.21,-0.17
20257,-1.36,-0.02,-0.05,-0.08,-0.11,-0.07
20258,-1.36,-0.13,-0.05,0.03,-0.11,-0.17
20259,-1.36,-0.02,-0.05,0.03,-0.00,-0.07
20260,-1.26,-0.02,-0.05,-0.08,-0.11,-0.07
20261,-1.36,-0.02,-0.05,0.03,-0.21,0.04
20262,-1.36,-0.02,-0.05,0.03,-0.21,-0.17
20263,-1.36,-0.02,-0.16,-0.08,-0.00,-0.07
20264,-1.26,-0.02,-0.05,0.03,-0.11,-0.17
20265,-1.26,-0.02,-0.16,0.03,-0.00,-0.07
20266,-1.36,-0.13,-0.05,-0.08,-0.21,-0.07
20267,-1.26,-0.02,-0.05,0.03,-0.21,-0.17
20268,-1.36,-0.02,-0.05,-0.08,-0.11,-0.17
20269,-1.16,-0.13,-0.05,-0.08,-0.11,-0.07
20270,-1.26,-0.13,-0.05,0.03,-0.21,-0.07
20271,-1.26,-0.13,-0.05,0.03,-0.00,-0.07
20272,-1.26,-0.02,-0.05,-0.08,-0.21,-0.28
20273,-1.26,-0.13,-0.05,0.03,-0.21,-0.17
20274,-1.26,-0.13,-0.05,0.03,-0.21,-0.07
20275,-1.36,-0.02,-0.16,-0.08,-0.21,-0.07
20276,-1.26,-0.02,-0.16,-0.08,-0.21,0.04
20277,-1.26,-0.13,-0.16,0.03,-0.11,-0.07
20278,-1.26,-0.13,-0.16,0.03,-0.11,-0.17
20279,-1.36,-0.13,-0.16,0.03,-0.21,-0.17
20280,-1.26,-0.13,-0.16,-0.08,-0.11,-0.07
20281,-1.26,-0.02,-0.05,0.03,-0.11,-0.07
20282,-1.26,-0.13,-0.05,-0.08,-0.21,-0.28
20283,-1.16,-0.02,-0.05,-0.08,-0.11,-0.17
20284,-1.36,-0.13,-0.05,-0.08,-0.21,0.04
20285,-1.26,-0.02,-0.05,-0.08,-0.00,-0.17
20286,-1.36,-0.13,-0.16,-0.08,-0.11,-0.07
20287,-1.26,-0.02,-0.05,0.03,-0.11,-0.17
20288,-1.36,-0.02,-0.05,-0.08,-0.11,-0.07
20289,-1.36,-0.13,-0.05,-0.08,-0.11,-0.07
20290,-1.36,-0.13,-0.05,-0.08,-0.11,-0.17
20291,-1.26,-0.13,-0.05,-0.08,-0.11,-0.17
20292,-1.26,-0.02,-0.05,-0.08,-0.21,-0.07
20293,-1.26,-0.02,-0.16,0.03,-0.21,-0.17
20294,-1.26,-0.13,-0.05,0.03,-0.11,-0.07
20295,-1.36,-0.02,-0.16,-0.08,-0.00,-0.07
20296,-1.26,-0.13,-0.05,-0.18,-0.00,-0.17
20297,-1.36,-0.02,-0.05,0.03,-0.11,-0.07
20298,-1.36,-0.13,-0.16,0.03,-0.11,-0.07
20299,-1.36,-0.02,-0.05,0.03,-0.00,-0.07
20300,-1.16,-0.02,-0.05,0.03,-0.11,-0.17
20301,-1.26,-0.02,-0.05,-0.08,-0.11,-0.17
20302,-1.26,-0.13,-0.16,0.03,-0.11,-0.07
20303,-1.26,-0.02,-0.16,-0.08,-0.21,-0.17
20304,-1.26,0.08,-0.05,-0.08,-0.00,-0.07
20305,-1.26,-0.13,-0.05,-0.08,-0.11,-0.17
20306,-1.26,-0.02,-0.05,0.03,-0.21,-0.17
20307,-1.26,-0.02,-0.05,-0.08,-0.11,-0.07
20308,-1.36,-0.02,-0.05,-0.08,-0.11,0.04
20309,-1.36,-0.02,-0.16,0.03,-0.11,-0.07
20310,-1.26,-0.02,-0.05,0.03,-0.11,-0.07
20311,-1.26,-0.02,-0.16,0.13,-0.00,-0.07
20312,-1.26,-0.13,-0.05,-0.08,-0.11,-0.17
20313,-1.26,-0.13,-0.05,-0.08,-0.00,-0.17
20314,-1.26,-0.13,-0.05,-0.08,-0.21,-0.17
20315,-1.36,-0.02,-0.16,0.03,-0.21,-0.07
20316,-1.26,-0.13,-0.05,0.03,-0.21,-0.17
20317,-1.26,-0.02,-0.05,0.03,-0.11,-0.07
20318,-1.26,-0.02,-0.16,0.03,-0.11,-0.07
20319,-1.36,-0.13,-0.05,-0.08,-0.21,-0.28
20320,-1.26,-0.02,-0.05,0.03,-0.21,-0.07
20321,-1.26,-0.02,-0.05,0.03,-0.00,-0.28
20322,-1.36,-0.13,-0.05,0.03,-0.11,-0.17
20323,-1.26,-0.13,-0.05,0.03,-0.21,-0.07
20324,-1.36,-0.13,-0.05,-0.18,-0.21,0.04
20325,-1.26,-0.02,-0.05,0.03,-0.21,-0.17
20326,-1.26,0.08,-0.16,0.03,-0.11,-0.07
20327,-1.26,-0.13,-0.05,-0.08,-0.11,-0.07
20328,-1.26,-0.02,-0.05,-0.08,-0.11,-0.17
20329,-1.26,-0.13,-0.05,-0.08,-0.11,-0.17
20330,-1.26,-0.13,-0.05,0.03,-0.11,-0.17
20331,-1.16,-0.02,-0.05,0.03,-0.11,-0.17
20332,-1.26,-0.13,-0.05,0.03,-0.11,-0.17
20333,-1.26,0.08,-0.05,-0.08,-0.11,-0.07
20334,-1.26,-0.13,-0.05,-0.08,-0.11,-0.17
20335,-1.26,-0.02,-0.05,-0.08,-0.21,-0.17
20336,-1.26,-0.13,-0.05,0.03,-0.11,-0.28
20337,-1.47,-0.02,-0.16,0.03,-0.21,-0.28
20338,-1.26,-0.13,-0.16,0.03,-0.11,-0.17
20339,-1.26,-0.02,-0.05,0.03,-0.11,-0.17
20340,-1.36,-0.02,-0.05,-0.08,-0.11,-0.17
20341,-1.36,-0.02,-0.05,0.03,-0.00,-0.07
20342,-1.26,-0.23,-0.05,0.03,-0.00,-0.07
20343,-1.47,-0.13,-0.16,0.03,-0.11,-0.17
20344,-1.36,-0.02,-0.05,-0.08,-0.21,-0.17
20345,-1.26,-0.02,-0.16,0.03,-0.11,-0.07
20346,-1.16,-0.13,-0.05,-0.18,-0.21,-0.17
20347,-1.36,-0.13,-0.16,-0.08,-0.21,0.04
20348,-1.36,0.08,-0.05,-0.18,-0.31,-0.17
20349,-1.26,-0.13,-0.05,0.03,-0.11,-0.07
20350,-1.36,-0.02,-0.05,0.03,-0.11,-0.07
20351,-1.36,-0.13,-0.05,0.03,-0.11,-0.07
20352,-1.36,-0.13,-0.05,0.03,-0.11,-0.28
20353,-1.26,-0.13,-0.05,-0.08,-0.11,-0.07
20354,-1.26,-0.13,-0.05,-0.08,-0.11,-0.28
20355,-1.16,-0.02,-0.05,-0.08,-0.11,-0.17
20356,-1.16,-0.13,-0.05,-0.08,-0.21,-0.17
20357,-1.26,-0.02,-0.05,-0.08,-0.11,-0.07
20358,-1.26,-0.13,-0.16,0.03,-0.11,0.04
20359,-1.36,-0.02,-0.05,-0.08,-0.11,-0.07
20360,-1.26,-0.13,-0.05,0.03,-0.00,-0.17
20361,-1.26,-0.13,-0.05,-0.08,-0.11,-0.07
20362,-1.16,-0.13,-0.05,0.03,-0.21,-0.17
20363,-1.26,-0.02,-0.16,-0.08,-0.21,-0.07
20364,-1.36,-0.13,-0.16,-0.08,-0.11,-0.07
20365,-1.26,-0.13,-0.05,0.03,-0.21,-0.17
20366,-1.26,-0.02,-0.05,0.03,-0.21,-0.17
20367,-1.36,-0.13,-0.05,-0.08,-0.21,-0.07
20368,-1.26,-0.13,-0.05,-0.08,-0.11,0.04
20369,-1.26,-0.02,-0.05,-0.08,-0.21,-0.17
20370,-1.36,-0.13,-0.16,0.03,-0.11,-0.17
20371,-1.36,-0.13,-0.16,-0.08,-0.11,-0.07
20372,-1.26,-0.02,-0.05,0.03,-0.21,-0.17
20373,-1.16,-0.13,-0.16,-0.08,-0.21,-0.07
20374,-1.26,0.08,-0.05,0.03,-0.11,-0.07
20375,-1.26,-0.13,-0.05,-0.08,-0.11,-0.17
20376,-1.26,-0.02,-0.16,-0.08,-0.11,-0.17
20377,-1.26,-0.02,-0.05,-0.08,-0.11,-0.07
20378,-1.26,-0.13,-0.16,-0.08,-0.11,-0.07
20379,-1.26,-0.13,-0.05,0.03,-0.21,-0.17
20380,-1.26,-0.13,-0.05,0.03,-0.11,-0.07
20381,-1.26,-0.13,-0.05,-0.08,-0.11,-0.07
20382,-1.26,-0.02,-0.05,0.03,-0.11,-0.07
20383,-1.36,-0.02,-0.16,0.03,-0.21,-0.07
20384,-1.26,-0.02,-0.05,-0.08,-0.21,-0.17
20385,-1.26,-0.02,-0.05,0.03,-0.21,-0.28
20386,-1.36,-0.02,-0.05,-0.18,-0.00,-0.17
20387,-1.26,-0.02,-0.05,-0.08,-0.21,-0.07
20388,-1.26,-0.02,-0.05,-0.08,-0.11,-0.07
20389,-1.26,-0.13,-0.05,0.03,-0.11,-0.07
20390,-1.36,-0.02,-0.05,0.03,-0.21,-0.17
20391,-1.26,-0.02,-0.05,0.03,-0.11,-0.17
20392,-1.16,-0.13,-0.16,0.13,-0.11,-0.17
20393,-1.26,-0.02,-0.05,0.03,-0.00,-0.28
20394,-1.26,-0.02,-0.16,0.03,-0.21,-0.07
20395,-1.36,-0.02,-0.05,0.03,-0.11,-0.17
20396,-1.36,-0.13,-0.05,0.13,-0.11,-0.17
20397,-1.26,-0.02,-0.16,-0.08,-0.11,-0.17
20398,-1.26,-0.13,-0.16,-0.08,-0.11,0.04
20399,-1.26,-0.02,-0.05,0.03,-0.11,-0.28
20400,-1.26,-0.13,-0.05,-0.08,-0.11,-0.17
20401,-1.36,-0.13,-0.16,-0.08,-0.11,-0.17
20402,-1.26,-0.13,-0.05,-0.18,-0.11,-0.28
20403,-1.26,-0.13,-0.05,-0.08,-0.31,-0.07
20404,-1.36,-0.13,-0.05,-0.08,-0.00,-0.17
20405,-1.26,-0.13,-0.16,-0.08,-0.11,0.04
20406,-1.26,-0.02,-0.05,0.13,-0.21,-0.07
20521,-1.16,-0.02,-0.26,-0.70,-0.21,-0.38
20521,-1.26,-0.13,-0.16,0.34,0.21,0.04
20522,-1.26,-0.02,-0.05,-0.08,-0.11,-0.17
20523,-1.26,-0.13,-0.05,0.03,-0.11,-0.17
20524,-1.26,-0.13,-0.05,-0.08,-0.11,-0.17
20525,-1.26,-0.02,-0.05,-0.08,-0.00,-0.17
20526,-1.26,-0.02,-0.05,-0.08,-0.11,-0.07
20527,-1.36,-0.13,-0.05,-0.08,-0.21,-0.17
20528,-1.26,-0.13,-0.05,-0.08,-0.21,-0.07
20529,-1.26,-0.02,-0.05,0.03,-0.21,-0.17
20530,-1.26,-0.13,-0.05,-0.08,-0.11,-0.07
20531,-1.26,-0.13,-0.05,-0.08,-0.21,-0.07
20532,-1.26,-0.13,-0.05,0.03,-0.11,-0.17
20533,-1.26,-0.02,-0.05,-0.08,-0.11,-0.07
20534,-1.36,-0.13,-0.05,0.03,-0.11,-0.28
20535,-1.26,-0.02,-0.05,-0.08,-0.00,-0.07
20536,-1.26,-0.02,-0.16,-0.08,-0.00,-0.28
20537,-1.26,-0.02,-0.05,-0.08,-0.11,-0.07
20538,-1.26,-0.02,-0.05,-0.18,-0.11,-0.17
20539,-1.26,-0.02,-0.16,0.03,-0.21,-0.07
20540,-1.26,-0.13,-0.05,0.03,-0.21,-0.17
20541,-1.26,-0.02,-0.16,-0.08,-0.21,-0.17
20542,-1.26,-0.02,-0.05,0.03,-0.21,-0.07
20543,-1.26,-0.13,-0.05,-0.08,-0.11,0.04
20544,-1.26,-0.02,-0.16,-0.08,-0.21,0.04
20545,-1.26,-0.02,-0.05,-0.18,-0.11,-0.17
20546,-1.26,-0.02,-0.05,-0.08,-0.11,-0.07
20547,-1.36,-0.02,-0.16,-0.08,-0.00,-0.07
20548,-1.26,-0.02,-0.16,-0.08,-0.00,-0.17
20549,-1.26,-0.13,-0.05,-0.08,-0.11,-0.17
20550,-1.36,-0.02,-0.16,-0.08,-0.11,-0.17
20551,-1.36,-0.13,-0.05,-0.08,-0.11,-0.07
20552,-1.36,-0.13,-0.05,-0.08,-0.11,-0.07
20553,-1.26,-0.02,-0.16,0.03,-0.21,-0.07
20554,-1.36,-0.13,-0.05,-0.08,-0.00,-0.07
20555,-1.26,-0.13,-0.05,0.03,-0.11,-0.07
20556,-1.26,-0.02,-0.05,0.03,-0.21,0.04
20557,-1.26,-0.02,-0.05,0.03,-0.21,-0.17
20558,-1.36,-0.02,-0.05,-0.08,-0.11,-0.07
20559,-1.36,-0.02,-0.16,-0.08,-0.21,-0.17
20560,-1.26,-0.02,-0.05,-0.08,-0.11,-0.17
20561,-1.26,-0.13,-0.05,-0.08,-0.21,-0.07
20562,-1.26,-0.13,-0.05,-0.08,-0.11,-0.17
20563,-1.26,-0.13,-0.05,0.03,-0.11,-0.17
20564,-1.36,-0.13,-0.05,0.03,-0.11,-0.07
20565,-1.36,-0.02,-0.05,-0.08,-0.11,-0.07
20566,-1.26,-0.13,-0.16,0.03,-0.21,-0.17
20567,-1.26,-0.13,-0.16,0.03,-0.21,0.04
20568,-1.26,-0.13,-0.05,-0.08,-0.11,-0.17
20569,-1.16,-0.02,-0.05,-0.08,-0.11,-0.17
20570,-1.26,-0.13,-0.05,-0.08,-0.21,-0.07
20571,-1.26,0.08,-0.16,0.03,-0.11,-0.07
20572,-1.16,-0.13,-0.05,-0.08,-0.21,-0.17
20573,-1.26,-0.13,-0.05,0.03,-0.11,-0.28
20574,-1.36,-0.13,-0.16,0.03,-0.11,-0.28
20575,-1.26,-0.02,-0.05,-0.08,-0.21,-0.28
20576,-1.26,-0.13,-0.05,-0.08,-0.11,-0.17
20577,-1.36,-0.13,-0.16,-0.08,-0.00,-0.28
20578,-1.26,-0.02,-0.05,0.03,-0.11,-0.28
20579,-1.36,-0.13,-0.16,0.03,-0.11,-0.07
20580,-1.26,-0.13,-0.05,-0.08,-0.11,-0.07
20581,-1.26,-0.13,-0.05,0.03,-0.00,-0.07
20582,-1.26,-0.02,-0.16,-0.08,-0.21,0.04
20583,-1.36,-0.02,-0.05,0.03,-0.11,-0.07
20584,-1.36,-0.02,-0.16,-0.08,-0.11,-0.07
20585,-1.26,-0.02,-0.16,0.03,-0.11,-0.17
20586,-1.36,-0.13,-0.05,-0.08,-0.11,0.14
20587,-1.36,-0.02,-0.16,0.03,-0.21,-0.17
20588,-1.36,-0.13,-0.16,-0.08,-0.11,-0.07
20589,-1.36,-0.02,-0.16,0.03,-0.31,-0.07
20590,-1.26,-0.13,-0.05,0.03,-0.11,-0.17
20591,-1.36,0.08,-0.05,0.03,-0.21,-0.17
20592,-1.26,-0.13,-0.05,0.03,-0.11,-0.17
20593,-1.26,-0.13,-0.05,-0.08,-0.21,-0.07
20594,-1.36,-0.13,-0.16,-0.08,-0.11,-0.07
20595,-1.26,-0.02,-0.05,-0.08,-0.21,-0.17
20596,-1.36,-0.02,-0.05,-0.08,-0.00,-0.07
20597,-1.36,-0.13,-0.05,-0.08,-0.11,-0.07
20598,-1.26,-0.02,-0.05,-0.08,-0.21,-0.17
20599,-1.36,-0.02,-0.16,0.03,-0.21,-0.07
20600,-1.36,-0.13,-0.05,0.03,-0.11,-0.17
20601,-1.26,-0.13,-0.05,-0.08,-0.00,-0.07
20602,-1.36,-0.13,-0.05,0.03,-0.11,-0.07
20603,-1.26,-0.13,-0.05,0.03,-0.21,-0.07
20604,-1.36,-0.23,-0.05,-0.08,-0.21,-0.17
20605,-1.26,-0.13,-0.16,-0.18,-0.11,-0.07
20606,-1.36,-0.13,-0.05,0.03,-0.11,-0.17
20607,-1.26,-0.13,-0.16,-0.08,-0.21,-0.07
20608,-1.36,-0.13,-0.05,0.03,-0.21,-0.07
20609,-1.36,-0.02,-0.05,-0.08,-0.21,-0.07
20610,-1.36,-0.23,-0.05,0.03,-0.00,-0.17
20611,-1.26,-0.13,-0.05,0.03,-0.11,-0.17
20612,-1.26,-0.02,-0.16,-0.08,-0.11,-0.07
20613,-1.26,-0.13,-0.05,0.03,-0.11,-0.07
20614,-1.26,-0.02,-0.16,0.03,-0.11,-0.17
20615,-1.36,-0.13,-0.05,-0.08,-0.11,-0.07
20616,-1.26,-0.13,-0.16,-0.08,-0.11,-0.28
20617,-1.36,-0.02,-0.05,-0.08,-0.11,-0.17
20618,-1.26,-0.02,-0.16,-0.08,-0.11,-0.17
20619,-1.26,-0.13,-0.05,-0.08,-0.11,-0.07
20620,-1.26,-0.13,-0.05,-0.18,-0.11,-0.17
20621,-1.36,-0.13,-0.05,-0.08,-0.11,-0.17
20622,-1.26,-0.02,-0.05,-0.08,-0.11,-0.17
20623,-1.26,-0.02,-0.05,-0.08,-0.11,-0.17
20624,-1.26,-0.13,-0.16,0.03,-0.00,-0.28
20625,-1.26,-0.02,-0.05,-0.08,-0.11,-0.28
20626,-1.26,-0.13,-0.16,-0.08,-0.11,-0.28
20627,-1.36,-0.02,-0.05,0.03,-0.21,-0.17
20628,-1.36,-0.02,-0.05,0.03,-0.11,-0.17
20629,-1.26,-0.13,-0.05,0.03,-0.21,-0.17
20630,-1.36,-0.02,-0.05,0.03,-0.21,-0.17
20631,-1.36,-0.13,-0.05,-0.08,-0.00,-0.07
20632,-1.26,-0.02,-0.05,-0.08,-0.11,-0.17
20633,-1.26,-0.13,-0.16,0.03,-0.21,-0.17
20634,-1.36,-0.02,-0.05,-0.18,-0.21,-0.07
20635,-1.26,-0.02,-0.05,-0.08,-0.11,-0.07
20636,-1.26,-0.02,-0.05,0.03,-0.21,-0.17
20637,-1.26,-0.13,-0.16,-0.18,-0.21,-0.17
20638,-1.26,-0.13,-0.05,-0.08,-0.00,-0.07
20639,-1.26,-0.13,-0.05,0.03,-0.11,-0.17
20640,-1.26,-0.02,-0.16,-0.08,-0.00,-0.07
20641,-1.26,0.08,-0.05,-0.08,-0.21,-0.07
20642,-1.36,-0.13,-0.05,0.03,-0.11,-0.17
20643,-1.26,-0.13,-0.05,-0.08,-0.00,-0.17
20644,-1.26,-0.13,-0.05,-0.08,-0.11,-0.17
20645,-1.36,-0.13,-0.05,-0.08,-0.21,-0.07
20646,-1.26,-0.02,-0.05,0.03,-0.11,-0.07
20647,-1.26,-0.02,-0.05,-0.08,-0.21,-0.28
20648,-1.26,-0.13,-0.05,-0.08,-0.21,-0.07
20649,-1.26,-0.02,-0.05,-0.08,-0.11,-0.07
20650,-1.26,-0.13,-0.05,-0.08,-0.11,-0.17
20651,-1.26,-0.13,-0.05,0.03,-0.21,-0.17
20652,-1.26,-0.13,-0.05,0.13,-0.11,-0.17
20653,-1.36,-0.13,-0.05,0.03,-0.21,-0.07
20654,-1.26,-0.23,-0.05,0.03,-0.11,-0.17
20655,-1.36,-0.13,-0.05,0.03,-0.11,-0.07
20656,-1.26,-0.02,-0.05,-0.08,-0.11,-0.07
20657,-1.26,-0.13,-0.16,0.03,-0.21,-0.17
20658,-1.26,-0.13,-0.05,-0.08,-0.21,-0.17
20659,-1.26,-0.13,-0.05,-0.18,-0.21,0.04
20660,-1.26,-0.02,-0.05,-0.08,-0.11,-0.07
20661,-1.26,-0.13,-0.05,0.03,-0.00,-0.07
20662,-1.26,-0.02,-0.16,0.03,-0.11,-0.17
20663,-1.16,-0.13,-0.05,0.03,-0.11,-0.17
20664,-1.26,-0.02,-0.16,0.03,-0.11,-0.28
20665,-1.26,-0.13,-0.05,0.03,-0.21,-0.07
20666,-1.26,-0.13,-0.16,-0.08,-0.11,-0.17
20667,-1.36,-0.02,-0.05,0.03,-0.00,-0.07
20668,-1.26,-0.02,-0.05,-0.08,-0.11,-0.17
20669,-1.36,-0.13,-0.05,-0.08,-0.21,-0.07
20670,-1.36,-0.02,-0.05,0.03,-0.00,-0.17
20671,-1.26,-0.13,-0.05,0.03,-0.00,-0.07
20672,-1.26,-0.02,-0.05,-0.08,-0.21,-0.07
20673,-1.36,-0.13,-0.05,-0.08,-0.21,-0.07
20674,-1.26,-0.02,-0.05,-0.08,-0.21,-0.07
20675,-1.26,-0.02,-0.05,0.03,-0.11,-0.28
20676,-1.26,-0.13,-0.05,-0.08,-0.11,-0.17
20677,-1.26,-0.02,-0.05,-0.18,-0.11,-0.07
20678,-1.26,-0.13,-0.05,0.03,-0.11,-0.17
20679,-1.36,-0.13,-0.05,0.13,-0.21,-0.28
20680,-1.36,-0.02,-0.16,0.03,-0.11,-0.17
20681,-1.26,-0.13,-0.16,0.03,-0.11,-0.07
20682,-1.36,-0.13,-0.16,0.03,-0.11,-0.07
20683,-1.36,-0.02,-0.05,-0.08,-0.21,-0.28
20684,-1.26,-0.13,-0.05,0.13,-0.21,-0.28
20685,-1.26,-0.02,-0.16,0.03,-0.00,-0.07
20686,-1.36,-0.13,-0.05,0.03,-0.11,-0.07
20687,-1.26,0.08,-0.05,-0.08,-0.11,-0.17
20688,-1.36,-0.13,-0.05,-0.08,-0.11,-0.07
20689,-1.26,-0.02,-0.05,-0.08,-0.11,-0.07
20690,-1.36,-0.13,-0.16,0.03,-0.21,-0.07
20691,-1.36,-0.13,-0.05,0.03,-0.00,-0.17
20692,-1.36,-0.02,-0.16,-0.08,-0.11,-0.17
20693,-1.16,-0.02,-0.05,-0.18,-0.11,-0.17
20694,-1.36,-0.13,-0.16,0.03,-0.21,-0.17
20695,-1.36,-0.13,-0.05,-0.08,-0.11,-0.17
20696,-1.36,-0.13,-0.16,-0.08,-0.21,-0.17
20697,-1.16,-0.02,-0.05,0.03,-0.21,-0.17
20698,-1.26,-0.02,-0.16,0.03,-0.11,-0.17
20699,-1.26,-0.13,-0.05,0.03,-0.21,-0.17
20700,-1.26,-0.02,-0.16,-0.08,-0.11,-0.17
20701,-1.26,-0.13,-0.05,-0.08,-0.00,-0.17
20702,-1.16,-0.13,-0.05,-0.08,-0.21,-0.07
20703,-1.26,-0.13,-0.05,-0.08,-0.11,-0.07
20704,-1.36,-0.13,-0.16,0.03,-0.00,0.04
20705,-1.26,-0.13,-0.05,-0.18,-0.11,-0.17
20706,-1.26,-0.13,-0.05,0.03,-0.11,-0.17
20707,-1.26,-0.02,-0.16,0.03,-0.21,-0.28
20708,-1.26,-0.13,-0.16,-0.08,-0.11,-0.17
20709,-1.26,-0.13,-0.05,-0.08,-0.11,-0.17
20710,-1.26,-0.02,-0.05,0.03,-0.21,-0.07
20711,-1.26,0.08,-0.05,0.03,-0.21,-0.28
20712,-1.36,-0.13,-0.05,-0.08,-0.00,-0.07
20713,-1.36,-0.13,-0.05,-0.08,-0.11,-0.07
20714,-1.26,-0.02,-0.05,0.03,-0.11,-0.17
20715,-1.26,-0.02,-0.05,0.03,-0.11,-0.07
20716,-1.36,-0.02,-0.05,-0.08,-0.11,-0.07
20717,-1.26,-0.02,-0.05,-0.08,-0.00,-0.07
20718,-1.36,-0.13,-0.16,-0.08,-0.11,-0.17
20719,-1.26,-0.13,-0.05,0.03,-0.11,-0.17
20720,-1.26,-0.02,-0.05,0.03,-0.21,-0.07
20721,-1.36,-0.13,-0.16,0.03,-0.21,-0.07
20722,-1.26,-0.13,-0.05,-0.08,-0.21,-0.07
20723,-1.36,-0.13,-0.16,-0.08,-0.11,-0.07
20724,-1.36,-0.02,-0.05,-0.18,-0.21,-0.07
20725,-1.26,-0.13,-0.05,0.03,-0.11,-0.17
20726,-1.26,-0.02,-0.05,-0.08,-0.11,-0.28
20727,-1.36,-0.13,-0.16,-0.18,-0.00,0.04
20728,-1.26,-0.02,-0.05,-0.08,-0.11,-0.07
20729,-1.26,-0.02,-0.05,-0.08,-0.11,-0.07
20730,-1.26,-0.13,-0.16,0.03,-0.11,-0.07
20731,-1.26,-0.13,-0.05,-0.08,-0.21,-0.17
20732,-1.26,-0.13,-0.05,0.03,-0.11,-0.17
20733,-1.36,-0.02,-0.05,0.03,-0.00,-0.07
20734,-1.36,-0.02,-0.16,-0.08,-0.11,-0.07
20735,-1.26,-0.13,-0.05,-0.08,-0.11,-0.07
20736,-1.26,-0.13,-0.05,0.03,-0.21,-0.17
20737,-1.26,-0.02,-0.05,0.03,-0.21,-0.28
20738,-1.36,-0.13,-0.05,-0.08,-0.00,-0.07
20739,-1.26,-0.13,-0.05,0.03,-0.11,-0.07
20740,-1.26,-0.02,-0.05,0.03,-0.11,-0.07
20741,-1.26,-0.13,-0.05,-0.08,-0.11,-0.07
20742,-1.26,-0.13,-0.05,0.03,-0.11,-0.07
20743,-1.26,-0.02,-0.16,0.03,-0.11,-0.07
20744,-1.26,-0.13,-0.16,0.03,-0.21,-0.07
20745,-1.36,-0.02,-0.05,0.03,-0.21,-0.17
20746,-1.26,-0.13,-0.16,0.03,-0.11,-0.17
20747,-1.26,-0.13,-0.05,0.03,-0.21,-0.07
20748,-1.36,-0.13,-0.05,0.03,-0.11,-0.17
20749,-1.26,-0.13,-0.05,-0.18,-0.21,-0.07
20750,-1.26,-0.13,-0.05,-0.08,-0.11,-0.17
20751,-1.36,-0.02,-0.05,0.03,-0.21,-0.17
20752,-1.26,-0.13,-0.05,0.03,-0.11,-0.17
20753,-1.36,-0.02,-0.05,-0.08,-0.11,-0.17
20754,-1.26,-0.13,-0.05,0.03,-0.21,-0.07
20755,-1.26,-0.13,-0.05,-0.08,-0.11,-0.17
20756,-1.36,-0.02,-0.05,-0.08,-0.11,0.04
20757,-1.36,-0.02,-0.16,-0.08,-0.21,-0.17
20758,-1.26,-0.02,-0.05,-0.08,-0.11,-0.07
20759,-1.26,-0.13,-0.16,-0.08,-0.21,-0.07
20760,-1.36,-0.13,-0.16,0.03,-0.11,-0.07
20761,-1.26,-0.13,-0.05,0.03,-0.11,-0.17
20762,-1.26,-0.13,-0.05,-0.08,-0.11,-0.07
20763,-1.36,-0.02,-0.05,0.13,-0.21,-0.17
20764,-1.26,-0.02,-0.05,0.03,-0.21,-0.17
20765,-1.26,0.08,-0.05,-0.08,-0.21,-0.28
20766,-1.26,-0.13,-0.05,0.03,-0.21,-0.17
20767,-1.26,-0.02,-0.16,-0.08,-0.11,-0.07
20768,-1.26,-0.23,-0.05,-0.08,-0.11,-0.07
20769,-1.26,-0.13,-0.16,-0.08,-0.21,-0.07
20770,-1.26,-0.13,-0.05,0.03,-0.11,-0.17
20771,-1.36,-0.02,-0.16,-0.08,-0.21,-0.17
20772,-1.36,-0.02,-0.16,0.03,-0.11,-0.07
20773,-1.26,-0.13,-0.05,-0.08,-0.11,-0.07
20774,-1.36,-0.02,-0.05,0.03,-0.11,-0.17
20775,-1.26,-0.13,-0.05,-0.08,-0.11,-0.07
20776,-1.26,-0.13,-0.05,-0.18,-0.21,-0.17
20777,-1.26,-0.02,-0.05,-0.08,-0.00,-0.17
20778,-1.16,-0.13,-0.05,0.03,-0.21,0.04
20779,-1.16,-0.13,-0.05,0.03,-0.21,-0.17
20780,-1.26,-0.02,-0.05,-0.08,-0.11,-0.07
20781,-1.26,-0.02,-0.05,-0.08,-0.11,-0.17
20782,-1.26,-0.13,-0.05,-0.08,-0.21,-0.07
20783,-1.26,-0.13,-0.05,-0.08,-0.11,-0.07
20784,-1.36,-0.02,-0.16,0.03,-0.11,-0.17
20785,-1.26,-0.13,-0.05,0.03,-0.11,-0.17
20786,-1.26,-0.13,-0.16,-0.08,-0.00,-0.17
20787,-1.36,-0.02,-0.05,-0.08,-0.11,-0.17
20788,-1.26,-0.13,-0.05,0.03,-0.21,-0.17
20789,-1.36,-0.13,-0.05,0.03,-0.21,-0.28
20790,-1.26,-0.13,-0.16,0.03,-0.21,-0.17
20791,-1.26,-0.13,-0.05,-0.08,-0.21,-0.17
20792,-1.26,-0.13,-0.16,0.03,-0.11,-0.07
20793,-1.36,-0.13,-0.05,0.03,-0.11,-0.28
20794,-1.26,-0.13,-0.05,0.03,-0.11,-0.17
20795,-1.26,-0.13,-0.05,0.03,-0.11,-0.07
20796,-1.26,-0.02,-0.05,-0.08,-0.21,-0.17
20797,-1.26,-0.02,-0.05,-0.08,-0.21,-0.17
20798,-1.36,-0.13,-0.05,-0.08,-0.11,-0.17
20799,-1.26,-0.13,-0.05,-0.08,-0.11,-0.07
20800,-1.26,-0.13,-0.05,-0.08,-0.00,-0.07
20801,-1.26,-0.13,-0.05,-0.08,-0.21,-0.07
20802,-1.26,-0.02,-0.16,-0.08,-0.11,0.04
20803,-1.26,-0.02,-0.05,-0.08,-0.21,-0.07
20804,-1.26,-0.13,-0.05,0.03,-0.11,-0.17
20805,-1.16,-0.23,-0.05,0.03,-0.11,-0.17
20806,-1.36,-0.02,-0.16,0.03,-0.11,-0.28
20807,-1.26,-0.13,-0.05,0.03,-0.11,-0.17
20808,-1.36,-0.02,-0.16,0.03,-0.11,-0.07
20809,-1.26,-0.02,-0.05,0.03,-0.11,-0.17
20810,-1.36,-0.02,-0.16,0.03,-0.11,-0.07
20811,-1.26,-0.02,-0.16,0.03,-0.11,0.04
20812,-1.26,-0.02,-0.16,0.03,-0.21,0.04
20813,-1.26,-0.13,-0.05,0.03,-0.21,-0.17
20814,-1.26,-0.13,-0.05,-0.08,-0.21,-0.07
20815,-1.26,-0.02,-0.05,-0.08,-0.21,-0.17
20816,-1.26,-0.13,-0.16,0.03,-0.11,-0.07
20817,-1.36,-0.02,-0.05,0.03,-0.00,-0.17
20818,-1.26,-0.13,-0.05,0.13,-0.11,-0.17
20819,-1.36,-0.02,-0.05,-0.08,-0.21,0.04
20820,-1.36,-0.13,-0.05,-0.08,-0.21,-0.17
20821,-1.26,-0.02,-0.05,-0.08,-0.00,-0.07
20822,-1.26,-0.02,-0.16,-0.08,-0.21,-0.17
20823,-1.36,-0.02,-0.05,-0.08,-0.11,-0.17
20824,-1.36,-0.02,-0.05,0.03,-0.21,-0.17
20825,-1.26,-0.02,-0.05,0.03,-0.21,-0.17
20826,-1.36,-0.13,-0.05,0.03,-0.11,-0.17
20827,-1.36,-0.13,-0.05,-0.08,-0.11,-0.17
20828,-1.26,-0.13,-0.05,0.03,-0.11,-0.07
20829,-1.36,-0.02,-0.16,-0.08,-0.11,-0.07
20830,-1.36,-0.13,-0.05,-0.08,-0.21,-0.17
20831,-1.26,-0.13,-0.05,-0.08,-0.21,-0.07
20832,-1.36,-0.02,-0.05,-0.08,-0.11,-0.07
20833,-1.26,-0.13,-0.16,0.03,-0.11,-0.17
20834,-1.36,-0.13,-0.05,-0.08,-0.11,-0.07
20835,-1.26,-0.13,-0.05,0.03,-0.11,-0.17
20836,-1.36,-0.02,-0.05,-0.08,-0.11,-0.07
20837,-1.36,-0.13,-0.05,-0.08,-0.11,-0.07
20838,-1.26,-0.02,-0.05,-0.08,-0.21,-0.07
20839,-1.36,-0.13,-0.05,-0.08,-0.21,-0.17
20840,-1.26,-0.13,-0.05,-0.08,-0.11,-0.17
20841,-1.36,-0.23,-0.05,-0.08,-0.11,-0.07
20842,-1.36,-0.02,-0.05,-0.08,-0.11,-0.17
20843,-1.26,-0.02,-0.05,-0.08,-0.11,-0.07
20844,-1.26,-0.13,-0.05,-0.08,-0.21,-0.17
20845,-1.26,-0.13,-0.05,-0.08,-0.11,-0.07
20846,-1.26,-0.02,-0.05,-0.18,-0.11,-0.17
20847,-1.26,-0.13,-0.16,-0.08,-0.11,-0.28
20848,-1.26,-0.13,-0.16,-0.08,-0.11,-0.17
20849,-1.26,-0.13,-0.16,0.03,-0.11,-0.07
20850,-1.26,-0.02,-0.05,-0.08,-0.21,-0.07
20851,-1.26,-0.02,-0.05,0.13,-0.21,-0.07
20852,-1.26,-0.13,-0.16,0.03,-0.11,-0.07
20853,-1.36,-0.02,-0.05,-0.08,-0.21,-0.17
20854,-1.36,-0.13,-0.05,0.03,-0.11,-0.17
20855,-1.36,-0.13,-0.05,0.13,-0.11,-0.17
20856,-1.26,-0.02,-0.05,0.03,-0.11,-0.17
20857,-1.26,-0.02,-0.05,0.03,-0.11,-0.17
20858,-1.26,-0.02,-0.05,-0.08,-0.21,-0.07
20859,-1.36,-0.02,-0.05,-0.08,-0.11,-0.07
20860,-1.36,-0.02,-0.16,-0.08,-0.11,-0.07
20861,-1.26,-0.02,-0.05,0.03,-0.11,-0.17
20862,-1.36,-0.02,-0.05,-0.08,-0.11,-0.17
20863,-1.26,-0.02,-0.16,-0.08,-0.11,-0.17
20864,-1.26,-0.02,-0.16,-0.08,-0.11,-0.07
20865,-1.26,-0.02,-0.16,0.03,-0.11,-0.07
20866,-1.26,-0.02,-0.05,0.03,-0.11,-0.17
20867,-1.26,-0.13,-0.05,-0.08,-0.21,-0.17
20868,-1.26,-0.13,-0.05,-0.08,-0.11,-0.07
20869,-1.26,-0.02,-0.16,0.03,-0.11,-0.17
20870,-1.26,-0.13,-0.05,-0.08,-0.21,-0.17
20871,-1.26,-0.13,-0.05,0.03,-0.21,-0.07
20872,-1.26,-0.02,-0.16,-0.08,-0.00,-0.17
20873,-1.16,-0.02,-0.05,-0.08,-0.11,-0.17
20874,-1.26,-0.13,-0.16,-0.08,-0.21,-0.17
20875,-1.36,-0.02,-0.16,0.03,-0.11,-0.07
20876,-1.36,-0.02,-0.05,-0.08,-0.21,-0.17
20877,-1.26,-0.13,-0.05,-0.08,-0.00,-0.17
20878,-1.26,-0.13,-0.05,-0.08,-0.21,-0.07
20879,-1.36,-0.13,-0.05,0.03,-0.21,-0.07
20880,-1.36,-0.02,-0.16,-0.08,-0.11,-0.07
20881,-1.26,-0.13,-0.05,0.03,-0.21,0.04
20882,-1.36,-0.02,-0.16,-0.08,-0.00,-0.17
20883,-1.36,-0.23,-0.16,-0.08,-0.21,-0.17
20884,-1.26,-0.02,-0.16,-0.08,-0.21,-0.07
20885,-1.26,-0.13,-0.05,0.03,-0.11,-0.07
20886,-1.16,-0.02,-0.05,-0.18,-0.21,-0.07
20887,-1.36,-0.13,-0.16,0.03,-0.21,-0.17
20888,-1.26,-0.13,-0.05,0.03,-0.11,-0.17
20889,-1.36,-0.13,-0.16,0.03,-0.21,0.04
20890,-1.26,-0.02,-0.05,-0.08,-0.21,-0.07
20891,-1.26,-0.13,-0.05,0.03,-0.21,-0.07
20892,-1.26,-0.13,-0.05,-0.08,-0.00,-0.07
20893,-1.26,-0.13,-0.05,-0.08,-0.11,-0.17
20894,-1.36,-0.13,-0.05,-0.08,-0.11,-0.17
20895,-1.16,-0.13,-0.05,0.03,-0.21,-0.17
20896,-1.36,-0.13,-0.05,-0.08,-0.21,-0.07
20897,-1.26,-0.13,-0.16,-0.08,-0.21,0.04
20898,-1.16,-0.13,-0.05,0.03,-0.11,-0.28
20899,-1.26,-0.02,-0.05,0.03,-0.21,-0.17
20900,-1.26,-0.02,-0.05,0.03,-0.11,-0.07
20901,-1.26,-0.13,-0.05,-0.08,-0.11,-0.17
20902,-1.26,-0.02,-0.05,-0.08,-0.11,-0.07
20903,-1.26,-0.13,-0.16,-0.08,-0.11,-0.17
20904,-1.26,-0.13,-0.05,0.13,-0.21,-0.17
20905,-1.36,-0.13,-0.05,0.03,-0.11,-0.07
21042,-1.36,-0.02,-0.05,0.03,-0.21,-0.17
21043,-1.26,-0.13,-0.05,0.03,-0.11,-0.07
21044,-1.26,-0.13,-0.16,-0.08,-0.11,-0.07
21045,-1.26,-0.13,-0.16,-0.08,-0.00,-0.17
21046,-1.36,-0.02,-0.05,-0.08,-0.11,-0.17
21047,-1.36,-0.02,-0.05,0.03,-0.00,-0.07
21048,-1.16,-0.02,-0.05,-0.08,-0.11,-0.07
21049,-1.26,-0.13,-0.05,-0.08,-0.21,-0.07
21050,-1.36,-0.02,-0.05,-0.08,-0.11,-0.17
21051,-1.26,-0.02,-0.05,-0.08,-0.11,-0.07
21052,-1.26,-0.13,-0.05,-0.08,-0.21,-0.07
21053,-1.26,-0.13,-0.05,0.03,-0.11,-0.17
21054,-1.36,-0.02,-0.05,0.03,-0.21,-0.07
21055,-1.26,-0.13,-0.05,-0.18,-0.11,-0.17
21056,-1.36,-0.13,-0.16,0.03,-0.11,-0.07
21057,-1.26,-0.02,-0.05,0.03,-0.11,-0.07
21058,-1.36,-0.13,-0.05,-0.18,-0.21,-0.07
21059,-1.36,-0.13,-0.16,0.03,-0.21,-0.07
21060,-1.36,-0.02,-0.05,0.03,-0.21,-0.07
21061,-1.26,-0.13,-0.16,-0.18,-0.21,-0.07
21062,-1.26,-0.02,-0.05,-0.18,-0.11,-0.07
21063,-1.36,-0.13,-0.16,-0.28,-0.21,-0.17
21064,-1.26,-0.02,-0.16,-0.18,-0.00,-0.07
21065,-1.36,-0.02,-0.05,-0.18,-0.00,-0.07
21066,-1.36,-0.13,-0.05,-0.08,-0.11,-0.17
21067,-1.26,-0.13,-0.05,-0.08,-0.11,-0.17
21068,-1.26,-0.13,-0.05,0.03,-0.00,-0.17
21069,-1.26,-0.02,-0.05,0.03,-0.11,-0.07
21070,-1.36,-0.13,-0.05,0.03,-0.11,-0.07
21071,-1.26,-0.02,-0.05,0.03,-0.11,0.04
21072,-1.26,-0.02,-0.05,0.03,-0.11,-0.07
21073,-1.36,-0.13,-0.05,0.03,-0.00,-0.17
21074,-1.36,-0.13,-0.05,-0.08,-0.21,0.04
21075,-1.26,-0.02,-0.05,-0.08,-0.21,-0.07
21076,-1.26,-0.02,-0.05,0.03,-0.00,-0.07
21077,-1.36,-0.02,-0.16,-0.08,-0.11,-0.17
21078,-1.36,-0.13,-0.05,-0.08,-0.00,-0.17
21079,-1.36,-0.13,-0.05,0.03,-0.11,-0.07
21080,-1.36,-0.02,-0.16,-0.08,-0.11,-0.07
21081,-1.36,-0.13,-0.05,-0.08,-0.11,-0.07
21082,-1.36,-0.02,-0.16,0.03,-0.21,-0.07
21083,-1.36,-0.13,-0.05,-0.08,-0.11,-0.07
21084,-1.26,-0.13,-0.05,-0.08,-0.11,-0.17
21085,-1.36,-0.13,-0.16,0.03,-0.21,-0.07
21086,-1.26,-0.02,-0.16,-0.08,-0.11,-0.28
21087,-1.16,-0.13,-0.05,-0.08,-0.00,-0.17
21088,-1.16,-0.13,-0.05,0.03,-0.21,-0.17
21089,-1.36,-0.02,-0.05,-0.08,-0.11,-0.07
21090,-1.26,-0.02,-0.05,-0.08,-0.11,-0.07
21091,-1.16,-0.02,-0.05,-0.08,-0.21,-0.07
21092,-1.36,-0.02,-0.05,-0.18,-0.21,-0.07
21093,-1.26,-0.13,-0.16,0.03,-0.11,-0.17
21094,-1.26,-0.13,-0.05,-0.08,-0.11,-0.17
21095,-1.36,-0.02,-0.05,-0.08,-0.11,-0.17
21096,-1.26,-0.13,-0.05,0.03,-0.21,-0.17
21097,-1.26,-0.02,-0.05,0.03,-0.11,-0.17
21098,-1.26,-0.13,-0.05,0.03,-0.11,-0.07
21099,-1.26,-0.02,-0.16,-0.08,-0.11,-0.17
21100,-1.26,-0.02,-0.16,0.03,-0.11,-0.07
21101,-1.36,-0.02,-0.16,0.03,-0.11,-0.07
21102,-1.26,-0.02,-0.05,0.03,-0.11,-0.28
21103,-1.36,-0.13,-0.05,-0.08,-0.21,-0.07
21104,-1.26,-0.13,-0.05,0.03,-0.21,-0.07
21105,-1.26,-0.02,-0.16,-0.08,-0.00,-0.17
21106,-1.26,-0.13,-0.05,-0.08,-0.00,-0.07
21107,-1.36,-0.02,-0.05,-0.08,-0.11,-0.07
21108,-1.26,-0.13,-0.16,-0.08,-0.21,-0.17
21109,-1.26,-0.13,-0.05,-0.08,-0.11,-0.17
21110,-1.36,-0.13,-0.05,0.03,-0.11,-0.17
21111,-1.26,-0.13,-0.16,0.03,-0.11,-0.07
21112,-1.26,-0.02,-0.16,0.03,-0.11,-0.07
21113,-1.36,-0.02,-0.05,0.03,-0.11,-0.17
21114,-1.26,-0.13,-0.05,-0.08,-0.11,-0.07
21115,-1.36,-0.02,-0.05,-0.18,-0.11,-0.17
21116,-1.26,-0.13,-0.16,-0.08,-0.11,-0.17
21117,-1.26,-0.02,-0.05,-0.08,-0.21,-0.07
21118,-1.26,-0.13,-0.05,-0.08,-0.21,-0.17
21119,-1.26,-0.02,-0.05,0.03,-0.21,-0.28
21120,-1.36,-0.02,-0.05,-0.08,-0.21,-0.07
21121,-1.36,-0.13,-0.05,0.03,-0.11,-0.07
21122,-1.26,-0.13,-0.05,-0.08,-0.21,-0.17
21123,-1.26,-0.02,-0.05,-0.08,-0.11,-0.17
21124,-1.26,-0.02,-0.16,-0.08,-0.21,-0.07
21125,-1.26,-0.13,-0.05,0.03,-0.11,-0.07
21126,-1.26,-0.02,-0.05,-0.08,-0.21,-0.17
21127,-1.26,-0.13,-0.05,0.03,-0.11,-0.07
21128,-1.36,-0.02,-0.05,-0.08,-0.11,-0.17
21129,-1.36,-0.13,-0.05,0.03,-0.21,-0.17
21130,-1.26,-0.13,-0.05,-0.08,-0.21,-0.17
21131,-1.26,-0.02,-0.05,0.03,-0.11,-0.17
21132,-1.26,-0.02,-0.05,0.03,-0.00,-0.07
21133,-1.36,-0.02,-0.05,-0.18,-0.11,-0.17
21134,-1.16,-0.13,-0.05,-0.18,-0.11,0.04
21135,-1.36,-0.13,-0.05,-0.08,-0.11,-0.07
21136,-1.26,-0.02,-0.16,0.03,-0.11,-0.07
21137,-1.26,-0.02,-0.05,-0.08,-0.11,-0.07
21138,-1.36,-0.02,-0.05,-0.08,-0.00,-0.07
21139,-1.36,-0.13,-0.05,0.03,-0.11,-0.17
21140,-1.36,-0.02,-0.16,-0.08,-0.21,-0.28
21141,-1.26,-0.13,-0.05,-0.18,-0.11,-0.07
21142,-1.36,-0.13,-0.16,-0.08,-0.21,-0.07
21143,-1.36,-0.13,-0.05,-0.08,-0.21,-0.07
21144,-1.26,-0.02,-0.05,-0.08,-0.11,-0.17
21145,-1.36,-0.13,-0.05,0.13,-0.11,-0.07
21146,-1.26,-0.13,-0.05,0.03,-0.21,-0.07
21147,-1.26,-0.13,-0.05,0.03,-0.11,-0.07
21148,-1.26,-0.02,-0.16,0.13,-0.21,-0.17
21149,-1.26,-0.13,-0.05,0.03,-0.11,-0.07
21150,-1.36,-0.13,-0.05,-0.08,-0.11,-0.07
21151,-1.36,-0.13,-0.16,0.03,-0.21,-0.17
21152,-1.26,-0.13,-0.05,-0.08,-0.11,-0.17
21153,-1.36,-0.02,-0.16,-0.18,-0.00,-0.17
21154,-1.26,-0.13,-0.05,-0.08,-0.11,0.04
21155,-1.26,-0.13,-0.05,0.03,-0.21,-0.17
21156,-1.36,-0.13,-0.05,0.03,0.10,-0.07
21157,-1.26,-0.13,-0.05,0.03,-0.11,-0.07
21158,-1.36,-0.13,-0.05,-0.08,-0.11,0.04
21159,-1.26,-0.13,-0.05,0.03,-0.11,-0.07
21160,-1.16,-0.02,-0.05,0.03,-0.21,-0.17
21161,-1.36,-0.13,-0.05,-0.08,-0.11,-0.07
21162,-1.36,-0.13,-0.16,0.03,-0.11,-0.07
21163,-1.26,-0.02,0.05,-0.08,-0.21,-0.07
21164,-1.26,-0.02,-0.05,0.03,-0.11,-0.17
21165,-1.36,-0.02,-0.05,-0.08,-0.11,-0.07
21166,-1.26,-0.13,-0.16,-0.08,-0.11,-0.17
21167,-1.36,-0.13,-0.05,-0.08,-0.00,-0.07
21168,-1.36,-0.02,-0.05,-0.08,-0.11,-0.17
21169,-1.26,-0.02,-0.05,0.03,-0.11,-0.17
21170,-1.26,-0.02,-0.05,0.03,-0.11,-0.17
21171,-1.26,-0.02,-0.05,0.03,-0.21,-0.07
21172,-1.26,-0.13,-0.05,0.03,-0.11,-0.07
21173,-1.26,-0.02,-0.05,-0.18,-0.11,-0.17
21174,-1.26,-0.13,-0.05,-0.08,-0.11,-0.07
21175,-1.36,-0.02,-0.05,-0.08,-0.21,-0.17
21176,-1.36,-0.13,-0.05,-0.08,-0.11,-0.07
21177,-1.26,-0.02,-0.05,-0.08,-0.21,-0.17
21178,-1.26,-0.13,-0.05,0.03,-0.11,-0.17
21179,-1.26,-0.13,-0.05,0.03,-0.11,-0.28
21180,-1.26,-0.02,-0.05,0.03,-0.21,-0.17
21181,-1.26,-0.13,-0.05,0.03,-0.11,-0.07
21182,-1.36,-0.13,-0.05,-0.08,-0.21,-0.17
21183,-1.36,-0.13,-0.05,0.13,-0.21,-0.07
21184,-1.36,-0.02,-0.05,0.03,-0.11,-0.17
21185,-1.26,-0.02,-0.05,-0.08,-0.11,-0.17
21186,-1.26,-0.13,-0.05,-0.08,-0.21,-0.17
21187,-1.16,-0.13,-0.05,-0.18,-0.11,-0.17
21188,-1.36,-0.02,-0.16,-0.08,-0.11,-0.17
21189,-1.26,-0.13,-0.05,-0.08,-0.00,-0.07
21190,-1.26,-0.02,-0.16,-0.08,-0.11,-0.28
21191,-1.36,-0.13,-0.16,-0.08,-0.11,-0.17
21192,-1.36,-0.13,-0.05,0.03,-0.11,-0.07
21193,-1.26,-0.13,-0.05,-0.08,-0.21,-0.17
21194,-1.26,-0.02,-0.16,-0.08,-0.11,-0.28
21195,-1.36,-0.13,-0.05,0.03,-0.21,-0.07
21197,-1.36,-0.02,-0.05,0.03,-0.11,-0.07
21197,-1.26,-0.13,-0.05,0.03,-0.21,-0.17
21198,-1.36,-0.02,-0.05,0.03,-0.11,-0.17
21199,-1.16,-0.13,-0.05,-0.08,-0.11,-0.07
21200,-1.36,-0.02,-0.05,-0.08,-0.11,-0.17
21201,-1.26,-0.13,-0.05,-0.18,-0.21,-0.07
21202,-1.36,-0.13,-0.16,0.03,-0.21,-0.17
21203,-1.26,-0.13,-0.05,-0.08,-0.11,-0.07
21204,-1.36,-0.02,-0.16,-0.08,-0.21,0.04
21205,-1.26,-0.02,-0.16,0.03,-0.11,-0.07
21206,-1.36,-0.02,-0.05,0.03,-0.21,-0.07
21207,-1.26,-0.13,-0.05,-0.18,-0.11,-0.07
21208,-1.36,-0.02,-0.05,-0.08,-0.21,-0.17
21209,-1.26,-0.02,-0.05,-0.08,-0.11,-0.17
21210,-1.36,-0.13,-0.16,0.03,-0.11,-0.17
21211,-1.26,-0.13,-0.05,-0.08,-0.21,-0.07
21212,-1.26,-0.13,-0.05,-0.08,-0.11,0.04
21213,-1.26,-0.02,-0.05,-0.08,-0.21,-0.07
21214,-1.26,-0.02,-0.05,0.03,-0.11,-0.28
21215,-1.26,-0.13,-0.16,0.03,-0.11,-0.17
21216,-1.26,-0.02,-0.05,0.03,-0.21,-0.17
21217,-1.26,-0.13,-0.05,0.03,-0.11,-0.07
21218,-1.36,0.08,-0.05,-0.18,-0.21,-0.17
21219,-1.36,-0.13,-0.05,-0.08,-0.11,-0.17
21220,-1.26,-0.13,-0.05,-0.08,-0.11,-0.07
21221,-1.26,-0.02,-0.05,-0.08,-0.11,-0.17
21222,-1.26,-0.23,-0.05,-0.08,-0.21,-0.17
21223,-1.26,-0.13,-0.16,-0.08,-0.11,-0.07
21224,-1.26,-0.13,-0.16,0.03,-0.11,-0.17
21225,-1.36,-0.02,-0.05,0.03,-0.11,-0.17
21226,-1.36,-0.02,-0.05,-0.08,-0.11,-0.17
21227,-1.26,-0.02,-0.05,0.03,-0.21,-0.17
21228,-1.26,-0.02,-0.05,-0.08,-0.11,-0.17
21229,-1.26,-0.13,-0.05,0.03,-0.00,-0.17
21230,-1.36,-0.13,-0.05,-0.08,-0.11,-0.07
21231,-1.26,-0.13,-0.16,-0.08,-0.11,0.04
21232,-1.16,-0.02,-0.16,-0.08,-0.00,-0.07
21233,-1.26,-0.02,-0.16,0.03,-0.11,-0.07
21234,-1.26,-0.13,-0.05,-0.08,-0.11,-0.07
21235,-1.36,-0.13,-0.05,0.03,-0.11,-0.07
21236,-1.26,-0.13,-0.16,0.03,-0.11,-0.07
21237,-1.26,-0.13,-0.05,0.03,-0.11,-0.17
21238,-1.26,-0.02,-0.16,-0.18,-0.11,0.04
21239,-1.26,0.08,-0.05,0.03,-0.21,-0.17
21240,-1.36,-0.13,-0.05,-0.08,-0.21,-0.17
21241,-1.26,-0.02,-0.05,0.03,-0.11,-0.07
21242,-1.36,-0.23,-0.05,0.03,-0.11,-0.07
21243,-1.26,-0.02,-0.05,0.03,-0.21,-0.17
21244,-1.36,-0.13,-0.05,-0.08,-0.11,-0.17
21245,-1.26,-0.13,-0.05,0.03,-0.21,-0.17
21246,-1.36,-0.02,-0.05,-0.08,-0.11,-0.07
21247,-1.26,-0.13,-0.05,0.03,-0.11,-0.07
21248,-1.26,-0.02,-0.05,-0.08,-0.21,-0.28
21249,-1.26,-0.13,-0.05,0.03,-0.11,-0.07
21250,-1.26,-0.13,-0.16,0.03,-0.11,-0.07
21251,-1.26,-0.13,-0.05,-0.08,-0.11,-0.28
21252,-1.36,-0.02,-0.16,-0.08,-0.21,0.04
21253,-1.26,-0.23,-0.16,0.03,-0.11,0.04
21254,-1.26,-0.13,-0.16,0.03,-0.11,-0.17
21255,-1.26,-0.02,-0.05,0.03,-0.21,-0.07
21256,-1.26,-0.13,-0.05,-0.08,-0.21,-0.07
21257,-1.36,-0.13,-0.05,0.03,-0.11,-0.17
21258,-1.26,-0.13,-0.05,0.03,-0.11,-0.07
21259,-1.36,-0.02,-0.05,0.03,-0.00,-0.07
21260,-1.26,-0.02,-0.05,-0.08,-0.11,-0.07
21261,-1.36,-0.02,-0.05,0.03,-0.11,-0.17
21262,-1.36,-0.13,-0.05,-0.08,-0.11,-0.07
21263,-1.26,-0.13,-0.05,-0.08,-0.11,-0.07
21264,-1.26,-0.02,-0.05,-0.08,-0.11,-0.17
21265,-1.26,-0.02,-0.05,-0.08,-0.11,-0.07
21266,-1.26,-0.02,-0.16,0.03,-0.11,-0.07
21267,-1.26,-0.13,-0.16,-0.08,-0.11,-0.07
21268,-1.36,-0.13,-0.05,0.03,-0.11,-0.07
21269,-1.26,-0.02,-0.05,-0.08,-0.11,-0.07
21270,-1.26,-0.13,-0.05,-0.08,-0.21,-0.07
21271,-1.26,-0.02,-0.05,0.03,-0.11,-0.07
21272,-1.26,-0.02,-0.05,-0.08,-0.11,-0.07
21273,-1.36,-0.13,-0.16,-0.08,-0.11,-0.07
21274,-1.26,-0.02,-0.05,0.03,-0.11,-0.07
21275,-1.26,-0.02,-0.05,-0.08,-0.00,-0.17
21276,-1.26,-0.13,-0.05,0.13,-0.11,-0.17
21277,-1.26,-0.13,-0.05,0.03,-0.11,0.04
21278,-1.36,-0.02,-0.16,-0.08,-0.11,-0.07
21279,-1.36,-0.13,-0.05,0.03,-0.11,-0.07
21280,-1.26,-0.02,-0.05,-0.08,-0.00,-0.07
21281,-1.36,-0.02,-0.05,-0.18,-0.11,-0.07
21282,-1.26,-0.02,-0.16,-0.08,-0.21,-0.07
21283,-1.26,-0.13,-0.05,0.03,-0.11,-0.17
21284,-1.26,-0.13,-0.16,-0.08,-0.21,-0.07
21285,-1.26,-0.13,-0.05,-0.08,-0.11,-0.07
21286,-1.26,-0.13,-0.05,-0.08,-0.21,-0.17
21287,-1.26,-0.13,-0.05,0.03,-0.21,-0.28
21288,-1.26,-0.13,-0.05,-0.08,-0.00,-0.17
21289,-1.26,-0.02,-0.05,-0.08,-0.11,-0.17
21290,-1.26,-0.02,-0.16,-0.08,-0.11,-0.07
21291,-1.26,-0.02,-0.05,-0.18,-0.21,-0.17
21292,-1.26,-0.02,-0.05,-0.08,-0.11,-0.07
21293,-1.26,-0.02,-0.16,0.03,-0.21,-0.07
21294,-1.26,-0.23,-0.16,-0.08,-0.11,-0.07
21295,-1.36,-0.02,-0.05,-0.08,-0.21,-0.17
21296,-1.36,-0.02,-0.05,0.03,-0.11,-0.17
21297,-1.26,-0.13,-0.16,0.03,-0.11,-0.07
21298,-1.26,-0.02,-0.05,0.03,-0.00,-0.17
21299,-1.26,-0.02,-0.05,0.03,-0.11,-0.07
21300,-1.26,-0.13,-0.16,-0.08,-0.21,-0.17
21301,-1.36,-0.13,-0.05,-0.08,-0.21,-0.07
21302,-1.36,-0.13,-0.16,0.03,-0.11,0.04
21303,-1.26,-0.13,-0.05,-0.18,-0.11,-0.17
21304,-1.26,-0.13,-0.16,0.03,-0.11,-0.17
21305,-1.26,-0.02,-0.05,-0.08,-0.21,-0.17
21306,-1.36,-0.02,-0.05,-0.08,-0.11,-0.17
21307,-1.26,-0.02,-0.05,-0.08,-0.11,-0.17
21308,-1.26,-0.13,-0.05,-0.08,-0.11,-0.07
21309,-1.26,-0.02,-0.05,0.03,-0.21,-0.07
21310,-1.16,-0.13,-0.05,-0.18,-0.00,-0.07
21311,-1.36,-0.02,-0.05,0.03,-0.00,-0.17
21452,-1.26,-0.13,-0.05,0.03,-0.21,-0.28
21453,-1.26,-0.13,-0.05,0.13,-0.21,-0.17
21454,-1.26,-0.02,-0.05,0.03,-0.11,-0.07
21455,-1.26,0.08,-0.05,0.03,-0.00,0.04
21456,-1.36,-0.13,-0.05,-0.08,-0.11,-0.17
21457,-1.26,-0.02,-0.05,-0.18,-0.21,-0.07
21458,-1.26,-0.02,-0.05,0.03,-0.21,-0.17
21459,-1.36,-0.02,-0.16,0.03,-0.11,-0.17
21460,-1.16,-0.13,-0.16,-0.08,-0.11,0.04
21461,-1.26,-0.13,-0.05,0.03,-0.00,-0.17
21462,-1.36,-0.02,-0.16,-0.08,-0.11,-0.07
21463,-1.36,-0.02,-0.05,-0.08,-0.11,-0.17
21464,-1.26,-0.13,-0.16,-0.08,-0.11,-0.17
21465,-1.26,-0.13,-0.05,0.03,-0.11,-0.17
21466,-1.26,-0.02,-0.05,0.03,-0.21,-0.07
21467,-1.26,-0.02,-0.16,-0.08,-0.11,-0.17
21468,-1.36,-0.02,-0.16,-0.08,-0.21,0.04
21469,-1.26,-0.13,-0.05,-0.08,-0.11,-0.17
21470,-1.16,-0.13,-0.05,0.03,-0.11,-0.07
21471,-1.26,-0.02,-0.16,0.03,-0.11,-0.07
21472,-1.26,-0.13,-0.16,0.03,-0.11,-0.07
21473,-1.26,-0.02,-0.05,-0.18,-0.00,-0.17
21474,-1.26,-0.13,-0.05,-0.08,-0.21,-0.07
21475,-1.26,-0.02,-0.16,0.13,-0.11,-0.07
21476,-1.26,-0.13,-0.05,0.03,-0.11,-0.07
21477,-1.26,-0.02,-0.16,0.03,-0.11,-0.07
21478,-1.26,-0.13,-0.05,0.03,-0.11,-0.07
21479,-1.26,-0.02,-0.05,-0.08,-0.11,-0.07
21480,-1.26,-0.13,-0.05,0.03,-0.21,-0.07
21481,-1.26,-0.02,-0.05,-0.18,-0.21,-0.17
21482,-1.26,-0.02,-0.16,-0.08,-0.11,-0.07
21483,-1.26,-0.02,-0.05,0.03,-0.21,-0.07
21484,-1.36,-0.02,-0.05,-0.08,-0.21,-0.07
21485,-1.36,-0.13,-0.05,-0.08,-0.11,-0.17
21486,-1.26,-0.13,-0.05,-0.08,-0.11,-0.17
21487,-1.26,-0.02,-0.16,0.03,-0.11,-0.07
21488,-1.26,-0.02,-0.05,0.03,-0.21,-0.07
21489,-1.26,-0.02,-0.05,0.03,-0.21,-0.17
21490,-1.26,-0.02,-0.16,0.03,-0.11,-0.17
21491,-1.26,-0.02,-0.05,-0.08,-0.00,0.04
21492,-1.26,-0.13,-0.05,0.03,-0.21,-0.07
21493,-1.26,-0.02,-0.05,-0.08,-0.21,-0.07
21494,-1.26,-0.13,-0.05,-0.08,-0.00,-0.07
21495,-1.26,-0.02,-0.16,0.03,-0.11,-0.17
21496,-1.26,-0.13,-0.05,-0.08,-0.21,-0.17
21497,-1.26,-0.02,-0.05,-0.08,-0.21,-0.17
21498,-1.26,-0.13,-0.16,-0.08,-0.11,-0.07
21499,-1.26,-0.02,-0.05,-0.08,-0.11,-0.17
21500,-1.36,-0.02,-0.05,0.03,-0.11,-0.07
21501,-1.26,-0.02,-0.16,-0.08,-0.11,-0.17
21502,-1.36,-0.02,-0.05,-0.08,-0.21,-0.28
21503,-1.36,-0.13,-0.16,-0.08,-0.11,-0.07
21504,-1.26,-0.02,-0.16,-0.08,-0.21,-0.17
21505,-1.26,-0.02,-0.16,-0.08,-0.11,-0.07
21506,-1.26,-0.13,-0.16,-0.08,-0.21,-0.07
21507,-1.26,-0.13,-0.05,-0.08,-0.21,-0.07
21508,-1.36,-0.02,-0.05,-0.08,-0.11,-0.17
21509,-1.26,-0.13,-0.05,0.03,-0.21,-0.17
21510,-1.36,-0.13,-0.16,-0.08,-0.00,-0.17
21511,-1.26,-0.02,-0.05,0.03,-0.11,-0.17
21512,-1.26,-0.02,-0.16,0.03,-0.11,-0.07
21513,-1.26,-0.13,-0.05,0.03,-0.11,-0.07
21514,-1.26,-0.02,-0.16,-0.18,-0.11,-0.07
21515,-1.26,-0.02,-0.16,-0.08,-0.21,-0.07
21516,-1.36,-0.13,-0.05,-0.08,-0.11,-0.17
21517,-1.26,-0.02,-0.05,0.03,-0.11,0.04
21518,-1.26,-0.02,-0.05,0.03,-0.21,-0.07
21519,-1.26,-0.13,-0.05,-0.08,-0.00,-0.17
21520,-1.36,-0.02,-0.05,0.03,-0.21,-0.17
21521,-1.26,-0.13,-0.05,-0.08,-0.11,-0.17
21522,-1.16,-0.02,-0.05,0.03,-0.21,-0.17
21523,-1.26,-0.13,-0.05,0.03,-0.11,-0.17
21524,-1.36,-0.13,-0.05,-0.08,-0.11,-0.17
21525,-1.36,-0.02,-0.05,0.03,-0.21,-0.07
21526,-1.36,-0.13,-0.16,-0.08,-0.21,-0.07
21527,-1.26,-0.02,-0.05,0.13,-0.11,-0.07
21528,-1.36,-0.13,-0.05,0.13,-0.11,-0.17
21529,-1.26,-0.02,-0.05,0.03,-0.11,-0.17
21530,-1.26,-0.02,-0.05,-0.18,-0.21,-0.07
21531,-1.26,-0.13,-0.05,0.03,-0.11,-0.17
21532,-1.26,-0.02,-0.05,-0.08,-0.11,-0.07
21533,-1.26,-0.13,-0.05,0.03,-0.21,-0.17
21534,-1.26,-0.02,-0.05,-0.08,-0.21,-0.17
21535,-1.36,0.08,-0.05,-0.18,-0.11,-0.17
21536,-1.26,-0.02,-0.05,0.03,-0.11,-0.07
21537,-1.36,-0.13,-0.05,0.03,-0.11,-0.17
21538,-1.36,-0.02,-0.05,-0.08,-0.11,-0.17
21539,-1.36,-0.02,-0.05,0.03,-0.11,0.04
21540,-1.36,-0.13,-0.05,-0.08,-0.11,-0.07
21541,-1.26,-0.02,-0.05,-0.08,-0.11,-0.17
21542,-1.36,-0.13,-0.05,-0.08,-0.00,-0.07
21543,-1.26,-0.13,-0.05,-0.08,-0.21,-0.07
21544,-1.26,-0.13,-0.05,-0.08,-0.11,-0.17
21545,-1.26,-0.13,-0.16,-0.08,-0.00,-0.17
21546,-1.26,-0.02,-0.05,-0.18,-0.11,-0.07
21547,-1.26,-0.13,-0.16,0.03,-0.21,-0.07
21548,-1.36,-0.02,-0.05,-0.08,-0.11,-0.17
21549,-1.26,-0.13,-0.16,0.03,-0.00,-0.17
21550,-1.26,-0.13,-0.05,-0.08,-0.11,-0.07
21551,-1.26,-0.23,-0.16,0.03,-0.21,-0.07
21552,-1.26,-0.02,-0.16,0.03,-0.00,-0.07
21553,-1.26,-0.02,-0.05,0.03,-0.21,-0.17
21554,-1.26,-0.02,-0.16,-0.08,-0.21,-0.17
21555,-1.26,-0.13,-0.05,0.03,-0.00,-0.17
21556,-1.36,-0.02,-0.05,-0.08,-0.21,-0.28
21557,-1.36,-0.02,-0.05,-0.08,-0.11,-0.17
21558,-1.26,-0.02,-0.05,0.03,-0.21,-0.17
21559,-1.26,-0.02,-0.05,-0.08,-0.21,-0.17
21560,-1.26,-0.02,-0.05,0.03,-0.11,-0.07
21561,-1.26,-0.02,-0.16,-0.08,-0.31,-0.17
21562,-1.16,-0.02,-0.05,-0.18,-0.11,-0.07
21563,-1.26,-0.02,-0.05,-0.18,-0.21,-0.17
21564,-1.36,-0.13,-0.05,-0.08,-0.11,-0.07
21565,-1.36,-0.13,-0.05,-0.08,-0.11,-0.17
21566,-1.26,-0.02,-0.05,-0.08,-0.21,-0.07
21567,-1.26,-0.02,-0.05,0.03,-0.11,-0.07
21568,-1.26,-0.02,-0.05,0.03,-0.11,-0.07
21569,-1.26,-0.13,-0.16,0.03,-0.21,-0.07
21570,-1.26,-0.13,-0.05,-0.18,-0.11,-0.07
21571,-1.26,-0.13,-0.05,0.03,-0.21,-0.17
21572,-1.36,-0.02,-0.05,0.03,-0.21,0.04
21573,-1.26,-0.13,-0.05,-0.08,-0.11,-0.17
21574,-1.26,-0.13,-0.05,-0.08,-0.11,-0.07
21575,-1.26,-0.02,-0.05,0.03,-0.21,-0.17
21576,-1.36,-0.02,-0.16,-0.08,-0.11,-0.07
21577,-1.36,-0.13,-0.05,-0.08,-0.11,-0.17
21578,-1.26,-0.02,-0.05,-0.18,-0.21,-0.07
21579,-1.26,-0.13,-0.05,-0.18,-0.21,0.04
21580,-1.36,-0.13,-0.05,0.03,-0.21,-0.07
21581,-1.36,-0.02,-0.16,-0.08,-0.11,-0.17
21582,-1.36,-0.13,-0.05,-0.08,-0.11,0.04
21583,-1.36,-0.13,-0.05,-0.08,-0.21,-0.17
21584,-1.26,-0.02,-0.05,-0.18,-0.21,-0.07
21585,-1.36,-0.13,-0.05,-0.08,-0.11,0.04
21586,-1.26,-0.13,-0.16,-0.08,-0.21,0.04
21587,-1.26,-0.02,-0.16,0.03,-0.11,-0.07
21588,-1.26,-0.13,-0.16,0.03,-0.21,-0.28
21589,-1.26,-0.02,-0.05,-0.08,-0.11,-0.07
21590,-1.26,-0.13,-0.05,-0.08,-0.11,-0.07
21591,-1.36,-0.13,-0.05,-0.08,-0.21,-0.07
21592,-1.26,-0.02,-0.05,-0.08,-0.21,-0.07
21593,-1.36,-0.02,-0.16,-0.08,-0.21,-0.07
21594,-1.26,-0.13,-0.05,0.03,-0.21,-0.17
21595,-1.26,-0.13,-0.05,-0.08,-0.11,-0.17
21596,-1.26,-0.02,-0.05,0.03,-0.11,-0.17
21597,-1.26,-0.02,-0.05,0.03,-0.11,-0.17
21598,-1.36,-0.02,-0.05,0.03,-0.11,-0.07
21599,-1.26,-0.02,-0.05,-0.08,-0.00,-0.07
21600,-1.26,-0.13,-0.16,0.03,-0.11,-0.07
21601,-1.36,-0.13,-0.16,-0.08,-0.21,-0.07
21602,-1.36,-0.13,-0.16,0.03,-0.11,-0.07
21603,-1.26,-0.23,-0.05,-0.08,-0.21,-0.17
21604,-1.26,-0.13,-0.05,-0.08,-0.21,-0.07
21605,-1.36,-0.02,-0.05,-0.08,-0.11,-0.17
21606,-1.26,-0.13,-0.05,-0.08,-0.11,-0.17
21607,-1.16,-0.13,-0.05,0.03,-0.11,-0.07
21608,-1.26,-0.13,-0.05,-0.08,-0.00,-0.17
21609,-1.36,-0.02,-0.05,-0.08,-0.11,-0.07
21610,-1.36,-0.13,-0.16,0.03,-0.11,-0.07
21611,-1.26,-0.02,-0.05,-0.18,-0.21,-0.07
21612,-1.26,-0.13,-0.05,0.03,-0.21,-0.07
21613,-1.36,-0.13,-0.05,0.03,-0.11,-0.07
21614,-1.26,-0.02,-0.16,0.03,-0.11,0.04
21615,-1.36,-0.02,-0.05,0.03,-0.11,-0.07
21616,-1.36,-0.13,-0.05,0.03,-0.11,-0.07
21617,-1.26,-0.02,-0.05,-0.18,-0.11,-0.07
21618,-1.36,-0.13,-0.05,-0.18,-0.11,-0.17
21619,-1.26,-0.13,-0.05,-0.18,-0.21,-0.17
21620,-1.36,-0.02,-0.05,0.03,-0.11,-0.28
21621,-1.36,-0.13,-0.16,-0.18,-0.00,-0.07
21622,-1.26,-0.02,-0.05,-0.08,-0.11,-0.17
21623,-1.16,-0.13,-0.16,-0.08,-0.21,-0.17
21624,-1.26,-0.02,-0.05,0.03,-0.00,-0.17
21625,-1.26,-0.02,-0.05,-0.08,-0.11,-0.07
21626,-1.47,-0.13,-0.05,0.03,-0.21,-0.07
21627,-1.36,-0.13,-0.16,-0.08,-0.11,-0.07
21628,-1.26,-0.02,-0.05,0.03,-0.21,-0.07
21629,-1.36,-0.13,-0.05,-0.08,-0.11,-0.17
21630,-1.26,-0.13,-0.05,-0.08,-0.11,-0.17
21631,-1.26,-0.02,-0.05,0.03,-0.11,-0.07
21632,-1.36,-0.02,-0.05,-0.08,-0.11,-0.07
21633,-1.36,-0.13,-0.05,0.03,-0.11,-0.17
21634,-1.36,-0.13,-0.05,-0.08,-0.11,-0.07
21635,-1.26,-0.02,-0.05,-0.08,-0.11,-0.07
21636,-1.16,-0.13,-0.05,-0.08,-0.11,-0.07
21637,-1.26,-0.13,-0.05,-0.08,-0.00,-0.28
21638,-1.26,-0.13,-0.05,0.03,-0.11,-0.07
21639,-1.16,-0.13,-0.05,-0.08,-0.21,-0.07
21640,-1.26,-0.13,-0.05,0.03,-0.21,-0.17
21641,-1.36,-0.13,-0.05,-0.08,-0.11,-0.07
21642,-1.36,-0.13,-0.05,-0.08,-0.11,0.04
21643,-1.36,-0.02,-0.05,0.03,-0.11,-0.17
21644,-1.26,-0.02,-0.16,0.03,-0.11,-0.07
21645,-1.26,-0.02,-0.05,0.03,-0.21,-0.17
21646,-1.36,-0.02,-0.05,-0.08,-0.11,-0.07
21647,-1.26,-0.13,-0.05,-0.08,-0.11,-0.07
21648,-1.26,-0.13,-0.05,-0.08,-0.11,-0.07
21649,-1.36,-0.13,-0.05,-0.08,-0.21,-0.17
21650,-1.26,-0.02,-0.05,-0.08,-0.11,-0.17
21651,-1.36,-0.02,-0.05,-0.18,-0.11,-0.07
21652,-1.36,-0.02,-0.05,0.03,-0.11,-0.17
21653,-1.26,0.08,-0.05,0.03,-0.21,-0.17
21654,-1.26,-0.02,-0.05,-0.08,-0.11,-0.17
21655,-1.26,-0.02,-0.05,-0.08,-0.11,-0.17
21656,-1.26,-0.02,-0.05,0.03,-0.00,-0.07
21657,-1.26,-0.13,-0.16,0.03,-0.11,-0.17
21658,-1.26,-0.23,-0.05,0.03,-0.21,-0.17
21659,-1.26,-0.13,-0.16,0.03,-0.11,-0.17
21660,-1.16,-0.13,-0.05,-0.08,-0.21,-0.07
21661,-1.26,-0.02,-0.05,0.03,-0.11,-0.28
21662,-1.26,-0.02,-0.05,-0.08,-0.21,-0.17
21663,-1.26,-0.13,-0.05,-0.08,-0.11,-0.07
21664,-1.36,-0.13,-0.16,-0.08,-0.21,-0.28
21665,-1.36,-0.13,-0.05,0.03,-0.11,-0.07
21666,-1.26,0.08,-0.05,0.03,-0.21,-0.07
21667,-1.26,-0.02,-0.05,-0.08,-0.21,-0.07
21668,-1.26,-0.13,-0.05,-0.08,-0.21,-0.07
21669,-1.26,-0.13,-0.05,0.03,-0.11,-0.07
21670,-1.26,-0.13,-0.05,0.03,-0.11,-0.07
21671,-1.26,-0.02,-0.05,-0.08,-0.11,-0.07
21672,-1.26,-0.13,-0.05,0.03,-0.11,-0.17
21673,-1.26,-0.13,-0.05,-0.08,-0.21,-0.17
21674,-1.26,0.08,-0.16,-0.08,-0.11,-0.17
21675,-1.26,-0.13,-0.05,0.03,-0.11,-0.07
21676,-1.26,-0.13,-0.05,-0.18,-0.11,-0.07
21677,-1.16,-0.13,-0.05,-0.08,-0.21,-0.07
21678,-1.26,-0.13,-0.05,-0.08,-0.11,-0.17
21679,-1.26,-0.13,-0.05,-0.08,-0.11,-0.07
21680,-1.26,-0.13,-0.05,-0.08,-0.11,-0.28
21681,-1.26,-0.02,-0.05,-0.08,-0.21,-0.17
21682,-1.26,-0.02,-0.05,-0.08,-0.11,-0.17
21683,-1.26,-0.13,-0.05,-0.08,-0.11,-0.17
21684,-1.36,-0.13,-0.05,0.03,-0.11,-0.07
21685,-1.36,-0.13,-0.05,0.03,-0.21,-0.07
21686,-1.26,-0.02,-0.05,0.03,-0.11,-0.28
21687,-1.47,-0.13,-0.05,0.03,-0.11,0.04
21688,-1.26,-0.02,-0.05,-0.08,-0.11,-0.07
21689,-1.36,-0.02,-0.05,-0.08,-0.00,-0.17
21690,-1.26,-0.13,-0.05,-0.08,-0.11,-0.07
21691,-1.36,-0.13,-0.05,-0.08,-0.00,-0.07
21692,-1.26,-0.13,-0.05,0.03,-0.11,-0.17
21693,-1.26,-0.13,-0.05,-0.08,-0.11,-0.07
21694,-1.26,0.08,-0.05,-0.08,-0.21,-0.17
21695,-1.26,-0.02,-0.05,-0.08,-0.21,-0.17
21696,-1.26,-0.13,-0.05,0.03,-0.11,-0.07
21697,-1.26,-0.23,-0.05,0.03,-0.21,-0.17
21698,-1.26,-0.13,-0.16,-0.08,-0.11,-0.07
21699,-1.26,-0.13,-0.16,-0.08,-0.11,-0.07
21700,-1.26,-0.02,-0.05,-0.18,-0.21,-0.07
21701,-1.26,-0.02,-0.16,-0.08,-0.11,-0.07
21702,-1.36,-0.02,-0.05,-0.18,-0.11,-0.17
21703,-1.36,-0.02,-0.05,-0.08,-0.21,-0.07
21704,-1.26,-0.02,-0.05,0.03,-0.11,-0.07
21705,-1.36,-0.02,-0.05,0.03,-0.11,-0.07
21706,-1.36,-0.02,-0.05,0.03,-0.21,0.04
21707,-1.26,-0.13,-0.16,-0.08,-0.11,-0.07
21708,-1.36,-0.13,-0.05,-0.08,-0.11,-0.17
21709,-1.26,-0.02,-0.05,-0.08,-0.11,-0.17
21710,-1.36,-0.02,-0.05,-0.08,-0.11,-0.17
21711,-1.26,-0.13,-0.16,-0.08,-0.11,-0.07
21712,-1.36,-0.02,-0.05,-0.08,-0.21,-0.07
21713,-1.26,-0.13,-0.05,-0.08,-0.11,-0.07
21714,-1.26,-0.02,-0.05,0.13,-0.21,-0.17
21715,-1.26,-0.02,-0.05,0.03,-0.21,-0.17
21887,-1.36,-0.02,-0.16,-0.08,-0.11,-0.17
21888,-1.26,-0.02,-0.05,-0.08,-0.21,-0.17
21889,-1.26,-0.13,-0.05,-0.18,0.10,-0.07
21890,-1.26,-0.13,-0.16,-0.08,-0.11,-0.07
21891,-1.26,-0.13,-0.16,0.03,-0.00,-0.17
21892,-1.26,-0.13,-0.16,0.03,-0.00,-0.28
21893,-1.26,-0.02,-0.05,-0.08,-0.11,-0.07
21894,-1.36,-0.13,-0.05,0.03,-0.11,-0.07
21895,-1.36,-0.13,-0.05,0.03,-0.21,0.04
21896,-1.26,-0.02,-0.16,0.03,-0.21,-0.17
21897,-1.26,-0.02,-0.16,-0.08,-0.11,-0.17
21898,-1.26,-0.02,-0.16,-0.08,-0.11,-0.17
21899,-1.36,-0.02,-0.16,0.03,-0.11,-0.17
21900,-1.26,-0.02,-0.05,0.03,-0.11,-0.17
21901,-1.36,-0.02,-0.05,0.03,-0.21,-0.17
21902,-1.26,-0.13,-0.05,0.03,-0.11,-0.07
21903,-1.26,-0.13,-0.05,-0.08,-0.11,-0.07
21904,-1.26,-0.02,-0.16,0.03,-0.11,-0.17
21905,-1.26,-0.13,-0.16,0.03,-0.11,-0.17
21906,-1.26,-0.13,-0.05,0.03,-0.00,-0.07
21907,-1.26,-0.13,-0.16,-0.18,-0.11,-0.07
21908,-1.36,-0.02,0.05,-0.08,-0.11,-0.07
21909,-1.26,-0.02,-0.05,-0.08,-0.11,-0.17
21910,-1.36,-0.13,-0.05,-0.08,-0.11,-0.17
21911,-1.16,-0.02,-0.05,0.03,-0.11,-0.07
21912,-1.36,-0.13,-0.05,-0.08,-0.21,-0.07
21913,-1.26,-0.13,-0.05,-0.08,-0.21,-0.17
21914,-1.47,-0.13,-0.05,-0.08,-0.11,-0.07
21915,-1.26,-0.02,-0.05,0.03,-0.11,-0.07
21916,-1.26,-0.02,-0.05,0.03,-0.21,-0.17
21917,-1.36,-0.02,-0.05,0.03,-0.11,-0.17
21918,-1.26,-0.02,-0.16,0.03,-0.11,-0.07
21919,-1.26,-0.02,-0.05,-0.18,-0.21,-0.07
21920,-1.26,-0.02,-0.05,0.03,-0.31,-0.07
21921,-1.36,-0.02,-0.05,0.03,-0.11,-0.17
21922,-1.26,-0.02,-0.05,0.03,-0.11,-0.17
21923,-1.36,-0.13,-0.05,0.03,-0.11,-0.07
21924,-1.26,-0.13,-0.05,0.03,-0.11,-0.07
21925,-1.26,-0.13,-0.05,-0.18,-0.11,-0.17
21926,-1.36,-0.13,-0.16,-0.08,-0.21,-0.07
21927,-1.26,-0.02,-0.05,-0.08,-0.21,-0.28
21928,-1.26,-0.13,-0.05,-0.08,-0.11,-0.17
21929,-1.26,-0.02,-0.05,0.03,-0.11,-0.17
21930,-1.26,-0.13,-0.16,-0.08,-0.21,-0.17
21931,-1.36,-0.13,-0.05,-0.08,-0.11,-0.17
21932,-1.26,-0.13,-0.05,0.03,-0.11,-0.07
21933,-1.26,-0.13,-0.05,-0.18,-0.11,-0.17
21934,-1.26,-0.13,-0.05,-0.08,-0.11,-0.07
21935,-1.26,-0.02,-0.05,0.03,-0.11,-0.17
21936,-1.26,-0.02,-0.05,-0.18,-0.21,-0.17
21937,-1.26,-0.02,-0.05,-0.08,-0.21,-0.07
21938,-1.26,-0.02,-0.05,0.03,-0.11,-0.07
21939,-1.26,-0.13,-0.16,0.03,-0.11,-0.07
21940,-1.36,-0.02,-0.16,-0.08,-0.11,-0.17
21941,-1.36,-0.02,-0.05,-0.08,-0.21,-0.07
21942,-1.26,-0.02,-0.05,0.03,-0.21,-0.17
21943,-1.26,-0.02,-0.16,-0.08,-0.11,-0.07
21944,-1.36,-0.13,-0.16,-0.08,-0.00,-0.07
21945,-1.36,-0.13,-0.16,-0.18,-0.00,-0.07
21946,-1.26,-0.02,-0.05,-0.08,-0.11,-0.07
21947,-1.26,-0.13,-0.16,-0.08,-0.00,-0.07
21948,-1.26,-0.02,-0.05,0.03,-0.11,-0.17
21949,-1.26,-0.02,-0.05,0.03,-0.11,-0.07
21950,-1.26,-0.02,-0.16,-0.08,-0.00,-0.17
21951,-1.26,-0.13,-0.05,0.03,-0.11,-0.17
21952,-1.26,-0.02,-0.05,0.03,-0.11,-0.07
21953,-1.36,-0.13,-0.05,-0.08,-0.11,-0.17
21954,-1.36,-0.13,-0.16,-0.08,-0.21,-0.07
21955,-1.26,-0.02,-0.16,-0.08,-0.21,-0.07
21956,-1.36,-0.13,-0.05,-0.08,-0.11,-0.17
21957,-1.26,-0.13,-0.05,-0.08,-0.21,-0.17
21958,-1.26,-0.13,-0.05,-0.08,-0.11,-0.17
21959,-1.26,-0.13,-0.05,-0.18,-0.21,-0.17
21960,-1.26,-0.13,-0.05,-0.08,-0.11,-0.17
21961,-1.36,-0.13,-0.05,0.03,-0.11,-0.17
21962,-1.26,-0.13,-0.05,-0.18,-0.11,-0.07
21963,-1.26,-0.13,-0.05,0.03,-0.21,-0.17
21964,-1.36,-0.13,-0.05,-0.08,-0.00,-0.07
21965,-1.36,-0.02,-0.05,-0.08,-0.21,-0.07
21966,-1.36,-0.02,-0.16,-0.08,-0.11,0.04
21967,-1.36,-0.13,-0.05,0.03,-0.21,-0.07
21968,-1.36,-0.02,-0.16,-0.08,-0.11,-0.17
21969,-1.36,-0.02,-0.05,-0.08,-0.11,-0.07
21970,-1.36,-0.13,-0.05,-0.08,-0.11,0.04
21971,-1.26,-0.13,-0.05,-0.08,-0.00,-0.07
21972,-1.26,-0.13,-0.05,0.03,-0.11,-0.17
21973,-1.26,-0.13,-0.16,-0.08,-0.11,-0.07
21974,-1.16,-0.13,-0.05,0.03,-0.00,-0.07
21975,-1.26,-0.02,-0.05,0.03,-0.11,-0.17
21976,-1.26,-0.02,-0.05,0.03,-0.21,-0.07
21977,-1.36,-0.02,-0.05,0.03,-0.11,-0.07
21978,-1.26,-0.02,-0.16,-0.08,-0.21,0.04
21979,-1.26,-0.02,-0.16,-0.08,-0.21,-0.17
21980,-1.36,-0.02,-0.05,-0.08,-0.21,-0.17
21981,-1.36,-0.13,-0.16,0.03,-0.11,-0.07
21982,-1.26,-0.02,-0.16,-0.08,-0.00,-0.07
21983,-1.26,-0.02,-0.05,-0.08,-0.00,-0.17
21984,-1.16,-0.02,-0.05,-0.08,-0.21,-0.17
21985,-1.26,-0.13,-0.16,0.03,-0.11,-0.07
21986,-1.36,-0.02,-0.05,-0.08,-0.00,0.04
21987,-1.26,-0.13,-0.05,-0.08,-0.11,-0.07
21988,-1.36,-0.02,-0.05,0.03,-0.11,-0.07
21989,-1.36,-0.13,-0.05,0.03,-0.21,-0.07
21990,-1.26,-0.13,-0.16,-0.08,-0.11,-0.07
21991,-1.36,-0.13,-0.05,-0.08,-0.11,-0.17
21992,-1.36,-0.02,-0.16,0.03,-0.21,-0.07
21993,-1.36,-0.02,-0.05,-0.08,-0.11,-0.17
21994,-1.26,-0.13,-0.05,0.03,-0.11,-0.17
21995,-1.26,-0.13,-0.05,-0.08,-0.11,-0.28
21996,-1.36,-0.13,-0.05,-0.18,-0.11,-0.07
21997,-1.36,-0.13,-0.05,0.03,-0.21,-0.07
21998,-1.26,-0.13,-0.05,-0.08,-0.11,-0.17
21999,-1.36,-0.13,-0.05,0.13,-0.11,-0.17
22000,-1.26,-0.02,-0.05,-0.08,-0.11,-0.07
22001,-1.26,-0.02,-0.16,-0.18,-0.11,-0.07
22002,-1.26,-0.02,-0.05,0.03,-0.11,-0.28
22003,-1.26,-0.02,-0.16,0.03,-0.11,-0.07
22004,-1.26,-0.02,-0.05,0.03,-0.21,-0.17
22005,-1.26,-0.13,-0.05,-0.08,-0.21,-0.07
22006,-1.36,-0.13,-0.16,-0.08,-0.21,-0.07
22007,-1.26,-0.13,-0.05,0.03,-0.21,-0.07
22008,-1.26,-0.13,-0.05,0.03,-0.21,-0.07
22009,-1.26,-0.13,-0.16,0.03,-0.00,-0.07
22010,-1.26,-0.13,-0.05,-0.08,-0.11,-0.07
22011,-1.26,-0.13,-0.05,-0.08,-0.11,-0.17
22012,-1.26,-0.02,-0.05,-0.08,-0.11,-0.17
22013,-1.26,-0.13,-0.05,0.03,-0.21,-0.07
22014,-1.26,-0.13,-0.05,0.03,-0.11,-0.17
22015,-1.47,-0.02,-0.16,-0.08,-0.21,-0.17
22016,-1.26,-0.02,-0.05,0.03,-0.21,-0.17
22017,-1.26,-0.02,-0.05,-0.08,-0.11,-0.07
22018,-1.16,-0.13,-0.16,-0.08,-0.11,-0.07
22019,-1.26,-0.13,-0.16,-0.08,-0.00,-0.17
22020,-1.26,-0.13,-0.05,-0.08,-0.11,-0.07
22021,-1.16,-0.02,-0.05,0.03,-0.11,-0.17
22022,-1.16,-0.13,-0.05,0.03,-0.21,-0.07
22023,-1.26,-0.23,-0.05,0.03,-0.11,0.04
22024,-1.26,-0.13,-0.05,-0.28,-0.21,-0.07
22025,-1.26,-0.13,-0.05,-0.08,-0.11,-0.17
22026,-1.16,-0.13,-0.05,0.03,-0.11,-0.17
22027,-1.26,-0.02,-0.16,-0.08,-0.11,-0.07
22028,-1.26,-0.02,-0.16,-0.08,-0.11,-0.07
22029,-1.26,-0.02,-0.05,0.03,-0.11,-0.17
22030,-1.16,-0.13,-0.05,0.03,-0.21,-0.17
22031,-1.26,-0.02,-0.05,0.03,-0.00,-0.17
22032,-1.26,-0.13,-0.05,0.03,-0.11,-0.07
22033,-1.26,-0.13,-0.05,-0.08,-0.21,-0.17
22034,-1.26,-0.02,-0.05,-0.08,-0.21,-0.17
22035,-1.16,-0.02,-0.05,-0.08,-0.21,-0.17
22036,-1.26,-0.02,-0.16,-0.08,-0.21,0.04
22037,-1.26,-0.13,-0.05,-0.08,-0.00,-0.07
22038,-1.36,-0.02,-0.05,-0.08,-0.11,-0.17
22039,-1.26,-0.13,-0.05,-0.18,-0.11,-0.17
22040,-1.26,-0.13,-0.05,-0.08,-0.21,-0.17
22041,-1.47,-0.02,-0.16,0.13,-0.11,-0.07
22042,-1.26,-0.13,-0.05,-0.08,-0.00,-0.07
22043,-1.26,-0.02,-0.16,-0.08,-0.21,-0.17
22044,-1.26,-0.02,-0.16,-0.08,-0.11,-0.07
22045,-1.36,-0.02,-0.05,0.03,-0.21,-0.17
22046,-1.36,-0.02,-0.16,-0.08,-0.11,-0.07
22047,-1.36,-0.13,0.05,0.03,-0.21,-0.17
22048,-1.36,-0.13,-0.16,0.03,-0.11,-0.07
22049,-1.36,-0.13,-0.05,-0.08,-0.21,-0.17
22050,-1.26,-0.02,-0.05,-0.18,-0.11,-0.17
22051,-1.36,-0.13,-0.05,0.03,-0.11,0.04
22052,-1.47,-0.13,-0.16,0.03,-0.11,-0.07
22053,-1.16,-0.02,-0.05,-0.08,-0.11,-0.07
22054,-1.26,-0.02,-0.16,0.13,-0.21,-0.07
22055,-1.26,-0.02,-0.16,0.03,-0.11,-0.17
22056,-1.26,-0.13,-0.05,-0.08,-0.11,-0.28
22057,-1.26,-0.02,-0.16,0.03,-0.21,0.04
22058,-1.36,-0.02,-0.05,-0.08,-0.11,-0.07
22059,-1.36,-0.13,-0.16,0.03,-0.00,-0.07
22060,-1.26,-0.02,-0.05,-0.08,-0.11,-0.07
22061,-1.26,-0.02,-0.05,0.03,-0.11,-0.07
22062,-1.26,-0.02,-0.05,0.03,-0.21,-0.07
22063,-1.26,-0.13,-0.16,-0.08,-0.00,0.04
22064,-1.26,-0.13,-0.16,-0.08,-0.11,-0.07
22065,-1.26,-0.13,-0.05,-0.08,-0.11,-0.07
22066,-1.26,-0.13,-0.16,0.03,-0.00,-0.17
22067,-1.26,-0.13,-0.05,0.03,-0.11,-0.17
22068,-1.36,-0.02,-0.05,0.03,-0.21,-0.07
22069,-1.26,-0.13,-0.05,-0.18,-0.11,-0.07
22070,-1.36,0.08,-0.05,0.03,-0.21,-0.17
22071,-1.26,-0.02,-0.16,-0.08,-0.21,-0.07
22072,-1.26,-0.02,-0.16,-0.08,-0.31,-0.17
22073,-1.16,-0.13,-0.16,0.03,-0.11,-0.07
22074,-1.26,-0.02,-0.05,-0.08,-0.21,-0.28
22075,-1.16,-0.02,-0.05,0.03,-0.21,0.04
22076,-1.36,-0.02,-0.05,-0.08,-0.21,-0.07
22077,-1.26,-0.02,-0.16,0.03,-0.21,-0.17
22078,-1.26,-0.02,-0.05,0.03,-0.11,-0.07
22079,-1.36,-0.13,-0.05,-0.08,-0.11,-0.07
22080,-1.26,-0.02,-0.16,0.03,-0.11,-0.07
22081,-1.16,-0.02,-0.05,0.13,-0.11,-0.28
22082,-1.26,-0.13,-0.16,-0.08,-0.11,-0.17
22083,-1.26,-0.02,-0.16,-0.08,-0.11,0.04
22084,-1.36,-0.02,-0.05,0.03,-0.11,-0.17
22085,-1.26,-0.13,-0.05,0.03,-0.21,-0.07
22086,-1.16,-0.13,-0.05,0.03,-0.11,-0.17
22087,-1.26,-0.13,-0.16,-0.08,-0.00,-0.28
22088,-1.26,-0.02,-0.05,0.03,-0.21,-0.28
22089,-1.36,-0.13,-0.16,0.03,-0.00,-0.17
22090,-1.26,-0.13,-0.05,-0.08,-0.21,-0.07
22091,-1.26,-0.13,-0.05,-0.08,-0.21,-0.07
22092,-1.26,-0.02,-0.16,0.03,-0.00,-0.17
22093,-1.26,-0.02,-0.05,-0.08,-0.11,-0.17
22094,-1.26,-0.02,-0.16,-0.08,-0.00,-0.07
22095,-1.16,-0.23,-0.05,-0.18,-0.11,-0.07
22096,-1.26,-0.02,-0.05,-0.08,-0.00,-0.07
22097,-1.36,-0.13,-0.16,0.03,-0.11,-0.17
22098,-1.36,-0.13,-0.16,-0.08,-0.11,-0.17
22099,-1.26,-0.13,-0.05,-0.08,-0.11,-0.17
22100,-1.26,-0.02,-0.05,-0.18,-0.11,-0.17
22101,-1.47,-0.02,-0.05,-0.08,-0.11,-0.07
22102,-1.36,-0.13,-0.16,-0.08,-0.21,-0.17
22103,-1.26,-0.02,-0.05,-0.08,-0.00,-0.07
22104,-1.36,-0.02,-0.16,-0.08,-0.11,-0.17
22105,-1.36,-0.13,-0.05,0.03,-0.00,0.04
22106,-1.16,-0.13,-0.16,0.03,-0.11,0.04
22107,-1.26,-0.02,-0.05,0.13,-0.11,-0.17
22108,-1.26,-0.13,-0.05,-0.08,-0.11,-0.17
22109,-1.26,-0.02,-0.05,0.03,-0.11,-0.07
22110,-1.36,-0.02,-0.05,0.03,-0.21,-0.17
22111,-1.16,-0.02,-0.05,-0.18,-0.21,-0.17
22112,-1.26,-0.13,-0.16,0.03,-0.00,0.04
22113,-1.26,-0.02,-0.05,-0.08,-0.11,-0.07
22114,-1.26,-0.02,-0.05,-0.08,-0.11,-0.17
22115,-1.36,-0.02,-0.05,-0.08,-0.11,-0.28
22116,-1.26,-0.02,-0.05,-0.08,-0.21,0.04
22117,-1.36,-0.02,-0.05,0.03,-0.11,-0.17
22118,-1.26,-0.02,-0.05,-0.08,0.10,-0.07
22119,-1.16,-0.13,-0.05,0.03,-0.11,-0.07
22120,-1.26,-0.13,-0.16,-0.18,-0.11,-0.07
22121,-1.26,-0.02,-0.16,-0.08,-0.11,-0.07
22122,-1.36,-0.13,-0.05,-0.08,-0.11,-0.17
22123,-1.26,-0.02,-0.16,-0.18,-0.11,-0.07
22124,-1.26,-0.02,-0.05,-0.08,-0.11,-0.07
22125,-1.36,-0.02,-0.16,-0.08,-0.11,-0.17
22126,-1.26,-0.02,-0.05,-0.08,-0.11,-0.07
22127,-1.26,-0.13,-0.05,-0.08,-0.11,-0.17
22128,-1.26,-0.02,-0.05,0.03,-0.21,-0.28
22129,-1.36,-0.13,-0.05,0.03,-0.11,0.04
22130,-1.26,-0.13,-0.05,-0.08,-0.11,-0.17
22131,-1.16,-0.02,-0.05,0.03,-0.21,-0.07
22132,-1.36,-0.13,-0.05,0.03,-0.21,-0.07
22133,-1.36,-0.13,-0.16,-0.08,-0.11,-0.07
22134,-1.26,-0.13,-0.05,0.03,-0.11,-0.17
22135,-1.26,-0.13,-0.05,0.03,-0.21,-0.07
22136,-1.26,-0.02,-0.16,-0.18,-0.21,-0.17
22137,-1.26,-0.13,-0.05,0.03,-0.11,-0.07
22138,-1.26,-0.02,-0.16,0.03,-0.21,-0.07
22139,-1.26,-0.02,-0.16,0.03,-0.11,-0.07
22140,-1.26,-0.13,-0.05,0.03,-0.21,-0.17
22141,-1.26,-0.13,-0.05,-0.08,-0.11,-0.17
22142,-1.26,-0.02,-0.05,-0.08,-0.21,-0.07
22143,-1.36,-0.13,-0.16,0.03,-0.11,-0.07
22144,-1.26,-0.02,-0.16,0.03,-0.11,-0.28
22145,-1.36,-0.13,-0.05,-0.08,-0.11,-0.17
22146,-1.36,-0.13,-0.05,-0.08,-0.11,-0.07
22147,-1.36,0.08,-0.05,0.03,-0.00,0.04
22148,-1.26,-0.13,-0.05,-0.08,-0.11,0.04
22149,-1.36,-0.02,-0.16,0.03,-0.11,-0.07
22150,-1.26,-0.02,-0.05,0.03,-0.11,-0.17
22151,-1.26,-0.13,-0.05,-0.08,-0.00,-0.17
22152,-1.26,-0.02,-0.05,0.03,-0.11,-0.17
22153,-1.26,-0.02,-0.16,0.03,-0.00,-0.28
22154,-1.36,-0.13,-0.05,-0.08,-0.11,-0.17
22155,-1.36,-0.02,-0.05,-0.08,-0.21,-0.07
22156,-1.26,-0.13,-0.05,-0.08,-0.21,-0.07
22157,-1.16,-0.13,-0.05,-0.08,-0.11,-0.17
22158,-1.36,-0.13,-0.16,0.03,-0.11,-0.07
22159,-1.47,-0.13,-0.16,0.03,-0.21,-0.17
22160,-1.36,-0.02,-0.05,0.03,-0.21,-0.07
22161,-1.26,-0.02,-0.05,0.03,-0.21,-0.07
22162,-1.26,-0.13,-0.16,0.03,-0.11,-0.07
22163,-1.26,-0.13,-0.05,0.03,-0.21,-0.07
22164,-1.36,-0.02,-0.05,-0.08,-0.21,-0.07
22165,-1.26,-0.02,-0.05,0.03,-0.21,-0.07
22166,-1.26,-0.02,-0.05,-0.08,-0.11,-0.07
22167,-1.36,-0.02,-0.16,-0.18,-0.11,-0.07
22168,-1.26,-0.13,-0.16,-0.08,-0.11,-0.07
22169,-1.26,-0.02,-0.05,-0.08,-0.11,-0.17
22170,-1.26,-0.02,-0.05,-0.08,-0.11,-0.07
22171,-1.26,-0.02,-0.16,-0.08,-0.11,-0.07
22172,-1.16,-0.13,-0.05,-0.08,-0.21,-0.07
22173,-1.26,-0.02,-0.16,-0.18,-0.00,-0.07
22174,-1.26,-0.13,-0.05,0.03,-0.11,-0.17
22175,-1.26,-0.13,-0.16,0.03,-0.00,-0.17
22176,-1.26,-0.13,-0.05,-0.08,-0.11,-0.07
22177,-1.26,-0.13,-0.05,-0.08,-0.11,-0.07
22178,-1.36,-0.13,-0.05,0.03,-0.11,-0.07
22179,-1.26,-0.13,-0.05,-0.08,-0.21,-0.17
22180,-1.26,-0.02,-0.05,0.03,-0.21,-0.17
22181,-1.26,-0.13,-0.05,-0.08,-0.21,-0.17
22182,-1.36,-0.02,-0.05,-0.08,-0.21,-0.07
22183,-1.26,-0.13,-0.05,0.03,-0.21,-0.17
22184,-1.36,-0.02,-0.05,0.03,-0.21,-0.17
22185,-1.26,-0.02,-0.16,0.03,-0.21,-0.17
22186,-1.26,-0.13,-0.16,-0.08,-0.00,-0.17
22187,-1.26,-0.13,-0.16,-0.18,-0.11,-0.07
22188,-1.26,-0.02,-0.05,0.03,-0.11,-0.07
22189,-1.26,-0.02,-0.05,-0.08,-0.00,-0.17
22190,-1.26,-0.02,-0.05,-0.08,-0.21,-0.07
22191,-1.26,-0.13,-0.05,-0.08,-0.11,0.04
22192,-1.26,-0.13,-0.16,0.03,-0.00,-0.17
22193,-1.26,-0.13,-0.16,-0.08,-0.11,-0.17
22194,-1.26,-0.13,-0.16,0.03,-0.11,-0.07
22195,-1.26,-0.13,-0.05,-0.08,-0.00,0.04
22196,-1.36,-0.02,-0.05,0.03,-0.21,-0.07
22197,-1.26,-0.02,-0.05,-0.18,-0.21,-0.17
22198,-1.36,-0.02,-0.16,-0.08,-0.21,-0.17
22199,-1.36,-0.13,-0.05,0.03,-0.00,-0.17
22200,-1.26,-0.13,-0.05,-0.18,-0.11,-0.07
22319,-1.16,0.29,-0.05,-0.39,-0.31,-0.17
22319,-1.26,-0.02,-0.26,0.44,0.41,0.24
22320,-1.26,-0.02,-0.05,-0.08,-0.11,-0.17
22321,-1.26,-0.13,-0.16,-0.08,-0.21,-0.07
22322,-1.36,-0.02,-0.05,-0.08,-0.11,-0.07
22323,-1.26,-0.02,-0.05,0.03,-0.11,-0.07
22324,-1.26,-0.13,-0.16,0.03,-0.11,-0.17
22325,-1.26,-0.13,-0.05,0.03,-0.11,-0.17
22326,-1.36,-0.02,-0.05,0.03,-0.11,-0.17
22327,-1.26,-0.13,-0.05,-0.08,-0.00,-0.07
22328,-1.36,-0.13,-0.16,0.03,-0.11,-0.17
22329,-1.36,-0.02,-0.05,-0.08,-0.11,-0.17
22330,-1.26,-0.13,-0.05,0.03,-0.11,-0.07
22331,-1.26,-0.02,-0.16,0.03,-0.21,-0.17
22332,-1.36,-0.13,-0.05,0.03,-0.11,-0.07
22333,-1.26,-0.02,-0.05,-0.08,-0.00,-0.17
22334,-1.26,-0.13,-0.05,0.03,-0.21,-0.17
22335,-1.26,-0.02,-0.05,-0.08,-0.21,0.04
22336,-1.36,-0.02,-0.16,-0.08,-0.21,-0.07
22337,-1.16,-0.13,-0.16,-0.08,-0.11,0.04
22338,-1.26,-0.13,-0.05,-0.08,-0.21,-0.17
22339,-1.26,-0.13,-0.05,-0.08,-0.11,-0.07
22340,-1.26,-0.13,-0.05,-0.08,-0.11,0.04
22341,-1.26,-0.13,-0.05,-0.08,-0.11,-0.07
22342,-1.26,-0.02,-0.05,-0.08,-0.11,-0.17
22343,-1.26,-0.13,-0.05,-0.08,-0.21,-0.07
22344,-1.26,-0.02,-0.05,-0.08,-0.11,-0.17
22345,-1.26,-0.13,-0.05,0.03,-0.11,-0.17
22346,-1.16,-0.13,-0.05,-0.08,-0.11,-0.07
22347,-1.26,-0.13,-0.05,0.03,-0.00,-0.17
22348,-1.26,-0.13,-0.16,0.03,-0.11,-0.07
22349,-1.36,-0.02,-0.16,0.03,-0.11,-0.28
22350,-1.36,-0.13,-0.16,-0.08,-0.11,-0.17
22351,-1.26,-0.13,-0.05,-0.08,-0.21,-0.17
22352,-1.26,-0.02,-0.05,0.03,-0.21,-0.17
22353,-1.26,-0.13,-0.16,-0.08,-0.11,-0.17
22354,-1.36,-0.02,-0.16,-0.08,-0.11,-0.07
22355,-1.36,-0.13,-0.16,-0.08,-0.00,-0.17
22356,-1.36,-0.02,-0.05,-0.08,-0.11,-0.07
22357,-1.26,-0.02,-0.05,-0.18,-0.21,0.04
22358,-1.26,-0.02,-0.05,-0.18,-0.11,-0.07
22359,-1.26,-0.13,-0.05,-0.08,-0.11,-0.07
22360,-1.26,-0.13,-0.05,0.03,-0.11,-0.28
22361,-1.26,-0.13,-0.05,-0.08,-0.11,-0.17
22362,-1.26,-0.13,-0.05,0.03,-0.21,-0.07
22363,-1.36,-0.02,-0.16,0.03,-0.21,-0.17
22364,-1.26,-0.13,-0.05,0.13,-0.11,-0.17
22365,-1.36,-0.02,-0.05,-0.08,-0.11,-0.07
22366,-1.36,-0.02,-0.05,0.03,-0.11,-0.07
22367,-1.36,-0.02,-0.05,-0.08,-0.11,-0.17
22368,-1.26,-0.02,-0.16,-0.08,-0.11,0.04
22369,-1.26,-0.02,-0.05,0.03,-0.21,-0.17
22370,-1.36,-0.13,-0.16,-0.08,-0.11,-0.17
22371,-1.36,-0.13,-0.05,0.03,-0.21,-0.17
22372,-1.36,-0.13,-0.16,-0.08,-0.21,-0.17
22373,-1.26,-0.02,-0.05,0.03,-0.11,-0.17
22374,-1.26,-0.13,-0.05,-0.08,-0.21,-0.07
22375,-1.26,-0.13,-0.05,-0.08,-0.21,-0.17
22376,-1.16,-0.13,-0.05,0.03,-0.21,-0.07
22377,-1.36,-0.02,-0.16,-0.18,-0.00,-0.07
22378,-1.26,-0.13,-0.05,-0.08,-0.21,-0.07
22379,-1.16,-0.02,-0.05,0.03,-0.11,-0.17
22380,-1.26,-0.02,-0.05,0.03,-0.21,-0.07
22381,-1.36,-0.02,-0.16,-0.08,-0.11,-0.17
22382,-1.26,-0.02,-0.05,-0.08,-0.21,-0.07
22383,-1.26,-0.02,-0.05,-0.08,-0.21,-0.17
22384,-1.36,-0.13,-0.05,0.13,-0.00,-0.07
22385,-1.26,-0.13,-0.05,-0.18,-0.00,-0.07
22386,-1.26,-0.13,-0.05,-0.08,-0.11,-0.17
22387,-1.26,-0.13,-0.05,0.03,-0.21,-0.07
22388,-1.16,-0.23,-0.05,-0.08,-0.11,-0.17
22389,-1.26,-0.13,-0.05,-0.08,-0.11,-0.07
22390,-1.26,-0.02,-0.16,-0.08,-0.11,-0.07
22391,-1.26,-0.02,-0.05,-0.08,-0.11,-0.17
22392,-1.26,-0.13,-0.16,0.03,-0.11,-0.17
22393,-1.16,-0.02,-0.05,-0.18,-0.11,-0.17
22394,-1.26,0.08,-0.05,0.03,-0.11,-0.28
22395,-1.26,-0.13,-0.05,0.03,-0.00,-0.17
22396,-1.26,-0.13,-0.16,0.03,-0.11,-0.07
22397,-1.36,-0.13,-0.05,-0.08,-0.11,-0.07
22398,-1.26,-0.13,-0.05,0.03,-0.11,-0.17
22399,-1.36,-0.13,-0.05,0.03,-0.21,-0.07
22400,-1.26,-0.13,-0.05,-0.08,-0.00,-0.17
22401,-1.36,-0.13,-0.05,0.03,-0.21,-0.07
22402,-1.26,-0.02,-0.05,-0.08,-0.21,-0.17
22403,-1.36,-0.02,-0.05,0.03,-0.11,-0.07
22404,-1.16,-0.02,-0.16,0.03,-0.31,0.04
22405,-1.26,-0.02,-0.16,-0.08,-0.21,-0.17
22406,-1.26,0.08,-0.05,-0.08,-0.21,-0.17
22407,-1.26,-0.13,-0.16,0.03,-0.11,-0.17
22408,-1.26,-0.02,-0.05,-0.08,-0.21,-0.17
22409,-1.26,-0.13,-0.05,0.03,-0.11,-0.07
22410,-1.16,-0.02,-0.05,-0.08,-0.11,-0.07
22411,-1.26,-0.13,-0.05,-0.08,-0.00,-0.28
22412,-1.26,-0.02,-0.05,0.03,-0.11,-0.17
22413,-1.16,-0.13,-0.16,-0.08,-0.00,-0.17
22414,-1.26,-0.13,-0.05,-0.08,-0.21,-0.17
22415,-1.26,-0.02,-0.16,-0.08,-0.11,-0.17
22416,-1.26,-0.13,-0.16,-0.08,-0.21,-0.28
22417,-1.36,-0.13,-0.16,0.03,-0.11,-0.07
22418,-1.36,-0.13,-0.16,-0.08,-0.11,0.04
22419,-1.26,-0.13,-0.16,-0.08,-0.21,-0.07
22420,-1.26,-0.13,-0.16,0.03,-0.11,-0.07
22421,-1.26,-0.13,-0.16,-0.08,-0.11,-0.17
22422,-1.36,-0.13,-0.05,0.03,-0.21,-0.07
22423,-1.36,-0.13,-0.05,0.03,-0.11,-0.17
22424,-1.47,-0.13,-0.05,-0.18,-0.11,-0.17
22425,-1.26,-0.13,-0.05,-0.08,-0.00,-0.17
22426,-1.36,-0.02,-0.16,-0.08,-0.21,-0.17
22427,-1.36,-0.02,-0.05,-0.08,-0.11,-0.17
22428,-1.26,-0.02,-0.05,-0.08,-0.21,-0.17
22429,-1.26,-0.13,-0.05,-0.18,-0.11,-0.17
22430,-1.26,-0.02,-0.05,0.03,-0.21,-0.17
22431,-1.26,-0.02,-0.05,-0.08,-0.11,-0.17
22432,-1.16,-0.13,-0.05,0.03,-0.21,-0.17
22433,-1.36,-0.13,-0.05,-0.08,-0.21,-0.17
22434,-1.26,-0.13,-0.05,-0.18,-0.00,-0.17
22435,-1.36,-0.13,-0.16,0.13,-0.21,-0.17
22436,-1.26,-0.13,-0.16,-0.08,-0.11,-0.17
22437,-1.26,-0.13,-0.05,-0.08,-0.11,-0.07
22438,-1.26,-0.13,-0.16,0.03,-0.11,-0.17
22439,-1.16,-0.13,-0.05,0.03,-0.00,-0.07
22440,-1.36,-0.13,-0.05,-0.08,-0.11,-0.07
22441,-1.26,-0.13,-0.16,0.03,-0.11,-0.07
22442,-1.26,-0.02,-0.16,0.03,-0.21,-0.17
22443,-1.36,-0.13,-0.16,-0.08,-0.00,-0.07
22444,-1.36,-0.02,-0.05,-0.08,-0.11,-0.17
22445,-1.26,-0.02,-0.05,-0.08,-0.11,-0.17
22446,-1.26,-0.02,-0.16,-0.08,-0.11,-0.07
22447,-1.36,-0.13,-0.05,0.03,-0.11,-0.17
22448,-1.26,-0.02,-0.05,0.03,-0.21,-0.17
22449,-1.26,-0.02,-0.05,-0.08,-0.21,-0.07
22450,-1.26,-0.13,-0.05,0.03,-0.21,-0.17
22451,-1.26,-0.02,-0.16,-0.08,-0.21,-0.07
22452,-1.26,-0.13,-0.05,-0.08,-0.11,-0.17
22453,-1.26,-0.02,-0.05,-0.18,-0.21,-0.17
22454,-1.36,0.08,-0.16,-0.08,-0.11,-0.07
22455,-1.16,-0.02,-0.05,-0.08,-0.21,-0.17
22456,-1.26,-0.02,-0.05,0.03,-0.11,0.14
22457,-1.26,-0.02,-0.05,0.03,-0.11,-0.07
22458,-1.26,-0.13,-0.05,0.03,-0.11,-0.28
22459,-1.26,-0.02,-0.16,-0.08,-0.11,-0.07
22460,-1.26,-0.02,-0.05,0.03,-0.21,-0.07
22461,-1.26,-0.13,-0.16,-0.08,-0.21,-0.07
22462,-1.26,-0.02,-0.05,-0.08,-0.00,-0.17
22463,-1.26,-0.13,-0.05,0.03,-0.21,-0.07
22464,-1.26,-0.13,-0.16,-0.08,-0.21,0.04
22465,-1.26,-0.02,-0.05,0.03,-0.11,-0.07
22466,-1.26,-0.13,-0.16,0.03,-0.21,-0.17
22467,-1.26,-0.02,-0.05,0.03,-0.00,-0.17
22468,-1.36,-0.13,-0.16,0.03,-0.21,-0.17
22469,-1.26,-0.02,-0.05,0.03,-0.21,-0.17
22470,-1.26,-0.13,-0.05,-0.08,-0.11,-0.07
22471,-1.36,-0.13,-0.05,-0.08,-0.00,-0.07
22472,-1.26,-0.13,-0.05,0.03,-0.11,-0.17
22473,-1.26,-0.13,-0.05,-0.08,-0.00,-0.17
22474,-1.26,-0.02,-0.05,-0.18,-0.21,-0.17
22475,-1.26,-0.13,-0.05,-0.08,-0.00,-0.07
22476,-1.26,-0.13,-0.05,0.03,-0.11,-0.17
22477,-1.26,-0.13,-0.05,0.03,-0.11,-0.07
22478,-1.36,-0.02,-0.16,0.03,-0.21,-0.07
22479,-1.26,-0.02,-0.05,0.03,-0.21,-0.07
22480,-1.36,-0.13,-0.05,-0.08,-0.11,0.04
22481,-1.36,-0.13,-0.05,0.03,-0.21,-0.07
22482,-1.36,-0.13,-0.16,0.03,-0.11,-0.17
22483,-1.36,-0.02,-0.05,-0.08,-0.11,-0.07
22484,-1.26,-0.13,-0.16,-0.08,-0.11,-0.07
22485,-1.26,-0.02,-0.05,0.03,-0.21,-0.17
22486,-1.26,-0.13,-0.05,0.03,-0.21,-0.17
22487,-1.26,-0.02,-0.16,-0.08,-0.11,-0.28
22488,-1.16,-0.13,-0.05,0.03,-0.11,-0.17
22489,-1.36,-0.02,-0.16,-0.08,-0.21,-0.07
22490,-1.26,-0.13,-0.05,0.03,-0.11,-0.28
22491,-1.36,-0.02,-0.05,0.03,-0.11,-0.07
22492,-1.26,-0.13,-0.05,0.03,-0.11,-0.07
22493,-1.36,-0.13,-0.16,-0.08,-0.11,-0.17
22494,-1.26,-0.02,-0.16,0.03,-0.21,-0.07
22495,-1.26,-0.13,-0.16,-0.08,-0.11,-0.17
22496,-1.36,-0.02,-0.05,0.03,-0.11,-0.17
22497,-1.26,-0.13,-0.05,-0.08,-0.11,-0.07
22498,-1.36,-0.02,-0.05,-0.08,-0.11,-0.07
22499,-1.26,-0.13,-0.05,0.03,-0.21,0.04
22500,-1.26,-0.02,-0.05,0.03,-0.00,-0.07
22501,-1.26,-0.02,-0.05,-0.08,-0.21,-0.17
22502,-1.36,-0.13,-0.16,0.03,-0.11,-0.07
22503,-1.26,-0.02,-0.05,-0.08,-0.11,-0.07
22504,-1.26,-0.02,-0.05,0.03,-0.21,-0.17
22505,-1.26,-0.13,-0.16,0.03,-0.11,0.04
22506,-1.26,-0.13,-0.05,0.03,-0.00,-0.17
22507,-1.36,-0.02,-0.16,-0.08,-0.21,-0.28
22508,-1.36,-0.13,-0.05,0.03,-0.11,-0.17
22509,-1.26,-0.13,-0.16,0.03,-0.11,-0.17
22510,-1.26,-0.13,-0.05,-0.08,-0.11,-0.17
22511,-1.36,-0.13,-0.05,-0.08,-0.00,-0.28
22512,-1.26,-0.13,-0.05,0.03,-0.11,-0.17
22513,-1.36,-0.02,-0.05,0.03,-0.21,-0.17
22514,-1.36,-0.02,-0.05,-0.08,-0.11,-0.17
22515,-1.26,-0.13,-0.05,0.03,-0.21,-0.07
22516,-1.36,-0.02,-0.05,-0.08,-0.11,-0.07
22517,-1.26,-0.02,-0.05,-0.18,-0.11,-0.07
22518,-1.26,-0.13,-0.05,0.03,-0.00,-0.07
22519,-1.26,-0.13,-0.05,-0.08,-0.00,-0.17
22520,-1.26,-0.13,-0.05,-0.08,-0.21,-0.07
22521,-1.16,-0.13,0.05,-0.08,-0.11,-0.17
22522,-1.26,-0.13,-0.05,-0.08,-0.21,-0.28
22523,-1.26,-0.13,-0.16,0.03,-0.11,-0.07
22524,-1.36,-0.02,-0.05,-0.08,-0.11,-0.17
22525,-1.36,-0.13,-0.05,-0.08,-0.00,-0.17
22526,-1.26,-0.02,-0.16,0.03,-0.11,0.04
22527,-1.26,-0.13,-0.05,0.03,-0.11,0.04
22528,-1.26,-0.13,-0.05,0.03,-0.11,0.04
22529,-1.26,-0.13,-0.05,-0.08,-0.21,-0.17
22530,-1.26,-0.13,-0.16,-0.08,-0.00,-0.17
22531,-1.26,-0.13,-0.05,0.03,-0.21,0.04
22532,-1.26,-0.02,-0.16,0.03,-0.21,-0.07
22533,-1.26,-0.13,-0.05,0.03,-0.11,-0.07
22534,-1.26,-0.13,-0.16,-0.08,-0.11,-0.07
22535,-1.26,-0.02,-0.16,-0.08,-0.11,0.04
22536,-1.36,-0.02,-0.05,-0.08,-0.21,-0.07
22537,-1.26,-0.13,-0.05,-0.18,-0.11,-0.07
22538,-1.36,-0.02,-0.05,0.03,-0.11,-0.17
22539,-1.26,-0.13,-0.16,0.03,-0.11,-0.07
22540,-1.26,-0.02,-0.05,-0.08,-0.11,-0.17
22541,-1.36,-0.13,-0.05,-0.08,-0.11,-0.17
22542,-1.26,-0.02,-0.05,0.03,-0.21,-0.17
22543,-1.26,-0.02,-0.05,-0.08,-0.11,-0.07
22544,-1.36,-0.13,-0.16,-0.08,-0.21,-0.07
22545,-1.26,-0.13,-0.05,-0.08,-0.11,-0.17
22546,-1.26,-0.13,-0.05,-0.18,-0.21,-0.17
22547,-1.36,-0.02,-0.05,0.03,-0.11,-0.17
22548,-1.26,-0.13,-0.16,0.03,-0.11,-0.07
22549,-1.36,-0.13,-0.05,0.03,-0.11,-0.07
22550,-1.26,-0.02,-0.05,-0.18,-0.11,-0.17
22551,-1.26,-0.13,-0.05,0.03,-0.11,-0.07
22552,-1.36,-0.13,-0.05,0.03,-0.11,-0.17
22553,-1.26,-0.13,-0.05,0.03,-0.21,0.04
22554,-1.26,-0.02,-0.05,-0.08,-0.11,-0.17
22555,-1.26,-0.02,-0.05,0.03,-0.11,-0.17
22556,-1.26,-0.13,-0.05,-0.08,-0.21,-0.17
22557,-1.36,-0.02,-0.16,-0.08,-0.11,-0.07
22558,-1.26,-0.02,-0.05,-0.08,-0.11,-0.07
22559,-1.26,-0.13,-0.16,-0.08,-0.11,0.04
22560,-1.26,0.08,-0.16,-0.08,-0.21,0.04
22561,-1.26,-0.02,-0.16,0.03,-0.11,-0.17
22562,-1.26,-0.13,-0.05,0.03,-0.31,-0.07
22563,-1.26,-0.13,-0.05,-0.08,-0.21,-0.07
22564,-1.26,-0.02,-0.05,-0.08,-0.11,-0.07
22565,-1.16,-0.13,-0.05,-0.08,-0.11,-0.07
22566,-1.26,-0.02,-0.05,0.03,-0.11,-0.17
22567,-1.36,-0.13,-0.16,-0.08,-0.00,-0.07
22568,-1.16,-0.13,-0.05,-0.08,-0.11,-0.17
22569,-1.26,-0.13,-0.16,0.03,-0.11,-0.07
22570,-1.26,-0.02,-0.16,-0.18,-0.11,-0.07
22571,-1.26,-0.13,-0.05,0.03,-0.11,-0.07
22572,-1.36,-0.02,-0.16,0.03,-0.11,-0.07
22573,-1.26,-0.13,-0.05,-0.08,-0.21,-0.07
22574,-1.26,-0.13,-0.05,-0.08,-0.11,-0.28
22575,-1.26,-0.02,-0.16,-0.08,-0.11,-0.07
22576,-1.26,-0.13,-0.05,0.03,-0.21,-0.17
22577,-1.36,-0.13,-0.05,-0.08,-0.21,-0.17
22578,-1.36,-0.13,-0.16,0.03,-0.11,-0.17
22579,-1.36,-0.13,-0.05,0.03,-0.21,-0.17
22580,-1.26,-0.13,-0.16,-0.08,-0.21,-0.07
22582,-1.26,-0.13,-0.05,-0.08,-0.00,-0.17
22582,-1.26,-0.02,-0.16,-0.18,-0.11,-0.07
22583,-1.26,-0.02,-0.16,-0.08,-0.21,-0.07
22584,-1.36,-0.13,-0.16,0.03,-0.11,-0.07
22585,-1.26,-0.13,-0.05,-0.08,-0.11,-0.17
22586,-1.36,-0.02,-0.16,0.03,-0.11,-0.17
22587,-1.26,-0.13,-0.16,0.03,-0.00,-0.17
22588,-1.26,-0.13,-0.05,0.03,-0.21,-0.17
22589,-1.26,-0.02,-0.16,-0.08,-0.11,-0.07
22590,-1.26,-0.13,-0.05,0.03,-0.21,-0.07
22591,-1.26,-0.13,-0.16,0.03,-0.11,-0.07
22592,-1.26,-0.13,-0.05,-0.18,-0.00,-0.07
22593,-1.26,-0.13,-0.05,0.03,-0.00,-0.07
22594,-1.26,-0.02,-0.16,0.03,-0.11,-0.07
22595,-1.36,-0.13,-0.05,0.03,-0.11,-0.17
22596,-1.26,-0.02,-0.16,-0.08,-0.11,-0.17
22597,-1.26,-0.02,-0.05,0.03,-0.11,-0.07
22598,-1.26,-0.02,-0.05,-0.08,-0.11,-0.17
22599,-1.26,-0.13,-0.16,0.03,-0.11,-0.17
22600,-1.36,-0.13,-0.16,-0.08,-0.21,-0.17
22601,-1.26,-0.13,-0.16,0.03,-0.21,-0.17
22602,-1.26,-0.13,0.05,0.03,-0.11,-0.28
22603,-1.26,-0.13,-0.05,-0.18,-0.11,-0.07
22604,-1.26,-0.13,-0.05,-0.08,-0.00,-0.07
22605,-1.26,-0.13,-0.16,0.03,-0.11,-0.17
22606,-1.36,-0.02,-0.05,0.03,-0.11,-0.17
22607,-1.26,-0.13,-0.05,0.03,-0.11,0.04
22608,-1.26,-0.13,-0.05,-0.08,-0.11,-0.17
22609,-1.26,-0.02,-0.05,0.03,-0.21,-0.17
22610,-1.26,-0.02,-0.05,-0.08,-0.21,-0.07
22611,-1.36,-0.13,-0.05,0.03,-0.11,-0.07
22612,-1.36,-0.02,-0.16,0.03,-0.11,-0.17
22613,-1.36,-0.02,-0.05,-0.08,-0.11,-0.07
22614,-1.26,-0.13,-0.16,-0.08,-0.21,-0.07
22615,-1.26,-0.13,-0.05,0.03,-0.11,-0.17
22616,-1.26,-0.13,-0.05,0.03,-0.00,-0.17
22618,-1.26,-0.02,-0.05,-0.08,-0.21,-0.17
22618,-1.26,-0.13,-0.05,-0.08,-0.00,-0.07
22619,-1.26,-0.02,-0.05,-0.08,-0.11,-0.07
22620,-1.36,-0.13,-0.05,-0.08,-0.11,-0.17
22621,-1.26,-0.13,-0.05,-0.18,-0.21,-0.17
22622,-1.36,-0.02,-0.16,0.03,-0.11,-0.07
22623,-1.36,-0.13,-0.16,-0.08,-0.11,-0.07
22624,-1.26,-0.13,-0.16,-0.08,-0.31,-0.17
22625,-1.36,-0.02,-0.05,-0.08,-0.21,-0.07
22626,-1.36,-0.02,-0.05,-0.08,-0.21,-0.17
22627,-1.26,-0.13,-0.16,-0.08,-0.21,-0.07
22628,-1.26,-0.13,-0.16,-0.08,-0.21,-0.17
22629,-1.26,-0.13,-0.05,-0.08,-0.21,-0.17
22630,-1.26,-0.02,-0.05,-0.08,-0.00,-0.17
22631,-1.36,-0.02,-0.05,-0.08,-0.11,-0.17
22632,-1.26,-0.13,-0.16,0.03,-0.11,-0.07
22633,-1.26,-0.02,-0.05,-0.08,-0.31,-0.17
22634,-1.36,-0.02,-0.05,-0.08,-0.00,-0.07
22635,-1.26,-0.13,-0.05,-0.18,-0.11,-0.07
22636,-1.36,-0.02,-0.05,-0.08,-0.11,-0.17
22637,-1.26,-0.13,-0.05,-0.08,-0.21,-0.07
22638,-1.26,-0.13,-0.05,-0.08,-0.11,-0.17
22639,-1.26,-0.02,-0.05,0.03,-0.11,-0.07
22640,-1.36,-0.13,-0.05,-0.08,-0.11,0.04
22641,-1.26,-0.13,-0.05,-0.08,-0.11,-0.07
22642,-1.36,-0.13,-0.05,-0.08,-0.11,-0.28
22643,-1.26,-0.02,-0.16,0.03,-0.11,-0.07
22644,-1.36,-0.13,-0.16,0.03,-0.11,-0.07
22645,-1.36,-0.13,-0.05,0.13,-0.21,-0.07
22646,-1.26,-0.02,-0.05,-0.08,-0.11,-0.07
22647,-1.26,-0.02,-0.05,-0.18,-0.11,-0.17
22648,-1.26,-0.02,-0.05,0.03,-0.21,-0.17
22649,-1.26,-0.02,-0.05,-0.08,-0.11,-0.07
22650,-1.36,-0.13,-0.16,0.13,-0.11,-0.07
22651,-1.26,-0.13,-0.05,0.03,-0.11,-0.17
22652,-1.26,-0.13,-0.05,-0.08,-0.11,-0.28
22653,-1.26,-0.13,-0.05,0.03,-0.21,-0.17
22654,-1.36,-0.02,-0.05,-0.08,-0.21,-0.07
22655,-1.36,-0.02,-0.16,0.03,-0.21,-0.17
22656,-1.36,-0.02,-0.05,0.03,-0.11,-0.07
22657,-1.36,-0.02,-0.05,-0.18,-0.11,-0.17
22658,-1.36,-0.13,-0.16,0.03,-0.11,-0.17
22659,-1.36,-0.23,-0.05,0.03,-0.21,-0.17
22660,-1.26,-0.13,-0.05,-0.08,-0.11,-0.17
22661,-1.36,-0.02,-0.05,0.03,-0.11,-0.17
22809,-1.26,-0.02,-0.16,0.03,-0.00,-0.07
22810,-1.26,-0.02,-0.16,0.03,-0.11,-0.07
22811,-1.36,-0.13,-0.05,-0.08,-0.11,-0.07
22812,-1.26,-0.13,-0.05,-0.18,-0.11,-0.17
22813,-1.16,-0.02,-0.05,0.03,-0.21,-0.17
22814,-1.26,-0.13,-0.05,-0.08,-0.11,-0.07
22815,-1.26,-0.13,-0.05,-0.08,-0.11,-0.17
22816,-1.36,-0.02,-0.05,-0.08,-0.11,-0.07
22817,-1.26,-0.02,-0.05,0.03,-0.11,0.04
22818,-1.36,-0.02,-0.05,-0.08,-0.00,-0.07
22819,-1.26,-0.13,-0.05,0.03,-0.11,-0.17
22820,-1.36,-0.02,-0.05,-0.08,-0.11,-0.17
22821,-1.36,-0.13,-0.05,0.03,-0.21,-0.07
22822,-1.36,-0.02,-0.16,-0.08,-0.11,-0.28
22823,-1.26,-0.02,-0.05,0.03,-0.21,-0.07
22824,-1.26,-0.13,-0.05,-0.08,-0.00,-0.17
22825,-1.26,-0.13,-0.05,0.03,-0.11,-0.07
22826,-1.16,-0.02,-0.16,0.03,-0.11,-0.07
22827,-1.26,-0.02,-0.05,-0.18,-0.11,-0.07
22828,-1.16,-0.02,-0.05,-0.08,-0.31,-0.17
22829,-1.26,-0.13,-0.05,-0.08,-0.21,-0.17
22830,-1.36,-0.13,-0.05,-0.08,-0.11,-0.07
22831,-1.26,-0.13,-0.05,-0.08,-0.11,-0.17
22832,-1.16,-0.13,-0.05,0.03,-0.11,-0.17
22833,-1.36,-0.13,-0.05,-0.08,-0.11,-0.07
22834,-1.26,-0.02,-0.16,-0.08,-0.21,-0.07
22835,-1.26,-0.13,-0.16,-0.08,-0.21,-0.17
22836,-1.26,-0.13,-0.05,-0.08,-0.11,-0.17
22837,-1.26,-0.13,-0.05,0.03,-0.21,-0.17
22838,-1.26,-0.02,-0.16,-0.08,-0.11,-0.17
22839,-1.26,-0.13,-0.05,0.03,-0.21,-0.17
22840,-1.26,-0.13,-0.05,-0.08,-0.00,-0.07
22841,-1.26,-0.02,-0.05,-0.08,-0.11,-0.17
22842,-1.36,-0.13,-0.05,-0.08,-0.00,-0.17
22843,-1.36,-0.13,-0.05,-0.08,-0.21,-0.17
22844,-1.26,-0.13,-0.05,-0.08,-0.21,-0.17
22845,-1.26,-0.13,-0.16,-0.08,-0.00,-0.07
22847,-1.36,-0.13,-0.05,-0.08,-0.11,-0.17
22847,-1.26,-0.13,-0.05,-0.08,-0.21,-0.07
22848,-1.26,-0.02,-0.05,0.03,-0.11,-0.17
22849,-1.26,-0.02,-0.16,-0.08,-0.21,-0.17
22850,-1.16,-0.13,-0.05,-0.08,-0.21,0.04
22851,-1.26,-0.02,-0.05,0.03,-0.21,-0.07
22852,-1.36,-0.13,-0.16,-0.08,-0.11,-0.07
22853,-1.26,-0.02,-0.05,-0.08,-0.11,-0.07
22854,-1.36,-0.13,-0.05,-0.08,-0.11,-0.07
22855,-1.26,-0.13,-0.05,-0.08,-0.21,-0.07
22856,-1.26,-0.13,-0.05,-0.08,-0.31,-0.07
22857,-1.26,-0.02,-0.05,-0.08,-0.21,-0.07
22858,-1.26,-0.13,-0.05,-0.08,-0.11,-0.17
22859,-1.26,-0.02,-0.16,-0.08,-0.11,-0.07
22860,-1.26,-0.02,-0.05,-0.08,-0.21,-0.17
22861,-1.26,-0.23,-0.05,-0.08,-0.11,-0.17
22862,-1.16,-0.13,-0.05,-0.18,-0.00,-0.07
22863,-1.26,-0.02,-0.05,0.03,-0.00,-0.07
22864,-1.26,-0.13,-0.05,0.03,-0.11,-0.07
22865,-1.26,-0.02,-0.05,0.03,-0.21,-0.17
22866,-1.26,-0.02,-0.05,-0.08,-0.21,-0.17
22867,-1.26,-0.02,-0.05,0.03,-0.21,-0.28
22868,-1.26,-0.13,-0.05,0.03,-0.21,-0.17
22869,-1.26,-0.13,-0.16,0.03,-0.11,-0.07
22870,-1.26,-0.13,-0.05,0.03,-0.21,-0.07
22871,-1.26,-0.02,-0.05,-0.08,-0.11,-0.07
22872,-1.26,-0.13,-0.05,0.03,-0.21,-0.17
22873,-1.26,-0.13,-0.05,0.03,-0.11,-0.17
22874,-1.36,-0.02,-0.05,-0.08,-0.21,-0.07
22875,-1.26,-0.02,-0.05,-0.18,-0.11,-0.07
22876,-1.16,-0.13,0.05,-0.08,-0.21,-0.07
22877,-1.36,-0.02,-0.16,0.03,-0.21,-0.17
22878,-1.36,-0.02,-0.05,-0.08,-0.00,-0.17
22879,-1.26,-0.13,-0.05,0.03,-0.11,-0.07
22880,-1.26,-0.13,-0.05,0.13,-0.11,-0.07
22881,-1.26,-0.13,-0.16,0.03,-0.11,0.04
22882,-1.26,-0.13,-0.05,0.03,-0.11,-0.07
22883,-1.26,-0.02,-0.05,0.03,-0.11,-0.07
22884,-1.26,-0.13,-0.05,0.03,-0.11,-0.07
22885,-1.26,-0.13,-0.05,-0.08,-0.11,-0.07
22886,-1.26,-0.13,-0.05,0.03,-0.11,-0.07
22887,-1.26,-0.23,-0.16,0.03,-0.21,-0.07
22888,-1.36,-0.02,-0.16,0.03,-0.21,-0.17
22889,-1.26,-0.13,-0.05,-0.08,-0.11,-0.07
22890,-1.26,-0.02,-0.05,-0.18,-0.11,-0.07
22891,-1.26,-0.13,-0.05,0.03,-0.00,-0.07
22892,-1.36,-0.13,-0.16,0.03,-0.00,-0.28
22893,-1.26,-0.13,-0.05,0.13,-0.11,-0.17
22894,-1.26,-0.13,-0.05,0.03,-0.11,-0.07
22895,-1.26,-0.13,-0.05,-0.08,-0.11,-0.17
22896,-1.26,-0.13,-0.16,-0.08,-0.11,-0.17
22897,-1.26,-0.13,-0.05,-0.08,-0.00,-0.17
22898,-1.26,-0.13,-0.05,-0.08,-0.11,-0.17
22899,-1.26,-0.02,-0.05,-0.08,-0.11,-0.17
22900,-1.26,-0.13,-0.05,0.03,-0.11,-0.17
22901,-1.26,-0.02,-0.16,0.03,-0.11,-0.07
22902,-1.26,-0.02,-0.05,-0.08,-0.21,-0.07
22903,-1.26,-0.02,-0.16,-0.08,-0.21,-0.07
22904,-1.26,-0.13,-0.16,0.03,-0.21,-0.07
22905,-1.36,-0.13,-0.16,0.13,-0.00,-0.07
22906,-1.26,-0.13,-0.05,-0.08,-0.21,-0.17
22907,-1.26,0.08,-0.16,-0.08,-0.21,-0.17
22908,-1.26,-0.13,-0.16,-0.08,-0.11,-0.17
22909,-1.36,-0.13,-0.05,-0.18,-0.21,-0.17
22910,-1.36,-0.13,-0.16,0.03,-0.21,-0.07
22911,-1.36,-0.13,-0.05,-0.08,-0.21,-0.07
22912,-1.26,-0.13,-0.05,-0.08,-0.11,-0.17
22913,-1.26,-0.13,-0.05,-0.08,-0.11,-0.07
22914,-1.26,-0.13,-0.05,-0.08,0.10,-0.07
22915,-1.36,-0.02,-0.16,0.03,-0.11,-0.17
22916,-1.36,-0.02,-0.05,0.03,-0.21,-0.17
22917,-1.36,-0.13,-0.05,0.03,-0.11,-0.17
22918,-1.36,-0.13,-0.05,0.03,-0.11,-0.17
22919,-1.26,-0.13,-0.05,-0.08,-0.11,-0.07
22920,-1.36,-0.13,-0.05,0.03,-0.11,-0.17
22921,-1.26,-0.02,-0.16,-0.08,-0.11,-0.17
22922,-1.26,-0.02,-0.16,-0.08,-0.00,0.04
22923,-1.26,-0.02,-0.16,-0.08,-0.21,-0.17
22924,-1.26,-0.02,-0.05,0.03,-0.21,-0.17
22925,-1.26,-0.13,-0.05,0.03,-0.00,-0.17
22926,-1.26,-0.02,-0.05,-0.08,-0.11,-0.17
22927,-1.16,-0.13,-0.05,0.03,-0.11,-0.07
22928,-1.36,-0.13,-0.05,0.03,-0.11,-0.17
22929,-1.26,-0.02,-0.05,-0.18,-0.11,-0.07
22930,-1.36,-0.13,-0.05,-0.08,-0.21,-0.07
22931,-1.26,-0.02,-0.05,-0.08,-0.11,-0.07
22932,-1.36,-0.02,-0.05,0.03,-0.21,-0.07
22933,-1.36,-0.02,-0.05,-0.08,-0.11,-0.28
22934,-1.36,-0.02,-0.05,0.03,-0.11,-0.07
22935,-1.26,-0.02,-0.05,-0.08,-0.21,-0.17
22936,-1.36,-0.02,-0.05,-0.08,-0.21,-0.07
22937,-1.26,-0.13,0.05,-0.08,-0.21,-0.17
22938,-1.26,-0.02,-0.05,0.03,-0.00,0.04
22939,-1.16,-0.23,-0.05,0.03,-0.00,-0.17
22940,-1.26,-0.02,-0.05,-0.08,-0.21,-0.07
22941,-1.16,-0.02,-0.16,0.03,-0.00,0.04
22942,-1.26,-0.02,-0.05,-0.08,-0.21,-0.07
22943,-1.36,-0.13,-0.05,0.03,-0.11,-0.07
22944,-1.36,-0.02,-0.05,-0.08,-0.21,-0.07
22945,-1.26,-0.13,-0.05,0.03,-0.11,-0.17
22946,-1.26,-0.13,-0.05,0.03,-0.11,-0.07
22947,-1.26,-0.13,-0.16,-0.08,-0.00,-0.07
22948,-1.26,-0.02,-0.05,0.03,-0.21,0.04
22949,-1.26,-0.13,-0.16,0.03,-0.11,-0.07
22950,-1.16,-0.13,-0.16,-0.18,-0.21,-0.07
22951,-1.36,-0.13,-0.16,0.03,-0.11,0.04
22952,-1.36,-0.13,-0.16,0.03,-0.11,-0.17
22953,-1.26,-0.13,-0.05,0.03,-0.11,-0.07
22954,-1.36,-0.13,-0.05,0.03,-0.21,-0.07
22955,-1.26,-0.13,-0.05,-0.08,-0.11,-0.07
22956,-1.16,-0.13,-0.16,-0.08,-0.11,-0.07
22957,-1.26,-0.02,-0.16,0.03,-0.21,-0.07
22958,-1.26,-0.13,-0.05,-0.08,-0.11,-0.07
22959,-1.16,-0.02,-0.05,-0.08,-0.21,-0.07
22960,-1.26,-0.02,-0.05,0.03,-0.21,-0.07
22961,-1.26,-0.02,-0.05,-0.08,-0.21,-0.17
22962,-1.26,-0.13,-0.16,-0.18,-0.11,0.04
22963,-1.26,-0.13,0.05,-0.08,-0.11,-0.07
22964,-1.26,-0.02,-0.16,-0.08,-0.11,-0.07
22965,-1.26,-0.13,-0.16,0.03,-0.21,-0.17
22966,-1.26,-0.02,-0.05,-0.08,-0.21,-0.07
22967,-1.36,-0.13,-0.05,0.03,-0.11,-0.17
22968,-1.26,-0.02,-0.16,0.03,-0.11,-0.17
22969,-1.26,-0.13,-0.05,0.03,-0.21,-0.07
22970,-1.26,-0.13,-0.16,-0.08,-0.11,-0.07
22971,-1.36,-0.13,-0.16,0.13,-0.21,-0.07
22972,-1.16,-0.13,-0.05,0.03,-0.21,-0.17
22973,-1.26,-0.13,-0.05,-0.08,-0.11,-0.07
22974,-1.26,-0.02,-0.16,-0.08,-0.21,-0.07
22975,-1.26,-0.02,-0.05,0.03,-0.21,-0.07
22976,-1.26,-0.13,-0.05,-0.08,-0.11,-0.17
22977,-1.36,-0.02,-0.05,-0.08,-0.11,-0.17
22978,-1.26,-0.13,-0.05,-0.08,-0.11,-0.17
22979,-1.26,-0.13,-0.05,0.03,-0.21,-0.17
22980,-1.26,-0.02,-0.05,-0.08,-0.11,-0.17
22981,-1.26,-0.13,-0.05,0.03,-0.11,-0.07
22982,-1.36,-0.02,-0.05,0.03,-0.11,-0.07
22983,-1.36,-0.13,-0.16,0.03,-0.11,-0.28
22984,-1.26,-0.02,-0.16,-0.08,-0.11,-0.07
22985,-1.36,-0.02,-0.16,-0.08,-0.11,-0.07
22986,-1.26,-0.02,-0.05,-0.18,-0.11,-0.17
22987,-1.26,-0.02,-0.16,-0.08,-0.21,-0.07
22988,-1.16,-0.02,-0.05,0.03,-0.21,-0.17
22989,-1.26,-0.02,-0.05,-0.08,-0.11,-0.17
22990,-1.36,-0.13,-0.05,-0.08,-0.21,-0.07
22991,-1.26,-0.13,-0.05,0.03,-0.11,-0.17
22992,-1.36,-0.13,-0.16,0.03,-0.11,-0.17
22993,-1.26,-0.13,-0.05,0.03,-0.11,-0.28
22994,-1.36,-0.02,-0.05,0.03,-0.21,-0.17
22995,-1.36,-0.13,-0.16,-0.08,-0.11,-0.07
22996,-1.26,-0.02,-0.05,-0.08,-0.21,-0.17
22997,-1.36,-0.13,-0.05,-0.08,-0.21,-0.17
22998,-1.26,-0.13,-0.05,-0.08,-0.00,-0.17
22999,-1.26,-0.13,-0.05,-0.08,-0.21,-0.28
23000,-1.36,-0.13,-0.05,0.03,-0.21,-0.07
23001,-1.26,-0.13,-0.05,0.03,-0.21,-0.17
23002,-1.36,-0.02,-0.16,0.03,-0.21,-0.07
23003,-1.26,-0.13,-0.05,-0.08,-0.11,-0.07
23004,-1.26,-0.13,-0.05,-0.08,-0.11,-0.07
23005,-1.26,-0.02,-0.16,0.03,-0.21,0.04
23006,-1.26,-0.13,-0.05,-0.08,-0.11,0.04
23007,-1.26,-0.13,-0.05,-0.08,-0.21,-0.17
23008,-1.26,-0.13,-0.05,0.03,-0.00,-0.17
23009,-1.36,-0.13,-0.05,-0.08,-0.21,-0.17
23010,-1.26,-0.02,-0.05,0.03,-0.11,-0.17
23011,-1.26,-0.13,-0.16,0.03,-0.11,-0.28
23012,-1.26,-0.13,-0.05,-0.08,-0.11,-0.17
23013,-1.36,-0.13,-0.05,-0.08,-0.11,-0.07
23014,-1.36,-0.02,-0.05,-0.08,-0.11,-0.17
23015,-1.26,-0.02,-0.05,0.03,-0.21,-0.17
23016,-1.26,-0.13,-0.05,0.03,-0.11,-0.17
23017,-1.36,-0.02,-0.05,-0.08,-0.11,-0.07
23018,-1.26,-0.02,-0.05,0.03,-0.11,-0.17
23019,-1.36,-0.02,-0.16,-0.08,-0.21,-0.07
23020,-1.36,-0.13,-0.05,0.03,-0.11,-0.07
23021,-1.36,-0.13,-0.05,0.03,-0.11,-0.17
23022,-1.26,-0.13,-0.05,0.03,-0.11,-0.07
23023,-1.26,-0.02,-0.05,-0.08,-0.00,-0.17
23024,-1.26,-0.13,-0.05,0.03,-0.21,-0.17
23025,-1.26,-0.13,-0.16,-0.08,-0.21,-0.07
23026,-1.36,-0.13,-0.05,-0.08,-0.11,-0.07
23027,-1.26,-0.02,-0.05,-0.08,-0.21,-0.07
23239,-1.36,-0.13,-0.05,0.03,-0.00,-0.17
23240,-1.26,-0.13,-0.16,-0.08,-0.21,0.04
23241,-1.36,-0.02,-0.16,-0.18,-0.00,-0.07
23242,-1.26,-0.13,-0.16,0.03,-0.21,-0.17
23243,-1.36,-0.13,-0.05,-0.08,-0.21,-0.07
23244,-1.26,-0.13,-0.16,-0.08,-0.11,-0.07
23245,-1.26,-0.13,-0.05,0.03,0.10,-0.07
23246,-1.26,-0.13,-0.05,0.03,-0.21,-0.17
23247,-1.26,-0.13,-0.05,-0.08,-0.00,-0.17
23248,-1.36,-0.13,-0.16,-0.08,-0.11,-0.07
23249,-1.26,-0.13,-0.16,0.03,-0.11,-0.07
23250,-1.26,-0.02,-0.05,0.13,-0.11,-0.07
23251,-1.26,-0.13,-0.16,-0.08,-0.11,-0.07
23252,-1.26,-0.02,-0.05,-0.08,-0.11,-0.17
23253,-1.26,-0.13,-0.05,-0.08,-0.11,-0.17
23254,-1.26,-0.13,-0.05,0.03,-0.11,-0.17
23255,-1.36,-0.13,-0.05,-0.08,-0.00,-0.17
23256,-1.26,-0.02,-0.05,0.03,-0.11,-0.17
23257,-1.26,-0.02,-0.05,-0.08,-0.11,-0.07
23258,-1.36,-0.13,-0.05,0.03,-0.11,-0.28
23259,-1.36,-0.02,-0.05,0.03,-0.11,-0.17
23260,-1.16,-0.13,-0.05,0.03,-0.11,-0.17
23261,-1.26,-0.02,-0.05,-0.08,-0.21,-0.07
23262,-1.26,-0.13,-0.05,-0.08,-0.21,-0.17
23263,-1.26,-0.13,-0.05,-0.08,-0.11,-0.17
23264,-1.36,-0.02,-0.16,-0.08,-0.21,-0.07
23265,-1.26,-0.02,-0.16,-0.08,-0.21,-0.07
23266,-1.26,-0.02,-0.05,0.03,-0.00,-0.28
23267,-1.36,-0.13,-0.16,0.03,-0.21,-0.07
23268,-1.26,-0.13,-0.05,-0.08,-0.11,-0.17
23269,-1.36,-0.02,-0.05,0.03,-0.21,-0.28
23270,-1.36,-0.13,-0.05,-0.08,-0.11,-0.17
23271,-1.26,-0.13,-0.05,0.03,-0.11,-0.07
23272,-1.26,-0.02,-0.16,-0.08,-0.11,-0.28
23273,-1.26,-0.13,-0.05,-0.08,-0.11,-0.17
23274,-1.26,-0.13,-0.16,-0.08,-0.00,-0.17
23275,-1.26,-0.13,-0.05,-0.08,-0.21,-0.07
23276,-1.26,-0.13,-0.05,-0.08,-0.21,-0.17
23277,-1.26,-0.02,-0.05,-0.08,-0.11,-0.07
23278,-1.36,-0.13,-0.05,-0.08,-0.11,-0.17
23279,-1.36,-0.02,-0.05,0.03,-0.21,0.04
23280,-1.26,-0.13,-0.05,0.03,-0.11,-0.17
23281,-1.26,-0.13,-0.05,-0.08,-0.21,-0.07
23282,-1.26,-0.02,-0.05,-0.08,-0.21,-0.07
23283,-1.26,-0.23,-0.05,-0.08,-0.21,-0.07
23284,-1.36,-0.13,-0.16,-0.08,-0.21,-0.07
23285,-1.36,-0.02,-0.05,0.03,-0.11,-0.17
23286,-1.26,-0.13,-0.05,-0.08,-0.21,-0.07
23287,-1.36,-0.02,-0.16,-0.08,-0.21,-0.17
23288,-1.26,-0.02,-0.05,-0.08,-0.00,-0.17
23289,-1.26,-0.13,-0.16,-0.08,-0.11,-0.17
23290,-1.36,-0.13,-0.05,-0.08,-0.11,-0.07
23291,-1.36,-0.13,-0.16,0.03,-0.11,-0.17
23292,-1.26,-0.13,-0.16,-0.08,-0.21,-0.28
23293,-1.26,-0.13,-0.05,-0.08,-0.11,-0.07
23294,-1.36,-0.02,-0.16,-0.08,-0.11,-0.17
23295,-1.26,-0.13,-0.05,-0.08,-0.11,-0.17
23296,-1.36,-0.13,-0.05,-0.08,-0.11,-0.17
23297,-1.16,-0.02,-0.16,-0.08,-0.11,-0.07
23298,-1.36,-0.02,-0.05,0.03,-0.21,-0.17
23299,-1.26,-0.02,-0.05,-0.08,-0.21,-0.17
23300,-1.36,-0.13,-0.05,0.03,-0.11,-0.17
23301,-1.16,-0.02,-0.05,0.03,-0.21,-0.17
23302,-1.36,-0.02,-0.16,0.03,-0.21,-0.07
23303,-1.26,-0.02,-0.05,-0.18,-0.11,-0.17
23304,-1.36,-0.13,-0.05,-0.08,-0.11,-0.17
23305,-1.26,-0.13,-0.05,-0.08,0.10,-0.07
23306,-1.16,-0.02,-0.16,-0.18,-0.11,-0.17
23307,-1.26,-0.02,-0.05,-0.08,-0.21,-0.28
23308,-1.26,-0.02,-0.16,-0.08,-0.00,-0.07
23309,-1.26,-0.02,-0.05,-0.18,-0.11,-0.07
23310,-1.36,-0.02,-0.05,-0.08,-0.11,-0.07
23311,-1.26,-0.13,-0.05,-0.08,-0.11,-0.17
23312,-1.16,-0.02,-0.05,0.03,-0.11,-0.07
23313,-1.36,-0.13,-0.05,-0.08,-0.11,-0.07
23314,-1.26,-0.02,-0.05,-0.18,-0.11,-0.07
23315,-1.26,-0.13,-0.05,0.03,-0.21,-0.07
23316,-1.26,-0.02,-0.05,0.03,-0.11,-0.07
23317,-1.26,-0.02,-0.05,0.03,-0.11,-0.17
23318,-1.36,-0.13,-0.16,-0.08,-0.00,-0.07
23319,-1.26,-0.13,-0.16,-0.08,-0.21,-0.07
23320,-1.26,-0.02,-0.05,-0.08,-0.11,0.04
23321,-1.36,-0.13,-0.16,-0.08,-0.21,-0.07
23322,-1.26,-0.13,-0.05,-0.08,-0.21,-0.17
23323,-1.26,-0.02,-0.05,0.03,-0.11,-0.17
23324,-1.26,-0.02,-0.16,0.03,-0.11,-0.07
23325,-1.26,-0.13,-0.16,0.03,-0.11,-0.07
23326,-1.36,-0.02,-0.16,-0.08,-0.21,-0.07
23327,-1.26,-0.02,-0.05,0.13,-0.21,-0.28
23328,-1.26,-0.02,-0.05,0.03,-0.21,-0.17
23329,-1.36,-0.02,-0.05,-0.08,-0.21,-0.07
23330,-1.36,-0.02,-0.05,0.03,-0.11,-0.17
23331,-1.36,-0.02,-0.16,-0.08,-0.11,-0.07
23332,-1.26,-0.02,-0.16,0.03,-0.11,-0.07
23333,-1.36,-0.02,-0.05,-0.18,-0.21,-0.17
23334,-1.26,-0.02,-0.05,0.03,-0.11,-0.17
23335,-1.26,-0.13,-0.05,0.03,-0.00,-0.07
23336,-1.36,-0.13,-0.05,-0.08,-0.00,-0.17
23337,-1.26,-0.13,-0.05,0.03,-0.11,-0.17
23338,-1.26,-0.13,-0.05,-0.08,-0.21,-0.17
23339,-1.36,-0.02,-0.16,-0.08,-0.11,-0.07
23340,-1.36,-0.02,-0.05,-0.18,-0.11,-0.07
23341,-1.26,-0.13,-0.16,-0.08,-0.11,-0.07
23342,-1.26,-0.02,-0.05,-0.08,-0.21,-0.07
23343,-1.26,-0.02,-0.16,-0.18,-0.11,-0.07
23344,-1.26,-0.02,-0.05,0.03,-0.11,-0.17
23345,-1.26,-0.02,-0.05,-0.08,-0.21,-0.07
23346,-1.26,-0.13,-0.05,0.03,-0.21,-0.07
23347,-1.26,-0.02,-0.16,0.03,-0.11,-0.07
23348,-1.36,-0.13,-0.05,0.03,-0.11,-0.07
23349,-1.26,-0.13,-0.05,-0.18,-0.21,-0.07
23350,-1.26,-0.02,-0.16,-0.08,-0.11,0.04
23351,-1.36,-0.13,-0.05,-0.08,-0.11,-0.17
23352,-1.36,-0.13,-0.05,-0.08,-0.21,-0.07
23353,-1.26,-0.13,-0.05,0.03,-0.11,0.04
23354,-1.26,0.08,-0.05,-0.08,-0.11,-0.17
23355,-1.36,-0.02,-0.05,-0.08,-0.11,-0.17
23356,-1.26,-0.13,-0.05,0.03,-0.11,-0.17
23357,-1.36,-0.02,-0.05,-0.08,-0.11,-0.17
23358,-1.26,-0.02,-0.05,0.03,-0.00,-0.28
23359,-1.26,-0.02,-0.05,-0.08,-0.11,-0.07
23360,-1.26,-0.02,-0.05,0.03,-0.11,-0.07
23361,-1.26,-0.13,-0.05,-0.08,-0.11,-0.07
23362,-1.26,-0.13,-0.16,-0.08,-0.11,-0.17
23363,-1.26,-0.02,-0.05,-0.08,-0.11,-0.17
23364,-1.26,-0.02,-0.05,0.03,-0.11,-0.17
23365,-1.36,-0.23,-0.05,-0.08,-0.11,-0.17
23366,-1.26,-0.13,-0.16,0.13,-0.21,-0.17
23367,-1.26,-0.02,-0.16,0.03,-0.21,-0.17
23368,-1.36,-0.02,-0.05,0.03,-0.11,-0.17
23369,-1.26,-0.13,-0.05,0.03,-0.21,-0.17
23370,-1.16,-0.13,-0.16,0.03,-0.11,-0.07
23371,-1.36,-0.13,-0.16,-0.08,-0.11,0.04
23372,-1.16,-0.13,-0.05,0.03,-0.11,-0.07
23373,-1.26,-0.02,-0.05,0.03,-0.21,-0.28
23374,-1.26,-0.13,-0.05,-0.08,-0.21,-0.17
23375,-1.36,-0.13,-0.05,0.03,-0.11,-0.07
23376,-1.26,-0.13,-0.05,0.13,-0.21,-0.07
23377,-1.26,-0.02,-0.16,0.03,-0.21,-0.17
23378,-1.26,-0.02,-0.05,-0.08,-0.11,-0.07
23379,-1.36,-0.02,-0.16,-0.08,-0.21,-0.17
23380,-1.36,-0.13,-0.05,0.03,-0.11,-0.07
23381,-1.26,-0.02,-0.05,-0.08,-0.11,-0.17
23382,-1.36,-0.02,-0.05,-0.08,-0.21,-0.07
23383,-1.26,-0.13,-0.05,0.03,-0.21,-0.17
23384,-1.26,-0.13,-0.05,0.03,-0.11,-0.07
23385,-1.36,-0.13,-0.05,-0.08,-0.11,-0.17
23386,-1.26,-0.13,-0.05,0.03,-0.11,-0.17
23387,-1.36,-0.13,-0.05,0.03,-0.11,-0.17
23388,-1.26,-0.02,-0.05,-0.08,-0.11,-0.17
23389,-1.26,-0.02,-0.05,-0.08,-0.21,-0.17
23390,-1.36,-0.02,-0.05,0.03,0.10,-0.17
23391,-1.26,-0.13,-0.05,0.03,-0.11,-0.17
23392,-1.26,-0.02,-0.16,-0.08,-0.11,-0.17
23393,-1.36,-0.02,-0.05,-0.08,-0.11,-0.17
23394,-1.26,-0.13,-0.05,-0.08,-0.21,-0.17
23395,-1.36,-0.13,-0.05,-0.08,-0.21,-0.07
23396,-1.36,-0.13,-0.05,-0.18,-0.21,-0.17
23397,-1.26,-0.02,-0.16,-0.08,-0.11,-0.17
23398,-1.26,-0.13,-0.16,-0.08,-0.21,0.04
23399,-1.26,-0.02,-0.05,-0.08,-0.11,-0.07
23400,-1.26,-0.13,-0.16,0.03,-0.11,-0.07
23401,-1.26,-0.02,-0.05,-0.18,-0.00,-0.17
23402,-1.26,-0.13,-0.16,0.03,-0.11,-0.17
23403,-1.36,-0.02,-0.05,-0.08,-0.21,-0.17
23404,-1.36,-0.02,-0.16,-0.08,-0.11,-0.07
23405,-1.26,-0.02,-0.16,0.03,-0.11,-0.17
23406,-1.26,-0.13,-0.16,-0.08,-0.11,-0.07
23407,-1.26,-0.13,-0.05,0.03,-0.11,-0.07
23408,-1.26,-0.13,-0.05,-0.08,-0.00,-0.17
23409,-1.26,-0.13,-0.05,0.03,-0.11,-0.17
23410,-1.26,-0.02,-0.05,-0.08,-0.11,-0.07
23411,-1.26,-0.02,-0.05,-0.08,-0.11,-0.17
23412,-1.26,-0.02,-0.16,0.03,-0.00,-0.07
23625,-1.26,-0.02,-0.05,-0.08,-0.11,-0.17
23626,-1.36,-0.13,-0.05,-0.08,-0.21,-0.07
23627,-1.36,-0.02,-0.16,0.03,-0.11,-0.17
23628,-1.26,-0.02,-0.05,0.13,-0.00,-0.07
23629,-1.36,-0.02,-0.05,0.13,-0.11,-0.07
23630,-1.36,-0.23,-0.05,-0.08,-0.11,-0.07
23631,-1.36,-0.13,-0.05,0.03,-0.11,-0.07
23632,-1.26,-0.02,-0.05,0.03,-0.21,-0.07
23633,-1.26,-0.02,-0.05,-0.08,-0.21,-0.07
23634,-1.26,-0.02,-0.05,0.03,-0.21,-0.07
23635,-1.16,-0.13,-0.05,0.03,-0.11,-0.17
23636,-1.36,-0.02,-0.05,-0.08,-0.11,-0.07
23637,-1.16,-0.02,-0.05,0.03,-0.11,-0.28
23638,-1.26,-0.13,-0.05,-0.08,-0.11,-0.17
23639,-1.36,-0.13,-0.16,-0.08,-0.11,-0.07
23640,-1.16,-0.02,-0.05,-0.08,-0.11,-0.07
23641,-1.26,-0.13,-0.16,-0.08,-0.00,-0.07
23642,-1.26,-0.02,-0.16,0.03,-0.11,-0.07
23643,-1.26,-0.13,-0.05,0.03,-0.11,-0.07
23644,-1.36,-0.02,-0.16,-0.08,-0.21,-0.07
23645,-1.36,-0.13,-0.05,-0.08,-0.11,-0.17
23646,-1.26,-0.02,-0.05,-0.18,-0.11,-0.07
23647,-1.26,-0.02,-0.05,0.03,-0.11,-0.07
23648,-1.26,-0.02,-0.16,0.03,-0.11,0.04
23649,-1.36,-0.13,-0.05,-0.08,-0.21,-0.17
23650,-1.26,-0.02,-0.16,0.03,-0.11,-0.17
23651,-1.26,-0.02,-0.05,-0.08,-0.11,-0.07
23652,-1.36,-0.13,-0.05,0.03,-0.11,-0.07
23653,-1.16,-0.13,-0.05,-0.08,-0.11,-0.17
23654,-1.26,-0.13,-0.05,0.03,-0.11,-0.17
23655,-1.26,-0.13,-0.16,-0.08,-0.11,-0.17
23656,-1.16,-0.02,-0.05,-0.08,-0.11,-0.07
23657,-1.36,-0.13,-0.05,0.03,-0.11,-0.07
23658,-1.26,-0.13,-0.05,-0.18,-0.21,-0.17
23659,-1.36,-0.02,-0.05,-0.08,-0.21,-0.07
23660,-1.26,-0.02,-0.05,-0.08,-0.11,-0.17
23661,-1.36,-0.13,-0.16,-0.08,-0.11,-0.07
23662,-1.36,-0.13,-0.16,0.03,-0.11,-0.07
23663,-1.26,-0.13,-0.05,0.03,-0.21,-0.17
23664,-1.36,-0.13,-0.16,-0.08,-0.11,-0.17
23665,-1.26,-0.02,-0.16,-0.08,-0.11,-0.17
23666,-1.26,-0.13,-0.16,-0.08,-0.21,-0.17
23667,-1.36,-0.02,-0.05,0.03,-0.11,-0.07
23668,-1.26,-0.02,-0.16,0.03,-0.21,-0.28
23669,-1.26,-0.23,-0.05,0.03,-0.11,-0.17
23670,-1.26,-0.02,-0.05,-0.08,-0.11,-0.07
23671,-1.26,-0.02,-0.05,-0.08,-0.21,0.04
23672,-1.36,-0.02,-0.05,0.03,-0.11,-0.07
23673,-1.36,-0.02,-0.05,0.03,-0.11,-0.07
23674,-1.26,-0.02,-0.05,-0.08,-0.11,-0.17
23675,-1.26,-0.13,-0.05,0.03,-0.11,-0.17
23676,-1.26,-0.13,-0.16,-0.08,-0.21,-0.17
23677,-1.26,-0.13,-0.16,0.03,-0.11,-0.07
23678,-1.16,-0.02,-0.16,-0.08,-0.21,-0.07
23679,-1.26,-0.13,-0.05,-0.08,-0.21,-0.07
23680,-1.16,-0.02,-0.05,-0.08,-0.21,-0.17
23681,-1.36,-0.02,-0.16,0.13,-0.11,-0.17
23682,-1.26,-0.13,-0.05,0.03,-0.11,-0.17
23683,-1.26,-0.13,-0.05,0.13,-0.11,-0.07
23684,-1.26,-0.02,-0.16,-0.08,-0.11,0.04
23685,-1.26,-0.13,-0.05,-0.08,-0.11,-0.07
23686,-1.26,-0.02,-0.05,-0.18,-0.11,-0.07
23687,-1.26,-0.02,-0.05,-0.08,-0.11,-0.07
23688,-1.36,-0.02,-0.05,0.03,-0.11,-0.17
23689,-1.26,-0.02,-0.05,0.03,-0.21,-0.17
23690,-1.26,-0.13,-0.05,0.03,-0.21,-0.17
23691,-1.26,-0.13,-0.05,-0.08,-0.21,-0.07
23692,-1.36,-0.02,-0.05,0.03,-0.00,-0.17
23693,-1.16,-0.13,-0.16,0.03,-0.21,-0.17
23694,-1.26,-0.02,-0.05,-0.08,-0.11,-0.07
23695,-1.36,-0.02,-0.05,-0.18,-0.11,-0.07
23696,-1.26,-0.13,-0.05,-0.08,-0.11,-0.07
23697,-1.36,-0.02,-0.05,-0.08,-0.11,-0.17
23698,-1.26,-0.13,-0.16,-0.08,-0.00,-0.07
23699,-1.26,-0.02,-0.16,0.03,-0.11,-0.07
23700,-1.36,-0.02,-0.16,-0.08,-0.11,-0.17
23701,-1.36,-0.02,-0.05,0.03,-0.11,-0.17
23702,-1.26,-0.13,-0.16,0.03,-0.11,-0.07
23703,-1.26,-0.13,-0.05,0.03,-0.11,-0.07
23704,-1.26,-0.13,-0.05,-0.08,-0.00,-0.07
23705,-1.36,-0.13,-0.05,0.03,-0.11,-0.17
23706,-1.36,-0.02,-0.16,-0.08,-0.00,-0.07
23707,-1.36,-0.13,-0.05,-0.08,-0.11,-0.17
23708,-1.16,0.08,-0.05,-0.08,-0.11,-0.17
23709,-1.26,-0.02,-0.05,0.03,-0.21,-0.17
23710,-1.26,-0.02,-0.05,0.03,-0.00,-0.07
23711,-1.36,-0.02,-0.05,-0.08,-0.11,-0.07
23712,-1.26,-0.13,-0.05,0.03,-0.21,-0.17
23713,-1.36,-0.13,-0.05,0.03,-0.21,-0.17
23714,-1.26,-0.02,-0.05,-0.08,-0.11,-0.07
23715,-1.36,-0.13,-0.05,0.03,-0.11,-0.17
23716,-1.26,-0.02,-0.05,-0.08,-0.11,-0.07
23717,-1.36,-0.13,-0.05,0.03,-0.21,-0.07
23718,-1.26,-0.02,-0.16,-0.08,-0.21,-0.17
23719,-1.26,-0.02,-0.05,-0.08,-0.21,-0.07
23720,-1.26,-0.13,-0.05,-0.08,-0.11,-0.07
23721,-1.36,-0.13,-0.05,0.03,-0.11,-0.07
23722,-1.36,-0.13,-0.05,0.03,-0.00,-0.07
23723,-1.36,-0.13,-0.05,0.03,-0.11,-0.07
23724,-1.26,-0.13,-0.16,-0.08,-0.11,-0.17
23725,-1.26,-0.13,-0.05,-0.08,-0.11,-0.07
23726,-1.26,-0.13,-0.16,-0.18,-0.21,-0.07
23727,-1.26,-0.23,-0.16,-0.08,-0.11,-0.17
23728,-1.26,-0.02,-0.05,-0.08,-0.11,-0.07
23729,-1.26,-0.02,-0.05,-0.08,-0.11,-0.17
23730,-1.26,-0.13,-0.05,-0.08,-0.11,-0.07
23731,-1.26,-0.02,-0.16,-0.08,-0.11,-0.17
23732,-1.36,-0.13,-0.05,-0.08,-0.00,-0.07
23733,-1.26,-0.02,-0.16,0.03,-0.00,-0.07
23734,-1.26,-0.02,-0.16,-0.08,-0.11,0.04
23735,-1.26,-0.13,-0.05,-0.08,-0.11,-0.17
23736,-1.36,-0.13,-0.05,0.13,-0.11,-0.07
23737,-1.26,-0.13,-0.05,-0.08,-0.21,-0.07
23738,-1.26,-0.02,-0.05,-0.08,-0.11,-0.17
23739,-1.26,-0.02,-0.05,0.03,-0.11,-0.07
23740,-1.26,-0.13,-0.05,0.03,-0.21,-0.07
23741,-1.36,-0.02,-0.05,0.03,-0.11,-0.07
23742,-1.26,-0.02,-0.05,-0.08,-0.21,-0.17
23743,-1.47,-0.13,-0.05,0.03,-0.11,-0.17
23744,-1.26,-0.02,-0.05,0.03,-0.11,-0.17
23745,-1.26,-0.02,-0.05,-0.08,-0.21,-0.17
23746,-1.26,-0.02,-0.05,-0.08,-0.21,-0.07
23747,-1.26,-0.13,-0.05,-0.08,-0.11,-0.07
23748,-1.26,-0.02,-0.05,-0.08,-0.11,-0.17
23749,-1.36,-0.13,-0.05,0.03,-0.11,-0.07
23750,-1.36,-0.02,-0.16,-0.08,-0.11,-0.07
23751,-1.36,-0.13,-0.16,0.03,-0.11,-0.07
23752,-1.26,-0.02,-0.16,0.03,-0.00,0.04
23753,-1.16,-0.02,-0.05,-0.08,-0.11,-0.07
23754,-1.36,-0.13,-0.05,-0.08,-0.11,-0.17
23755,-1.26,-0.13,-0.05,-0.08,-0.11,-0.17
23756,-1.36,-0.13,-0.16,0.03,-0.11,-0.07
23757,-1.26,-0.13,-0.05,-0.08,-0.11,-0.07
23758,-1.26,-0.13,-0.05,0.03,-0.11,-0.17
23759,-1.26,-0.13,-0.05,-0.18,-0.11,-0.07
23760,-1.26,-0.02,-0.05,-0.18,-0.21,-0.07
23761,-1.26,-0.02,-0.05,0.03,-0.11,-0.07
23762,-1.36,-0.13,-0.05,0.03,-0.21,-0.07
23763,-1.26,-0.13,-0.05,-0.08,-0.11,-0.07
23764,-1.26,-0.02,-0.16,0.03,-0.11,-0.28
23765,-1.26,-0.02,-0.05,-0.08,-0.11,-0.07
23766,-1.36,-0.13,-0.05,0.03,-0.21,-0.17
23767,-1.36,-0.13,-0.16,-0.08,-0.11,-0.17
23768,-1.26,-0.02,-0.16,-0.08,-0.21,0.04
23769,-1.36,-0.02,-0.05,0.03,-0.21,-0.17
23770,-1.36,-0.13,-0.05,-0.08,-0.11,-0.07
23771,-1.26,-0.02,-0.16,0.03,-0.11,-0.17
23772,-1.26,-0.02,-0.16,-0.08,-0.00,-0.07
23773,-1.26,-0.13,-0.05,0.03,-0.11,-0.07
23774,-1.26,-0.02,-0.05,0.03,-0.11,-0.07
23775,-1.26,-0.02,-0.05,0.03,-0.21,-0.28
23776,-1.16,-0.02,-0.05,0.03,-0.11,-0.07
23777,-1.26,-0.13,-0.16,0.03,-0.21,-0.07
23778,-1.26,-0.02,-0.05,-0.08,-0.11,-0.07
23779,-1.26,-0.23,-0.05,0.03,-0.11,-0.17
23780,-1.26,0.08,-0.05,-0.08,-0.11,-0.17
23781,-1.26,-0.13,-0.05,-0.08,-0.11,-0.07
23782,-1.36,-0.02,-0.05,-0.08,-0.11,-0.17
23783,-1.36,-0.13,-0.05,0.03,-0.11,-0.28
23784,-1.26,-0.02,-0.05,-0.08,-0.11,0.04
23785,-1.26,-0.23,-0.05,0.03,-0.21,-0.17
23786,-1.26,-0.02,-0.05,0.03,-0.11,-0.17
23787,-1.26,-0.02,-0.16,-0.08,-0.11,-0.07
23788,-1.36,-0.02,-0.05,0.03,-0.11,0.04
23789,-1.26,-0.13,-0.16,-0.08,-0.11,-0.07
23790,-1.26,-0.13,-0.05,0.03,-0.11,-0.07
23791,-1.26,0.08,-0.16,0.03,-0.21,-0.17
23792,-1.26,-0.13,-0.05,0.03,-0.00,-0.17
23793,-1.16,-0.13,-0.05,0.03,-0.11,-0.07
23794,-1.26,-0.13,-0.16,0.03,-0.11,-0.07
23795,-1.36,-0.02,-0.05,-0.08,-0.11,-0.17
23796,-1.26,-0.02,-0.05,-0.08,-0.11,0.04
23797,-1.26,-0.13,-0.16,0.03,-0.11,-0.17
23798,-1.36,-0.02,-0.05,-0.08,-0.21,-0.07
23799,-1.26,-0.13,-0.16,-0.08,-0.21,-0.07
23800,-1.26,-0.02,-0.16,-0.08,-0.21,0.04
23801,-1.36,-0.02,-0.05,-0.08,-0.11,-0.07
23802,-1.26,-0.13,-0.05,-0.08,-0.11,-0.17
23803,-1.26,-0.02,-0.05,-0.08,-0.11,-0.17
23804,-1.26,-0.13,-0.16,-0.08,-0.11,-0.07
23805,-1.26,-0.02,-0.05,0.03,-0.21,-0.07
23806,-1.16,-0.02,-0.05,0.03,-0.21,-0.17
23807,-1.36,-0.13,-0.05,0.03,-0.21,-0.17
23808,-1.26,-0.02,-0.05,-0.08,-0.11,-0.07
23809,-1.26,-0.02,-0.16,0.03,-0.00,-0.17
23810,-1.26,-0.13,-0.16,-0.08,-0.21,-0.07
23811,-1.36,-0.13,-0.16,0.03,-0.21,-0.07
23812,-1.26,-0.13,-0.05,-0.18,-0.11,-0.07
23813,-1.16,-0.02,-0.16,0.03,-0.11,-0.17
23814,-1.26,-0.02,-0.05,-0.08,-0.21,-0.28
23815,-1.26,-0.13,-0.05,-0.18,-0.11,-0.17
23816,-1.36,-0.13,-0.05,0.03,-0.11,-0.07
23817,-1.16,-0.02,-0.16,-0.08,-0.11,-0.17
23818,-1.26,-0.02,-0.05,-0.08,-0.11,-0.17
23819,-1.26,-0.02,-0.16,-0.08,-0.21,-0.07
23820,-1.26,-0.02,-0.05,0.03,-0.11,-0.28
23821,-1.26,-0.02,-0.05,-0.08,-0.00,-0.07
23822,-1.26,-0.13,-0.05,-0.08,-0.11,-0.17
23823,-1.26,-0.02,-0.05,-0.08,-0.11,-0.17
23824,-1.26,-0.13,-0.16,-0.08,-0.00,-0.07
23825,-1.26,-0.13,-0.16,0.03,-0.11,-0.07
23826,-1.26,-0.02,-0.05,-0.08,-0.11,-0.17
23827,-1.16,-0.02,-0.05,-0.08,-0.11,-0.07
23828,-1.26,-0.13,-0.05,0.03,-0.11,-0.17
23829,-1.36,-0.02,-0.05,0.03,-0.00,-0.07
23830,-1.26,-0.02,-0.05,0.13,-0.11,-0.17
23831,-1.26,-0.02,-0.05,0.03,-0.21,-0.17
23832,-1.26,-0.02,-0.05,-0.08,-0.21,-0.07
23833,-1.36,-0.13,-0.16,0.03,-0.11,0.04
23834,-1.16,-0.13,-0.05,0.03,-0.11,-0.17
23835,-1.26,-0.23,-0.05,-0.08,-0.11,-0.17
23836,-1.36,-0.13,-0.05,-0.08,-0.11,-0.07
23837,-1.26,-0.13,-0.05,0.03,-0.11,-0.07
23838,-1.36,-0.02,-0.16,-0.08,-0.11,-0.17
23839,-1.26,-0.02,-0.05,0.03,-0.21,-0.17
23840,-1.26,-0.13,-0.16,-0.08,-0.00,-0.17
23841,-1.26,-0.13,-0.05,0.03,-0.11,-0.17
23842,-1.36,-0.02,-0.05,-0.08,-0.11,-0.17
23843,-1.26,-0.13,-0.05,-0.08,-0.00,-0.07
23844,-1.26,-0.02,-0.05,-0.08,-0.11,-0.17
23845,-1.26,-0.02,-0.05,-0.08,-0.21,-0.07
23846,-1.26,-0.02,-0.05,-0.08,-0.21,-0.17
23847,-1.16,-0.02,-0.16,0.03,-0.11,-0.07
23848,-1.36,-0.02,-0.05,0.03,-0.11,-0.17
23849,-1.36,-0.13,-0.05,0.03,-0.00,-0.07
23850,-1.26,-0.13,-0.05,-0.08,-0.11,-0.07
23851,-1.36,-0.13,-0.16,-0.18,-0.11,-0.07
23852,-1.36,-0.13,-0.05,-0.08,-0.00,-0.07
23853,-1.36,-0.13,-0.05,-0.08,-0.21,-0.07
23854,-1.36,-0.02,-0.05,0.03,-0.21,-0.17
23855,-1.26,-0.13,-0.05,0.03,-0.00,-0.07
23856,-1.26,-0.13,-0.05,-0.08,-0.11,0.04
23857,-1.26,-0.02,-0.05,-0.08,-0.11,-0.07
23858,-1.26,-0.02,-0.05,0.03,-0.21,-0.17
23859,-1.36,-0.13,-0.05,-0.08,-0.21,-0.17
23860,-1.36,-0.02,-0.05,-0.08,-0.21,-0.17
23861,-1.26,-0.13,-0.16,0.03,-0.11,-0.07
23862,-1.16,-0.13,-0.05,-0.18,-0.11,0.04
23863,-1.26,-0.02,-0.16,0.03,-0.21,-0.17
23864,-1.36,-0.02,-0.05,0.03,-0.11,-0.17
24131,-1.57,0.19,-0.05,-0.08,-0.11,-0.07
24132,-1.36,0.08,0.05,-0.08,-0.21,-0.07
24133,-1.26,-0.33,-0.26,0.03,-0.21,-0.07
24134,-1.36,0.08,-0.16,-0.08,-0.21,-0.17
24135,-1.26,-0.13,-0.16,-0.08,-0.11,-0.17
24136,-1.16,-0.33,-0.16,-0.08,-0.11,-0.17
24137,-1.26,-0.02,-0.05,-0.08,-0.11,-0.17
24138,-1.26,-0.02,-0.05,0.03,-0.21,-0.07
24139,-1.26,-0.33,-0.05,-0.08,-0.21,-0.17
24140,-1.36,0.19,0.05,-0.18,-0.11,-0.17
24141,-1.36,-0.13,-0.16,-0.08,-0.00,-0.07
24142,-1.16,-0.02,-0.05,-0.08,-0.00,-0.07
24143,-1.47,0.19,-0.05,-0.08,-0.11,-0.07
24144,-1.26,-0.13,-0.16,-0.08,-0.11,-0.17
24145,-1.26,-0.23,-0.16,-0.08,-0.11,0.04
24146,-1.26,0.19,-0.05,0.03,-0.11,-0.17
24147,-1.16,-0.33,-0.05,-0.08,-0.21,-0.07
24148,-1.26,-0.13,-0.26,-0.08,-0.11,-0.07
24149,-1.26,0.29,-0.05,-0.08,-0.11,0.04
24150,-1.26,-0.23,-0.05,-0.08,-0.21,-0.07
24151,-1.36,-0.33,-0.26,0.03,-0.11,-0.17
24152,-1.26,0.39,-0.05,-0.08,-0.21,-0.17
24153,-1.05,-0.23,-0.05,-0.08,-0.11,-0.07
24154,-1.47,-0.23,-0.26,0.03,-0.11,-0.07
24155,-1.47,-0.02,-0.16,-0.08,-0.21,-0.28
24156,-1.05,-0.23,-0.05,-0.08,-0.00,-0.17
24157,-1.36,0.19,-0.16,-0.08,-0.21,-0.17
24158,-1.57,-0.02,-0.16,-0.08,0.10,-0.07
24159,-1.16,-0.33,-0.16,-0.08,-0.11,0.04
24160,-1.36,0.29,-0.16,-0.08,-0.11,-0.17
24161,-1.36,0.08,-0.05,-0.08,-0.11,-0.17
24162,-1.16,-0.33,-0.05,0.03,-0.11,-0.07
24163,-1.36,0.19,-0.16,-0.08,-0.11,-0.17
24164,-1.05,-0.33,-0.16,0.03,-0.11,-0.28
24165,-1.26,-0.02,-0.05,0.03,-0.00,-0.07
24166,-1.47,0.39,0.05,0.03,-0.21,-0.07
24167,-1.16,-0.44,-0.05,0.03,-0.11,-0.07
24168,-1.36,-0.13,-0.16,0.03,-0.11,-0.28
24169,-1.57,0.39,0.05,0.03,-0.11,-0.07
24170,-1.16,-0.23,0.05,0.03,-0.11,-0.07
24171,-1.26,-0.02,-0.36,0.03,-0.21,-0.17
24172,-1.16,-0.13,-0.16,-0.18,-0.11,-0.17
24173,-1.26,-0.23,-0.16,-0.08,-0.21,-0.17
24174,-1.47,0.19,0.05,-0.18,-0.21,-0.07
24175,-1.05,-0.54,-0.16,-0.08,-0.11,-0.07
24176,-1.26,0.19,-0.26,-0.18,-0.21,-0.17
24177,-1.36,-0.13,0.05,-0.18,-0.11,-0.07
24178,-1.47,-0.13,0.16,0.03,-0.21,-0.07
24179,-1.36,0.19,-0.36,0.03,-0.21,-0.17
24180,-0.95,-0.33,-0.16,-0.08,-0.11,-0.07
24181,-1.47,0.19,0.05,-0.08,-0.21,-0.17
24182,-1.68,0.08,-0.16,0.03,-0.11,-0.17
24183,-0.95,-0.44,0.05,-0.08,-0.21,-0.07
24184,-1.16,0.29,-0.16,-0.08,-0.11,-0.17
24185,-1.26,-0.44,-0.47,-0.08,-0.11,-0.17
24186,-1.36,0.08,0.36,0.03,-0.11,0.04
24187,-1.26,0.19,-0.26,0.03,-0.21,-0.07
24188,-0.95,-0.54,-0.47,0.03,-0.21,-0.17
24189,-1.57,0.08,0.16,-0.08,-0.31,-0.07
24190,-1.57,-0.02,-0.05,0.03,-0.21,-0.07
24191,-1.26,-0.02,-0.05,-0.08,-0.21,0.04
24192,-1.05,-0.13,-0.16,-0.08,-0.21,-0.17
24193,-1.36,-0.33,-0.26,-0.08,-0.11,-0.07
24194,-1.57,0.39,0.05,-0.18,-0.11,-0.17
24195,-1.16,-0.44,-0.16,-0.08,-0.21,-0.17
24196,-1.05,-0.02,-0.47,-0.08,-0.11,-0.07
24197,-1.36,-0.13,-0.16,-0.08,-0.21,-0.07
24198,-1.57,-0.13,0.16,0.03,-0.11,-0.07
24199,-1.36,0.39,0.05,-0.08,-0.21,-0.17
24200,-0.95,-0.44,-0.26,0.03,-0.11,-0.17
24201,-1.47,-0.13,-0.16,-0.08,-0.11,-0.07
24202,-1.47,-0.02,-0.05,-0.08,-0.11,-0.17
24203,-1.05,-0.13,-0.05,-0.08,-0.11,-0.07
24204,-0.95,-0.23,-0.47,0.03,-0.11,-0.17
24205,-1.36,-0.33,-0.05,-0.08,-0.00,-0.17
24206,-1.57,0.39,0.16,-0.08,-0.11,-0.07
24207,-1.16,-0.23,-0.05,-0.08,-0.11,-0.07
24208,-1.16,0.08,-0.16,0.03,-0.00,-0.07
24209,-1.36,-0.33,-0.26,0.03,-0.11,-0.07
24210,-1.36,0.29,0.05,-0.18,-0.11,-0.07
24211,-1.16,0.08,-0.05,0.03,-0.11,-0.07
24212,-1.26,-0.44,-0.26,0.03,-0.21,-0.07
24213,-1.47,-0.02,-0.16,-0.08,-0.21,-0.17
24214,-1.16,-0.13,0.05,0.03,-0.21,-0.17
24215,-1.16,0.29,0.05,-0.08,-0.11,-0.07
24216,-1.26,-0.65,-0.57,-0.08,-0.21,-0.17
24217,-1.26,0.08,0.05,-0.08,-0.11,-0.17
24218,-1.26,-0.02,0.05,-0.08,-0.00,-0.07
24219,-1.47,-0.02,-0.16,-0.08,-0.11,-0.07
24220,-1.26,-0.23,-0.16,0.03,-0.11,-0.07
24221,-1.16,-0.02,-0.05,-0.08,-0.11,-0.17
24222,-1.16,0.29,-0.05,0.03,-0.21,-0.07
24223,-1.16,-0.54,-0.16,0.03,-0.21,-0.07
24224,-1.47,0.19,-0.16,-0.08,-0.11,-0.07
24225,-1.05,-0.33,-0.16,0.03,-0.21,-0.07
24226,-1.47,0.39,0.26,-0.08,-0.11,-0.07
24227,-1.57,-0.13,-0.26,-0.08,-0.11,-0.07
24228,-1.26,-0.02,0.05,0.03,-0.11,0.04
24229,-1.05,0.08,-0.26,-0.08,-0.21,-0.17
24230,-1.26,-0.23,-0.26,-0.08,-0.21,-0.07
24231,-1.36,-0.13,-0.05,0.03,-0.11,-0.17
24232,-1.36,-0.13,-0.26,-0.18,-0.21,-0.07
24233,-1.26,-0.02,-0.05,0.03,-0.11,-0.07
24234,-1.36,-0.23,-0.16,-0.08,-0.21,-0.07
24235,-1.47,0.39,0.05,0.03,-0.11,-0.17
24236,-1.16,-0.54,-0.36,0.03,-0.21,-0.17
24237,-1.26,0.29,0.05,-0.08,-0.21,-0.17
24238,-1.36,-0.33,-0.36,-0.18,-0.21,-0.07
24239,-1.57,0.39,-0.05,-0.08,-0.21,-0.07
24240,-1.05,-0.54,-0.16,-0.08,-0.11,-0.17
24242,-1.36,0.50,-0.05,0.03,-0.11,-0.07
24242,-1.26,-0.54,-0.26,-0.18,-0.11,-0.07
24243,-1.36,0.29,0.05,0.03,-0.11,-0.07
24244,-1.05,-0.54,-0.36,0.03,-0.11,-0.07
24245,-1.47,0.39,0.05,-0.08,-0.11,-0.07
24246,-1.26,-0.44,-0.05,0.13,-0.11,-0.17
24247,-1.36,0.29,0.05,0.03,-0.11,-0.07
24248,-1.16,-0.44,-0.26,0.03,-0.11,-0.07
24249,-1.26,0.08,0.05,-0.08,-0.00,0.04
24250,-1.16,-0.23,-0.16,-0.08,-0.21,-0.07
24251,-1.26,-0.23,-0.05,0.03,-0.11,-0.17
24252,-1.57,0.19,-0.05,-0.08,-0.11,0.04
24253,-1.16,-0.23,-0.05,0.03,-0.11,-0.07
24254,-1.36,0.08,-0.16,-0.08,-0.11,-0.17
24255,-1.36,-0.33,-0.05,0.03,-0.11,-0.07
24256,-1.16,0.19,-0.16,0.03,-0.11,-0.17
24257,-1.26,-0.13,-0.16,0.03,-0.21,-0.07
24258,-1.26,-0.13,-0.26,0.03,-0.21,-0.07
24259,-1.47,0.19,-0.16,0.03,-0.21,-0.17
24260,-1.16,-0.02,-0.16,0.03,-0.00,-0.17
24261,-1.47,-0.13,0.05,0.03,-0.21,-0.07
24262,-1.47,0.29,-0.26,0.13,-0.11,0.04
24263,-1.26,-0.44,-0.16,-0.08,-0.11,0.14
24264,-1.05,-0.02,-0.16,-0.08,-0.21,-0.07
24265,-1.47,0.08,-0.16,-0.08,-0.11,-0.17
24266,-1.16,-0.13,-0.26,-0.08,-0.11,-0.07
24267,-1.36,-0.13,0.05,-0.08,-0.11,-0.07
24268,-1.36,0.08,-0.36,-0.18,-0.11,-0.17
24269,-1.47,0.08,0.05,-0.08,-0.00,-0.07
24270,-1.16,-0.23,-0.16,0.03,-0.21,-0.07
24271,-1.36,0.08,-0.05,0.03,-0.21,-0.07
24272,-1.05,-0.02,-0.47,-0.08,-0.31,0.04
24273,-1.57,0.19,0.05,-0.08,-0.11,-0.07
24274,-1.36,-0.23,-0.36,-0.08,-0.00,0.04
24275,-1.47,0.19,-0.05,-0.08,-0.00,-0.07
24276,-1.16,-0.13,-0.26,0.03,-0.11,-0.07
24277,-1.47,0.08,0.05,0.03,-0.21,-0.17
24278,-1.16,-0.33,-0.47,0.03,-0.11,-0.07
24279,-1.36,-0.02,0.05,0.03,-0.11,-0.07
24280,-1.16,-0.23,-0.16,-0.08,-0.11,-0.07
24281,-1.26,0.08,0.05,-0.08,-0.00,-0.07
24282,-1.26,-0.13,-0.36,-0.08,-0.11,-0.17
24283,-1.36,-0.13,-0.05,0.03,-0.11,-0.17
24284,-1.16,0.08,-0.16,-0.08,-0.11,-0.07
24285,-1.47,-0.13,-0.16,0.03,-0.21,-0.07
24286,-1.47,0.08,0.16,-0.08,-0.21,-0.07
24287,-1.05,-0.33,-0.16,0.03,-0.21,-0.07
24288,-1.36,0.29,-0.16,-0.08,-0.11,-0.07
24289,-1.26,-0.65,-0.16,0.13,-0.11,-0.07
24290,-1.26,0.29,0.05,-0.08,-0.11,-0.28
24291,-1.16,-0.33,-0.47,0.03,-0.21,-0.17
24292,-1.36,0.19,0.05,-0.08,-0.21,-0.17
24293,-1.26,-0.33,-0.05,0.03,-0.11,-0.07
24294,-1.16,-0.02,-0.36,0.03,-0.11,-0.07
24295,-1.26,-0.23,0.05,-0.08,-0.21,-0.17
24296,-1.36,0.08,-0.16,0.03,-0.11,-0.07
24297,-1.47,0.19,-0.26,-0.08,0.10,-0.07
24298,-1.36,-0.23,-0.05,-0.08,-0.21,-0.07
24299,-1.26,0.19,-0.05,-0.08,-0.21,-0.17
24300,-1.05,-0.44,-0.68,-0.08,-0.11,-0.07
24301,-1.36,0.19,0.36,-0.08,-0.00,-0.07
24302,-1.36,-0.23,-0.26,-0.18,-0.11,-0.17
24303,-1.16,0.08,-0.36,-0.08,-0.00,-0.07
24304,-1.26,-0.02,0.16,0.03,-0.11,-0.07
24305,-1.16,-0.33,-0.57,0.13,-0.11,-0.07
24306,-1.36,0.29,-0.05,0.03,-0.21,-0.07
24307,-1.26,-0.54,0.05,-0.18,-0.11,-0.07
24308,-1.47,0.60,-0.05,-0.08,-0.00,-0.17
24309,-1.26,-0.54,-0.36,-0.08,-0.11,-0.17
24310,-1.26,0.50,0.05,0.03,-0.11,-0.07
24311,-1.16,-0.33,-0.47,-0.08,-0.11,-0.07
24312,-1.47,-0.13,-0.16,-0.08,-0.11,-0.07
24313,-1.47,0.29,0.26,-0.08,-0.00,-0.07
24314,-1.16,-0.54,-0.57,0.03,-0.11,0.04
24315,-1.26,0.71,-0.05,-0.08,-0.11,-0.07
24316,-1.05,-0.75,-0.36,-0.08,-0.11,-0.17
24317,-1.36,0.50,-0.16,0.03,-0.11,-0.07
24318,-1.47,-0.13,-0.16,-0.08,-0.00,-0.07
24319,-1.36,-0.02,0.05,0.03,-0.21,-0.17
24320,-1.26,0.29,-0.36,0.03,-0.00,0.04
24321,-1.05,-0.75,-0.47,-0.08,-0.11,-0.07
24322,-1.26,0.50,0.47,-0.08,-0.11,0.04
24323,-1.47,-0.44,-0.57,-0.08,-0.21,-0.17
24324,-1.26,0.08,0.05,0.03,-0.11,-0.28
24325,-1.16,0.19,0.16,-0.08,-0.21,-0.07
24326,-1.16,-0.44,-0.99,-0.08,-0.21,-0.17
24327,-1.36,0.60,0.47,0.03,-0.21,-0.28
24328,-1.47,-0.75,-0.05,-0.08,-0.11,-0.07
24499,-1.16,-1.06,-0.57,-0.08,-0.00,-0.17
24500,-1.68,0.19,0.16,0.03,-0.11,-0.07
24501,-1.36,1.12,0.36,-0.08,-0.21,-0.07
24502,-1.05,-0.44,-0.47,0.03,-0.21,-0.17
24503,-1.26,-1.17,-0.57,-0.08,-0.11,-0.17
24504,-1.57,0.39,0.36,-0.08,-0.11,-0.17
24505,-1.05,0.91,0.26,0.03,-0.21,-0.07
24506,-1.16,-0.44,-0.68,0.03,-0.11,-0.07
24507,-1.47,-1.06,-0.57,0.03,-0.11,-0.07
24508,-1.36,0.50,0.26,0.03,-0.21,-0.07
24509,-0.95,0.71,0.05,0.03,-0.00,0.04
24510,-1.16,-0.75,-0.57,0.03,-0.11,-0.07
24511,-1.68,-0.85,-0.16,-0.18,-0.00,-0.07
24512,-1.05,0.50,0.05,0.03,-0.00,-0.17
24513,-0.84,0.60,-0.05,-0.08,-0.21,-0.17
24514,-1.47,-0.75,-0.36,0.03,-0.21,-0.17
24515,-1.78,-0.54,-0.05,-0.08,-0.21,-0.17
24516,-0.95,0.60,-0.05,-0.08,-0.11,-0.17
24517,-0.95,0.19,-0.16,0.03,-0.21,-0.07
24518,-1.57,-0.54,-0.26,0.03,-0.11,-0.17
24519,-1.78,-0.23,0.05,0.03,-0.00,-0.07
24520,-0.84,0.29,-0.05,0.03,-0.11,-0.07
24521,-1.05,0.08,-0.26,0.03,-0.11,-0.17
24522,-1.78,-0.44,-0.26,-0.08,-0.21,-0.07
24523,-1.47,-0.13,0.16,0.03,-0.11,-0.17
24524,-0.84,0.29,-0.05,0.03,-0.00,-0.17
24525,-1.05,-0.23,-0.16,-0.08,-0.11,-0.07
24526,-1.68,-0.33,-0.16,-0.08,-0.11,-0.17
24527,-1.26,-0.13,-0.05,-0.08,-0.11,0.04
24528,-0.95,0.19,-0.16,-0.08,-0.11,-0.28
24529,-1.36,-0.13,-0.05,-0.08,-0.21,-0.17
24530,-1.57,-0.23,-0.05,0.03,-0.11,-0.07
24531,-1.36,-0.02,-0.05,0.03,-0.11,-0.07
24532,-1.16,0.08,-0.05,0.03,-0.21,-0.17
24533,-1.26,-0.02,-0.05,-0.08,-0.00,-0.07
24534,-1.47,-0.33,-0.16,0.03,-0.11,-0.07
24535,-1.26,0.08,0.05,0.03,-0.11,-0.17
24536,-1.16,0.19,-0.16,0.03,-0.00,0.04
24537,-1.36,-0.02,-0.05,-0.08,-0.11,-0.07
24538,-1.47,-0.54,-0.36,0.03,-0.11,-0.17
24539,-1.16,-0.13,-0.05,0.03,-0.11,-0.07
24540,-1.16,0.29,-0.05,0.03,-0.00,-0.17
24541,-1.36,-0.33,-0.26,-0.08,-0.11,-0.07
24542,-1.47,-0.33,-0.26,0.03,-0.11,-0.07
24543,-1.26,-0.02,0.05,0.03,-0.11,-0.17
24544,-1.16,0.29,-0.05,-0.08,-0.21,-0.17
24545,-1.47,-0.44,-0.16,-0.18,-0.11,-0.07
24546,-1.57,-0.23,-0.16,-0.08,-0.21,-0.07
24547,-1.05,0.19,0.05,0.03,-0.21,-0.07
24548,-0.95,0.19,-0.16,-0.08,-0.21,-0.07
24549,-1.57,-0.33,-0.05,-0.18,-0.00,-0.17
24550,-1.68,-0.23,-0.16,-0.08,-0.11,-0.07
24551,-0.95,0.39,0.05,-0.08,-0.11,-0.07
24552,-0.95,-0.13,-0.26,-0.08,-0.21,-0.28
24553,-1.78,-0.54,-0.16,0.03,-0.11,-0.07
24554,-1.68,0.08,0.26,-0.08,-0.11,-0.17
24555,-0.64,0.08,-0.36,0.13,-0.11,-0.17
24556,-1.16,-0.33,-0.47,-0.08,-0.11,-0.17
24557,-2.09,-0.23,0.16,-0.08,-0.11,-0.17
24558,-1.36,0.39,0.05,-0.08,-0.31,-0.07
24559,-0.43,-0.23,-0.57,-0.08,-0.11,-0.07
24560,-1.36,-0.54,-0.26,-0.08,-0.21,-0.07
24561,-2.09,0.29,0.36,-0.08,-0.11,-0.17
24562,-0.84,0.19,-0.05,-0.08,-0.11,-0.17
24563,-0.53,-0.23,-0.47,0.03,-0.31,-0.17
24564,-1.68,-0.54,-0.26,-0.08,-0.11,-0.17
24565,-1.88,0.71,0.36,0.03,-0.11,-0.07
24566,-0.64,-0.02,-0.05,-0.08,-0.11,-0.07
24567,-1.05,-0.65,-0.88,0.03,-0.00,-0.07
24568,-1.78,-0.02,0.16,-0.08,-0.21,-0.07
24569,-1.36,0.39,0.05,0.03,-0.11,-0.07
24570,-0.95,-0.13,-0.26,0.03,-0.11,-0.17
24571,-1.26,-0.85,-0.36,0.03,-0.00,-0.07
24572,-1.57,0.39,0.16,-0.08,-0.11,0.04
24573,-1.16,0.29,0.05,0.03,-0.21,-0.07
24574,-1.47,-0.65,-0.47,0.03,-0.00,-0.07
24575,-1.36,-0.02,-0.16,-0.08,-0.21,-0.17
24576,-1.16,0.19,0.05,0.13,-0.11,-0.07
24577,-1.47,0.08,-0.16,0.03,-0.21,-0.07
24578,-1.68,-0.44,-0.16,0.03,-0.11,-0.07
24579,-0.95,-0.02,-0.16,-0.08,-0.21,-0.28
24580,-0.95,0.29,-0.26,-0.08,-0.11,-0.17
24581,-1.78,-0.44,-0.05,0.03,-0.21,-0.07
24582,-1.36,-0.13,-0.16,-0.08,-0.11,-0.17
24583,-0.64,0.08,-0.36,-0.08,-0.21,-0.17
24584,-1.36,-0.13,-0.16,-0.08,-0.11,-0.17
24585,-1.99,-0.02,0.05,-0.08,-0.21,-0.17
24586,-1.05,-0.23,-0.16,0.03,-0.11,-0.07
24587,-0.84,-0.13,-0.26,-0.08,-0.11,-0.17
24588,-1.57,-0.23,-0.26,0.03,-0.11,-0.17
24589,-1.68,0.08,0.26,0.03,-0.11,-0.07
24590,-1.05,0.19,0.05,0.03,-0.00,-0.07
24591,-0.95,-0.23,-0.68,-0.08,-0.11,-0.28
24592,-1.57,-0.13,0.05,0.03,-0.11,-0.07
24593,-1.36,0.08,0.05,0.03,-0.21,-0.07
24594,-1.05,-0.13,-0.26,0.03,0.10,-0.17
24595,-1.26,-0.13,-0.36,0.03,-0.11,-0.17
24596,-1.47,-0.33,0.05,0.13,-0.21,-0.17
24597,-1.36,0.29,0.05,0.03,-0.11,-0.07
24598,-1.16,-0.13,-0.36,-0.08,-0.11,-0.17
24599,-1.26,-0.23,-0.26,-0.18,-0.11,-0.07
24600,-1.36,-0.02,0.05,-0.08,-0.21,-0.07
24601,-1.36,-0.02,-0.05,0.03,-0.11,-0.07
24602,-1.16,0.08,-0.36,-0.08,-0.21,-0.07
24603,-1.26,-0.23,-0.16,-0.08,-0.11,0.04
24604,-1.36,-0.02,0.05,-0.08,-0.21,-0.07
24605,-1.26,0.19,-0.05,-0.08,-0.11,-0.07
24606,-1.16,-0.33,-0.47,-0.08,-0.21,-0.07
24607,-1.16,-0.13,0.05,0.03,-0.21,-0.17
24608,-1.26,0.19,-0.05,0.03,-0.21,-0.07
24609,-1.26,-0.23,-0.36,-0.08,-0.11,-0.17
24610,-1.26,-0.13,0.05,0.03,-0.11,-0.17
24611,-1.36,-0.13,-0.16,-0.08,-0.21,-0.17
24612,-1.26,0.08,-0.16,-0.08,-0.21,-0.17
24613,-1.47,-0.13,-0.26,-0.18,-0.11,-0.07
24614,-1.26,-0.23,0.05,0.03,-0.11,-0.07
24615,-1.05,0.19,-0.05,-0.08,-0.00,-0.07
24616,-1.47,-0.13,-0.16,-0.08,-0.21,0.04
24617,-1.68,-0.02,-0.16,-0.08,-0.11,-0.17
24618,-0.95,0.08,0.05,-0.08,-0.00,-0.07
24619,-1.05,-0.44,-0.47,0.13,-0.11,-0.07
24620,-1.88,-0.13,-0.05,0.03,-0.11,0.04
24621,-1.47,0.19,0.16,-0.08,-0.11,-0.07
24622,-0.74,-0.33,-0.57,-0.08,-0.11,-0.17
24623,-1.36,-0.13,-0.16,-0.08,-0.21,-0.17
24624,-1.78,-0.02,0.16,0.03,-0.11,-0.07
24625,-1.05,0.19,-0.16,-0.08,-0.11,-0.07
24626,-1.05,-0.33,-0.36,-0.08,-0.11,-0.07
24627,-1.78,0.08,-0.05,0.03,-0.11,-0.07
24628,-1.16,0.08,0.16,0.03,-0.21,-0.17
24629,-0.95,-0.02,-0.16,0.03,-0.11,-0.07
24630,-1.68,-0.23,-0.47,0.03,-0.00,-0.07
24631,-1.26,0.19,0.05,0.03,-0.21,-0.07
24632,-0.84,0.08,0.05,0.03,-0.21,-0.17
24633,-1.47,-0.54,-0.26,0.03,-0.00,-0.07
24634,-1.36,0.29,-0.05,-0.08,-0.11,-0.17
24635,-0.95,-0.13,-0.05,-0.08,-0.11,-0.07
24636,-1.26,-0.23,-0.05,-0.08,-0.21,-0.07
24637,-1.47,0.19,0.05,-0.08,-0.21,-0.17
24638,-1.05,-0.02,-0.05,-0.08,-0.31,-0.17
24639,-1.16,-0.23,-0.05,-0.08,-0.11,-0.07
24640,-1.47,-0.13,-0.16,0.13,-0.11,0.04
24641,-1.16,0.39,-0.05,-0.08,-0.11,-0.17
24642,-1.26,-0.23,-0.05,0.03,-0.11,-0.07
24643,-1.57,-0.44,-0.16,0.03,-0.11,-0.07
24644,-1.16,0.19,-0.26,-0.08,-0.11,-0.07
24645,-1.05,-0.13,-0.16,-0.08,-0.21,-0.07
24646,-1.68,-0.23,0.16,-0.08,-0.11,-0.07
24647,-1.36,-0.44,-0.36,0.03,-0.00,-0.07
24648,-0.95,0.19,-0.05,0.13,-0.00,-0.07
24649,-1.47,-0.13,0.16,-0.08,-0.00,-0.17
24650,-1.57,-0.13,-0.16,-0.08,-0.00,-0.17
24651,-1.16,-0.02,-0.16,-0.08,-0.21,0.04
24652,-1.26,-0.23,-0.16,-0.08,-0.21,-0.07
24653,-1.47,-0.02,0.05,0.03,-0.21,-0.07
24654,-1.26,-0.02,0.05,-0.08,-0.21,-0.17
24655,-1.16,-0.13,-0.36,-0.08,-0.11,0.04
24656,-1.26,-0.02,0.05,-0.08,-0.11,-0.07
24657,-1.36,-0.23,-0.16,-0.18,-0.00,-0.17
24658,-1.36,-0.02,-0.26,-0.08,-0.11,-0.17
24659,-1.26,-0.13,0.05,-0.08,-0.11,-0.28
24660,-1.26,-0.33,-0.16,0.03,-0.21,-0.17
24661,-1.36,-0.02,-0.16,-0.08,-0.21,-0.17
24662,-1.26,0.08,-0.05,0.03,-0.11,-0.17
24663,-1.36,-0.23,-0.05,-0.08,-0.11,-0.17
24664,-1.36,-0.23,-0.05,-0.08,-0.21,-0.17
24665,-1.16,0.19,-0.16,-0.08,-0.31,-0.17
24666,-1.36,-0.02,-0.05,-0.08,-0.21,-0.07
24667,-1.57,-0.13,-0.05,-0.18,-0.00,-0.07
24668,-1.16,-0.13,-0.36,0.03,-0.11,-0.17
24669,-1.26,-0.23,-0.26,0.03,-0.11,-0.07
24670,-1.36,-0.02,0.16,-0.08,-0.21,-0.17
24671,-1.26,0.08,-0.16,0.03,-0.21,-0.07
24672,-1.05,-0.44,-0.47,-0.08,-0.21,-0.07
24673,-1.36,-0.02,-0.05,-0.08,-0.11,-0.07
24674,-1.26,0.08,-0.05,-0.08,-0.11,-0.07
24675,-1.36,-0.02,-0.36,-0.18,-0.11,-0.17
24676,-1.47,-0.33,-0.16,-0.18,-0.11,0.04
24677,-1.16,0.19,-0.05,-0.08,-0.11,-0.17
24678,-1.26,-0.02,-0.16,-0.08,-0.11,0.04
24679,-1.57,-0.02,0.05,-0.08,-0.11,-0.07
24680,-1.36,-0.13,-0.05,-0.08,-0.00,-0.07
24681,-0.95,-0.13,-0.36,0.03,-0.21,-0.17
24682,-1.57,-0.02,-0.16,0.03,-0.11,-0.17
24683,-1.47,0.08,0.16,-0.08,-0.21,-0.17
24684,-0.84,-0.54,-0.26,-0.08,-0.11,-0.07
24685,-1.36,-0.02,-0.36,-0.08,-0.21,-0.17
24686,-1.57,0.08,0.05,0.03,-0.21,-0.17
24687,-1.05,-0.02,-0.05,-0.08,-0.11,-0.07
24688,-1.47,-0.33,-0.47,0.03,-0.11,-0.17
24689,-1.57,0.08,-0.16,-0.08,-0.11,-0.07
24690,-1.05,0.08,0.26,-0.08,-0.11,-0.07
24691,-1.36,-0.13,-0.26,0.03,-0.11,-0.17
24692,-1.47,-0.02,-0.16,-0.18,-0.11,-0.07
24693,-0.95,-0.13,0.05,-0.08,-0.00,-0.07
24694,-1.26,-0.23,-0.16,0.03,-0.21,-0.17
24695,-1.68,0.39,-0.05,0.03,-0.11,-0.17
24696,-1.16,-0.54,-0.05,0.03,-0.00,-0.07
24697,-1.16,-0.13,-0.16,0.13,-0.11,-0.07
24698,-1.36,-0.02,-0.16,-0.08,-0.00,-0.07
24699,-1.26,0.08,-0.16,-0.08,-0.21,-0.07
24700,-1.36,-0.23,0.05,0.03,-0.11,-0.07
24701,-1.26,-0.02,-0.26,-0.08,-0.21,-0.07
24702,-1.16,0.19,-0.16,0.03,-0.21,-0.07
24703,-1.57,-0.02,0.16,-0.08,-0.21,-0.17
24704,-1.36,-0.23,-0.26,0.03,-0.11,-0.17
24705,-0.84,0.19,-0.47,-0.08,-0.00,-0.28
24706,-1.47,-0.33,0.26,0.03,-0.21,0.04
24707,-1.57,0.08,-0.05,0.13,-0.11,-0.17
24708,-0.95,-0.23,-0.47,0.03,-0.11,-0.28
24709,-1.26,-0.23,-0.05,0.03,-0.11,-0.28
24710,-1.47,-0.02,-0.05,-0.08,-0.11,-0.07
24711,-1.26,-0.02,-0.26,-0.18,-0.21,-0.17
24712,-1.26,-0.23,-0.26,-0.08,-0.11,-0.17
24713,-1.26,-0.13,0.05,0.03,-0.11,-0.07
24714,-1.47,0.08,-0.05,0.03,-0.11,-0.07
24715,-1.36,-0.02,-0.16,-0.08,-0.11,-0.07
24716,-1.36,-0.23,-0.05,0.03,-0.21,-0.07
24717,-1.05,-0.13,-0.26,-0.08,-0.11,-0.17
24718,-1.26,-0.02,-0.16,-0.08,-0.11,-0.07
24719,-1.47,-0.23,-0.05,-0.08,-0.21,-0.17
24720,-1.36,-0.23,0.05,-0.18,-0.21,-0.07
24721,-0.95,-0.13,-0.57,0.13,-0.11,-0.07
24722,-1.36,-0.02,0.16,-0.08,-0.11,-0.17
24723,-1.57,-0.02,0.16,0.03,-0.11,-0.07
24724,-1.16,0.08,-0.47,-0.08,-0.31,-0.07
24725,-1.16,-0.13,-0.16,-0.08,-0.21,-0.07
24726,-1.47,0.19,0.16,-0.08,-0.11,-0.17
24727,-1.47,-0.02,-0.26,-0.08,-0.00,-0.17
24728,-1.16,-0.23,-0.26,-0.08,-0.11,-0.07
24729,-1.36,-0.02,0.05,0.03,-0.21,-0.17
24730,-1.36,0.08,-0.26,0.03,-0.11,-0.17
24731,-1.36,-0.33,-0.26,0.03,-0.11,0.04
24732,-1.26,-0.33,0.05,-0.08,-0.11,-0.17
24733,-1.16,0.08,-0.26,-0.08,-0.00,-0.17
24734,-1.36,0.08,-0.16,-0.08,-0.11,-0.17
24735,-1.47,-0.33,0.16,-0.08,-0.11,-0.07
24736,-1.05,0.08,-0.36,-0.08,-0.00,0.04
24737,-1.26,0.08,-0.36,-0.08,-0.11,-0.07
24738,-1.68,-0.13,0.26,-0.08,-0.11,-0.07
24739,-1.16,-0.13,-0.16,-0.08,-0.11,-0.17
24740,-1.16,-0.02,-0.57,-0.08,-0.21,-0.17
24741,-1.36,-0.02,0.16,0.03,-0.11,-0.07
24742,-1.16,-0.23,-0.16,-0.08,-0.11,-0.07
24743,-1.36,-0.23,-0.36,-0.08,-0.21,-0.17
24744,-1.26,-0.13,0.05,-0.08,-0.21,-0.07
24745,-0.95,-0.02,-0.05,-0.08,-0.00,0.04
24746,-1.47,-0.23,-0.47,-0.08,-0.11,-0.07
24747,-1.47,-0.02,-0.05,-0.08,-0.21,-0.17
24748,-0.95,-0.02,-0.05,-0.08,-0.21,-0.07
24749,-1.47,-0.13,-0.47,0.03,-0.11,-0.07
24750,-1.68,0.08,-0.05,-0.08,-0.11,-0.17
24751,-1.16,-0.23,0.16,0.03,-0.11,-0.07
24752,-1.36,-0.02,-0.47,0.03,-0.21,-0.07
24753,-1.26,0.08,-0.16,-0.08,-0.11,-0.07
24754,-1.26,-0.33,0.16,0.03,-0.21,-0.07
24755,-1.26,-0.33,-0.36,0.03,-0.11,-0.17
24756,-1.05,0.19,-0.47,-0.08,-0.21,-0.28
24757,-1.36,-0.33,0.26,0.03,-0.21,-0.07
24758,-1.57,-0.13,-0.26,-0.08,-0.11,-0.17
24759,-1.16,0.08,-0.36,-0.08,-0.11,-0.07
24760,-1.36,-0.02,0.36,-0.08,-0.31,-0.07
24761,-1.47,-0.02,-0.36,0.03,-0.11,-0.17
24762,-1.16,-0.13,-0.47,-0.08,-0.00,-0.07
24763,-1.26,-0.13,0.26,-0.08,-0.11,-0.07
24764,-1.36,-0.02,-0.26,0.13,-0.11,-0.07
24765,-1.05,-0.13,-0.36,-0.08,-0.11,-0.28
24766,-1.36,-0.23,0.16,-0.08,-0.00,-0.07
24767,-1.36,-0.13,-0.05,-0.08,-0.11,-0.07
24768,-1.16,-0.02,-0.47,0.03,-0.21,0.04
24769,-1.36,-0.23,0.16,-0.08,-0.11,-0.17
24770,-1.47,-0.02,-0.05,0.03,-0.11,-0.17
24771,-1.26,0.19,-0.47,0.03,-0.11,-0.17
24772,-1.36,-0.13,0.16,-0.08,-0.11,-0.17
24773,-1.47,-0.13,-0.05,-0.08,-0.11,-0.28
24774,-1.26,-0.13,-0.47,0.03,-0.21,-0.07
24775,-1.26,-0.02,0.05,0.03,-0.21,-0.07
24776,-1.26,-0.23,0.05,0.03,-0.00,-0.17
24777,-1.36,-0.13,-0.47,-0.08,-0.00,-0.07
24778,-1.26,-0.02,-0.05,-0.08,-0.21,-0.07
24779,-1.16,-0.02,0.16,0.03,-0.21,-0.07
24780,-1.36,-0.02,-0.47,0.03,-0.11,-0.07
24781,-1.36,-0.33,-0.26,0.03,-0.11,-0.07
24782,-1.36,-0.02,0.16,0.03,-0.21,-0.17
24783,-1.36,0.08,-0.47,-0.08,-0.00,-0.17
24784,-1.36,-0.23,-0.36,-0.08,-0.21,-0.07
24937,-1.47,0.08,0.68,0.03,-0.11,-0.17
24938,-1.36,-0.13,-1.20,0.03,-0.21,-0.17
24939,-1.26,-0.23,0.36,0.03,-0.11,-0.17
24940,-1.36,0.29,-0.05,-0.08,-0.21,-0.07
24941,-1.36,-0.33,-0.88,0.03,-0.31,-0.17
24942,-1.16,-0.23,0.57,-0.08,-0.11,-0.07
24943,-1.36,0.29,-0.57,-0.08,-0.11,-0.07
24944,-1.16,-0.44,-0.47,-0.08,-0.00,-0.07
24945,-1.26,0.08,0.57,-0.08,-0.21,-0.07
24946,-1.68,0.19,-0.78,0.03,-0.11,-0.07
24947,-0.95,-0.33,0.16,-0.08,-0.11,0.04
24948,-1.36,0.19,0.26,-0.28,-0.21,-0.07
24949,-1.26,-0.02,-1.09,-0.08,-0.00,-0.17
24950,-0.95,-0.23,0.57,-0.08,-0.11,0.04
24951,-1.57,0.29,-0.26,0.03,-0.21,-0.07
24952,-1.16,-0.44,-0.78,0.03,-0.00,-0.07
24953,-1.26,-0.02,0.57,0.03,-0.11,-0.17
24954,-1.36,0.08,-0.68,0.03,-0.00,0.04
24955,-1.05,-0.33,-0.16,0.03,-0.11,-0.17
24956,-1.57,0.19,0.26,-0.08,-0.11,-0.17
24957,-1.26,-0.23,-0.88,0.03,-0.21,-0.07
24958,-1.26,-0.33,0.47,-0.08,-0.21,0.04
24959,-1.47,0.39,-0.26,-0.08,-0.11,-0.17
24960,-1.05,-0.44,-0.57,0.03,-0.11,-0.07
24961,-1.36,-0.02,0.57,-0.08,-0.21,-0.07
24962,-1.26,0.08,-0.68,0.03,-0.11,-0.07
24963,-1.16,-0.33,0.05,-0.08,-0.00,-0.07
24964,-1.36,0.19,0.16,-0.08,-0.00,-0.28
24965,-1.36,-0.02,-0.78,0.03,-0.11,-0.07
24966,-1.26,-0.23,0.47,-0.18,-0.21,-0.07
24967,-1.36,0.29,-0.47,0.03,-0.21,-0.07
24968,-1.26,-0.33,-0.36,0.13,-0.11,-0.17
24969,-1.26,-0.02,0.26,-0.08,-0.21,-0.07
24970,-1.36,0.08,-0.68,0.03,-0.11,-0.17
24971,-1.16,-0.33,0.05,0.03,-0.11,-0.17
24972,-1.36,0.08,-0.05,0.03,-0.21,-0.17
24973,-1.36,-0.02,-0.68,-0.08,-0.11,-0.17
24974,-1.16,-0.23,0.47,0.03,-0.11,-0.17
24975,-1.36,0.19,-0.47,-0.08,-0.11,-0.07
24976,-1.36,-0.44,-0.36,0.03,-0.11,-0.07
24977,-1.26,0.08,0.36,-0.08,-0.21,-0.28
24978,-1.47,0.08,-0.78,0.03,-0.11,-0.17
24979,-1.26,-0.44,0.26,0.03,-0.00,-0.07
24980,-1.36,0.19,-0.16,-0.08,-0.21,-0.07
24981,-1.26,-0.23,-0.68,-0.08,-0.00,-0.17
24982,-1.26,-0.13,0.47,-0.08,-0.11,-0.17
24983,-1.47,0.08,-0.57,0.03,-0.00,-0.28
24984,-1.26,-0.13,-0.05,0.03,-0.11,-0.17
24985,-1.36,-0.02,0.26,-0.08,-0.21,-0.17
24986,-1.47,-0.02,-0.78,-0.08,-0.11,-0.17
24987,-1.16,-0.33,0.47,0.03,-0.21,-0.17
24988,-1.47,0.08,-0.36,-0.08,-0.21,-0.17
24989,-1.26,-0.23,-0.57,-0.08,-0.11,-0.07
24990,-1.16,-0.33,0.47,-0.08,-0.21,-0.17
24991,-1.57,0.08,-0.68,0.03,-0.11,-0.17
24992,-1.16,-0.23,0.16,-0.08,-0.21,-0.17
24993,-1.47,-0.02,-0.05,-0.08,-0.21,-0.07
24994,-1.36,-0.02,-0.57,0.03,-0.11,-0.07
24995,-1.05,-0.33,0.36,-0.08,-0.00,-0.07
24996,-1.78,0.39,-0.47,0.03,-0.21,-0.17
24997,-1.05,-0.23,-0.26,-0.08,-0.21,-0.17
24998,-1.47,-0.02,0.16,-0.08,-0.11,-0.07
24999,-1.47,0.08,-0.88,0.03,-0.11,-0.17
25000,-1.05,-0.33,0.47,-0.08,-0.11,-0.17
25001,-1.57,0.19,-0.36,-0.08,-0.21,-0.07
25002,-1.05,-0.33,-0.57,-0.08,-0.11,-0.07
25003,-1.26,-0.02,0.57,0.03,-0.00,-0.07
25004,-1.47,0.19,-0.78,-0.08,-0.11,-0.17
25005,-1.16,-0.44,0.16,-0.08,-0.11,-0.07
25006,-1.36,0.29,-0.16,0.03,-0.11,-0.07
25007,-1.36,-0.23,-0.78,0.03,-0.21,-0.17
25008,-1.05,-0.13,0.47,0.03,-0.11,-0.07
25009,-1.47,0.19,-0.68,-0.08,-0.11,-0.17
25010,-1.16,-0.23,-0.05,0.03,-0.00,-0.28
25011,-1.26,-0.02,0.26,-0.08,-0.21,-0.07
25012,-1.47,0.08,-0.68,0.03,-0.21,-0.28
25013,-1.16,-0.23,0.36,-0.08,-0.11,-0.17
25014,-1.36,-0.02,-0.47,-0.08,-0.11,-0.07
25015,-1.47,-0.13,-0.16,0.03,-0.11,-0.07
25016,-1.16,-0.13,0.16,0.03,-0.21,-0.07
25017,-1.47,-0.02,-0.78,-0.08,-0.11,-0.07
25018,-1.16,-0.23,0.16,-0.08,-0.11,-0.07
25019,-1.26,-0.02,-0.36,0.03,-0.21,-0.07
25020,-1.36,-0.13,-0.36,0.03,-0.11,-0.17
25021,-1.26,-0.13,0.16,-0.08,-0.11,-0.07
25022,-1.47,0.08,-0.57,0.03,-0.21,-0.28
25023,-1.16,-0.13,0.05,-0.08,-0.11,-0.07
25024,-1.26,-0.02,-0.16,0.03,-0.21,-0.07
25025,-1.47,-0.13,-0.47,-0.08,-0.11,-0.07
25026,-1.16,-0.13,0.47,-0.08,-0.21,-0.07
25027,-1.26,-0.13,-0.57,-0.08,-0.11,-0.17
25028,-1.26,-0.13,0.16,-0.08,-0.11,-0.17
25029,-1.26,-0.13,0.16,-0.08,-0.11,-0.07
25030,-1.47,-0.02,-0.57,-0.08,-0.21,-0.17
25031,-1.16,-0.02,0.26,-0.08,-0.11,-0.07
25032,-1.47,-0.13,-0.47,-0.08,-0.11,-0.07
25033,-1.26,-0.02,-0.16,0.03,-0.11,-0.07
25034,-1.16,-0.13,-0.05,-0.08,-0.21,-0.07
25035,-1.47,-0.02,-0.47,-0.18,-0.11,-0.17
25036,-1.05,-0.13,0.16,0.03,-0.11,-0.28
25037,-1.36,-0.02,-0.36,-0.08,-0.11,-0.07
25038,-1.26,-0.13,-0.16,-0.18,-0.00,-0.07
25039,-1.36,-0.02,0.16,-0.08,-0.21,-0.17
25040,-1.36,0.08,-0.47,0.03,-0.21,-0.17
25041,-1.16,-0.23,0.16,-0.08,-0.11,-0.07
25042,-1.47,-0.02,-0.16,-0.08,-0.11,-0.17
25043,-1.26,-0.02,-0.36,0.03,-0.21,0.04
25044,-1.36,-0.02,0.05,-0.08,-0.00,0.04
25045,-1.26,-0.13,-0.57,-0.08,-0.00,-0.07
25046,-1.16,-0.23,0.16,0.03,-0.11,-0.17
25047,-1.36,0.08,-0.26,0.03,-0.11,-0.17
25048,-1.26,-0.23,-0.36,-0.08,-0.11,-0.17
25049,-1.47,0.08,0.16,-0.08,-0.11,-0.07
25050,-1.26,-0.02,-0.68,-0.08,-0.11,-0.07
25051,-1.36,-0.23,0.26,-0.08,-0.11,-0.07
25052,-1.26,0.08,-0.26,0.03,-0.11,-0.07
25053,-1.26,-0.23,-0.26,0.03,-0.11,-0.17
25054,-1.16,0.08,0.26,-0.08,-0.21,-0.28
25055,-1.26,-0.13,-0.68,0.03,-0.11,-0.17
25056,-1.26,-0.02,0.16,-0.08,-0.21,0.04
25057,-1.26,-0.02,-0.36,-0.08,-0.21,-0.17
25058,-1.47,-0.13,-0.16,-0.08,-0.21,-0.07
25059,-1.26,-0.02,0.16,0.03,-0.21,0.04
25060,-1.36,-0.13,-0.57,0.03,-0.21,-0.07
25061,-1.16,-0.13,0.16,-0.08,-0.21,-0.17
25062,-1.26,-0.02,-0.36,0.03,-0.11,-0.17
25063,-1.26,-0.13,-0.26,-0.08,-0.00,-0.17
25064,-1.16,-0.02,0.05,-0.08,-0.11,-0.07
25065,-1.26,-0.02,-0.47,-0.08,-0.11,-0.07
25066,-1.26,-0.23,0.16,-0.08,-0.11,-0.17
25067,-1.36,-0.02,-0.26,-0.08,-0.21,0.04
25068,-1.26,-0.23,-0.26,0.03,-0.11,-0.17
25069,-1.26,-0.02,0.16,0.03,-0.21,-0.07
25070,-1.36,-0.02,-0.47,-0.08,-0.11,-0.17
25071,-1.26,-0.23,0.16,0.03,-0.00,-0.17
25072,-1.36,-0.02,-0.36,-0.08,-0.11,-0.07
25073,-1.26,-0.23,-0.26,-0.08,-0.11,-0.07
25074,-1.26,-0.02,0.05,-0.08,-0.21,-0.17
25075,-1.47,-0.02,-0.57,-0.08,-0.11,-0.17
25076,-1.36,-0.02,0.36,0.03,-0.21,-0.17
25077,-1.36,-0.23,-0.36,-0.18,-0.11,-0.17
25078,-1.36,-0.23,-0.16,-0.08,-0.11,-0.17
25079,-1.26,-0.02,0.05,0.03,-0.11,-0.17
25080,-1.36,-0.13,-0.36,-0.08,-0.21,-0.07
25081,-1.16,-0.13,0.26,0.03,-0.11,-0.07
25082,-1.36,-0.02,-0.36,-0.08,-0.11,-0.07
25083,-1.26,-0.13,0.05,-0.08,-0.11,-0.07
25084,-1.47,-0.02,-0.05,-0.08,-0.21,-0.07
25085,-1.36,-0.13,-0.36,-0.08,-0.11,-0.07
25086,-1.16,-0.13,0.05,-0.08,-0.11,-0.07
25087,-1.57,0.08,-0.36,0.03,-0.21,-0.17
25088,-1.16,-0.23,0.05,-0.08,-0.00,-0.07
25089,-1.36,0.08,0.05,-0.08,-0.11,-0.07
25090,-1.16,-0.13,-0.47,-0.08,-0.00,-0.17
25091,-1.36,-0.13,0.16,0.03,-0.00,-0.07
25092,-1.26,-0.13,-0.47,0.03,-0.11,-0.07
25093,-1.26,-0.23,-0.05,-0.08,-0.21,-0.17
25094,-1.36,0.19,-0.16,-0.08,-0.21,-0.07
25095,-1.16,-0.23,-0.36,-0.08,-0.11,-0.07
25096,-1.36,0.08,0.16,0.03,-0.11,0.04
25097,-1.16,-0.23,-0.68,0.03,-0.11,-0.07
25098,-1.26,-0.13,0.36,-0.08,-0.21,-0.07
25099,-1.26,-0.13,-0.47,0.03,-0.21,-0.07
25100,-1.26,-0.23,-0.05,0.03,-0.11,-0.07
25101,-1.16,-0.02,0.16,-0.08,-0.21,-0.17
25102,-1.47,-0.13,-0.57,0.03,-0.21,-0.28
25103,-1.26,-0.02,0.26,0.03,-0.11,-0.07
25104,-1.36,-0.13,-0.57,-0.08,-0.11,-0.17
25105,-1.16,-0.13,-0.05,-0.08,-0.11,-0.07
25106,-1.16,-0.23,-0.05,0.03,-0.11,-0.07
25107,-1.26,-0.13,-0.26,0.03,-0.11,-0.07
25108,-1.16,-0.02,0.16,-0.08,-0.00,-0.07
25109,-1.26,-0.02,-0.36,0.03,-0.11,-0.07
25110,-1.26,-0.02,0.05,0.03,-0.21,-0.17
25111,-1.36,0.08,-0.16,-0.08,-0.11,-0.17
25112,-1.36,-0.23,-0.36,0.03,-0.21,-0.17
25113,-1.26,-0.02,-0.05,0.03,-0.21,-0.07
25114,-1.36,-0.02,-0.47,-0.08,-0.21,-0.17
25115,-1.26,-0.23,0.05,-0.08,-0.11,-0.07
25116,-1.36,0.08,-0.26,-0.08,-0.21,-0.07
25117,-1.36,-0.13,-0.26,-0.08,-0.11,0.04
25118,-1.16,-0.02,-0.16,-0.08,-0.21,-0.07
25119,-1.26,-0.13,-0.47,-0.08,-0.11,0.04
25120,-1.26,0.08,0.26,0.03,-0.00,-0.07
25121,-1.26,-0.13,-0.36,-0.08,-0.11,-0.07
25122,-1.36,-0.23,-0.05,0.03,-0.11,-0.17
25123,-1.26,-0.02,-0.16,-0.08,-0.00,0.04
25124,-1.26,-0.02,-0.36,0.03,-0.21,-0.17
25125,-1.26,-0.13,0.05,0.03,-0.11,0.04
25126,-1.47,-0.13,-0.47,0.03,-0.11,-0.17
25127,-1.26,-0.23,0.05,0.03,-0.11,-0.17
25128,-1.57,0.08,-0.16,-0.08,-0.21,-0.17
25129,-1.16,-0.13,-0.16,0.03,-0.21,-0.07
25130,-1.47,-0.13,0.05,0.03,-0.11,-0.07
25131,-1.26,-0.02,-0.36,-0.08,-0.11,-0.07
25132,-1.16,-0.13,0.16,-0.08,-0.11,-0.17
25133,-1.36,-0.02,-0.36,-0.08,-0.11,-0.17
25134,-1.26,-0.23,-0.16,0.03,-0.11,-0.28
25135,-1.36,0.08,0.16,-0.08,-0.11,-0.07
25136,-1.36,-0.23,-0.47,-0.08,-0.11,-0.07
25137,-1.47,0.08,0.36,-0.08,-0.21,-0.07
25138,-1.16,-0.23,-0.57,0.03,-0.11,-0.07
25139,-1.36,-0.23,0.05,0.03,-0.11,-0.17
25140,-1.26,0.19,-0.16,-0.08,-0.11,-0.07
25141,-1.47,-0.33,-0.26,-0.08,-0.11,-0.07
25142,-1.26,0.08,0.16,0.03,-0.21,-0.07
25143,-1.26,-0.13,-0.57,-0.08,-0.11,-0.17
25144,-1.26,0.08,0.26,0.03,-0.11,-0.07
25145,-1.36,-0.13,-0.36,0.03,-0.11,-0.07
25146,-1.36,-0.23,0.16,-0.08,-0.11,-0.07
25147,-1.26,-0.02,-0.16,-0.08,-0.11,-0.07
25148,-1.36,-0.02,-0.16,-0.08,-0.11,-0.07
25149,-1.16,-0.02,0.16,-0.08,-0.21,-0.07
25150,-1.26,-0.13,-0.57,-0.08,-0.11,0.04
25151,-1.16,-0.13,0.05,-0.08,-0.00,-0.28
25152,-1.36,-0.23,-0.36,0.03,-0.21,0.04
25153,-1.47,-0.02,-0.05,0.03,-0.21,-0.17
25154,-1.26,-0.02,-0.16,0.03,-0.11,-0.07
25155,-1.26,-0.13,-0.36,-0.08,-0.11,-0.17
25156,-1.26,0.08,-0.05,0.03,-0.11,-0.07
25157,-1.26,-0.13,-0.47,-0.08,-0.11,-0.07
25158,-1.16,-0.02,0.26,-0.08,-0.21,-0.17
25159,-1.26,-0.02,-0.36,0.03,-0.11,-0.07
25160,-1.36,-0.02,-0.05,-0.08,-0.21,-0.07
25161,-1.16,-0.02,-0.05,-0.08,-0.21,-0.07
25162,-1.47,-0.23,-0.47,-0.08,-0.11,-0.28
25163,-1.26,-0.02,0.16,0.03,-0.11,-0.17
25164,-1.36,-0.02,-0.36,-0.08,-0.11,-0.17
25165,-1.36,-0.02,0.05,0.03,-0.11,-0.17
25166,-1.36,-0.13,-0.16,0.03,-0.21,-0.17
25167,-1.26,-0.23,-0.16,-0.08,-0.11,-0.07
25168,-1.36,-0.02,-0.05,0.13,-0.21,-0.17
25169,-1.47,-0.23,-0.36,-0.08,-0.11,-0.07
25170,-1.26,-0.13,0.05,-0.08,-0.11,-0.07
25171,-1.47,-0.02,-0.47,0.03,-0.11,-0.17
25172,-1.26,-0.02,-0.05,-0.08,-0.11,-0.17
25173,-1.47,0.08,-0.05,-0.08,-0.11,-0.07
25174,-1.05,-0.13,-0.26,-0.08,-0.21,-0.07
25175,-1.36,0.08,0.16,0.03,-0.00,-0.17
25176,-1.36,-0.13,-0.47,0.03,-0.11,-0.17
25177,-1.47,-0.13,0.05,-0.08,-0.11,-0.07
25178,-1.26,-0.02,-0.36,-0.08,-0.11,-0.28
25179,-1.16,-0.23,-0.05,-0.08,-0.11,-0.07
25180,-1.26,0.08,-0.05,-0.08,-0.11,-0.17
25181,-1.36,-0.23,-0.26,0.03,-0.00,-0.17
25182,-1.36,0.08,0.16,-0.08,-0.00,-0.17
25183,-1.26,-0.23,-0.47,0.03,-0.21,-0.07
25184,-1.36,-0.02,0.26,-0.08,-0.11,-0.07
25185,-1.16,-0.13,-0.36,0.03,-0.21,-0.07
25186,-1.26,-0.13,0.05,-0.08,-0.11,-0.07
25187,-1.26,0.08,-0.05,0.03,-0.00,-0.07
25188,-1.36,-0.23,-0.16,-0.08,-0.21,0.04
25189,-1.16,0.08,0.05,0.03,-0.21,-0.17
25190,-1.36,-0.33,-0.36,-0.08,-0.11,-0.17
25191,-1.16,-0.02,0.16,-0.08,-0.11,-0.07
25192,-1.47,-0.13,-0.36,0.03,-0.11,-0.17
25193,-1.26,-0.13,0.05,-0.08,-0.21,0.04
25194,-1.26,-0.02,-0.26,0.03,-0.21,-0.17
25195,-1.36,-0.23,-0.16,0.03,-0.21,-0.07
25196,-1.36,0.19,-0.05,0.03,-0.21,-0.17
25197,-1.26,-0.23,-0.36,0.03,-0.21,-0.07
25198,-1.26,0.08,0.16,-0.08,-0.11,-0.07
25199,-1.26,-0.02,-0.36,0.03,-0.11,-0.07
25200,-1.26,-0.02,0.16,0.03,-0.21,-0.07
25201,-1.26,-0.02,-0.16,0.03,-0.11,-0.07
25202,-1.26,-0.23,-0.16,-0.08,-0.21,-0.17
25203,-1.36,-0.02,-0.05,0.03,-0.11,-0.17
25204,-1.26,-0.13,-0.47,-0.08,-0.21,-0.07
25205,-1.26,0.08,0.05,-0.08,-0.11,-0.07
25206,-1.26,-0.02,-0.36,-0.08,-0.21,-0.17
25207,-1.16,-0.13,0.05,-0.08,-0.21,-0.17
25208,-1.26,-0.02,-0.26,-0.08,-0.11,-0.07
25209,-1.26,-0.13,-0.05,0.03,-0.21,-0.17
25210,-1.36,0.08,-0.05,-0.08,-0.21,-0.07
25211,-1.26,-0.13,-0.47,-0.18,-0.21,-0.07
25212,-1.26,-0.02,-0.05,0.03,-0.11,-0.07
25213,-1.47,-0.02,-0.36,-0.08,-0.11,-0.07
25214,-1.36,-0.23,0.05,0.03,-0.11,-0.17
25215,-1.57,-0.02,-0.36,-0.08,-0.11,-0.07
25216,-1.16,-0.23,-0.16,-0.08,-0.11,-0.17
25217,-1.47,0.08,0.05,0.03,-0.21,-0.07
25218,-1.16,-0.23,-0.47,-0.08,-0.00,-0.07
25219,-1.47,-0.02,0.05,-0.08,-0.11,-0.07
25220,-1.26,-0.13,-0.36,0.03,-0.11,-0.17
25221,-1.47,-0.02,0.16,-0.08,-0.11,-0.17
25222,-1.26,-0.02,-0.36,-0.08,-0.21,-0.07
25223,-1.47,-0.23,-0.05,0.03,-0.21,-0.07
25224,-1.16,0.08,-0.26,-0.18,-0.11,-0.07
25225,-1.26,-0.23,-0.05,0.03,-0.00,-0.17
25226,-1.26,0.08,-0.05,0.03,-0.11,-0.07
25227,-1.26,-0.33,-0.57,-0.08,-0.21,-0.17
25228,-1.16,-0.02,0.26,-0.08,-0.11,-0.07
25229,-1.36,0.08,-0.47,0.03,-0.11,-0.28
25230,-1.26,-0.13,0.05,0.03,-0.21,-0.17
25231,-1.36,0.08,-0.16,-0.18,-0.11,-0.17
25232,-1.26,-0.02,-0.05,0.03,-0.11,-0.07
25233,-1.26,-0.02,-0.16,-0.08,-0.11,-0.28
25234,-1.36,-0.13,-0.16,0.03,-0.00,-0.07
25235,-1.26,-0.02,0.05,0.03,-0.11,-0.07
25236,-1.36,-0.33,-0.36,-0.08,-0.21,-0.17
25237,-1.36,-0.13,0.16,0.03,-0.21,-0.17
25238,-1.26,-0.13,-0.57,0.03,-0.21,-0.17
25239,-1.26,-0.02,0.36,0.03,-0.21,-0.07
25240,-1.36,-0.02,-0.26,-0.08,-0.11,-0.07
25241,-1.26,-0.23,-0.05,-0.08,-0.11,-0.17
25242,-1.16,-0.02,-0.05,-0.18,-0.21,-0.07
25243,-1.26,-0.23,-0.26,-0.08,-0.11,-0.17
25244,-1.26,0.08,0.05,-0.08,-0.11,-0.07
25245,-1.36,-0.23,-0.36,-0.18,-0.00,-0.17
25246,-1.36,0.08,0.16,-0.08,-0.21,-0.17
25247,-1.26,-0.13,-0.36,-0.08,-0.21,-0.28
25248,-1.26,-0.02,0.26,-0.08,-0.21,-0.17
25249,-1.26,-0.13,-0.36,0.03,-0.21,-0.07
25250,-1.16,-0.23,-0.16,-0.08,-0.11,-0.07
25251,-1.26,-0.02,-0.16,0.03,-0.21,-0.07
25252,-1.36,-0.23,-0.36,0.03,-0.11,-0.17
25253,-1.26,-0.02,-0.05,-0.08,-0.11,-0.28
25254,-1.36,-0.13,-0.36,0.03,-0.00,-0.17
25255,-1.26,-0.13,-0.05,-0.08,-0.11,-0.17
25256,-1.36,-0.02,-0.05,-0.08,-0.21,-0.17
25257,-1.16,-0.13,-0.16,-0.08,-0.11,-0.17
25258,-1.36,0.08,-0.16,-0.08,-0.21,-0.07
25259,-1.16,-0.23,-0.26,-0.08,-0.21,-0.07
25260,-1.47,-0.02,0.05,-0.08,-0.11,-0.28
25261,-1.26,-0.23,-0.47,0.03,-0.11,-0.17
25262,-1.36,0.19,0.05,-0.18,-0.21,-0.07
25263,-1.26,-0.23,-0.47,0.03,-0.21,-0.07
25264,-1.47,-0.13,0.05,-0.08,-0.21,-0.17
25265,-1.26,-0.02,-0.26,-0.08,-0.21,-0.07
25266,-1.36,-0.23,-0.05,0.03,-0.11,-0.07
25267,-1.26,-0.02,-0.16,-0.18,-0.11,-0.07
25268,-1.47,-0.13,-0.16,-0.08,-0.11,-0.17
25269,-1.16,0.08,-0.05,0.03,-0.21,-0.07
25270,-1.36,-0.13,-0.36,-0.18,-0.11,-0.17
25271,-1.26,-0.02,0.05,-0.08,-0.11,0.04
25272,-1.36,-0.13,-0.57,-0.08,-0.00,-0.17
25273,-1.26,-0.02,0.16,-0.08,-0.21,-0.07
25274,-1.36,-0.02,-0.26,0.03,-0.11,-0.07
25275,-1.16,-0.13,-0.05,0.03,-0.11,-0.17
25276,-1.36,0.08,-0.16,0.03,-0.11,-0.07
25277,-1.36,-0.33,-0.16,0.03,-0.00,-0.07
25278,-1.26,0.08,-0.16,0.03,-0.11,-0.17
25279,-1.36,-0.33,-0.16,0.03,-0.21,-0.17
25280,-1.36,0.19,-0.05,0.03,-0.11,-0.07
25281,-1.36,-0.23,-0.47,-0.08,-0.11,0.14
25282,-1.16,0.08,0.16,-0.08,-0.11,0.14
25283,-1.26,-0.23,-0.47,-0.08,-0.11,-0.07
25284,-1.26,-0.23,-0.05,-0.08,-0.11,-0.17
25285,-1.36,-0.02,-0.16,0.03,-0.11,-0.07
25286,-1.47,0.08,-0.05,0.03,-0.11,-0.07
25287,-1.26,-0.02,-0.05,-0.08,-0.00,-0.07
25288,-1.36,-0.02,-0.05,0.03,-0.21,-0.17
25289,-1.26,0.08,-0.05,0.03,-0.21,-0.28
25290,-1.36,-0.13,-0.26,-0.18,-0.00,-0.07
25291,-1.26,-0.02,0.05,-0.08,-0.21,-0.17
25292,-1.36,-0.13,-0.47,-0.08,-0.21,-0.07
25293,-1.26,-0.13,0.16,-0.08,-0.11,-0.17
25294,-1.36,-0.02,-0.36,0.13,-0.11,-0.07
25295,-1.26,-0.23,-0.05,-0.08,-0.21,-0.07
25296,-1.47,0.19,-0.26,-0.08,-0.21,-0.07
25297,-1.16,-0.33,-0.26,0.03,-0.11,-0.07
25298,-1.36,0.08,0.16,0.03,-0.11,-0.07
25299,-1.16,-0.23,-0.16,-0.08,-0.21,-0.07
25300,-1.36,0.08,-0.05,-0.08,-0.11,-0.07
25301,-1.16,-0.23,-0.26,0.03,-0.11,-0.07
25302,-1.47,0.08,0.05,0.03,-0.11,0.04
25303,-1.16,-0.33,-0.57,0.03,-0.11,-0.28
25304,-1.36,-0.13,0.05,-0.08,-0.11,-0.07
25305,-1.16,-0.02,-0.36,0.03,-0.00,-0.07
25306,-1.36,-0.23,-0.05,-0.18,-0.11,-0.17
25307,-1.16,-0.02,-0.05,0.03,-0.21,-0.17
25308,-1.36,-0.33,-0.26,0.03,-0.11,-0.07
25309,-1.16,0.08,-0.05,0.03,-0.21,-0.07
25310,-1.36,-0.13,-0.16,0.03,-0.11,-0.07
25311,-1.16,-0.02,0.05,-0.18,-0.11,-0.17
25312,-1.36,-0.23,-0.26,-0.08,-0.11,-0.17
25313,-1.26,0.08,0.05,0.03,-0.11,-0.07
25314,-1.36,-0.13,-0.47,-0.08,-0.11,0.04
25315,-1.26,-0.13,0.05,0.03,-0.00,-0.07
25316,-1.47,0.08,-0.36,0.03,-0.11,-0.17
25317,-1.26,-0.23,-0.16,-0.08,-0.21,-0.17
25318,-1.36,0.19,-0.16,-0.08,-0.00,-0.17
25319,-1.26,-0.23,-0.26,0.03,-0.11,-0.28
25320,-1.36,0.08,-0.05,0.03,-0.11,-0.07
25321,-1.16,-0.33,-0.16,-0.18,-0.11,-0.07
25322,-1.26,0.19,0.05,-0.08,-0.11,-0.17
25323,-1.36,-0.33,-0.36,-0.08,-0.11,-0.07
25324,-1.16,0.19,0.05,-0.08,-0.11,-0.07
25325,-1.26,-0.23,-0.47,-0.08,-0.00,-0.17
25326,-1.26,0.08,0.05,-0.08,-0.11,-0.07
25327,-1.26,-0.13,-0.36,0.03,-0.21,-0.17
25328,-1.36,-0.02,-0.16,0.03,-0.11,-0.17
25329,-1.36,-0.02,-0.16,0.03,-0.11,-0.07
25330,-1.26,-0.13,-0.05,-0.08,-0.21,-0.17
25331,-1.47,0.08,-0.05,-0.08,-0.00,-0.17
25332,-1.26,-0.23,-0.05,-0.08,-0.00,-0.28
25333,-1.36,0.19,-0.05,-0.18,-0.11,-0.17
25334,-1.26,-0.13,-0.16,-0.08,-0.11,-0.07
25335,-1.47,-0.02,0.05,-0.08,-0.11,-0.07
25336,-1.16,-0.13,-0.26,-0.08,-0.11,-0.28
25337,-1.36,-0.02,0.05,-0.08,-0.11,-0.17
25338,-1.26,-0.13,-0.36,0.03,-0.21,-0.07
25339,-1.36,-0.02,-0.05,0.03,-0.11,-0.07
25340,-1.16,-0.13,-0.36,0.13,-0.11,-0.07
25341,-1.26,-0.23,0.05,0.03,-0.11,0.04
25342,-1.26,0.08,-0.05,-0.08,-0.21,-0.07
25343,-1.47,-0.13,-0.05,0.03,-0.11,0.04
25344,-1.16,0.08,-0.16,-0.08,-0.11,-0.07
25345,-1.26,-0.33,-0.16,0.03,-0.11,0.04
25346,-1.26,0.19,0.05,0.03,-0.21,-0.07
25347,-1.36,-0.13,-0.36,0.03,-0.11,-0.07
25348,-1.26,-0.13,-0.05,0.03,-0.11,-0.07
25349,-1.26,-0.13,-0.47,0.13,-0.11,-0.07
25350,-1.36,-0.02,0.05,-0.08,-0.11,-0.28
25351,-1.36,-0.02,-0.16,-0.08,-0.21,-0.17
25352,-1.26,-0.02,-0.16,-0.08,-0.11,-0.17
25353,-1.26,0.08,-0.26,-0.08,-0.00,-0.07
25354,-1.36,-0.13,0.05,-0.08,-0.11,-0.07
25355,-1.26,0.19,-0.36,-0.08,-0.21,0.04
25356,-1.16,-0.23,-0.05,-0.08,-0.21,-0.17
25357,-1.26,0.08,-0.16,-0.08,-0.11,-0.07
25358,-1.26,-0.23,-0.16,-0.08,-0.11,-0.07
25359,-1.26,0.08,-0.05,-0.08,-0.11,-0.17
25360,-1.26,-0.23,-0.36,0.03,-0.21,-0.17
25361,-1.26,-0.02,-0.05,0.13,-0.21,-0.17
25362,-1.26,-0.13,-0.26,0.13,-0.21,-0.17
25363,-1.47,-0.02,0.05,0.03,-0.11,-0.07
25364,-1.26,-0.23,-0.16,-0.08,-0.11,-0.07
25365,-1.26,0.08,0.16,-0.08,-0.00,-0.17
25366,-1.36,-0.13,-0.26,-0.08,-0.11,-0.07
25367,-1.26,-0.02,0.16,-0.08,-0.21,-0.17
25368,-1.36,-0.02,-0.57,0.03,-0.11,-0.07
25369,-1.26,-0.13,-0.05,0.03,-0.11,-0.07
25370,-1.47,-0.02,-0.16,0.03,-0.21,-0.07
25371,-1.05,-0.23,-0.16,-0.08,-0.21,-0.17
25372,-1.47,0.08,-0.16,-0.08,-0.00,-0.17
25373,-1.26,-0.23,-0.05,-0.18,-0.11,-0.17
25374,-1.47,-0.02,-0.05,0.03,-0.11,-0.17
25375,-1.16,-0.23,-0.16,-0.08,-0.11,0.04
25376,-1.47,0.08,-0.05,-0.08,-0.21,-0.17
25377,-1.26,-0.23,-0.16,-0.08,-0.11,-0.07
25378,-1.47,0.08,0.05,-0.08,-0.00,-0.07
25379,-1.16,-0.23,-0.36,-0.08,-0.11,-0.17
25380,-1.36,0.08,-0.05,-0.08,-0.11,-0.07
25381,-1.16,-0.13,-0.36,0.03,-0.11,-0.07
25382,-1.47,-0.02,-0.05,0.13,-0.11,-0.28
25383,-1.26,-0.13,-0.26,-0.08,-0.11,-0.17
25384,-1.36,-0.13,-0.05,0.03,-0.00,-0.07
25385,-1.26,-0.13,-0.16,-0.08,-0.21,-0.07
25386,-1.36,-0.13,0.16,0.03,-0.11,-0.17
25387,-1.26,0.08,-0.16,0.03,-0.11,-0.17
25388,-1.36,-0.23,-0.26,-0.08,-0.11,-0.17
25389,-1.16,0.08,-0.05,-0.08,-0.11,-0.17
25390,-1.26,-0.13,-0.26,0.03,-0.11,-0.17
25391,-1.26,-0.13,-0.16,-0.08,-0.11,-0.17
25392,-1.26,-0.13,-0.16,-0.08,-0.21,-0.07
25393,-1.26,-0.02,-0.05,0.03,-0.21,-0.07
25394,-1.26,-0.23,-0.26,-0.08,-0.11,-0.07
25395,-1.36,0.08,-0.16,-0.08,-0.11,-0.07
25396,-1.36,-0.13,-0.26,-0.08,-0.11,-0.17
25397,-1.36,-0.02,0.05,-0.08,-0.11,-0.07
25398,-1.26,-0.13,-0.36,0.03,-0.11,-0.17
25399,-1.26,-0.13,0.05,-0.08,-0.21,-0.17
25400,-1.26,-0.02,-0.26,-0.18,-0.21,0.04
25401,-1.16,-0.23,-0.05,-0.08,-0.11,-0.17
25402,-1.36,-0.02,-0.26,0.03,-0.21,-0.28
25403,-1.26,-0.13,-0.16,0.03,-0.21,-0.07
25404,-1.36,-0.02,-0.16,0.03,-0.11,-0.07
25405,-1.36,-0.23,-0.05,0.03,-0.11,-0.17
25406,-1.36,0.08,-0.16,-0.08,-0.21,-0.07
25407,-1.26,-0.23,-0.05,0.03,-0.11,-0.17
25408,-1.47,0.08,-0.05,-0.08,-0.11,-0.17
25409,-1.26,-0.23,-0.26,-0.18,-0.11,-0.07
25410,-1.36,0.08,-0.05,-0.08,-0.11,-0.17
25411,-1.16,-0.13,-0.36,-0.08,-0.00,-0.07
25412,-1.47,0.08,0.05,0.03,-0.11,-0.07
25413,-1.26,-0.13,-0.26,-0.08,-0.31,-0.17
25414,-1.36,-0.02,-0.16,0.03,-0.11,0.04
25415,-1.05,-0.23,-0.26,0.03,-0.11,-0.07
25416,-1.47,-0.02,-0.05,0.03,-0.11,0.04
25417,-1.26,-0.23,-0.36,0.03,-0.21,-0.17
25418,-1.36,-0.02,-0.05,-0.08,-0.21,0.04
25419,-1.26,-0.13,-0.36,-0.08,-0.11,-0.17
25420,-1.26,-0.13,0.05,0.03,0.10,-0.17
25421,-1.26,-0.13,-0.05,-0.08,-0.11,-0.07
25422,-1.26,-0.13,-0.05,-0.08,-0.11,-0.07
25423,-1.16,-0.02,-0.26,-0.08,-0.11,-0.07
25424,-1.36,-0.02,-0.05,-0.08,-0.21,-0.07
25425,-1.36,-0.02,-0.26,0.03,-0.00,-0.07
25426,-1.26,-0.13,-0.16,-0.08,-0.11,-0.07
25427,-1.26,-0.02,-0.16,0.03,-0.11,-0.07
25428,-1.36,-0.23,-0.05,0.03,-0.11,-0.07
25429,-1.26,0.08,-0.05,-0.08,-0.21,-0.07
25430,-1.36,-0.23,-0.16,-0.08,-0.21,-0.07
25431,-1.26,0.08,-0.16,-0.08,-0.11,-0.17
25432,-1.26,-0.23,-0.16,0.03,-0.21,-0.17
25433,-1.26,0.08,0.05,-0.08,-0.11,-0.07
25434,-1.26,-0.23,-0.26,-0.08,-0.11,-0.07
25435,-1.26,0.08,-0.26,0.03,-0.11,-0.07
25436,-1.26,-0.23,-0.26,-0.08,-0.11,-0.17
25437,-1.26,0.08,-0.05,0.03,-0.21,-0.17
25438,-1.26,-0.13,-0.26,0.03,-0.11,0.04
25439,-1.26,-0.02,-0.05,-0.08,-0.11,-0.17
25440,-1.26,-0.13,-0.36,0.03,-0.11,-0.07
25441,-1.26,-0.13,0.05,-0.08,-0.11,-0.07
25442,-1.26,-0.13,-0.26,-0.18,-0.11,-0.07
25443,-1.26,-0.02,-0.05,-0.08,-0.21,-0.17
25444,-1.26,-0.02,-0.26,0.03,-0.11,-0.07
25445,-1.36,-0.02,-0.05,0.03,-0.11,-0.07
25446,-1.36,0.08,-0.36,-0.08,-0.11,-0.07
25447,-1.36,-0.23,-0.05,-0.08,-0.11,-0.17
25448,-1.47,0.08,-0.26,0.03,-0.11,-0.07
25449,-1.26,-0.13,-0.05,0.03,-0.11,-0.07
25450,-1.57,0.19,-0.16,0.03,-0.11,-0.07
25451,-1.26,-0.23,-0.05,0.03,-0.21,-0.17
25452,-1.36,0.08,-0.05,0.03,-0.21,-0.28
25453,-1.16,-0.23,-0.26,0.03,-0.11,-0.07
25454,-1.26,-0.02,-0.16,-0.08,-0.00,-0.17
25455,-1.26,-0.23,-0.16,-0.18,-0.11,-0.17
25456,-1.26,0.08,-0.05,-0.08,-0.11,-0.07
25457,-1.26,-0.23,-0.16,0.03,-0.21,-0.07
25458,-1.36,0.19,-0.05,0.03,-0.11,-0.07
25459,-1.36,-0.23,-0.16,0.03,-0.11,-0.07
25460,-1.26,0.08,-0.26,-0.08,-0.21,-0.07
25461,-1.36,-0.23,-0.26,0.03,-0.11,-0.07
25462,-1.16,0.19,-0.05,-0.08,-0.11,0.04
25463,-1.36,-0.23,-0.16,0.03,-0.11,-0.07
25464,-1.16,0.08,-0.05,0.03,-0.11,-0.07
25465,-1.26,-0.13,-0.26,0.13,-0.11,-0.17
25466,-1.16,-0.02,-0.26,-0.08,-0.11,-0.17
25467,-1.36,-0.23,-0.26,-0.08,-0.11,-0.17
25468,-1.36,-0.02,-0.05,-0.08,-0.11,-0.07
25469,-1.26,-0.13,-0.36,-0.08,-0.00,-0.07
25470,-1.26,0.08,0.16,-0.08,-0.21,-0.17
25471,-1.36,-0.02,-0.26,0.03,-0.21,-0.07
25472,-1.26,-0.02,0.05,-0.08,-0.11,-0.17
25473,-1.36,-0.23,-0.26,0.03,-0.11,-0.07
25474,-1.36,-0.13,-0.05,0.03,-0.21,-0.17
25475,-1.26,-0.13,-0.26,-0.08,-0.21,-0.17
25476,-1.36,-0.13,-0.05,-0.08,-0.11,-0.07
25477,-1.26,-0.02,-0.26,0.03,-0.11,0.04
25478,-1.26,-0.13,-0.05,0.03,-0.11,-0.17
25479,-1.26,0.08,-0.36,-0.08,-0.11,-0.07
25480,-1.26,-0.02,0.05,0.03,-0.11,-0.07
25481,-1.36,-0.02,-0.26,0.03,-0.21,-0.17
25482,-1.26,-0.13,-0.16,0.03,-0.21,-0.07
25483,-1.36,0.08,-0.05,-0.08,-0.11,-0.17
25484,-1.26,-0.23,-0.16,0.03,-0.21,-0.17
25485,-1.36,0.08,-0.26,0.03,-0.00,-0.28
25486,-1.16,-0.44,-0.26,0.03,-0.11,-0.07
25487,-1.47,0.08,-0.26,0.03,-0.11,-0.17
25488,-1.16,-0.33,-0.05,-0.08,-0.00,-0.07
25489,-1.47,0.19,-0.05,0.03,-0.21,-0.07
25490,-1.05,-0.13,-0.05,0.03,-0.11,-0.07
25491,-1.36,0.08,-0.16,0.03,-0.11,-0.17
25492,-1.26,-0.13,-0.16,0.03,-0.11,-0.07
25493,-1.36,0.08,-0.16,-0.08,-0.00,-0.07
25494,-1.36,-0.23,-0.05,-0.18,-0.11,0.04
25495,-1.26,0.19,-0.05,-0.08,-0.21,-0.17
25496,-1.36,-0.23,-0.05,-0.08,-0.11,-0.17
25497,-1.26,-0.02,-0.26,0.03,-0.11,-0.17
25498,-1.36,-0.23,-0.36,0.13,-0.21,-0.28
25499,-1.16,0.08,-0.05,0.03,-0.11,-0.17
25500,-1.36,-0.13,-0.16,0.03,-0.00,-0.07
25501,-1.26,0.08,-0.05,0.03,-0.11,-0.17
25701,-1.16,-0.23,-0.05,0.03,-0.11,-0.17
25702,-1.26,0.08,-0.16,-0.08,-0.11,-0.07
25703,-1.47,-0.13,-0.16,-0.18,-0.00,-0.07
25704,-1.26,-0.23,-0.26,0.03,-0.11,-0.17
25705,-1.47,0.08,-0.05,0.03,-0.21,-0.17
25706,-1.26,-0.23,-0.36,0.03,-0.21,-0.17
25707,-1.36,0.08,-0.05,-0.08,-0.31,-0.07
25708,-1.36,-0.23,-0.16,0.03,-0.21,-0.17
25709,-1.36,-0.02,-0.05,0.03,-0.11,-0.07
25710,-1.36,-0.02,-0.16,-0.18,-0.11,-0.17
25711,-1.16,-0.13,-0.26,0.03,-0.21,-0.07
25713,-1.47,-0.13,-0.05,-0.08,-0.21,-0.07
25713,-1.26,-0.13,-0.05,-0.08,-0.11,-0.17
25714,-1.26,-0.13,-0.16,-0.08,-0.00,-0.07
25715,-1.26,-0.02,-0.26,0.03,-0.00,-0.17
25716,-1.26,-0.23,-0.16,0.03,-0.11,-0.28
25717,-1.47,0.19,-0.05,0.03,-0.11,-0.07
25718,-1.16,-0.33,-0.05,0.03,-0.21,-0.07
25719,-1.36,0.19,-0.16,-0.08,-0.21,-0.07
25720,-1.26,-0.23,-0.05,0.03,-0.21,0.04
25721,-1.26,-0.02,-0.36,0.03,-0.11,-0.17
25722,-1.16,-0.13,-0.16,0.03,-0.11,-0.17
25723,-1.36,-0.23,-0.36,-0.08,-0.00,-0.17
25724,-1.26,-0.02,-0.05,-0.18,-0.00,-0.17
25725,-1.36,-0.23,-0.26,-0.08,-0.00,0.04
25726,-1.26,-0.02,-0.05,-0.08,-0.11,-0.17
25727,-1.26,-0.23,-0.16,-0.08,-0.11,-0.28
25728,-1.36,-0.02,-0.05,0.03,-0.21,-0.17
25729,-1.26,-0.02,-0.26,-0.08,-0.00,-0.17
25730,-1.36,-0.13,-0.05,-0.18,-0.11,-0.17
25731,-1.16,-0.23,-0.05,0.13,-0.11,-0.17
25732,-1.36,0.08,-0.16,-0.08,-0.11,-0.17
25733,-1.26,-0.33,-0.36,-0.08,-0.11,-0.07
25734,-1.36,0.08,-0.05,-0.18,-0.11,0.04
25735,-1.36,-0.33,-0.16,0.03,-0.11,-0.28
25736,-1.36,0.08,-0.05,0.03,-0.11,-0.28
25737,-1.26,-0.02,-0.05,-0.08,-0.21,-0.07
25738,-1.26,-0.13,-0.36,0.03,-0.11,-0.17
25739,-1.36,0.08,0.05,0.03,-0.11,-0.17
25740,-1.26,-0.23,-0.26,-0.08,-0.00,-0.07
25741,-1.36,0.08,0.05,0.03,-0.21,-0.17
25742,-1.36,-0.23,-0.47,0.03,-0.11,-0.07
25743,-1.36,-0.02,-0.16,-0.08,-0.21,0.04
25744,-1.36,-0.13,-0.16,-0.08,-0.11,-0.07
25745,-1.16,-0.13,-0.05,-0.08,-0.11,-0.28
25746,-1.36,-0.02,-0.16,0.03,-0.11,0.04
25747,-1.36,-0.13,-0.16,0.03,-0.21,-0.07
25748,-1.36,-0.02,-0.05,0.03,-0.11,-0.07
25749,-1.26,0.08,-0.16,-0.08,-0.11,-0.17
25750,-1.36,-0.33,-0.05,0.03,-0.21,-0.07
25751,-1.36,0.19,-0.16,-0.08,-0.11,-0.07
25752,-1.26,-0.23,-0.16,-0.08,-0.21,-0.17
25753,-1.36,0.19,-0.05,0.03,-0.21,-0.17
25754,-1.36,-0.23,-0.05,-0.08,-0.11,-0.17
25755,-1.36,-0.02,-0.26,0.13,-0.21,-0.07
25756,-1.26,-0.02,0.05,0.03,-0.11,-0.17
25757,-1.26,-0.13,-0.05,0.03,-0.11,-0.17
25758,-1.16,0.19,-0.05,-0.18,-0.21,-0.07
25759,-1.26,-0.02,-0.16,0.03,-0.00,-0.07
25760,-1.26,-0.13,-0.26,-0.08,-0.11,-0.17
25761,-1.26,-0.13,-0.16,-0.08,-0.11,-0.17
25762,-1.26,-0.13,-0.05,-0.08,-0.11,-0.17
25763,-1.26,-0.13,-0.16,0.03,-0.00,0.04
25764,-1.36,0.08,-0.16,-0.08,-0.11,-0.07
25765,-1.16,-0.33,-0.16,0.03,-0.11,-0.17
25766,-1.47,0.19,-0.16,-0.08,-0.11,-0.07
25767,-1.26,-0.33,-0.16,0.03,-0.11,-0.17
25768,-1.26,0.08,0.05,-0.08,-0.11,-0.17
25769,-1.36,-0.13,-0.16,-0.08,-0.11,0.04
25770,-1.26,-0.02,-0.36,-0.18,-0.11,-0.07
25771,-1.36,-0.02,0.05,0.03,-0.21,-0.17
25772,-1.16,-0.23,-0.36,0.03,-0.11,-0.17
25773,-1.57,0.19,0.16,-0.08,-0.21,-0.07
25774,-1.36,-0.23,-0.16,0.03,-0.21,-0.17
25775,-1.26,0.08,-0.05,0.03,-0.21,0.04
25776,-1.36,-0.23,-0.16,0.03,-0.11,-0.07
25777,-1.26,-0.02,-0.26,-0.08,-0.21,-0.07
25778,-1.26,0.08,-0.05,0.03,-0.21,-0.17
25779,-1.16,-0.23,-0.16,0.03,-0.11,0.04
25780,-1.26,-0.02,-0.05,-0.08,-0.11,-0.07
25781,-1.26,-0.02,-0.16,-0.08,-0.00,-0.07
25782,-1.05,-0.13,-0.05,0.03,-0.21,-0.28
25783,-1.36,0.19,-0.05,0.03,-0.21,-0.17
25784,-1.36,-0.23,-0.05,-0.08,-0.11,-0.17
25785,-1.26,0.19,-0.05,-0.08,-0.11,-0.17
25786,-1.36,-0.13,-0.16,-0.08,-0.00,-0.17
25787,-1.16,-0.23,-0.36,-0.08,-0.11,-0.17
25788,-1.36,0.08,-0.05,0.03,-0.21,-0.17
25789,-1.16,-0.33,-0.36,-0.08,-0.11,-0.07
25790,-1.26,0.08,-0.16,0.03,-0.11,-0.17
25791,-1.26,-0.33,-0.26,-0.08,-0.00,-0.17
25792,-1.36,0.08,-0.05,0.03,-0.21,-0.17
25793,-1.36,-0.13,-0.05,0.03,-0.11,-0.17
25794,-1.47,-0.23,-0.26,0.03,-0.11,-0.17
25795,-1.36,0.08,-0.05,0.03,-0.21,-0.07
25796,-1.47,-0.02,-0.26,-0.18,-0.11,-0.17
25797,-1.36,-0.23,-0.16,-0.08,-0.00,-0.07
25798,-1.36,-0.13,-0.36,0.03,-0.00,-0.17
25799,-1.36,-0.23,-0.16,0.03,-0.21,0.04
25800,-1.16,-0.02,-0.16,0.03,-0.21,-0.17
25801,-1.36,0.08,-0.16,-0.08,-0.00,-0.17
25802,-1.26,-0.23,-0.16,-0.08,-0.11,-0.17
25803,-1.36,0.19,0.05,0.03,-0.11,-0.17
25804,-1.26,-0.23,-0.16,-0.08,-0.11,0.04
25805,-1.26,0.08,-0.26,-0.08,-0.21,-0.07
25806,-1.36,-0.13,-0.05,0.03,-0.11,-0.17
25807,-1.26,-0.23,-0.36,0.03,-0.00,-0.17
25808,-1.36,0.08,0.05,0.03,-0.11,-0.07
25809,-1.36,-0.33,-0.16,0.03,-0.11,-0.07
25810,-1.26,0.08,-0.05,0.03,-0.21,-0.17
25811,-1.36,-0.02,-0.16,0.03,-0.11,-0.17
25812,-1.26,-0.02,-0.05,-0.18,-0.00,-0.07
25813,-1.36,0.08,-0.05,0.03,-0.11,-0.07
25814,-1.26,-0.13,-0.16,-0.18,-0.11,-0.07
25815,-1.26,-0.02,-0.05,0.03,-0.11,-0.07
25816,-1.26,-0.02,-0.36,0.03,-0.11,-0.07
25817,-1.26,-0.23,-0.16,-0.18,-0.21,-0.17
25818,-1.47,0.08,-0.05,0.03,-0.21,-0.07
25819,-1.26,-0.23,-0.16,-0.08,-0.11,-0.07
25820,-1.16,0.19,-0.05,-0.08,-0.21,-0.07
25821,-1.36,-0.23,-0.16,-0.08,-0.11,-0.17
25822,-1.16,-0.02,-0.26,-0.08,-0.11,-0.07
25823,-1.26,0.08,0.05,0.03,-0.11,-0.07
25824,-1.26,-0.23,-0.36,0.03,-0.11,-0.17
25825,-1.36,0.19,-0.05,0.03,-0.11,-0.17
25826,-1.36,-0.13,-0.16,-0.08,-0.11,-0.17
25827,-1.36,-0.02,-0.26,-0.08,-0.21,-0.07
25828,-1.26,-0.13,-0.05,-0.08,-0.11,-0.07
25829,-1.36,-0.02,-0.16,-0.08,-0.21,-0.07
25830,-1.36,-0.02,-0.05,0.03,-0.00,-0.07
25831,-1.47,-0.02,-0.26,-0.08,-0.11,-0.07
25832,-1.26,-0.23,-0.05,0.03,-0.00,-0.07
25833,-1.47,-0.02,-0.16,0.03,-0.00,-0.07
25834,-1.36,-0.02,-0.16,-0.08,-0.11,-0.07
25836,-1.26,-0.13,-0.36,0.03,-0.11,-0.07
25836,-1.36,0.08,-0.16,0.03,-0.21,-0.28
25837,-1.05,-0.33,-0.05,-0.18,-0.21,-0.07
25838,-1.47,0.08,-0.16,0.03,-0.00,-0.07
25839,-1.26,-0.13,-0.05,-0.08,-0.00,-0.07
25840,-1.16,-0.02,-0.16,-0.08,-0.00,-0.17
25841,-1.47,0.08,0.05,-0.08,-0.21,-0.07
25842,-1.36,-0.33,-0.36,0.03,-0.21,-0.07
25843,-1.36,-0.02,-0.05,0.03,-0.21,-0.17
25844,-1.26,-0.13,-0.36,-0.08,-0.21,-0.07
25845,-1.26,-0.02,0.05,-0.08,-0.21,-0.17
25846,-1.36,0.08,-0.05,-0.08,-0.21,-0.17
25847,-1.26,-0.33,-0.05,0.03,-0.11,-0.07
25848,-1.26,-0.02,0.05,-0.08,-0.21,0.04
25849,-1.47,-0.13,-0.16,-0.08,-0.11,-0.07
25850,-1.26,-0.13,-0.16,-0.08,-0.11,-0.07
25851,-1.36,0.29,-0.05,-0.08,-0.21,-0.17
25852,-1.26,-0.33,-0.16,0.03,-0.11,-0.07
25853,-1.36,0.08,-0.16,0.03,-0.11,-0.07
25854,-1.26,-0.33,-0.05,0.03,-0.00,-0.07
25855,-1.36,-0.13,-0.16,-0.08,-0.11,-0.07
25856,-1.26,-0.02,-0.05,0.03,-0.21,-0.28
25857,-1.36,-0.13,-0.05,-0.08,-0.21,-0.07
25858,-1.36,0.19,-0.05,-0.08,-0.21,-0.17
25859,-1.36,-0.13,-0.16,-0.18,-0.11,-0.07
25860,-1.36,0.08,-0.16,-0.08,-0.00,-0.07
25861,-1.16,-0.02,-0.16,-0.08,-0.11,-0.07
25862,-1.36,-0.13,-0.26,0.03,-0.21,-0.07
25863,-1.26,-0.13,-0.16,0.03,-0.11,-0.07
25864,-1.26,-0.13,-0.26,0.03,-0.21,-0.07
25865,-1.16,-0.23,0.05,0.03,-0.21,-0.07
25866,-1.16,-0.02,-0.26,-0.08,-0.21,-0.07
25867,-1.47,0.19,-0.05,-0.08,-0.11,-0.07
25868,-1.16,-0.23,-0.05,-0.18,-0.21,-0.07
25869,-1.36,0.29,-0.05,-0.08,-0.11,-0.17
25870,-1.26,-0.23,-0.16,-0.08,-0.11,-0.07
25871,-1.47,0.08,-0.16,0.03,-0.11,-0.07
25872,-1.36,-0.13,-0.16,-0.08,-0.21,-0.17
25873,-1.26,-0.13,-0.47,-0.08,-0.11,-0.07
25874,-1.26,0.08,0.05,-0.18,-0.00,-0.17
25875,-1.36,-0.33,-0.26,0.03,-0.00,-0.17
25876,-1.36,0.29,0.05,0.03,-0.31,-0.17
25877,-1.36,-0.13,-0.36,0.03,-0.11,-0.17
25878,-1.26,-0.13,-0.05,-0.18,-0.11,-0.28
25879,-1.36,-0.02,-0.05,-0.08,-0.11,-0.17
25880,-1.26,-0.13,-0.36,0.03,-0.11,-0.17
25881,-1.26,-0.23,-0.16,-0.08,-0.11,-0.17
25882,-1.36,-0.13,-0.16,-0.08,-0.11,-0.07
25883,-1.26,-0.33,-0.05,-0.08,-0.21,-0.17
25884,-1.26,0.08,-0.16,-0.08,-0.21,-0.07
25885,-1.26,-0.02,-0.05,-0.08,-0.11,-0.07
25886,-1.36,-0.23,-0.16,-0.08,-0.21,0.04
25887,-1.26,0.19,0.05,-0.08,-0.11,-0.17
25888,-1.26,-0.33,-0.36,-0.18,-0.21,0.04
25889,-1.16,0.19,-0.05,0.03,-0.11,0.04
25890,-1.16,-0.54,-0.26,-0.08,-0.21,-0.07
25891,-1.36,-0.02,-0.16,0.03,-0.21,-0.17
25892,-1.26,-0.13,-0.05,-0.18,-0.11,-0.17
25893,-1.47,-0.13,-0.26,-0.08,-0.00,-0.17
25894,-1.16,0.19,-0.05,-0.18,-0.11,-0.17
25895,-1.36,-0.13,-0.16,-0.08,-0.11,-0.17
25896,-1.36,0.19,-0.05,-0.08,-0.11,-0.17
25897,-1.16,-0.33,-0.05,-0.08,-0.11,-0.17
25898,-1.47,0.19,-0.16,-0.08,-0.21,-0.17
25899,-1.16,-0.23,-0.36,-0.08,-0.21,-0.07
25900,-1.36,0.08,-0.16,0.03,-0.00,-0.17
25901,-1.26,-0.23,-0.05,-0.18,-0.11,-0.07
25902,-1.26,-0.02,-0.16,-0.18,-0.21,-0.07
25903,-1.47,0.08,0.05,-0.18,-0.11,-0.17
25904,-1.16,-0.33,-0.26,0.03,-0.11,-0.17
25905,-1.36,0.39,0.05,0.03,-0.11,-0.07
25906,-1.36,-0.33,-0.26,0.03,-0.00,-0.07
25907,-1.26,0.08,-0.16,-0.08,-0.11,-0.07
25908,-1.26,-0.13,-0.05,0.03,-0.21,-0.07
25909,-1.16,-0.23,-0.36,0.03,-0.11,-0.07
25910,-1.26,0.08,-0.05,-0.08,-0.11,-0.17
25911,-1.36,-0.13,-0.16,-0.18,-0.00,0.04
25912,-1.26,-0.13,-0.16,0.03,-0.11,-0.07
25913,-1.36,-0.02,-0.05,0.03,-0.11,-0.07
25914,-1.26,-0.13,-0.16,0.03,-0.00,-0.07
25915,-1.26,-0.13,-0.05,0.03,-0.21,-0.07
25916,-1.36,-0.02,-0.26,0.13,-0.11,-0.17
25917,-1.26,-0.23,-0.05,-0.08,-0.11,-0.07
25918,-1.26,0.19,-0.16,-0.18,-0.21,-0.07
25919,-1.26,-0.44,-0.26,0.03,-0.21,-0.17
25920,-1.26,0.08,-0.16,-0.18,-0.11,-0.17
25921,-1.36,-0.13,-0.05,-0.08,-0.11,-0.07
25922,-1.26,-0.13,-0.05,0.03,-0.11,-0.07
25923,-1.26,0.19,-0.05,-0.18,-0.00,-0.07
25924,-1.26,-0.23,-0.26,0.03,-0.21,-0.17
25925,-1.26,0.19,-0.05,0.03,-0.21,-0.17
25926,-1.26,-0.23,-0.16,-0.08,-0.11,-0.07
25927,-1.36,0.08,-0.26,-0.08,-0.11,-0.07
25928,-1.26,-0.02,-0.05,-0.08,-0.11,-0.07
25929,-1.36,-0.02,-0.26,0.03,-0.11,-0.17
25930,-1.36,-0.02,-0.05,0.13,-0.21,0.04
25931,-1.16,-0.23,-0.16,0.03,-0.11,-0.17
25932,-1.36,0.19,-0.05,-0.18,-0.21,-0.17
25933,-1.16,-0.33,-0.16,0.03,-0.11,-0.17
25934,-1.36,0.19,-0.16,-0.08,-0.11,-0.07
25935,-1.36,-0.23,-0.26,-0.08,-0.11,-0.07
25936,-1.36,-0.02,-0.26,-0.08,-0.21,0.04
25937,-1.47,0.19,0.05,-0.08,-0.21,0.04
25938,-1.36,-0.33,-0.26,-0.08,-0.11,-0.07
25939,-1.26,0.39,0.05,-0.08,-0.11,-0.07
25940,-1.47,-0.44,-0.26,0.03,-0.11,-0.17
25941,-1.36,0.08,-0.16,0.03,-0.11,-0.07
25942,-1.26,-0.13,-0.05,-0.08,-0.11,0.04
25943,-1.36,-0.13,-0.26,0.03,-0.11,-0.07
25944,-1.26,-0.02,-0.16,0.03,-0.00,-0.07
25945,-1.26,-0.23,-0.26,0.03,-0.11,-0.17
25946,-1.26,-0.23,-0.05,-0.08,-0.11,-0.17
25947,-1.36,-0.02,-0.16,-0.18,-0.00,-0.07
25948,-1.36,-0.13,-0.16,0.03,-0.11,-0.07
25949,-1.26,-0.23,-0.16,-0.08,-0.00,0.04
25950,-1.26,0.19,-0.05,-0.08,-0.21,-0.07
25951,-1.26,-0.44,-0.16,0.03,-0.11,-0.28
25952,-1.26,0.19,0.05,-0.08,-0.11,-0.17
25953,-1.26,-0.44,-0.16,-0.08,-0.21,-0.07
25954,-1.36,-0.02,-0.36,0.03,-0.21,-0.17
25955,-1.26,-0.13,-0.05,0.03,-0.11,-0.07
25956,-1.47,-0.13,-0.16,-0.08,-0.11,-0.07
25957,-1.16,0.08,-0.05,-0.08,-0.11,-0.17
25958,-1.26,-0.33,-0.16,0.03,-0.21,-0.07
25959,-1.36,0.19,-0.05,0.03,-0.11,-0.07
25960,-1.16,-0.23,-0.05,-0.18,-0.00,-0.17
25961,-1.36,-0.02,-0.26,0.03,-0.11,-0.07
25962,-1.36,-0.23,-0.16,-0.08,-0.11,-0.07
25963,-1.26,-0.13,-0.26,-0.08,-0.11,-0.07
25964,-1.36,-0.02,-0.05,-0.08,-0.21,-0.17
26132,-1.47,-0.02,-0.26,0.03,-0.11,-0.17
26133,-1.26,-0.02,-0.05,-0.08,-0.11,-0.07
26134,-1.36,-0.13,-0.05,0.03,-0.11,-0.07
26135,-1.26,0.08,-0.16,-0.18,-0.11,-0.07
26136,-1.16,-0.23,-0.05,-0.08,-0.11,-0.17
26137,-1.26,0.08,-0.16,0.03,-0.11,-0.17
26138,-1.16,-0.13,-0.26,-0.08,-0.11,-0.07
26139,-1.47,-0.33,-0.16,-0.08,-0.11,0.04
26140,-1.26,0.19,-0.05,0.03,-0.11,-0.17
26141,-1.26,-0.44,-0.26,-0.08,-0.11,-0.17
26142,-1.36,0.39,-0.05,0.03,-0.21,-0.17
26143,-1.26,-0.33,-0.26,-0.08,-0.21,-0.17
26144,-1.26,-0.02,-0.16,0.03,-0.11,-0.17
26145,-1.26,-0.13,-0.05,-0.08,-0.00,-0.17
26146,-1.26,-0.44,-0.26,0.03,-0.00,-0.17
26147,-1.26,0.19,-0.16,-0.08,-0.11,-0.07
26148,-1.16,-0.33,-0.16,-0.08,-0.11,-0.07
26149,-1.36,0.08,-0.26,0.13,-0.11,-0.07
26150,-1.36,-0.13,-0.16,-0.08,-0.21,-0.17
26151,-1.16,-0.13,-0.16,0.03,-0.11,0.04
26152,-1.36,0.39,-0.05,0.03,-0.11,-0.07
26153,-1.26,-0.44,-0.05,-0.08,-0.11,-0.07
26154,-1.26,0.29,-0.26,-0.18,-0.11,-0.07
26155,-1.36,-0.23,-0.16,0.03,-0.21,-0.07
26156,-1.26,-0.33,-0.16,0.13,-0.21,-0.17
26157,-1.36,0.19,-0.05,-0.08,-0.21,0.04
26158,-1.47,-0.33,-0.26,0.03,-0.11,-0.17
26159,-1.36,0.29,-0.05,-0.08,-0.11,-0.07
26160,-1.16,-0.23,-0.26,-0.08,-0.11,-0.07
26161,-1.36,-0.02,-0.16,-0.08,-0.11,-0.07
26162,-1.26,-0.13,-0.16,-0.08,-0.11,-0.07
26163,-1.36,-0.13,-0.16,-0.08,-0.11,-0.17
26164,-1.26,0.19,-0.05,-0.08,-0.21,-0.07
26165,-1.26,-0.33,-0.16,0.03,-0.11,-0.07
26166,-1.36,-0.02,-0.16,-0.08,-0.21,-0.07
26167,-1.26,-0.13,-0.16,-0.08,-0.11,-0.17
26168,-1.36,-0.23,-0.05,0.03,-0.11,-0.07
26169,-1.26,0.08,-0.05,0.03,-0.21,-0.17
26170,-1.26,-0.33,-0.05,0.03,-0.21,-0.07
26171,-1.36,0.29,-0.16,0.03,-0.00,-0.07
26172,-1.26,-0.44,-0.47,0.03,-0.11,-0.17
26173,-1.26,-0.02,-0.16,-0.08,-0.11,-0.17
26174,-1.26,-0.02,-0.16,0.03,-0.11,-0.17
26175,-1.36,-0.23,-0.16,0.03,-0.11,-0.17
26176,-1.36,0.19,-0.05,0.03,-0.11,-0.17
26177,-1.26,-0.33,-0.36,0.03,-0.11,-0.07
26178,-1.26,-0.02,-0.16,0.13,-0.11,-0.17
26179,-1.36,-0.02,-0.16,-0.08,-0.11,-0.17
26180,-1.16,-0.44,-0.05,0.03,-0.11,-0.07
26181,-1.36,0.39,-0.16,0.03,-0.11,-0.17
26182,-1.26,-0.54,-0.26,0.03,-0.11,-0.17
26183,-1.26,0.19,-0.16,-0.08,-0.11,0.04
26184,-1.36,-0.13,-0.05,-0.08,-0.00,-0.07
26185,-1.36,-0.33,-0.16,0.03,-0.11,-0.17
26186,-1.36,0.29,0.05,0.03,-0.11,-0.07
26187,-1.26,-0.33,-0.05,0.13,-0.21,0.04
26188,-1.16,0.08,-0.26,0.03,-0.21,-0.28
26189,-1.26,-0.02,-0.05,-0.18,-0.11,-0.07
26190,-1.36,-0.33,-0.26,-0.08,-0.21,-0.07
26191,-1.26,0.19,-0.05,0.03,-0.11,-0.17
26192,-1.16,-0.33,-0.05,0.03,-0.00,-0.07
26193,-1.47,0.29,-0.16,0.03,-0.21,-0.17
26194,-1.26,-0.13,-0.26,-0.08,-0.11,-0.07
26195,-1.36,-0.13,-0.05,0.03,-0.21,-0.17
26196,-1.26,-0.02,-0.26,-0.08,-0.21,-0.07
26197,-1.26,-0.23,-0.26,0.03,-0.11,-0.07
26198,-1.36,0.08,-0.16,-0.08,-0.11,-0.17
26199,-1.16,-0.23,-0.26,0.03,-0.11,-0.07
26200,-1.36,0.08,-0.05,0.03,-0.21,-0.07
26201,-1.26,-0.23,0.05,-0.18,-0.11,-0.17
26202,-1.26,-0.23,-0.16,0.03,-0.11,-0.07
26203,-1.26,0.39,-0.16,-0.08,-0.00,-0.17
26204,-1.36,-0.54,-0.05,-0.08,-0.11,-0.07
26205,-1.26,0.19,-0.16,-0.08,-0.21,-0.17
26206,-1.26,-0.13,-0.36,-0.08,-0.11,0.04
26207,-1.36,-0.23,-0.05,0.03,-0.11,-0.28
26208,-1.36,0.19,-0.05,0.03,-0.11,-0.07
26209,-1.16,-0.44,-0.26,0.03,-0.11,-0.17
26210,-1.47,0.19,-0.16,0.03,-0.11,-0.07
26211,-1.26,-0.23,-0.16,0.03,-0.00,-0.07
26212,-1.05,-0.13,-0.26,0.03,-0.11,-0.07
26213,-1.36,0.39,-0.16,0.03,-0.11,-0.17
26214,-1.26,-0.44,-0.26,0.03,-0.21,-0.17
26215,-1.26,0.19,-0.05,-0.08,-0.21,0.04
26216,-1.36,-0.13,-0.16,-0.08,-0.21,-0.07
26217,-1.36,-0.33,-0.16,0.03,-0.11,-0.17
26218,-1.26,0.29,0.05,-0.08,-0.21,0.04
26219,-1.36,-0.33,-0.26,-0.08,-0.00,-0.07
26220,-1.26,0.19,0.05,0.03,-0.11,-0.07
26221,-1.26,-0.02,0.16,0.03,-0.11,-0.07
26222,-1.36,-0.13,-0.36,-0.08,-0.21,-0.07
26223,-1.26,-0.02,-0.05,0.03,-0.11,-0.07
26224,-1.26,-0.13,-0.16,-0.08,-0.00,-0.17
26225,-1.36,0.08,-0.26,-0.08,-0.11,-0.07
26226,-1.26,-0.23,0.05,0.03,-0.11,-0.07
26227,-1.47,-0.02,-0.05,0.03,-0.21,0.04
26228,-1.26,-0.02,-0.26,-0.08,-0.21,-0.17
26229,-1.16,-0.33,0.05,0.03,-0.21,-0.17
26230,-1.36,0.39,-0.16,0.03,-0.21,-0.07
26231,-1.26,-0.33,-0.36,-0.08,-0.11,-0.17
26232,-1.26,-0.02,-0.05,-0.08,-0.21,-0.07
26233,-1.26,-0.02,-0.26,-0.08,-0.11,-0.17
26234,-1.36,-0.33,-0.26,0.03,-0.00,-0.07
26235,-1.36,0.19,0.16,0.03,-0.21,0.04
26236,-1.26,-0.33,-0.16,-0.18,-0.11,-0.17
26237,-1.26,-0.02,-0.16,-0.08,-0.21,-0.07
26238,-1.26,0.08,-0.05,-0.08,-0.11,-0.17
26239,-1.26,-0.23,-0.26,0.03,-0.11,-0.17
26240,-1.36,0.19,-0.26,0.03,-0.00,-0.07
26241,-1.26,-0.54,-0.26,0.03,-0.21,-0.07
26242,-1.26,0.19,-0.05,-0.08,-0.11,-0.28
26243,-1.47,-0.13,-0.16,-0.08,-0.11,-0.07
26244,-1.26,-0.23,-0.16,-0.08,-0.11,-0.28
26245,-1.36,0.29,-0.16,0.03,-0.11,-0.07
26246,-1.47,-0.23,-0.05,-0.08,-0.11,-0.07
26247,-1.16,0.08,-0.26,0.03,-0.11,-0.17
26248,-1.36,-0.02,-0.16,-0.08,-0.21,-0.17
26249,-1.36,-0.23,-0.16,0.03,-0.11,-0.17
26250,-1.16,0.29,-0.05,-0.08,-0.11,-0.07
26251,-1.26,-0.33,0.05,0.03,-0.00,0.04
26252,-1.47,-0.02,-0.16,0.03,-0.11,-0.17
26253,-1.26,-0.02,-0.26,0.03,-0.00,-0.17
26254,-1.36,-0.02,-0.05,0.03,-0.11,-0.28
26255,-1.36,-0.02,-0.26,-0.08,-0.00,-0.17
26256,-1.26,-0.33,-0.16,0.03,-0.11,0.04
26257,-1.36,0.19,-0.05,-0.08,-0.11,-0.07
26258,-1.36,-0.02,-0.16,-0.08,-0.11,-0.17
26259,-1.26,-0.33,-0.16,-0.08,-0.11,-0.07
26260,-1.26,0.19,-0.05,-0.08,-0.00,-0.17
26261,-1.36,-0.44,-0.16,-0.08,-0.11,-0.07
26262,-1.36,0.29,0.05,0.03,-0.00,-0.17
26263,-1.26,-0.23,-0.16,-0.08,-0.11,0.04
26264,-1.26,-0.13,-0.57,0.03,-0.11,-0.07
26265,-1.36,0.19,-0.16,0.03,-0.00,0.04
26266,-1.26,-0.23,-0.26,-0.18,-0.21,-0.07
26267,-1.26,0.08,-0.26,-0.08,-0.00,-0.17
26268,-1.36,-0.13,-0.05,-0.08,-0.11,-0.17
26269,-1.26,-0.23,-0.16,-0.08,-0.21,-0.17
26270,-1.47,0.39,-0.16,0.03,-0.00,-0.17
26271,-1.26,-0.54,-0.16,-0.08,-0.21,-0.28
26272,-1.26,0.39,-0.26,-0.08,-0.21,-0.07
26273,-1.47,-0.23,-0.26,-0.08,-0.11,-0.07
26274,-1.26,-0.33,-0.05,-0.08,-0.21,-0.17
26275,-1.36,0.29,-0.26,0.03,-0.21,-0.07
26276,-1.47,-0.33,-0.16,0.03,-0.21,-0.17
26277,-1.26,0.08,-0.05,-0.18,-0.21,0.04
26278,-1.26,0.19,-0.16,-0.08,-0.11,-0.07
26279,-1.36,-0.33,-0.26,0.03,-0.11,0.04
26280,-1.26,0.19,-0.16,0.03,-0.00,-0.07
26281,-1.26,-0.23,-0.16,-0.08,-0.11,-0.28
26282,-1.26,-0.02,-0.16,0.03,-0.21,-0.07
26283,-1.16,-0.13,-0.16,-0.18,-0.21,-0.07
26284,-1.36,-0.02,-0.16,-0.08,-0.11,-0.07
26285,-1.36,0.08,-0.05,-0.08,-0.11,-0.17
26286,-1.16,-0.33,-0.05,-0.08,-0.21,-0.07
26287,-1.36,0.19,-0.05,0.03,-0.11,-0.07
26288,-1.36,0.08,-0.16,-0.08,-0.11,-0.17
26289,-1.26,-0.33,-0.36,0.13,-0.21,-0.07
26290,-1.36,0.29,-0.16,-0.08,-0.11,-0.07
26291,-1.36,-0.33,-0.16,0.03,-0.31,-0.17
26292,-1.47,0.08,-0.16,-0.08,-0.11,-0.07
26293,-1.36,-0.13,-0.05,-0.08,-0.11,-0.17
26294,-1.26,-0.13,-0.36,-0.08,-0.21,-0.07
26295,-1.26,0.19,-0.16,-0.08,-0.11,-0.17
26296,-1.16,-0.33,-0.16,0.13,-0.21,-0.07
26297,-1.36,-0.02,-0.36,-0.08,-0.21,-0.07
26298,-1.26,-0.02,-0.16,0.03,-0.21,-0.17
26299,-1.26,-0.33,-0.05,-0.08,-0.21,-0.28
26300,-1.36,0.39,-0.16,0.03,-0.11,-0.07
26301,-1.26,-0.44,-0.05,0.03,-0.21,-0.17
26302,-1.16,0.19,-0.05,-0.08,-0.11,-0.17
26303,-1.36,0.08,-0.26,-0.08,-0.11,-0.07
26304,-1.16,-0.44,0.05,0.03,-0.21,0.04
26305,-1.26,0.29,-0.05,-0.08,-0.21,0.04
26306,-1.36,-0.23,-0.36,-0.08,-0.11,-0.07
26307,-1.16,-0.13,0.05,-0.18,-0.21,0.04
26308,-1.36,0.19,-0.16,0.03,-0.11,-0.17
26309,-1.26,-0.44,-0.26,0.03,-0.21,0.04
26310,-1.26,0.08,-0.05,0.03,-0.00,-0.17
26311,-1.26,-0.13,-0.05,-0.08,-0.11,-0.07
26312,-1.36,-0.02,-0.26,0.03,-0.21,-0.17
26313,-1.26,-0.02,-0.05,-0.08,-0.11,-0.17
26314,-1.16,-0.13,-0.16,0.03,-0.21,-0.17
26315,-1.47,-0.02,-0.16,-0.08,-0.11,-0.07
26316,-1.26,-0.23,-0.26,-0.08,-0.00,-0.17
26317,-1.26,-0.02,-0.05,0.03,-0.00,0.04
26318,-1.26,0.08,-0.16,-0.08,-0.11,-0.07
26319,-1.16,-0.23,-0.16,-0.08,-0.11,-0.28
26320,-1.26,0.19,-0.05,0.03,-0.21,-0.07
26321,-1.36,-0.23,-0.16,-0.08,-0.11,-0.17
26322,-1.26,-0.23,-0.26,0.03,-0.11,-0.17
26323,-1.26,0.19,-0.26,0.03,-0.21,-0.17
26324,-1.36,-0.33,-0.26,0.03,-0.11,0.04
26325,-1.36,0.19,-0.05,-0.08,-0.11,-0.17
26326,-1.36,-0.13,-0.26,0.03,-0.11,-0.07
26327,-1.36,-0.33,-0.16,0.03,-0.11,-0.17
26328,-1.36,0.29,-0.16,-0.08,-0.21,-0.17
26329,-1.26,-0.44,-0.05,-0.08,-0.11,-0.17
26330,-1.26,0.19,-0.16,0.03,-0.11,-0.07
26331,-1.36,-0.02,-0.16,-0.08,-0.21,-0.17
26332,-1.16,-0.33,-0.36,0.03,-0.00,-0.28
26333,-1.16,0.29,-0.16,-0.08,-0.11,-0.17
26334,-1.36,-0.23,-0.16,0.03,-0.21,-0.17
26335,-1.26,-0.02,0.05,0.03,-0.00,-0.07
26336,-1.26,0.08,-0.05,-0.08,-0.21,-0.07
26337,-1.36,-0.23,-0.05,-0.08,-0.21,-0.07
26338,-1.16,0.19,-0.36,-0.08,-0.11,-0.17
26339,-1.26,-0.23,-0.16,0.03,-0.11,-0.28
26340,-1.26,-0.23,-0.16,0.03,-0.11,-0.17
26341,-1.16,0.08,-0.16,-0.18,-0.00,-0.28
26342,-1.26,-0.23,-0.16,0.03,-0.21,-0.17
26343,-1.26,0.19,0.05,-0.18,-0.21,-0.07
26344,-1.26,-0.13,-0.16,-0.08,-0.21,-0.17
26345,-1.26,0.08,0.05,-0.08,-0.21,-0.17
26346,-1.36,-0.02,-0.05,0.03,-0.11,-0.17
26347,-1.26,-0.23,-0.36,0.03,-0.11,-0.17
26348,-1.36,0.08,-0.16,-0.08,-0.00,-0.07
26349,-1.36,-0.13,-0.36,0.03,-0.21,-0.07
26350,-1.26,-0.23,-0.16,0.13,-0.11,-0.17
26351,-1.47,0.29,-0.05,-0.08,-0.21,-0.07
26352,-1.36,-0.33,-0.36,-0.08,-0.21,-0.07
26353,-1.36,0.08,-0.05,0.03,-0.31,-0.17
26354,-1.26,-0.02,-0.16,0.03,-0.11,-0.07
26355,-1.36,-0.13,-0.47,0.13,-0.21,-0.17
26356,-1.36,0.19,-0.16,-0.08,-0.11,-0.07
26357,-1.16,-0.33,-0.26,-0.08,-0.21,-0.17
26358,-1.26,-0.02,-0.16,0.03,-0.11,-0.17
26359,-1.47,0.08,0.05,-0.18,-0.11,-0.17
26360,-1.26,-0.44,-0.16,0.03,-0.11,-0.17
26361,-1.26,0.39,-0.26,-0.08,-0.11,-0.17
26362,-1.36,-0.23,-0.05,-0.08,-0.11,-0.07
26363,-1.16,-0.13,-0.16,-0.08,-0.11,-0.07
26364,-1.26,0.08,-0.26,0.03,-0.11,-0.17
26365,-1.36,-0.23,-0.05,-0.08,-0.11,-0.17
26366,-1.26,0.08,-0.16,-0.08,-0.11,-0.17
26367,-1.47,0.08,-0.05,-0.08,-0.11,-0.07
26368,-1.36,-0.23,-0.05,-0.18,-0.11,-0.07
26369,-1.26,0.08,-0.05,-0.08,-0.11,0.04
26370,-1.26,-0.23,-0.05,0.03,-0.11,-0.07
26371,-1.36,0.08,-0.16,0.03,-0.11,-0.17
26372,-1.26,-0.02,-0.16,-0.08,-0.00,-0.07
26373,-1.26,-0.02,-0.16,-0.08,-0.11,-0.07
26374,-1.36,0.19,-0.26,-0.08,-0.21,-0.17
26375,-1.26,-0.13,-0.05,-0.08,-0.00,-0.17
26376,-1.26,0.08,-0.05,0.03,-0.11,-0.07
26377,-1.26,-0.02,-0.26,0.03,-0.21,-0.17
26378,-1.16,-0.44,-0.05,0.03,-0.00,-0.07
26379,-1.36,0.19,-0.05,-0.08,-0.21,0.04
26380,-1.36,-0.23,-0.26,0.03,-0.21,-0.07
26381,-1.26,-0.02,-0.05,-0.08,-0.21,-0.07
26382,-1.36,0.08,-0.16,-0.08,-0.11,-0.17
26383,-1.26,-0.44,-0.36,0.03,-0.00,-0.07
26384,-1.47,0.19,0.05,-0.08,-0.11,-0.17
26385,-1.36,-0.23,-0.16,-0.08,-0.11,-0.17
26386,-1.26,-0.13,-0.16,-0.08,-0.11,-0.17
26387,-1.36,0.19,0.05,-0.08,-0.21,-0.07
26388,-1.26,-0.33,-0.26,-0.08,-0.11,-0.17
26389,-1.26,0.08,-0.26,0.03,-0.21,-0.07
26390,-1.47,-0.02,-0.16,0.03,-0.11,-0.17
26391,-1.16,-0.33,-0.16,-0.08,-0.00,0.04
26392,-1.36,0.29,0.05,0.03,-0.11,-0.07
26393,-1.47,-0.33,-0.26,-0.08,-0.11,0.04
26394,-1.16,-0.02,-0.05,-0.08,-0.21,-0.07
26395,-1.36,0.19,-0.05,0.03,-0.11,-0.17
26396,-1.26,-0.13,-0.26,0.03,-0.21,-0.17
26397,-1.26,-0.02,-0.16,-0.08,-0.21,0.04
26398,-1.26,-0.13,-0.05,0.03,-0.11,-0.17
26399,-1.36,-0.02,-0.16,-0.08,-0.00,-0.17
26400,-1.36,0.19,-0.05,0.03,-0.11,-0.17
26401,-1.36,-0.23,-0.05,-0.08,-0.21,-0.07
26402,-1.36,-0.02,-0.26,-0.08,-0.21,-0.17
26403,-1.26,-0.02,-0.16,-0.08,-0.11,-0.17
26404,-1.26,-0.02,-0.05,0.03,-0.11,-0.07
26405,-1.26,-0.13,-0.26,0.03,-0.00,-0.07
26406,-1.36,-0.13,0.05,0.13,-0.21,-0.17
26407,-1.26,0.08,-0.05,0.03,-0.21,-0.17
26408,-1.36,0.08,-0.16,0.03,-0.21,-0.17
26409,-1.26,-0.33,-0.16,-0.08,-0.11,-0.17
26410,-1.47,0.08,-0.05,0.03,-0.11,-0.17
26411,-1.36,-0.23,-0.16,-0.18,-0.11,-0.07
26412,-1.36,-0.23,-0.16,0.03,-0.11,0.04
26413,-1.36,0.08,-0.16,-0.08,-0.11,-0.07
26414,-1.16,-0.33,-0.36,-0.08,-0.11,-0.07
26415,-1.26,0.08,-0.05,-0.08,-0.21,-0.17
26416,-1.26,0.08,-0.26,-0.08,-0.21,-0.17
26417,-1.26,-0.44,-0.16,-0.18,-0.11,-0.17
26418,-1.36,0.19,-0.05,0.03,-0.11,-0.17
26419,-1.36,-0.33,-0.05,-0.08,-0.11,-0.17
26420,-1.16,-0.02,-0.16,-0.08,-0.11,-0.17
26421,-1.36,0.08,-0.26,-0.08,-0.11,-0.28
26423,-1.36,-0.44,-0.16,-0.08,-0.11,-0.17
26423,-1.16,0.19,-0.05,0.03,-0.21,-0.07
26424,-1.36,-0.02,-0.16,0.03,-0.11,-0.17
26425,-1.36,-0.23,-0.16,-0.08,-0.11,-0.28
26426,-1.26,0.19,-0.16,-0.08,-0.21,-0.07
26427,-1.36,-0.02,-0.26,0.03,-0.11,-0.07
26428,-1.36,-0.02,-0.16,-0.08,-0.00,-0.17
26429,-1.26,-0.02,-0.26,-0.08,-0.11,-0.17
26430,-1.26,-0.33,-0.16,0.03,-0.11,-0.07
26431,-1.47,0.08,-0.05,0.03,-0.21,-0.07
26432,-1.36,-0.02,-0.16,0.03,-0.11,-0.17
26433,-1.36,-0.02,-0.05,-0.08,-0.11,-0.07
26434,-1.36,-0.02,-0.16,-0.08,-0.11,-0.07
26435,-1.26,-0.23,-0.16,0.03,-0.21,-0.17
26436,-1.26,0.08,-0.05,-0.18,-0.00,-0.07
26437,-1.36,-0.02,-0.26,-0.08,-0.11,-0.07
26438,-1.36,-0.33,-0.16,0.03,-0.21,-0.17
26439,-1.36,0.08,-0.05,0.03,-0.11,-0.17
26440,-1.26,-0.33,-0.26,0.03,-0.11,-0.07
26441,-1.36,0.08,0.05,-0.08,-0.00,-0.17
26442,-1.36,0.08,-0.16,-0.08,-0.00,-0.07
26443,-1.26,-0.23,-0.26,0.03,-0.11,-0.17
26561,-0.84,-0.85,0.05,0.03,0.10,0.14
26561,-1.78,-0.75,-0.47,0.13,-0.00,0.14
26562,-1.36,0.08,-0.16,0.03,-0.11,-0.17
26563,-1.26,-0.33,-0.26,-0.08,-0.00,-0.07
26564,-1.16,0.19,-0.16,-0.08,-0.11,-0.17
26565,-1.26,0.08,-0.05,0.03,-0.11,-0.07
26566,-1.36,-0.33,-0.26,-0.18,-0.11,-0.07
26567,-1.26,-0.02,-0.05,-0.08,-0.11,-0.07
26568,-1.26,-0.02,-0.16,-0.08,-0.11,-0.17
26569,-1.36,-0.02,0.05,-0.08,-0.21,-0.07
26570,-1.26,0.08,-0.16,0.03,-0.11,-0.28
26571,-1.26,-0.23,-0.05,-0.08,-0.21,-0.07
26572,-1.36,-0.13,-0.05,0.03,-0.11,-0.17
26573,-1.16,0.08,-0.26,-0.08,-0.21,-0.07
26574,-1.16,-0.33,-0.26,-0.08,-0.11,0.04
26575,-1.36,-0.02,0.05,0.13,-0.11,-0.07
26576,-1.26,-0.13,-0.36,-0.08,-0.11,-0.17
26577,-1.26,-0.13,-0.05,-0.08,-0.00,-0.07
26578,-1.47,0.19,0.05,-0.08,-0.11,-0.07
26579,-1.26,-0.02,-0.26,-0.08,-0.11,-0.07
26580,-1.16,-0.23,-0.05,-0.08,-0.11,-0.07
26581,-1.36,0.19,-0.26,0.03,-0.11,-0.17
26582,-1.26,-0.23,-0.36,0.03,-0.11,0.04
26583,-1.36,-0.13,-0.05,0.03,-0.21,-0.17
26584,-1.26,0.08,-0.26,-0.08,-0.21,-0.07
26585,-1.26,-0.33,-0.16,0.03,-0.11,-0.07
26586,-1.47,0.19,0.16,-0.08,-0.11,-0.07
26587,-1.36,-0.13,-0.26,0.03,-0.00,-0.07
26588,-1.16,-0.23,-0.26,-0.08,-0.00,-0.17
26589,-1.36,0.19,-0.05,0.03,-0.11,-0.17
26590,-1.47,-0.23,-0.26,-0.18,-0.00,-0.07
26591,-1.05,-0.13,-0.16,-0.08,-0.21,-0.17
26592,-1.26,0.19,-0.16,-0.18,-0.11,-0.07
26593,-1.36,-0.44,-0.36,0.03,-0.11,-0.07
26594,-1.26,0.08,-0.05,-0.18,-0.11,-0.07
26595,-1.36,-0.02,-0.26,0.03,-0.11,-0.28
26596,-1.36,-0.23,-0.16,0.13,-0.00,-0.07
26597,-1.16,0.08,-0.16,0.03,-0.11,-0.17
26598,-1.36,0.08,-0.26,-0.08,-0.11,-0.07
26599,-1.26,-0.13,-0.16,0.03,-0.21,-0.07
26600,-1.36,-0.02,-0.05,-0.08,-0.00,-0.07
26601,-1.16,-0.13,-0.16,-0.08,-0.11,-0.17
26602,-1.26,0.08,-0.05,-0.08,-0.11,-0.07
26603,-1.36,0.08,-0.05,-0.08,-0.21,-0.17
26604,-1.26,-0.23,-0.16,0.03,-0.11,-0.17
26605,-1.26,0.08,-0.26,0.03,-0.11,-0.07
26606,-1.26,0.08,-0.16,0.03,-0.11,-0.17
26607,-1.16,-0.13,-0.16,-0.08,-0.11,-0.17
26608,-1.36,0.08,-0.26,-0.08,-0.21,-0.07
26609,-1.36,-0.02,-0.16,-0.08,-0.21,-0.07
26610,-1.26,-0.23,-0.16,0.13,-0.21,-0.07
26611,-1.36,0.29,0.16,0.03,-0.11,-0.17
26612,-1.16,-0.23,-0.26,-0.08,-0.11,-0.07
26613,-1.36,-0.02,-0.16,-0.08,-0.11,-0.07
26614,-1.36,-0.13,-0.16,0.03,-0.11,0.04
26615,-1.16,-0.23,-0.26,0.03,-0.21,-0.07
26616,-1.26,0.08,-0.16,0.03,-0.11,-0.07
26617,-1.26,-0.02,-0.05,0.03,-0.11,-0.17
26618,-1.36,-0.23,-0.16,-0.18,-0.11,-0.07
26619,-1.36,0.19,-0.05,0.03,-0.11,-0.17
26620,-1.36,-0.13,-0.05,-0.08,-0.21,-0.17
26621,-1.26,-0.02,-0.36,0.03,-0.11,-0.07
26622,-1.26,0.08,-0.26,0.03,-0.11,-0.07
26623,-1.36,-0.33,-0.26,-0.08,-0.11,-0.17
26624,-1.36,-0.02,-0.26,0.03,-0.11,-0.07
26625,-1.36,-0.02,-0.16,0.03,-0.11,-0.07
26626,-1.36,0.08,-0.16,-0.08,-0.21,-0.17
26627,-1.36,0.08,-0.16,-0.08,-0.11,0.04
26628,-1.26,-0.02,-0.16,-0.08,-0.21,-0.07
26629,-1.26,-0.23,-0.26,0.03,-0.11,-0.07
26630,-1.26,-0.02,-0.26,0.13,-0.11,-0.07
26631,-1.26,-0.13,-0.16,-0.08,-0.11,-0.07
26632,-1.26,-0.02,-0.16,-0.08,-0.11,-0.17
26633,-1.36,0.08,-0.05,-0.08,-0.11,-0.17
26634,-1.26,-0.23,-0.05,0.03,-0.00,-0.07
26635,-1.26,-0.02,-0.26,0.03,-0.11,-0.17
26636,-1.36,-0.02,-0.16,0.03,-0.11,-0.17
26637,-1.26,-0.23,-0.26,-0.08,-0.21,-0.07
26638,-1.36,0.08,0.05,-0.08,-0.11,-0.28
26639,-1.26,-0.02,-0.05,0.03,-0.00,-0.07
26640,-1.26,-0.33,-0.26,0.03,-0.11,-0.07
26641,-1.36,0.19,-0.05,-0.08,-0.11,-0.17
26642,-1.26,-0.13,-0.36,-0.08,-0.11,-0.07
26643,-1.26,-0.23,-0.26,-0.08,-0.21,-0.17
26644,-1.36,-0.02,-0.26,-0.08,-0.11,-0.17
26645,-1.26,-0.33,-0.26,0.03,-0.21,-0.07
26646,-1.26,-0.13,-0.05,0.13,-0.11,-0.17
26647,-1.36,0.19,-0.16,0.13,-0.21,-0.17
26648,-1.36,-0.33,-0.16,-0.08,-0.21,-0.17
26649,-1.16,0.19,-0.26,0.03,-0.21,-0.07
26650,-1.26,0.19,-0.36,0.03,-0.11,-0.17
26651,-1.36,-0.23,-0.05,0.03,-0.11,-0.07
26652,-1.26,0.08,-0.05,-0.08,-0.11,-0.07
26653,-1.26,0.08,-0.36,-0.08,-0.00,-0.07
26654,-1.36,-0.13,0.05,0.13,-0.21,-0.07
26655,-1.26,-0.02,-0.05,0.03,-0.11,-0.07
26656,-1.26,-0.23,-0.16,0.03,-0.11,-0.17
26657,-1.26,-0.13,-0.16,-0.08,-0.11,-0.17
26658,-1.36,-0.02,-0.26,0.13,-0.21,-0.17
26659,-1.16,-0.23,-0.05,-0.08,-0.11,-0.17
26660,-1.36,0.08,-0.16,0.13,-0.00,-0.07
26661,-1.26,-0.13,-0.26,-0.08,-0.11,-0.07
26662,-1.16,-0.13,-0.05,0.03,-0.11,-0.17
26663,-1.26,-0.02,-0.16,0.13,-0.11,-0.17
26664,-1.36,-0.02,-0.26,0.03,-0.11,-0.17
26665,-1.36,-0.23,-0.05,0.13,-0.11,-0.07
26666,-1.26,-0.02,0.05,0.03,-0.11,-0.17
26667,-1.16,-0.02,-0.16,-0.08,-0.21,-0.17
26668,-1.26,-0.23,-0.36,0.03,-0.21,-0.07
26669,-1.36,-0.02,-0.16,0.03,-0.21,-0.17
26670,-1.26,-0.33,-0.36,-0.08,-0.21,-0.07
26671,-1.36,-0.02,-0.16,-0.08,-0.11,-0.28
26672,-1.36,0.08,0.05,-0.08,-0.11,-0.07
26673,-1.26,-0.13,-0.26,0.03,-0.11,-0.17
26674,-1.16,-0.02,-0.05,-0.08,-0.11,-0.07
26675,-1.47,0.08,-0.26,-0.08,-0.21,-0.17
26676,-1.36,-0.33,-0.36,-0.08,-0.11,-0.07
26677,-1.16,-0.13,-0.16,0.03,-0.21,0.04
26678,-1.36,-0.02,-0.16,0.03,-0.00,-0.07
26679,-1.26,-0.23,-0.26,-0.08,-0.11,-0.07
26680,-1.26,0.19,0.05,-0.08,-0.11,-0.17
26681,-1.26,-0.02,-0.26,0.03,-0.00,-0.17
26682,-1.26,-0.13,-0.16,-0.08,-0.11,-0.07
26683,-1.16,-0.02,-0.26,0.03,-0.11,-0.07
26684,-1.36,-0.23,-0.26,0.13,-0.11,-0.07
26685,-1.36,-0.13,-0.05,-0.08,-0.00,-0.07
26686,-1.36,-0.02,-0.05,-0.08,-0.11,-0.07
26687,-1.16,-0.13,-0.05,-0.18,-0.11,-0.07
26688,-1.26,0.08,-0.16,-0.08,-0.11,-0.17
26689,-1.36,-0.13,-0.26,-0.08,-0.11,-0.17
26690,-1.16,-0.23,-0.16,0.03,-0.11,-0.07
26691,-1.36,0.08,-0.16,-0.08,-0.00,-0.07
26692,-1.47,-0.02,-0.16,-0.08,-0.00,-0.17
26693,-1.26,-0.23,-0.05,0.03,-0.21,-0.07
26694,-1.36,0.08,-0.16,-0.08,-0.00,0.04
26695,-1.26,-0.02,-0.16,0.03,-0.00,-0.07
26696,-1.26,-0.33,-0.05,-0.08,-0.11,-0.07
26697,-1.47,0.08,-0.26,-0.08,-0.11,-0.07
26698,-1.26,-0.23,-0.36,-0.08,-0.21,-0.07
26699,-1.36,-0.13,0.05,0.03,-0.11,-0.07
26700,-1.26,0.08,-0.36,0.03,-0.11,-0.17
26701,-1.26,-0.33,-0.36,0.03,-0.21,-0.07
26702,-1.26,-0.02,-0.16,0.03,-0.21,-0.17
26703,-1.47,-0.02,-0.26,-0.08,-0.11,-0.17
26704,-1.47,-0.33,-0.36,-0.18,-0.11,-0.07
26705,-1.26,-0.02,-0.05,-0.08,-0.11,-0.07
26706,-1.36,0.08,-0.26,0.03,-0.21,-0.17
26707,-1.36,-0.23,-0.26,0.03,-0.21,-0.07
26708,-1.26,-0.02,-0.05,-0.08,-0.11,-0.17
26709,-1.26,-0.02,-0.36,-0.08,-0.00,-0.07
26710,-1.36,0.08,-0.26,0.03,-0.11,-0.28
26711,-1.26,-0.13,0.05,-0.08,-0.11,-0.07
26712,-1.16,-0.02,-0.16,0.03,-0.11,-0.07
26713,-1.26,-0.13,-0.05,0.03,-0.11,-0.07
26714,-1.36,-0.02,-0.05,-0.08,-0.11,-0.17
26715,-1.16,-0.13,-0.36,0.03,-0.11,-0.17
26716,-1.16,-0.13,-0.16,0.03,-0.11,-0.07
26717,-1.36,0.19,-0.16,-0.08,-0.11,-0.07
26718,-1.16,-0.23,-0.16,0.03,-0.11,-0.07
26719,-1.36,0.19,-0.05,0.03,-0.21,-0.17
26720,-1.36,0.08,-0.05,0.03,-0.00,-0.17
26721,-1.26,-0.23,-0.16,0.03,-0.11,-0.07
26722,-1.16,-0.13,-0.26,-0.08,-0.11,-0.07
26723,-1.36,0.19,-0.05,-0.18,-0.11,-0.17
26724,-1.26,-0.33,-0.16,-0.08,-0.11,-0.17
26725,-1.36,0.08,-0.16,-0.08,-0.21,-0.17
26726,-1.26,-0.23,-0.26,0.03,-0.11,-0.17
26727,-1.26,-0.23,-0.05,0.03,-0.21,-0.07
26728,-1.36,0.08,-0.36,0.03,-0.21,-0.07
26729,-1.36,-0.13,-0.16,-0.08,-0.21,-0.07
26730,-1.26,-0.23,-0.26,-0.08,-0.21,-0.17
26731,-1.26,0.08,-0.36,-0.08,-0.21,-0.07
26732,-1.36,-0.23,-0.16,-0.08,-0.11,-0.17
26733,-1.26,-0.02,-0.16,0.13,-0.21,-0.07
26734,-1.16,0.08,-0.16,-0.08,-0.11,-0.17
26735,-1.47,-0.23,-0.16,-0.08,-0.11,-0.17
26736,-1.26,-0.02,-0.05,0.03,-0.21,-0.07
26737,-1.16,-0.13,-0.36,0.13,-0.11,-0.07
26738,-1.26,-0.02,-0.16,-0.08,-0.11,-0.17
26739,-1.36,-0.13,-0.05,-0.08,-0.11,-0.07
26740,-1.16,0.08,-0.36,0.03,-0.11,-0.17
26741,-1.26,0.08,-0.16,-0.08,-0.21,-0.17
26742,-1.36,-0.02,-0.05,0.03,-0.11,-0.07
26743,-1.36,-0.13,-0.16,-0.08,-0.11,-0.07
26744,-1.26,-0.13,-0.16,-0.08,-0.00,0.04
26745,-1.36,-0.02,0.05,-0.08,-0.11,-0.07
26746,-1.26,-0.02,-0.26,0.03,-0.11,-0.07
26747,-1.16,-0.13,-0.05,-0.08,-0.21,-0.17
26748,-1.47,0.08,-0.05,-0.08,-0.21,-0.17
26749,-1.36,-0.13,-0.36,0.03,-0.21,-0.17
26750,-1.26,-0.13,-0.16,-0.08,-0.11,-0.07
26751,-1.36,0.19,-0.16,-0.08,-0.11,-0.07
26752,-1.16,-0.23,-0.26,0.03,-0.21,-0.07
26753,-1.16,-0.02,-0.16,-0.08,-0.21,0.04
26754,-1.36,-0.02,-0.05,-0.08,-0.00,-0.17
26755,-1.36,-0.23,-0.16,-0.18,-0.11,-0.07
26756,-1.26,-0.02,-0.05,0.03,-0.00,-0.17
26757,-1.36,-0.02,-0.16,0.03,-0.21,-0.17
26758,-1.36,-0.33,-0.26,-0.08,-0.21,0.04
26759,-1.16,0.19,-0.05,-0.08,-0.11,-0.17
26760,-1.47,0.08,-0.26,-0.08,-0.11,-0.07
26761,-1.36,-0.23,-0.36,0.03,-0.11,-0.17
26762,-1.26,-0.02,-0.05,0.03,-0.11,-0.07
26763,-1.47,-0.13,-0.26,-0.08,-0.11,0.04
26764,-1.36,-0.02,-0.26,0.03,-0.11,-0.07
26765,-1.26,-0.13,0.05,-0.08,-0.21,-0.07
26766,-1.26,-0.02,-0.26,0.03,-0.11,-0.17
26767,-1.47,-0.13,-0.16,0.03,-0.11,-0.17
26768,-1.26,-0.23,-0.05,-0.08,-0.11,-0.17
26769,-1.16,-0.02,-0.36,0.03,-0.11,-0.17
26770,-1.16,-0.13,-0.05,0.03,-0.21,-0.07
26771,-1.36,-0.02,0.05,-0.08,-0.11,-0.07
26772,-1.26,-0.13,-0.26,0.03,-0.11,-0.17
26773,-1.16,-0.13,-0.05,0.03,-0.11,-0.07
26774,-1.36,-0.02,-0.05,-0.18,0.10,0.04
26775,-1.26,-0.02,-0.16,0.03,-0.21,-0.07
26776,-1.16,-0.13,-0.16,-0.08,-0.11,-0.17
26777,-1.26,-0.02,-0.16,0.03,-0.21,-0.17
26778,-1.36,-0.33,-0.36,0.03,-0.11,-0.28
26779,-1.36,-0.02,-0.05,-0.08,-0.00,-0.07
26780,-1.36,0.08,-0.16,-0.08,-0.00,-0.07
26781,-1.36,-0.33,-0.26,0.03,-0.21,-0.17
26782,-1.36,0.19,-0.05,0.03,-0.21,-0.07
26783,-1.36,-0.02,-0.05,0.03,-0.21,-0.17
26784,-1.16,-0.23,-0.47,0.03,-0.11,-0.07
26785,-1.36,0.08,-0.16,-0.08,-0.00,-0.17
26787,-1.47,0.08,-0.05,-0.08,-0.21,-0.07
26787,-1.26,-0.33,-0.26,0.03,-0.00,-0.07
26788,-1.26,0.19,0.05,0.03,-0.11,-0.07
26789,-1.36,-0.02,-0.26,-0.08,-0.21,-0.07
26790,-1.36,-0.23,-0.26,-0.08,-0.00,-0.17
26791,-1.26,-0.13,-0.26,-0.08,-0.21,-0.17
26792,-1.26,-0.13,-0.16,0.03,-0.00,-0.17
26793,-1.36,-0.13,-0.05,0.03,-0.21,-0.17
26794,-1.26,-0.02,-0.16,0.03,-0.11,-0.07
26795,-1.26,0.08,-0.26,-0.08,-0.21,-0.07
26796,-1.26,-0.02,-0.05,-0.08,-0.11,-0.07
26797,-1.36,-0.13,-0.16,0.03,-0.11,-0.07
26798,-1.16,-0.23,-0.16,0.03,-0.31,-0.07
26799,-1.16,0.08,0.05,-0.08,-0.21,-0.17
26800,-1.26,-0.13,-0.47,0.03,-0.21,-0.07
26801,-1.26,-0.44,-0.26,-0.08,-0.11,-0.07
26802,-1.26,0.08,-0.05,-0.08,-0.21,-0.07
26803,-1.36,-0.02,-0.05,0.03,-0.11,-0.17
26804,-1.36,-0.13,-0.05,-0.08,-0.21,-0.07
26805,-1.36,-0.02,-0.26,0.03,0.10,-0.07
26806,-1.16,0.08,-0.26,-0.08,-0.11,-0.17
26807,-1.26,-0.23,-0.36,0.03,-0.11,-0.07
26808,-1.36,0.19,-0.16,0.03,-0.21,-0.07
26809,-1.26,-0.23,-0.26,0.03,-0.11,-0.17
26810,-1.26,-0.13,-0.05,0.03,-0.11,-0.17
26811,-1.26,0.08,-0.26,-0.08,-0.21,-0.07
26812,-1.26,-0.23,-0.26,0.03,-0.11,-0.17
26813,-1.36,-0.13,-0.16,-0.08,-0.11,0.04
26814,-1.26,0.08,-0.26,-0.08,-0.11,-0.07
26815,-1.36,0.08,-0.16,0.03,-0.21,0.04
26816,-1.26,-0.23,-0.16,0.03,-0.11,-0.17
26817,-1.26,0.08,-0.16,0.03,-0.21,-0.17
26818,-1.36,-0.02,-0.16,0.03,-0.11,-0.07
26819,-1.36,-0.13,-0.05,-0.08,-0.11,-0.17
26820,-1.26,-0.13,-0.16,-0.18,-0.11,-0.07
26821,-1.36,0.19,-0.05,-0.08,-0.11,-0.07
26822,-1.26,-0.02,0.05,0.03,-0.21,-0.17
26823,-1.26,-0.23,-0.26,-0.08,-0.00,-0.07
26824,-1.16,-0.13,-0.05,-0.08,-0.21,-0.07
26825,-1.26,0.08,-0.16,-0.08,-0.11,-0.17
26826,-1.47,0.08,-0.05,0.03,-0.21,-0.07
26827,-1.16,-0.13,-0.36,0.03,-0.21,0.04
26828,-1.26,0.08,-0.05,-0.08,-0.11,-0.07
26829,-1.16,0.08,-0.16,0.03,-0.11,-0.07
26830,-1.26,-0.13,-0.16,0.03,-0.00,-0.07
26831,-1.36,-0.02,-0.16,0.03,-0.11,-0.17
26832,-1.36,-0.02,-0.16,0.03,-0.11,-0.17
26833,-1.26,-0.23,-0.16,0.03,-0.21,-0.17
26834,-1.26,0.08,0.05,-0.08,-0.21,-0.17
26835,-1.26,-0.02,-0.16,-0.08,-0.00,-0.28
26836,-1.36,-0.23,-0.16,0.03,-0.11,-0.17
26837,-1.26,0.19,0.05,0.03,-0.11,-0.17
26838,-1.36,-0.13,-0.47,0.03,-0.21,-0.07
26839,-1.16,-0.44,-0.26,0.03,-0.21,-0.07
26840,-1.16,-0.02,-0.16,0.03,-0.11,-0.07
26841,-1.47,-0.02,-0.36,0.03,-0.21,-0.07
26842,-1.36,-0.23,-0.16,0.03,-0.11,-0.07
26843,-1.26,0.08,-0.16,-0.08,-0.11,0.04
26844,-1.36,0.08,-0.26,-0.08,-0.21,-0.07
26845,-1.26,-0.23,-0.05,0.03,-0.21,-0.07
26846,-1.16,-0.02,-0.36,0.03,-0.11,-0.07
26847,-1.36,-0.02,-0.26,-0.08,-0.11,-0.07
26848,-1.26,-0.02,-0.05,-0.08,-0.11,-0.17
26849,-1.16,-0.13,-0.05,-0.18,-0.11,-0.07
26850,-1.36,0.08,-0.16,-0.18,-0.11,0.04
26851,-1.26,-0.02,0.05,0.03,-0.11,-0.17
26852,-1.26,0.19,-0.26,0.03,-0.21,-0.17
26853,-1.05,-0.13,-0.36,-0.08,-0.00,-0.17
26854,-1.26,-0.02,-0.05,0.03,-0.21,-0.17
26855,-1.36,-0.02,-0.16,-0.08,-0.11,-0.17
26856,-1.26,-0.23,-0.16,-0.08,-0.11,-0.17
26857,-1.26,0.08,-0.05,-0.08,-0.11,-0.07
26858,-1.47,-0.02,-0.05,-0.08,-0.21,0.04
26859,-1.36,-0.13,-0.16,-0.18,-0.21,-0.07
26860,-1.26,-0.13,-0.16,0.03,-0.11,-0.17
26861,-1.26,-0.02,-0.36,0.03,-0.11,-0.07
26862,-1.26,-0.33,-0.26,0.03,-0.11,-0.07
26863,-1.36,-0.02,-0.05,0.03,-0.11,-0.07
26864,-1.36,-0.13,-0.26,-0.08,-0.11,-0.07
26865,-1.26,-0.13,-0.16,0.03,-0.11,-0.17
26866,-1.26,0.19,0.05,0.03,-0.11,-0.17
26867,-1.57,0.08,-0.26,0.03,-0.21,-0.17
26868,-1.26,-0.33,-0.26,-0.08,-0.11,0.04
26869,-1.26,-0.02,-0.16,0.03,-0.11,-0.17
26870,-1.47,0.08,-0.26,-0.08,-0.11,-0.07
26871,-1.36,-0.23,-0.36,0.03,-0.11,-0.17
26872,-1.05,0.08,-0.16,0.03,-0.11,-0.07
26873,-1.26,-0.13,-0.26,0.03,-0.00,-0.07
26874,-1.36,-0.13,-0.05,0.03,-0.00,-0.07
26875,-1.36,-0.02,0.05,0.03,-0.00,-0.17
26876,-1.16,0.08,-0.36,0.03,-0.21,-0.17
26877,-1.36,-0.02,-0.16,0.03,-0.11,-0.07
26878,-1.26,-0.13,0.16,-0.08,-0.11,-0.17
26879,-1.26,-0.02,-0.36,-0.08,-0.21,-0.17
26880,-1.16,-0.13,-0.05,0.03,-0.21,-0.28
26881,-1.47,0.08,0.16,0.03,-0.21,0.04
26882,-1.36,-0.13,-0.26,0.03,-0.21,-0.17
26883,-1.16,-0.13,-0.05,-0.08,-0.11,-0.07
26884,-1.36,0.08,-0.05,0.03,-0.11,-0.17
26885,-1.47,-0.13,-0.36,-0.08,-0.11,-0.07
26886,-1.36,-0.13,-0.05,0.03,-0.21,-0.07
26887,-1.26,0.08,-0.05,-0.08,-0.00,-0.17
26888,-1.26,-0.02,-0.26,-0.08,-0.11,-0.07
26889,-1.26,-0.33,-0.05,0.03,-0.11,-0.17
26890,-1.36,0.08,-0.05,0.03,-0.21,-0.17
26891,-1.26,-0.13,-0.47,0.03,-0.11,-0.17
26892,-1.16,-0.23,-0.05,0.03,-0.21,-0.17
26893,-1.47,0.19,-0.16,0.03,-0.00,-0.17
26894,-1.26,-0.23,-0.26,-0.08,-0.21,-0.17
26895,-1.26,-0.13,0.05,-0.08,-0.21,-0.07
26896,-1.26,0.08,-0.26,0.03,-0.11,-0.07
26897,-1.47,-0.13,-0.26,-0.08,-0.11,-0.17
26898,-1.26,-0.23,-0.05,0.03,-0.11,-0.07
26899,-1.16,-0.02,-0.36,0.03,-0.11,-0.17
26900,-1.47,-0.13,-0.26,0.03,-0.21,-0.17
26901,-1.36,-0.02,-0.16,-0.08,-0.11,-0.17
26902,-1.16,-0.02,-0.26,0.03,-0.00,-0.07
26903,-1.36,-0.02,-0.26,0.03,-0.21,-0.17
26904,-1.36,-0.02,0.05,0.03,-0.21,-0.17
26905,-1.26,-0.02,-0.16,-0.08,-0.21,-0.17
26906,-1.16,-0.02,-0.16,-0.08,-0.11,-0.17
26907,-1.26,-0.13,-0.05,-0.08,-0.11,-0.17
26908,-1.36,0.08,-0.05,-0.08,-0.11,-0.17
26909,-1.26,-0.13,-0.16,-0.08,-0.11,0.14
26911,-1.16,-0.13,-0.05,0.03,-0.11,-0.07
26911,-1.47,0.08,-0.16,-0.08,-0.21,-0.07
26912,-1.36,-0.13,-0.26,0.03,-0.00,-0.17
26913,-1.26,-0.23,-0.16,0.03,-0.11,-0.28
26914,-1.36,0.08,-0.05,-0.08,-0.21,-0.07
26915,-1.36,-0.13,-0.16,0.03,-0.11,-0.07
26916,-1.36,-0.02,-0.05,-0.08,-0.00,0.04
26917,-1.36,0.08,-0.16,0.03,-0.11,-0.17
26918,-1.26,-0.33,-0.26,-0.08,-0.00,-0.07
26919,-1.26,-0.02,-0.05,-0.08,-0.11,-0.17
26920,-1.36,0.19,-0.26,-0.08,-0.11,-0.07
26921,-1.26,-0.23,-0.26,-0.08,-0.00,-0.17
27085,-1.36,-0.13,-0.36,0.03,-0.11,-0.17
27086,-1.16,-0.23,-0.16,-0.08,-0.11,-0.07
27087,-1.26,-0.02,-0.26,-0.08,-0.11,-0.07
27088,-1.36,0.08,-0.36,-0.08,-0.21,-0.07
27089,-1.47,0.08,-0.05,-0.08,-0.11,-0.07
27090,-1.26,-0.23,-0.26,0.03,-0.21,-0.07
27091,-1.36,-0.02,-0.26,0.03,-0.11,-0.17
27092,-1.36,0.08,0.05,-0.08,-0.11,-0.17
27093,-1.26,-0.13,-0.16,-0.08,-0.11,-0.28
27094,-1.26,-0.02,-0.26,-0.08,-0.21,-0.07
27095,-1.16,-0.02,-0.05,0.03,-0.11,-0.28
27096,-1.47,0.08,-0.16,-0.08,-0.11,-0.07
27097,-1.36,-0.13,-0.36,0.03,-0.11,-0.17
27098,-1.26,-0.13,-0.05,0.03,-0.11,-0.07
27099,-1.26,-0.02,-0.16,-0.08,-0.11,-0.17
27100,-1.36,-0.02,-0.16,-0.08,-0.21,-0.07
27101,-1.26,-0.13,-0.16,0.03,-0.11,-0.17
27102,-1.26,-0.02,-0.16,0.03,-0.00,-0.07
27103,-1.26,-0.02,-0.16,-0.08,-0.21,-0.17
27104,-1.26,-0.23,-0.05,-0.08,-0.11,0.04
27105,-1.36,0.08,-0.16,-0.08,-0.21,-0.17
27106,-1.36,-0.13,-0.05,-0.08,-0.31,-0.28
27107,-1.36,-0.23,-0.26,0.03,-0.11,-0.17
27108,-1.16,0.08,-0.26,0.03,-0.00,-0.17
27109,-1.36,-0.23,-0.05,0.03,-0.11,-0.07
27110,-1.36,-0.13,-0.16,-0.08,-0.21,-0.17
27111,-1.26,-0.23,-0.36,0.03,-0.11,-0.17
27112,-1.26,0.08,-0.05,-0.08,-0.11,-0.17
27113,-1.47,-0.23,-0.36,0.03,-0.11,-0.07
27114,-1.36,-0.23,-0.05,0.03,-0.00,-0.17
27115,-1.26,0.08,-0.05,0.03,-0.00,-0.07
27116,-1.36,-0.13,-0.26,0.03,-0.11,-0.07
27117,-1.36,-0.23,0.05,0.03,-0.21,-0.07
27118,-1.16,-0.13,-0.16,-0.08,-0.21,-0.07
27119,-1.16,0.19,-0.26,0.03,-0.21,-0.17
27120,-1.16,-0.13,-0.05,0.03,-0.11,-0.17
27121,-1.36,-0.02,-0.05,-0.08,-0.11,-0.28
27122,-1.36,-0.02,-0.26,0.03,-0.11,-0.07
27123,-1.16,-0.13,-0.05,0.13,-0.21,-0.07
27124,-1.26,0.08,-0.05,-0.08,-0.21,-0.07
27125,-1.26,-0.23,-0.36,0.03,-0.21,-0.17
27126,-1.26,-0.13,-0.16,0.03,-0.11,-0.17
27127,-1.26,0.08,0.05,0.03,-0.11,-0.07
27128,-1.26,-0.02,-0.26,0.03,-0.21,-0.17
27129,-1.26,-0.23,0.05,-0.08,-0.11,-0.17
27130,-1.26,0.08,-0.26,-0.08,-0.11,0.04
27131,-1.26,-0.02,-0.26,0.03,-0.11,0.04
27132,-1.26,-0.23,-0.16,-0.08,-0.00,-0.17
27133,-1.36,0.08,-0.05,-0.08,-0.11,-0.17
27134,-1.36,-0.02,-0.36,-0.08,-0.11,-0.07
27135,-1.26,-0.13,-0.26,0.03,-0.11,-0.17
27136,-1.36,-0.13,-0.26,0.03,-0.11,-0.07
27137,-1.36,0.08,-0.26,0.03,-0.21,-0.28
27138,-1.36,-0.13,-0.16,-0.08,-0.21,-0.07
27139,-1.26,-0.23,-0.26,0.03,-0.21,0.04
27140,-1.26,-0.02,-0.16,0.03,-0.11,-0.17
27141,-1.36,-0.13,-0.05,0.03,-0.11,-0.17
27142,-1.26,-0.02,-0.16,-0.08,-0.11,0.04
27143,-1.16,-0.13,-0.26,0.03,-0.11,-0.07
27144,-1.36,0.08,-0.05,0.03,-0.11,-0.17
27145,-1.36,-0.02,-0.26,-0.08,-0.11,-0.07
27146,-1.26,-0.13,-0.05,-0.08,-0.11,-0.28
27147,-1.26,-0.02,-0.16,-0.08,-0.00,-0.28
27148,-1.16,-0.13,-0.26,-0.08,-0.00,-0.17
27149,-1.26,0.08,0.05,-0.08,-0.11,-0.07
27150,-1.36,-0.13,-0.26,-0.08,-0.21,-0.07
27151,-1.26,-0.23,-0.16,0.03,-0.11,-0.07
27152,-1.36,0.08,0.05,-0.08,-0.00,-0.07
27153,-1.26,0.08,-0.36,-0.08,-0.11,-0.07
27154,-1.26,-0.23,-0.16,0.03,-0.21,-0.17
27155,-1.26,-0.13,-0.16,0.03,-0.11,-0.17
27156,-1.26,0.29,-0.16,-0.08,-0.11,-0.07
27157,-1.26,-0.23,-0.26,-0.08,-0.00,-0.17
27158,-1.36,-0.02,-0.16,-0.18,-0.11,-0.07
27159,-1.36,-0.02,-0.16,-0.18,-0.21,-0.17
27160,-1.26,-0.23,-0.36,0.03,-0.11,0.04
27161,-1.26,-0.02,0.05,-0.08,-0.11,-0.17
27162,-1.36,-0.13,-0.26,-0.08,-0.11,-0.17
27163,-1.47,-0.02,-0.16,0.03,-0.11,-0.07
27164,-1.26,-0.23,-0.16,-0.08,-0.21,-0.17
27165,-1.16,0.08,-0.26,-0.08,-0.11,0.04
27166,-1.47,-0.13,-0.26,-0.08,-0.21,-0.17
27167,-1.36,-0.13,-0.05,0.03,-0.11,-0.07
27168,-1.05,-0.13,-0.16,-0.08,-0.11,-0.17
27169,-1.36,-0.02,-0.16,-0.08,-0.11,-0.07
27170,-1.36,0.08,-0.05,-0.08,-0.21,-0.17
27171,-1.36,-0.13,-0.16,0.03,-0.00,-0.07
27172,-1.26,-0.13,-0.05,0.03,-0.11,-0.07
27173,-1.26,-0.13,-0.16,-0.08,-0.11,-0.07
27174,-1.36,-0.02,-0.16,0.03,-0.11,0.04
27175,-1.47,0.08,0.05,-0.08,-0.11,0.04
27176,-1.16,-0.23,-0.26,0.03,-0.11,-0.07
27177,-1.26,-0.02,-0.16,-0.18,-0.21,-0.07
27178,-1.26,0.19,0.05,-0.08,-0.21,-0.17
27179,-1.26,-0.02,-0.36,0.03,-0.11,-0.17
27180,-1.26,-0.13,-0.16,0.03,-0.11,-0.07
27182,-1.36,0.08,-0.05,-0.08,-0.11,0.04
27182,-1.26,-0.02,-0.16,-0.08,-0.21,-0.07
27183,-1.16,-0.23,0.05,0.03,-0.00,-0.17
27184,-1.26,0.29,-0.16,-0.18,-0.00,-0.17
27185,-1.26,-0.33,-0.47,-0.08,-0.11,0.04
27186,-1.26,-0.13,0.05,0.03,-0.11,-0.17
27187,-1.47,0.08,-0.16,0.03,-0.11,-0.17
27188,-1.36,-0.02,-0.47,0.03,-0.11,-0.17
27189,-1.36,-0.23,-0.05,0.03,-0.21,-0.07
27190,-1.26,-0.23,-0.16,0.13,-0.11,-0.07
27191,-1.47,0.19,-0.16,-0.08,-0.11,-0.17
27192,-1.36,-0.23,-0.16,-0.08,-0.11,-0.17
27193,-1.26,-0.13,-0.26,-0.08,-0.11,-0.17
27194,-1.36,-0.13,-0.26,0.03,-0.11,-0.17
27195,-1.36,-0.02,-0.05,-0.08,-0.11,-0.17
27196,-1.47,-0.13,-0.16,-0.08,-0.11,0.04
27197,-1.26,-0.13,-0.16,-0.08,-0.00,-0.07
27198,-1.26,0.08,-0.05,-0.08,-0.21,-0.17
27199,-1.36,-0.02,-0.05,0.03,-0.21,-0.17
27200,-1.36,-0.02,-0.16,-0.08,-0.21,-0.07
27201,-1.26,-0.23,-0.26,-0.08,-0.21,-0.17
27202,-1.36,-0.13,-0.26,-0.08,-0.11,-0.07
27203,-1.36,0.08,0.05,0.03,-0.11,-0.07
27204,-1.26,-0.02,-0.16,0.03,-0.11,-0.07
27205,-1.16,-0.13,-0.26,-0.08,-0.00,-0.17
27206,-1.26,-0.13,-0.05,-0.18,-0.21,-0.17
27207,-1.36,0.08,-0.16,0.03,-0.00,-0.17
27208,-1.36,-0.33,-0.26,0.03,-0.21,-0.07
27209,-1.26,-0.02,-0.05,0.03,-0.11,-0.17
27210,-1.26,-0.02,-0.05,-0.08,-0.11,-0.07
27211,-1.16,-0.33,-0.26,-0.08,-0.21,-0.17
27212,-1.26,0.08,0.05,-0.08,-0.21,-0.07
27213,-1.36,0.08,-0.36,-0.08,-0.21,-0.17
27214,-1.36,-0.23,-0.26,-0.08,-0.11,-0.07
27215,-1.16,-0.13,-0.26,-0.18,-0.21,-0.17
27216,-1.47,0.19,-0.26,-0.08,-0.11,-0.17
27217,-1.36,-0.02,-0.05,-0.08,-0.21,-0.17
27218,-1.26,-0.23,-0.16,-0.08,-0.11,-0.07
27219,-1.26,0.19,-0.36,-0.18,-0.21,0.04
27220,-1.47,0.08,-0.05,-0.18,-0.11,-0.17
27221,-1.47,-0.02,-0.16,0.03,-0.00,-0.07
27222,-1.16,-0.13,-0.26,0.03,-0.11,-0.07
27223,-1.36,-0.02,-0.05,-0.08,-0.11,-0.07
27224,-1.36,0.08,-0.05,-0.08,-0.21,-0.17
27225,-1.26,-0.13,0.05,-0.08,-0.21,-0.07
27226,-1.16,0.08,-0.05,-0.08,-0.11,0.04
27227,-1.26,-0.13,-0.16,0.03,-0.11,-0.07
27228,-1.26,0.08,-0.16,0.03,-0.00,0.04
27229,-1.36,-0.13,-0.16,0.03,-0.11,-0.17
27230,-1.26,-0.13,-0.36,-0.08,-0.21,-0.17
27231,-1.26,-0.02,0.05,-0.18,-0.21,-0.07
27232,-1.36,-0.02,-0.05,-0.08,-0.11,-0.07
27233,-1.16,-0.02,-0.26,0.03,-0.11,-0.07
27234,-1.16,-0.33,-0.26,0.03,-0.11,-0.07
27235,-1.36,-0.02,-0.16,-0.08,-0.11,-0.07
27236,-1.26,-0.13,-0.16,-0.08,-0.21,-0.07
27237,-1.47,-0.13,0.05,-0.08,-0.21,-0.17
27238,-1.36,0.08,0.05,-0.18,-0.21,-0.07
27239,-1.47,-0.02,-0.16,-0.08,-0.11,-0.07
27240,-1.26,-0.13,-0.16,-0.08,-0.11,0.04
27241,-1.26,-0.02,-0.36,-0.18,-0.11,-0.17
27242,-1.57,-0.13,-0.16,-0.08,-0.11,-0.07
27243,-1.47,-0.33,-0.26,-0.08,-0.21,-0.17
27244,-1.26,-0.13,-0.05,-0.08,-0.11,-0.07
27245,-1.26,0.08,-0.05,0.03,-0.21,-0.07
27246,-1.47,-0.02,0.05,0.03,-0.11,-0.17
27247,-1.36,0.08,-0.16,-0.08,-0.11,-0.28
27248,-1.16,-0.33,-0.36,-0.08,-0.11,-0.07
27249,-1.36,-0.02,-0.16,0.03,-0.11,-0.17
27250,-1.47,0.08,-0.16,-0.18,-0.11,-0.07
27251,-1.36,-0.13,0.05,-0.08,-0.11,-0.28
27252,-1.26,0.08,-0.05,-0.08,-0.11,-0.17
27253,-1.26,-0.02,-0.16,0.03,-0.11,-0.07
27254,-1.26,0.19,-0.05,0.03,-0.21,-0.17
27255,-1.26,-0.13,-0.47,-0.18,-0.11,-0.07
27256,-1.16,-0.33,-0.26,-0.08,-0.21,-0.07
27257,-1.26,0.08,0.16,0.03,-0.11,-0.07
27258,-1.36,0.08,-0.16,0.03,-0.21,-0.17
27259,-1.26,-0.02,-0.05,0.03,-0.11,-0.17
27260,-1.26,0.08,-0.16,0.03,-0.21,0.04
27261,-1.36,0.19,-0.16,-0.08,-0.11,-0.17
27262,-1.16,-0.23,-0.36,-0.08,-0.21,-0.07
27263,-1.36,-0.13,-0.26,0.03,-0.11,-0.17
27264,-1.47,0.08,-0.16,-0.08,-0.11,-0.17
27265,-1.36,-0.13,-0.05,0.03,-0.11,-0.17
27266,-1.26,-0.02,-0.05,-0.08,-0.11,-0.17
27267,-1.16,0.08,-0.16,-0.08,-0.21,-0.17
27268,-1.36,-0.13,-0.36,0.03,-0.21,-0.07
27269,-1.36,-0.23,-0.47,-0.08,-0.21,-0.07
27270,-1.26,-0.13,-0.16,0.03,-0.00,-0.07
27271,-1.36,-0.02,-0.16,0.03,-0.21,-0.17
27272,-1.36,-0.23,-0.26,0.03,-0.11,-0.07
27273,-1.36,0.08,0.05,-0.08,-0.00,-0.17
27274,-1.05,-0.13,-0.16,-0.08,-0.11,-0.17
27275,-1.16,0.08,-0.36,-0.08,-0.21,-0.17
27276,-1.36,-0.02,-0.16,-0.08,-0.11,-0.07
27277,-1.26,-0.13,-0.16,-0.08,-0.00,-0.07
27278,-1.26,-0.02,-0.05,-0.18,-0.11,-0.07
27279,-1.26,-0.13,0.05,-0.08,-0.21,-0.17
27280,-1.26,0.19,0.05,0.03,-0.11,0.04
27281,-1.36,-0.13,-0.36,0.03,-0.11,-0.07
27282,-1.26,-0.23,-0.26,0.03,-0.11,-0.17
27283,-1.36,-0.02,-0.05,-0.08,-0.11,-0.17
27284,-1.26,-0.02,-0.26,-0.08,0.10,0.04
27285,-1.36,-0.13,0.05,-0.08,-0.11,-0.07
27286,-1.26,-0.02,-0.05,0.03,-0.11,-0.07
27287,-1.26,0.19,-0.05,-0.08,-0.11,-0.07
27288,-1.26,-0.33,-0.16,0.03,-0.00,-0.17
27289,-1.36,-0.33,-0.47,0.03,-0.11,-0.17
27290,-1.47,0.08,-0.05,-0.08,-0.21,-0.17
27291,-1.36,-0.13,-0.05,-0.08,-0.21,-0.07
27292,-1.16,-0.13,-0.26,-0.08,-0.11,-0.17
27293,-1.26,-0.02,-0.05,-0.08,-0.00,-0.07
27294,-1.47,0.19,-0.36,0.03,-0.11,-0.07
27295,-1.36,-0.33,-0.47,0.03,-0.21,-0.17
27296,-1.16,0.08,-0.05,0.03,-0.11,-0.28
27297,-1.36,0.08,-0.16,0.03,-0.00,-0.07
27298,-1.36,-0.23,-0.16,-0.08,-0.21,-0.17
27299,-1.26,0.08,-0.05,0.03,-0.11,-0.07
27300,-1.26,-0.13,-0.26,0.03,-0.11,-0.17
27301,-1.26,-0.02,-0.36,0.03,-0.21,-0.17
27302,-1.36,-0.13,-0.05,0.03,-0.21,-0.07
27303,-1.36,-0.23,-0.26,0.03,-0.11,-0.07
27304,-1.26,-0.02,0.05,-0.08,-0.21,-0.07
27305,-1.26,-0.13,0.05,0.03,-0.11,-0.07
27306,-1.36,0.19,-0.16,0.03,-0.11,-0.17
27307,-1.26,-0.02,-0.26,0.03,-0.11,-0.17
27308,-1.36,-0.23,-0.26,0.03,-0.11,-0.07
27309,-1.26,0.08,-0.05,-0.08,-0.21,0.04
27310,-1.36,0.08,-0.05,-0.08,-0.11,-0.17
27311,-1.36,-0.13,-0.05,-0.08,-0.11,0.04
27312,-1.16,-0.13,-0.26,-0.08,-0.21,-0.17
27313,-1.26,0.08,-0.16,-0.08,-0.11,-0.17
27314,-1.26,-0.23,-0.36,0.03,-0.21,-0.07
27315,-1.16,-0.23,-0.26,0.03,-0.21,-0.17
27316,-1.26,0.08,0.05,-0.08,-0.21,-0.07
27317,-1.36,-0.23,-0.16,-0.08,-0.11,0.04
27318,-1.26,-0.13,-0.16,0.03,-0.11,-0.17
27319,-1.16,0.08,-0.05,-0.08,-0.21,-0.07
27320,-1.47,0.08,-0.36,-0.08,-0.11,-0.28
27321,-1.26,-0.33,-0.36,-0.08,-0.11,-0.17
27322,-1.26,-0.02,-0.16,0.03,-0.11,-0.07
27323,-1.36,-0.02,-0.16,0.03,-0.11,-0.07
27324,-1.36,-0.13,-0.05,0.03,-0.11,-0.07
27325,-1.36,0.19,-0.05,0.03,-0.11,-0.07
27326,-1.16,-0.23,-0.16,-0.08,-0.11,-0.07
27327,-1.36,-0.02,-0.16,-0.08,-0.11,-0.17
27328,-1.26,-0.02,-0.26,0.03,-0.21,-0.17
27329,-1.36,-0.23,-0.16,0.03,-0.11,0.04
27330,-1.36,-0.02,-0.05,0.03,-0.11,-0.17
27331,-1.26,-0.02,-0.05,-0.08,-0.21,-0.17
27332,-1.26,0.29,0.16,0.03,-0.11,-0.17
27333,-1.26,-0.23,-0.26,-0.08,-0.11,-0.07
27334,-1.16,-0.13,-0.26,-0.08,-0.21,-0.17
27335,-1.26,-0.13,-0.05,-0.18,-0.11,-0.07
27336,-1.36,-0.13,-0.05,0.03,-0.11,-0.17
27337,-1.36,-0.02,-0.05,0.03,-0.21,-0.07
27338,-1.26,-0.02,-0.05,0.03,-0.21,0.04
27339,-1.26,0.08,-0.16,0.03,-0.21,-0.17
27340,-1.26,-0.13,-0.36,-0.08,-0.21,0.04
27341,-1.36,-0.23,-0.16,-0.08,-0.11,-0.07
27342,-1.36,-0.13,-0.05,0.03,-0.11,-0.07
27343,-1.36,-0.23,-0.26,0.03,-0.11,-0.17
27344,-1.26,0.08,-0.16,-0.08,-0.11,-0.07
27345,-1.16,-0.02,-0.05,0.03,-0.11,-0.07
27346,-1.26,-0.02,-0.26,0.13,-0.11,-0.07
27347,-1.36,-0.13,-0.36,-0.18,-0.21,-0.17
27348,-1.26,-0.23,-0.26,0.03,-0.11,-0.17
27349,-1.26,-0.02,-0.05,-0.08,-0.11,-0.17
27350,-1.26,-0.02,-0.16,0.03,-0.11,-0.17
27351,-1.26,0.19,-0.05,0.03,-0.11,-0.07
27352,-1.16,-0.23,-0.26,-0.08,-0.11,-0.07
27353,-1.26,-0.02,-0.26,0.03,-0.00,-0.17
27354,-1.26,-0.02,-0.05,-0.08,-0.11,-0.17
27355,-1.36,-0.13,0.05,-0.18,-0.11,-0.07
27356,-1.26,0.08,-0.26,-0.18,-0.11,-0.07
27357,-1.26,-0.23,-0.16,0.03,-0.00,-0.17
27358,-1.16,0.19,0.05,-0.08,-0.21,-0.07
27359,-1.47,0.08,-0.47,-0.08,-0.21,-0.07
27360,-1.36,-0.23,-0.16,0.03,-0.11,0.04
27361,-1.26,-0.13,-0.05,-0.08,-0.00,-0.17
27362,-1.36,-0.13,-0.05,0.03,-0.11,-0.17
27363,-1.26,0.29,0.05,-0.08,-0.21,0.04
27364,-1.26,-0.23,-0.36,-0.08,-0.21,-0.07
27365,-1.26,-0.02,-0.16,0.03,-0.11,-0.17
27366,-1.36,0.08,-0.16,-0.08,-0.11,-0.17
27367,-1.47,-0.23,-0.16,-0.08,-0.11,-0.17
27368,-1.36,-0.02,-0.05,-0.08,-0.00,-0.07
27369,-1.36,0.19,-0.05,0.03,-0.11,-0.17
27370,-1.36,-0.02,-0.36,-0.08,-0.00,-0.07
27371,-1.16,-0.23,-0.36,-0.08,-0.11,-0.17
27372,-1.26,0.08,-0.16,0.13,-0.21,-0.17
27373,-1.47,-0.13,-0.26,-0.08,-0.21,-0.07
27374,-1.36,-0.23,-0.05,0.03,-0.11,-0.17
27375,-1.26,0.08,0.05,-0.08,-0.21,-0.07
27376,-1.26,-0.02,-0.16,-0.08,-0.11,-0.17
27377,-1.36,-0.02,-0.16,0.13,-0.00,-0.07
27378,-1.16,-0.02,-0.36,0.03,-0.11,-0.07
27379,-1.36,-0.13,-0.26,-0.08,-0.11,-0.07
27380,-1.16,-0.02,-0.05,0.03,-0.21,-0.17
27381,-1.26,0.08,-0.05,-0.08,-0.00,-0.17
27382,-1.36,-0.13,-0.16,-0.08,-0.11,-0.17
27383,-1.16,-0.13,-0.36,-0.08,-0.00,-0.07
27384,-1.26,-0.02,-0.26,-0.08,-0.11,-0.17
27385,-1.26,-0.02,-0.16,-0.18,-0.11,-0.17
27386,-1.36,-0.23,-0.16,0.13,-0.00,-0.17
27387,-1.26,0.08,-0.16,0.03,-0.00,-0.17
27388,-1.26,0.08,0.16,-0.08,0.10,-0.07
27389,-1.26,-0.02,-0.16,-0.08,-0.21,-0.17
27390,-1.47,-0.23,-0.36,-0.08,-0.11,-0.17
27391,-1.26,-0.13,-0.16,0.03,-0.21,-0.28
27392,-1.36,-0.02,-0.16,-0.18,-0.11,-0.17
27393,-1.26,-0.23,-0.16,-0.18,-0.00,-0.17
27394,-1.26,-0.02,-0.05,-0.08,-0.21,-0.07
27395,-1.26,-0.02,-0.36,0.03,-0.00,-0.17
27396,-1.36,0.08,-0.36,-0.08,-0.00,-0.17
27397,-1.36,-0.23,-0.16,-0.08,-0.11,-0.07
27398,-1.26,-0.44,-0.16,0.03,-0.11,-0.07
27399,-1.26,0.08,-0.05,0.03,-0.11,-0.07
27400,-1.26,-0.13,-0.26,-0.08,-0.00,-0.17
27401,-1.26,-0.13,-0.26,-0.08,-0.11,-0.07
27402,-1.16,0.08,-0.16,0.03,-0.21,-0.17
27403,-1.36,-0.02,-0.26,0.03,-0.21,-0.07
27404,-1.36,-0.13,-0.05,-0.08,-0.00,-0.07
27405,-1.36,-0.13,-0.05,-0.08,-0.11,-0.07
27406,-1.26,-0.02,-0.16,-0.08,-0.21,-0.17
27407,-1.16,-0.02,-0.05,0.03,-0.21,-0.17
27408,-1.36,0.08,-0.16,0.03,0.10,-0.07
27409,-1.26,-0.23,-0.36,0.03,-0.21,-0.07
27410,-1.26,-0.23,-0.16,-0.08,-0.11,0.04
27411,-1.16,0.19,0.05,0.13,-0.21,-0.07
27412,-1.26,-0.13,-0.05,-0.08,-0.11,-0.17
27413,-1.26,0.08,-0.26,0.13,-0.21,-0.07
27414,-1.26,-0.13,-0.47,-0.08,-0.11,-0.28
27415,-1.36,-0.13,-0.16,-0.08,-0.00,-0.07
27416,-1.26,-0.13,-0.05,-0.18,-0.11,0.04
27417,-1.26,-0.13,-0.05,-0.08,-0.11,-0.17
27418,-1.26,0.08,-0.05,-0.08,-0.21,-0.17
27419,-1.26,-0.13,-0.16,-0.08,-0.11,-0.17
27420,-1.26,-0.13,-0.36,0.03,0.10,-0.07
27421,-1.26,-0.13,-0.16,-0.08,-0.21,-0.07
27422,-1.36,-0.23,-0.05,0.03,-0.21,-0.07
27423,-1.47,0.08,-0.26,-0.08,-0.21,-0.28
27424,-1.26,-0.23,-0.05,0.03,-0.21,-0.17
27425,-1.16,0.08,-0.05,0.03,-0.00,-0.07
27426,-1.36,-0.02,-0.47,0.03,-0.00,-0.17
27427,-1.36,-0.13,-0.05,-0.08,-0.21,-0.17
27428,-1.26,-0.13,-0.16,-0.08,-0.11,0.04
27583,-1.26,0.08,-0.16,0.03,-0.00,-0.07
27584,-1.26,0.08,-0.05,0.03,-0.21,-0.17
27585,-1.47,-0.23,-0.16,0.03,-0.11,-0.07
27586,-1.26,-0.13,-0.16,-0.08,-0.11,-0.17
27587,-1.16,-0.02,0.05,-0.08,-0.11,-0.07
27588,-1.16,0.08,-0.05,-0.08,-0.11,-0.17
27589,-1.36,0.08,-0.16,-0.08,-0.11,-0.17
27590,-1.36,0.08,-0.16,-0.08,-0.11,-0.17
27591,-1.26,-0.23,-0.26,-0.08,-0.11,-0.07
27592,-1.36,-0.02,0.05,0.03,-0.21,-0.17
27593,-1.36,-0.02,-0.16,-0.08,-0.11,-0.07
27594,-1.26,-0.13,-0.36,-0.18,-0.21,-0.07
27595,-1.26,-0.02,0.05,-0.08,-0.21,-0.07
27596,-1.26,-0.02,-0.16,-0.08,-0.11,-0.17
27597,-1.36,-0.13,-0.26,0.03,-0.11,-0.17
27598,-1.26,-0.02,-0.05,-0.08,-0.21,-0.07
27599,-1.26,-0.13,-0.26,-0.08,-0.11,0.04
27600,-1.36,0.19,-0.26,0.03,-0.11,-0.28
27601,-1.47,-0.13,-0.26,0.03,-0.00,-0.28
27602,-1.36,-0.02,-0.16,-0.18,-0.11,-0.17
27603,-1.26,0.19,-0.05,-0.08,-0.21,-0.07
27604,-1.36,-0.23,-0.36,0.03,-0.11,-0.07
27605,-1.36,-0.02,-0.05,-0.08,-0.00,-0.17
27606,-1.16,-0.23,-0.05,0.03,-0.00,-0.07
27607,-1.16,-0.02,-0.47,-0.08,-0.21,-0.17
27608,-1.36,0.19,-0.05,0.03,-0.11,-0.07
27609,-1.36,-0.23,-0.16,-0.08,-0.11,-0.07
27610,-1.16,0.08,-0.26,-0.08,-0.11,-0.07
27611,-1.26,0.08,0.05,-0.18,-0.11,-0.07
27612,-1.26,-0.33,-0.26,0.03,-0.21,-0.17
27613,-1.26,0.19,0.05,-0.08,-0.00,-0.17
27614,-1.26,-0.13,-0.05,0.03,-0.21,0.04
27615,-1.16,-0.02,-0.26,0.03,-0.11,-0.17
27616,-1.26,-0.02,0.05,-0.08,-0.11,-0.07
27617,-1.36,-0.02,-0.05,0.03,-0.11,-0.07
27618,-1.36,-0.02,-0.26,0.03,-0.11,-0.07
27619,-1.16,-0.13,-0.26,-0.08,-0.21,0.04
27620,-1.26,-0.02,-0.16,0.03,-0.11,-0.07
27621,-1.26,-0.13,-0.26,0.03,-0.21,-0.07
27622,-1.36,-0.23,-0.05,-0.08,-0.00,-0.17
27623,-1.26,-0.13,-0.16,-0.08,-0.00,-0.17
27624,-1.26,0.08,-0.16,-0.08,-0.21,-0.07
27625,-1.26,-0.23,-0.05,-0.08,-0.11,-0.07
27626,-1.26,-0.33,-0.26,0.03,-0.11,-0.07
27627,-1.36,-0.02,-0.16,0.03,-0.21,0.04
27628,-1.47,-0.02,-0.16,0.03,-0.11,0.14
27630,-1.36,-0.13,-0.36,-0.08,-0.21,-0.17
27630,-1.36,-0.02,0.05,-0.08,-0.11,-0.07
27631,-1.16,-0.02,-0.26,-0.08,-0.11,-0.07
27632,-1.36,0.08,0.05,-0.18,-0.11,-0.17
27633,-1.26,-0.13,-0.05,-0.08,-0.11,-0.07
27634,-1.26,-0.13,-0.36,0.03,-0.00,-0.07
27635,-1.26,0.08,-0.16,-0.08,-0.21,0.04
27636,-1.26,-0.13,-0.16,0.03,-0.11,-0.17
27637,-1.36,0.19,-0.16,0.03,-0.11,-0.17
27638,-1.36,-0.23,-0.16,-0.08,-0.21,-0.07
27639,-1.26,-0.23,-0.26,0.03,-0.21,-0.17
27640,-1.16,-0.02,-0.05,-0.08,-0.11,-0.07
27641,-1.26,-0.13,0.05,0.03,-0.11,-0.07
27642,-1.36,0.08,-0.26,0.03,-0.00,-0.07
27643,-1.36,-0.33,-0.05,-0.08,-0.11,-0.07
27644,-1.26,-0.02,-0.05,0.03,-0.00,-0.17
27645,-1.26,0.19,-0.05,0.03,-0.11,-0.17
27646,-1.26,-0.33,-0.05,0.03,-0.11,0.04
27647,-1.36,-0.02,-0.16,0.03,-0.11,-0.17
27648,-1.36,-0.13,-0.16,0.03,-0.11,-0.07
27649,-1.36,-0.23,-0.26,0.03,-0.11,-0.17
27650,-1.36,0.08,-0.26,-0.08,-0.11,-0.07
27651,-1.16,-0.23,-0.05,-0.08,-0.00,-0.07
27652,-1.47,-0.02,-0.36,-0.08,-0.00,-0.07
27653,-1.47,-0.02,-0.36,0.03,-0.11,-0.17
27654,-1.26,-0.33,-0.26,-0.08,-0.11,-0.07
27655,-1.26,0.08,-0.26,0.03,-0.11,0.04
27656,-1.36,-0.13,-0.16,-0.08,-0.11,-0.07
27657,-1.36,-0.02,-0.16,0.03,-0.11,0.04
27658,-1.26,0.08,-0.05,-0.08,-0.00,-0.07
27659,-1.26,-0.23,-0.16,0.03,-0.21,-0.07
27660,-1.26,0.19,-0.16,-0.18,-0.21,0.04
27661,-1.26,0.08,-0.05,0.03,-0.11,-0.17
27662,-1.26,-0.13,-0.36,-0.08,-0.11,-0.17
27663,-1.26,-0.02,-0.16,-0.08,-0.21,-0.07
27664,-1.26,-0.23,-0.05,-0.08,-0.11,-0.07
27665,-1.16,-0.02,-0.05,0.03,-0.00,-0.17
27666,-1.26,-0.02,0.05,0.03,-0.11,-0.17
27667,-1.36,-0.13,-0.16,-0.08,-0.21,-0.17
27668,-1.26,-0.13,-0.26,0.03,-0.11,-0.07
27669,-1.26,-0.13,-0.16,0.03,-0.11,-0.17
27670,-1.36,-0.13,-0.16,0.03,-0.00,-0.17
27671,-1.36,-0.23,-0.05,-0.08,-0.11,-0.07
27672,-1.36,-0.02,-0.16,0.03,-0.11,-0.17
27673,-1.36,-0.02,-0.26,-0.08,-0.21,-0.17
27674,-1.36,-0.13,-0.16,-0.08,-0.11,-0.07
27675,-1.16,-0.23,-0.26,0.03,-0.11,-0.28
27676,-1.26,-0.02,-0.16,-0.08,-0.00,-0.28
27677,-1.36,0.08,-0.26,-0.08,-0.11,-0.17
27678,-1.36,-0.23,-0.36,-0.08,-0.21,-0.17
27679,-1.26,-0.13,-0.05,-0.08,-0.11,-0.07
27680,-1.26,-0.02,-0.16,0.03,-0.00,-0.28
27681,-1.36,-0.02,-0.05,-0.18,-0.11,-0.07
27682,-1.36,-0.02,-0.16,-0.08,0.10,-0.07
27683,-1.26,-0.33,-0.36,-0.08,-0.11,0.04
27684,-1.26,-0.13,-0.05,-0.08,-0.11,-0.07
27685,-1.26,-0.13,-0.16,0.03,-0.11,-0.07
27686,-1.26,-0.02,0.05,0.03,-0.11,-0.17
27687,-1.47,0.08,0.16,0.03,-0.21,-0.07
27688,-1.26,-0.02,-0.36,0.03,-0.21,-0.17
27689,-1.16,-0.02,-0.16,0.03,-0.11,-0.07
27690,-1.26,-0.13,-0.26,0.03,-0.11,-0.17
27691,-1.26,-0.02,-0.16,0.03,-0.11,-0.28
27692,-1.36,-0.02,-0.05,0.03,-0.21,-0.17
27693,-1.26,-0.02,-0.16,-0.08,-0.21,0.04
27694,-1.26,0.08,-0.05,0.03,-0.00,-0.17
27695,-1.36,-0.13,-0.05,-0.08,-0.11,-0.07
27696,-1.26,-0.02,-0.26,-0.08,-0.11,0.04
27697,-1.36,0.08,-0.05,-0.18,-0.11,-0.07
27698,-1.36,-0.33,-0.16,-0.08,-0.21,-0.17
27699,-1.47,0.08,-0.26,0.03,-0.21,-0.17
27700,-1.26,-0.23,-0.05,-0.18,-0.31,-0.07
27701,-1.26,0.08,-0.16,-0.08,-0.11,-0.17
27702,-1.36,-0.02,-0.16,-0.08,-0.11,-0.07
27703,-1.26,-0.33,-0.36,-0.08,-0.21,-0.17
27704,-1.16,-0.02,-0.16,0.03,-0.11,-0.07
27705,-1.26,-0.13,-0.36,-0.08,-0.11,-0.17
27706,-1.47,-0.13,-0.16,0.03,-0.21,-0.28
27707,-1.47,0.08,-0.05,-0.08,-0.00,-0.07
27708,-1.16,-0.23,-0.16,0.03,-0.11,-0.17
27709,-1.16,0.19,-0.05,-0.08,-0.11,-0.17
27710,-1.26,-0.02,-0.16,-0.08,-0.11,-0.07
27711,-1.36,-0.13,-0.16,-0.08,-0.11,-0.07
27712,-1.26,0.08,-0.16,0.03,-0.11,-0.17
27713,-1.36,-0.23,-0.16,-0.08,-0.11,-0.07
27714,-1.16,0.19,0.05,-0.08,-0.11,-0.07
27715,-1.26,-0.02,0.05,0.03,-0.11,-0.07
27716,-1.26,-0.13,-0.26,0.03,-0.11,-0.17
27717,-1.47,-0.02,-0.26,-0.18,-0.21,-0.17
27718,-1.16,-0.44,-0.47,-0.18,-0.21,-0.17
27719,-1.26,0.08,-0.05,-0.08,-0.11,-0.17
27720,-1.36,-0.23,-0.16,0.03,-0.11,-0.17
27721,-1.36,-0.23,-0.36,-0.18,-0.11,-0.07
27722,-1.36,0.19,-0.05,0.03,-0.11,-0.07
27723,-1.47,-0.23,-0.36,0.03,-0.11,-0.07
27724,-1.26,-0.02,-0.36,-0.08,-0.21,-0.17
27725,-1.16,-0.23,-0.05,-0.08,-0.11,-0.07
27726,-1.26,-0.02,-0.16,0.03,-0.11,-0.07
27727,-1.36,0.08,-0.05,-0.08,-0.21,-0.17
27728,-1.36,-0.33,-0.36,-0.08,-0.00,-0.07
27729,-1.16,-0.02,-0.26,-0.08,-0.21,-0.17
27730,-1.16,-0.02,-0.05,-0.08,-0.11,-0.07
27731,-1.36,-0.02,-0.26,-0.08,-0.00,-0.07
27732,-1.36,0.08,-0.16,0.03,-0.21,-0.17
27733,-1.26,-0.33,-0.26,0.03,-0.11,-0.07
27734,-1.26,-0.02,-0.05,-0.08,-0.11,-0.07
27735,-1.26,0.08,-0.05,0.03,-0.11,-0.28
27736,-1.36,0.08,-0.05,0.03,-0.11,-0.17
27737,-1.36,0.08,-0.16,0.03,0.10,-0.17
27738,-1.16,-0.23,-0.26,-0.08,-0.11,-0.07
27739,-1.16,-0.02,-0.26,0.03,-0.11,-0.17
27740,-1.36,-0.13,-0.16,-0.08,-0.00,-0.07
27741,-1.36,-0.13,-0.16,-0.18,-0.11,-0.17
27742,-1.36,0.08,-0.05,0.03,-0.11,-0.07
27743,-1.16,-0.33,-0.16,-0.08,-0.11,-0.07
27744,-1.36,0.29,0.05,-0.08,-0.21,-0.28
27745,-1.26,-0.23,-0.16,0.03,-0.21,-0.28
27746,-1.26,-0.23,-0.16,-0.08,-0.11,-0.17
27747,-1.47,0.19,0.05,-0.18,-0.11,-0.07
27748,-1.26,-0.33,-0.26,0.03,-0.21,-0.07
27749,-1.16,-0.13,-0.16,-0.08,-0.11,-0.07
27750,-1.26,-0.13,-0.16,-0.08,-0.21,-0.07
27751,-1.26,-0.02,-0.26,-0.08,-0.11,-0.17
27752,-1.57,0.08,-0.16,-0.08,-0.21,-0.17
27753,-1.36,-0.33,-0.36,-0.08,-0.11,-0.17
27754,-1.26,-0.02,0.05,0.03,-0.11,-0.07
27755,-1.26,-0.13,-0.16,0.03,-0.21,0.04
27756,-1.36,-0.02,-0.26,-0.08,-0.11,-0.17
27757,-1.47,0.08,-0.05,-0.08,-0.11,-0.07
27758,-1.36,-0.13,-0.26,-0.18,-0.11,-0.07
27759,-1.16,-0.13,-0.16,-0.08,-0.00,-0.07
27760,-1.16,-0.13,-0.16,0.03,-0.21,-0.07
27761,-1.26,0.08,-0.16,-0.08,-0.11,-0.17
27762,-1.26,-0.02,-0.16,-0.08,-0.11,-0.17
27763,-1.26,-0.23,-0.26,0.03,-0.11,-0.07
27764,-1.16,-0.02,-0.05,-0.08,-0.21,0.04
27765,-1.16,-0.02,-0.05,-0.08,-0.11,-0.17
27766,-1.26,-0.02,-0.05,0.03,-0.11,-0.28
27767,-1.36,-0.02,-0.16,0.03,-0.21,0.04
27768,-1.26,-0.13,-0.26,-0.08,-0.21,-0.07
27769,-1.47,0.08,0.05,-0.08,-0.11,-0.17
27770,-1.16,-0.13,-0.16,-0.08,-0.11,-0.17
27771,-1.36,-0.13,-0.26,-0.08,-0.21,-0.17
27772,-1.47,0.08,-0.16,-0.08,-0.11,0.04
27773,-1.26,-0.13,-0.26,-0.08,-0.11,-0.07
27774,-1.26,-0.02,-0.16,-0.08,-0.11,-0.07
27775,-1.26,-0.23,-0.16,0.03,-0.11,-0.07
27776,-1.36,0.19,0.05,-0.08,-0.21,-0.07
27777,-1.47,0.08,-0.16,0.03,-0.21,-0.07
27778,-1.36,-0.33,-0.47,0.03,-0.11,-0.07
27779,-1.36,-0.02,-0.16,0.03,-0.11,0.04
27780,-1.16,-0.02,-0.26,-0.08,-0.00,-0.17
27781,-1.36,-0.02,-0.05,-0.08,-0.00,-0.17
27782,-1.36,-0.02,-0.16,-0.08,-0.11,-0.17
27783,-1.26,-0.13,-0.26,0.03,-0.11,0.04
27784,-1.26,-0.02,0.05,-0.08,-0.11,-0.17
27785,-1.26,-0.02,-0.16,-0.18,-0.11,-0.17
27786,-1.26,-0.02,-0.16,-0.08,-0.00,-0.07
27787,-1.36,-0.02,-0.05,-0.08,-0.11,-0.07
27788,-1.26,-0.13,-0.36,-0.08,-0.21,-0.17
27789,-1.16,-0.13,-0.05,-0.08,-0.21,-0.28
27790,-1.26,0.08,-0.16,-0.08,-0.11,-0.17
27791,-1.36,-0.02,-0.05,-0.18,-0.11,-0.07
27792,-1.36,-0.02,-0.16,-0.08,-0.11,-0.17
27793,-1.16,-0.23,-0.36,-0.08,-0.11,-0.07
27794,-1.26,-0.02,-0.16,0.03,-0.11,-0.07
27795,-1.36,-0.02,-0.16,-0.08,-0.11,-0.07
27796,-1.26,-0.13,-0.16,-0.08,-0.21,-0.07
27797,-1.36,-0.02,-0.05,0.03,-0.21,-0.17
27798,-1.36,-0.02,-0.05,0.13,-0.21,-0.07
27799,-1.47,-0.13,-0.36,0.03,-0.21,-0.17
27800,-1.26,-0.13,-0.05,-0.08,-0.21,-0.07
27801,-1.26,0.08,-0.05,0.03,-0.21,-0.07
27802,-1.36,-0.02,-0.16,-0.08,-0.21,-0.07
27803,-1.36,-0.13,-0.16,-0.08,-0.21,-0.17
27804,-1.26,-0.23,-0.16,-0.08,-0.11,-0.17
27805,-1.26,0.08,-0.05,-0.08,-0.11,-0.17
27959,-1.16,-0.02,-0.16,-0.08,-0.21,0.04
27960,-1.26,-0.02,-0.16,-0.08,-0.00,-0.17
27961,-1.16,-0.13,-0.36,0.03,-0.21,-0.17
27962,-1.26,-0.02,0.05,0.03,-0.11,-0.17
27963,-1.26,-0.13,-0.05,-0.08,-0.00,-0.17
27964,-1.16,-0.02,-0.26,0.03,-0.11,-0.07
27965,-1.36,0.08,-0.05,0.03,-0.11,-0.07
27966,-1.26,-0.13,-0.26,-0.08,-0.00,-0.17
27967,-1.26,-0.02,-0.05,-0.08,-0.21,-0.07
27968,-1.26,-0.13,-0.05,0.03,-0.21,-0.17
27969,-1.36,-0.13,-0.16,-0.08,-0.21,-0.28
27970,-1.36,-0.13,-0.16,-0.08,-0.21,-0.17
27971,-1.36,0.08,-0.16,0.03,-0.11,-0.17
27972,-1.47,-0.02,-0.26,-0.08,-0.11,-0.07
27973,-1.26,-0.13,-0.16,0.03,-0.11,-0.17
27974,-1.26,-0.23,-0.16,0.03,-0.11,-0.17
27975,-1.36,0.08,-0.16,-0.08,-0.11,0.04
27976,-1.57,-0.13,-0.05,-0.08,-0.11,-0.17
27977,-1.26,-0.02,-0.36,-0.08,-0.11,-0.28
27978,-1.36,-0.02,-0.05,-0.08,-0.21,-0.17
27979,-1.16,-0.13,-0.26,-0.08,-0.11,-0.07
27980,-1.36,0.19,-0.26,0.03,-0.11,-0.07
27981,-1.36,-0.13,-0.16,0.03,-0.11,-0.07
27982,-1.26,-0.02,-0.16,0.03,-0.00,-0.07
27983,-1.16,-0.13,-0.16,0.03,-0.00,-0.28
27984,-1.26,-0.02,-0.05,0.03,-0.11,-0.07
27985,-1.26,-0.02,-0.16,0.13,-0.11,-0.17
27986,-1.36,-0.02,-0.05,0.03,-0.11,-0.07
27987,-1.26,-0.02,-0.26,-0.08,-0.21,-0.07
27988,-1.26,-0.02,-0.26,-0.18,-0.11,-0.07
27989,-1.16,-0.13,0.16,0.03,-0.21,-0.17
27990,-1.47,-0.02,0.05,0.03,-0.21,-0.07
27991,-1.26,0.08,-0.05,-0.08,-0.21,-0.07
27992,-1.36,-0.33,-0.16,-0.08,-0.11,-0.17
27993,-1.36,0.08,-0.16,0.03,-0.11,-0.17
27994,-1.36,-0.02,-0.16,-0.08,-0.11,-0.07
27995,-1.36,-0.13,-0.26,0.03,-0.21,-0.07
27996,-1.47,-0.13,-0.16,0.03,-0.11,-0.07
27997,-1.26,-0.02,-0.26,0.03,-0.21,-0.17
27998,-1.36,-0.13,-0.16,-0.08,-0.00,-0.17
27999,-1.36,-0.33,-0.36,-0.08,-0.00,-0.07
28000,-1.36,-0.23,-0.16,-0.08,-0.11,-0.07
28001,-1.26,-0.02,-0.26,-0.08,-0.11,-0.07
28002,-1.36,-0.13,-0.26,0.03,-0.11,-0.07
28003,-1.47,-0.02,-0.26,-0.08,-0.21,-0.17
28004,-1.36,-0.02,-0.05,0.03,-0.11,-0.07
28005,-1.16,-0.13,-0.16,0.03,-0.11,-0.17
28006,-1.26,0.08,-0.26,-0.08,-0.11,-0.07
28007,-1.16,-0.02,-0.26,-0.08,-0.11,-0.07
28008,-1.26,-0.13,-0.16,-0.08,-0.11,-0.17
28009,-1.26,0.08,-0.16,0.03,-0.21,-0.07
28010,-1.26,-0.13,-0.26,-0.18,-0.11,-0.07
28011,-1.16,0.08,0.05,0.03,-0.11,-0.17
28012,-1.26,0.08,-0.05,-0.18,-0.21,-0.07
28013,-1.16,-0.02,-0.26,0.03,-0.21,-0.07
28014,-1.36,-0.13,-0.36,-0.18,-0.11,-0.07
28015,-1.16,-0.23,-0.26,-0.08,-0.21,-0.17
28016,-1.26,-0.02,-0.05,-0.08,-0.11,-0.07
28017,-1.26,0.08,-0.05,-0.08,-0.11,-0.07
28018,-1.36,-0.02,-0.05,-0.18,-0.11,-0.17
28019,-1.47,0.08,-0.26,-0.18,-0.11,0.04
28020,-1.47,-0.02,-0.26,0.03,-0.11,-0.07
28021,-1.36,-0.02,-0.26,0.03,-0.11,-0.17
28022,-1.36,-0.13,-0.36,0.03,-0.11,-0.07
28023,-1.26,-0.33,-0.16,-0.08,-0.11,-0.07
28024,-1.36,0.08,-0.05,-0.08,-0.11,-0.17
28025,-1.47,-0.13,-0.36,-0.08,-0.21,-0.07
28026,-1.36,-0.13,-0.26,-0.08,-0.11,-0.07
28027,-1.26,-0.02,-0.05,-0.08,-0.11,-0.17
28028,-1.26,-0.13,-0.26,0.03,-0.21,-0.07
28029,-1.36,0.08,-0.16,-0.08,-0.21,-0.17
28030,-1.26,-0.23,-0.16,-0.08,-0.21,-0.17
28031,-1.26,0.08,-0.16,-0.08,-0.00,-0.17
28032,-1.26,-0.02,-0.05,-0.08,-0.11,-0.07
28033,-1.26,0.08,-0.05,-0.08,-0.00,-0.07
28034,-1.26,-0.13,0.05,0.03,-0.11,-0.07
28035,-1.26,-0.02,-0.26,-0.08,-0.11,-0.07
28036,-1.36,-0.13,-0.26,-0.08,-0.11,-0.07
28037,-1.16,-0.13,-0.16,-0.08,-0.11,-0.07
28038,-1.26,-0.02,-0.05,-0.08,-0.00,0.04
28039,-1.26,-0.13,0.05,-0.08,-0.00,-0.17
28040,-1.26,0.08,-0.05,-0.18,-0.11,-0.07
28041,-1.26,-0.23,-0.36,-0.08,-0.21,-0.17
28042,-1.36,-0.13,-0.16,0.03,-0.21,-0.07
28043,-1.47,0.08,-0.26,0.03,-0.00,-0.28
28044,-1.47,-0.23,-0.36,0.03,-0.11,-0.07
28045,-1.36,-0.02,0.05,-0.08,-0.31,-0.07
28046,-1.26,0.08,-0.16,-0.08,-0.11,-0.17
28047,-1.47,0.19,-0.05,0.03,-0.11,-0.07
28048,-1.47,-0.13,-0.36,0.03,-0.11,-0.17
28049,-1.36,-0.33,-0.36,0.03,-0.21,-0.07
28050,-1.16,-0.13,-0.16,-0.08,-0.00,-0.17
28051,-1.26,-0.02,-0.26,-0.18,-0.11,-0.07
28052,-1.36,-0.02,-0.26,0.03,-0.21,-0.07
28053,-1.47,-0.02,-0.16,0.03,-0.11,-0.17
28054,-1.26,-0.13,-0.16,-0.08,-0.21,-0.07
28055,-1.36,-0.02,-0.26,0.03,-0.21,-0.07
28056,-1.26,-0.02,-0.16,-0.08,-0.21,-0.07
28057,-1.16,-0.02,-0.26,0.03,-0.11,-0.07
28058,-1.36,-0.02,-0.05,0.03,-0.00,-0.17
28059,-1.26,-0.02,-0.26,-0.08,-0.21,-0.07
28060,-1.26,-0.23,-0.05,-0.08,-0.21,-0.17
28061,-1.26,0.08,-0.05,0.03,-0.21,-0.07
28062,-1.16,-0.02,-0.16,-0.08,-0.21,-0.07
28063,-1.36,-0.02,-0.36,-0.08,-0.11,-0.07
28064,-1.36,-0.23,-0.26,0.03,-0.00,-0.07
28065,-1.16,-0.13,-0.05,0.03,-0.11,-0.07
28066,-1.36,0.19,0.05,-0.08,-0.21,-0.07
28067,-1.26,-0.23,-0.16,-0.08,-0.11,-0.17
28068,-1.36,-0.13,-0.05,0.03,-0.11,-0.07
28069,-1.36,-0.02,-0.26,-0.08,-0.21,-0.17
28070,-1.47,-0.02,-0.36,0.03,-0.11,0.04
28071,-1.36,-0.13,-0.26,-0.08,-0.11,-0.17
28072,-1.47,-0.23,-0.26,0.03,-0.11,-0.07
28073,-1.26,0.08,-0.05,-0.08,-0.21,-0.07
28074,-1.36,-0.13,-0.26,-0.08,-0.00,-0.17
28075,-1.36,-0.02,-0.47,0.03,-0.11,-0.17
28076,-1.36,-0.23,-0.26,0.03,-0.11,-0.17
28077,-1.26,-0.13,-0.16,-0.08,-0.21,-0.07
28078,-1.36,-0.13,-0.26,0.03,-0.11,-0.17
28079,-1.36,0.08,-0.16,0.03,-0.11,-0.07
28080,-1.36,-0.02,-0.16,0.03,-0.11,-0.07
28081,-1.26,0.08,-0.16,0.03,-0.11,0.04
28082,-1.16,-0.13,-0.16,-0.18,-0.11,-0.17
28083,-1.26,-0.02,-0.05,-0.08,-0.11,-0.17
28084,-1.26,-0.02,0.05,0.03,-0.11,-0.07
28085,-1.16,-0.02,-0.26,-0.08,-0.00,-0.17
28086,-1.26,0.08,-0.05,0.03,-0.00,-0.17
28087,-1.26,-0.13,-0.05,-0.08,-0.11,-0.17
28088,-1.36,-0.13,-0.05,-0.08,-0.11,-0.07
28089,-1.26,-0.02,-0.05,-0.08,-0.11,-0.17
28090,-1.36,-0.02,-0.26,-0.18,-0.11,-0.07
28091,-1.36,-0.23,-0.16,-0.18,-0.21,-0.07
28092,-1.36,0.19,0.05,-0.08,-0.11,-0.17
28093,-1.36,-0.13,-0.36,-0.08,-0.21,0.04
28094,-1.26,-0.02,-0.05,-0.08,-0.21,-0.07
28095,-1.36,-0.33,-0.16,-0.08,-0.11,-0.17
28096,-1.26,0.19,-0.05,-0.08,-0.11,-0.07
28097,-1.47,-0.13,-0.26,-0.08,-0.11,-0.28
28098,-1.36,-0.13,-0.36,-0.08,-0.11,-0.17
28099,-1.26,-0.13,-0.16,-0.08,-0.11,-0.07
28100,-1.05,-0.13,-0.26,-0.08,-0.00,-0.17
28101,-1.36,-0.13,-0.05,0.03,-0.00,-0.07
28102,-1.26,0.08,-0.26,0.03,-0.21,-0.07
28103,-1.36,-0.23,-0.05,-0.08,-0.11,-0.17
28104,-1.16,-0.02,-0.16,-0.08,-0.11,-0.17
28105,-1.26,-0.02,-0.16,0.03,-0.11,-0.07
28106,-1.26,-0.13,-0.26,-0.08,-0.11,0.04
28107,-1.36,-0.02,-0.16,0.03,-0.21,-0.17
28108,-1.36,-0.23,-0.05,-0.08,-0.21,-0.07
28109,-1.26,-0.02,-0.16,-0.08,-0.00,-0.17
28110,-1.16,-0.02,-0.05,-0.08,-0.21,-0.07
28111,-1.26,0.08,0.05,0.03,-0.21,-0.07
28112,-1.36,-0.02,-0.16,0.03,-0.11,-0.28
28113,-1.36,-0.13,0.05,-0.18,-0.21,-0.17
28114,-1.36,-0.13,-0.16,-0.08,-0.11,-0.07
28115,-1.36,0.08,-0.05,-0.08,-0.11,-0.07
28116,-1.36,-0.02,-0.05,-0.08,-0.00,-0.17
28117,-1.26,-0.13,-0.36,-0.08,-0.11,-0.07
28118,-1.26,-0.13,-0.16,-0.08,-0.11,-0.07
28119,-1.16,-0.02,-0.16,0.13,-0.00,-0.17
28120,-1.36,0.08,-0.16,0.03,-0.11,-0.07
28121,-1.47,-0.13,-0.36,-0.08,-0.21,-0.07
28122,-1.36,-0.23,-0.16,-0.08,-0.11,-0.07
28123,-1.16,0.08,-0.16,-0.08,-0.21,-0.07
28124,-1.26,-0.02,-0.26,-0.08,-0.11,-0.07
28125,-1.47,-0.02,-0.16,-0.08,-0.21,-0.17
28126,-1.26,0.19,-0.05,-0.08,-0.00,-0.07
28127,-1.16,-0.23,-0.26,0.03,-0.00,-0.07
28128,-1.26,-0.02,-0.05,0.03,-0.21,-0.07
28129,-1.36,-0.13,-0.05,-0.08,-0.11,-0.07
28130,-1.26,0.08,-0.05,-0.08,-0.21,-0.07
28131,-1.36,0.08,0.05,0.03,-0.11,0.04
28132,-1.26,-0.13,-0.26,0.03,-0.11,-0.07
28133,-1.26,-0.13,-0.05,-0.08,-0.11,-0.28
28134,-1.05,-0.02,-0.05,-0.08,-0.21,-0.17
28135,-1.36,-0.02,-0.05,-0.08,-0.11,-0.07
28136,-1.26,-0.02,-0.16,-0.18,-0.11,-0.17
28137,-1.26,-0.13,-0.26,-0.08,-0.00,-0.07
28138,-1.36,-0.02,-0.26,0.03,-0.21,-0.17
28139,-1.26,0.08,-0.05,0.03,-0.11,-0.17
28140,-1.26,-0.23,-0.16,0.03,-0.11,-0.07
28141,-1.36,-0.02,-0.16,-0.18,-0.00,-0.07
28142,-1.36,-0.02,-0.16,0.13,-0.11,-0.07
28143,-1.36,-0.02,-0.16,0.03,-0.11,-0.07
28144,-1.36,-0.23,-0.16,0.03,-0.11,-0.07
28145,-1.36,-0.23,-0.26,-0.08,-0.11,-0.07
28146,-1.26,-0.02,-0.16,-0.08,-0.21,-0.07
28147,-1.26,0.08,-0.26,-0.18,-0.11,-0.07
28148,-1.36,-0.13,-0.36,-0.08,-0.21,-0.07
28149,-1.36,-0.13,-0.26,-0.08,-0.11,-0.07
28150,-1.36,-0.23,-0.16,-0.08,0.10,-0.07
28151,-1.16,-0.13,-0.26,-0.08,-0.11,-0.07
28152,-1.36,0.19,-0.16,-0.18,-0.11,0.04
28153,-1.16,-0.13,-0.26,-0.18,-0.11,-0.07
28154,-1.26,-0.02,-0.16,0.03,-0.00,-0.07
28155,-1.36,-0.13,-0.16,-0.08,-0.11,-0.17
28156,-1.16,-0.13,-0.26,-0.08,-0.11,-0.07
28157,-1.26,-0.02,-0.05,-0.08,-0.00,-0.07
28158,-1.26,-0.02,-0.16,-0.08,-0.11,0.04
28159,-1.26,-0.23,-0.16,-0.08,-0.11,-0.17
28160,-1.26,0.08,-0.16,-0.18,-0.21,-0.07
28161,-1.26,-0.33,-0.16,0.03,-0.11,-0.07
28162,-1.36,0.08,0.05,-0.08,-0.11,0.04
28163,-1.26,-0.13,-0.05,0.03,-0.21,-0.07
28164,-1.16,-0.23,-0.26,0.03,-0.00,-0.17
28165,-1.26,-0.02,-0.05,0.03,-0.11,-0.07
28166,-1.47,-0.02,-0.26,-0.08,-0.11,-0.17
28167,-1.26,-0.13,-0.16,-0.08,-0.11,0.04
28168,-1.16,-0.02,-0.16,-0.08,-0.21,-0.17
28169,-1.26,-0.13,-0.16,0.03,-0.11,-0.17
28170,-1.47,-0.02,-0.16,0.03,-0.21,-0.17
28171,-1.57,-0.13,-0.26,0.03,-0.00,-0.07
28172,-1.26,-0.23,-0.36,-0.08,-0.11,-0.07
28173,-1.26,-0.13,-0.05,-0.08,-0.21,-0.17
28174,-1.16,-0.13,-0.16,-0.08,-0.21,-0.17
28175,-1.47,-0.02,-0.26,-0.08,-0.21,-0.17
28176,-1.26,-0.13,-0.26,-0.08,-0.21,-0.17
28177,-1.26,-0.02,-0.36,-0.08,-0.11,0.04
28178,-1.26,-0.13,-0.16,-0.08,-0.11,-0.07
28179,-1.26,-0.02,0.05,0.03,-0.21,0.04
28180,-1.16,-0.02,-0.05,-0.08,-0.11,-0.07
28181,-1.26,0.08,0.05,0.03,-0.11,-0.07
28182,-1.47,-0.13,-0.36,-0.08,-0.11,-0.17
28183,-1.26,-0.02,-0.05,0.03,-0.00,-0.07
28184,-1.26,-0.13,-0.16,-0.08,-0.11,-0.07
28185,-1.26,-0.02,0.05,-0.08,-0.00,-0.17
28186,-1.36,-0.02,-0.05,-0.18,-0.11,-0.17
28187,-1.26,-0.13,-0.36,-0.08,-0.11,-0.07
28188,-1.26,-0.13,-0.16,-0.08,-0.21,-0.07
28189,-1.36,-0.02,-0.05,-0.08,-0.00,-0.07
28190,-1.36,-0.33,-0.26,0.03,-0.11,-0.07
28191,-1.26,-0.13,-0.16,0.03,-0.11,-0.17
28192,-1.26,-0.33,-0.16,0.03,-0.11,-0.17
28193,-1.36,-0.02,-0.16,0.03,-0.11,-0.17
28194,-1.47,0.08,-0.16,0.13,-0.21,-0.17
28195,-1.36,-0.23,-0.36,0.03,-0.11,-0.17
28196,-1.36,-0.13,-0.16,0.03,-0.21,0.04
28197,-1.16,-0.13,-0.16,-0.18,-0.21,-0.07
28198,-1.26,-0.13,-0.16,-0.08,-0.21,-0.17
28199,-1.36,0.08,-0.26,-0.08,-0.11,-0.07
28200,-1.36,-0.13,-0.16,0.03,-0.00,0.04
28201,-1.26,-0.02,-0.16,-0.08,-0.11,-0.07
28202,-1.26,-0.13,-0.05,0.03,-0.11,-0.07
28203,-1.16,-0.23,-0.05,-0.08,-0.21,-0.17
28204,-1.26,-0.02,-0.05,-0.18,-0.00,-0.07
28205,-1.47,-0.13,-0.16,-0.08,-0.21,-0.07
28206,-1.26,0.08,-0.26,-0.08,-0.11,-0.07
28207,-1.16,-0.13,-0.05,0.03,-0.11,-0.17
28208,-1.16,-0.02,0.05,-0.08,-0.11,-0.17
28209,-1.47,-0.13,-0.05,0.03,-0.11,-0.17
28210,-1.26,-0.02,-0.05,-0.08,-0.00,-0.17
28211,-1.36,-0.33,-0.36,-0.08,-0.11,-0.17
28212,-1.16,-0.02,-0.05,-0.08,-0.31,-0.17
28213,-1.26,-0.02,-0.16,-0.08,-0.11,-0.07
28214,-1.26,-0.13,-0.26,-0.08,-0.11,-0.07
28215,-1.26,-0.13,-0.16,0.03,-0.21,-0.07
28216,-1.36,-0.02,-0.26,-0.08,-0.21,-0.07
28217,-1.26,-0.02,-0.16,-0.08,-0.11,-0.07
28218,-1.26,-0.13,-0.36,0.03,-0.21,-0.07
28219,-1.36,-0.23,-0.16,0.03,-0.11,-0.07
28220,-1.16,-0.02,-0.05,0.03,-0.21,-0.07
28221,-1.26,-0.02,-0.16,-0.08,-0.11,-0.07
28222,-1.36,-0.02,-0.26,-0.08,-0.11,-0.28
28223,-1.47,-0.13,-0.16,-0.08,-0.11,-0.28
28224,-1.26,-0.23,-0.26,0.13,-0.11,-0.17
28225,-1.16,-0.13,-0.05,-0.08,-0.21,-0.07
28226,-1.26,-0.02,-0.26,0.03,-0.11,-0.07
28227,-1.26,-0.02,0.05,0.03,-0.11,-0.07
28228,-1.26,0.08,-0.16,0.03,-0.21,-0.17
28229,-1.36,-0.02,-0.36,-0.08,-0.11,-0.07
28230,-1.26,-0.13,-0.26,0.03,-0.21,-0.17
28231,-1.16,-0.02,-0.05,-0.08,-0.11,-0.07
28232,-1.26,-0.02,-0.26,-0.08,-0.11,-0.07
28233,-1.36,-0.02,-0.05,-0.08,-0.00,-0.17
28234,-1.36,-0.13,-0.26,-0.08,-0.11,-0.07
28235,-1.26,-0.13,-0.05,-0.08,-0.11,-0.07
28236,-1.26,0.08,-0.05,0.03,-0.11,-0.07
28237,-1.36,-0.13,-0.05,0.03,-0.21,-0.07
28238,-1.36,-0.13,-0.26,-0.08,-0.11,-0.17
28239,-1.26,-0.02,-0.05,-0.18,-0.11,-0.28
28240,-1.36,-0.13,-0.26,0.03,-0.11,-0.17
28241,-1.47,0.08,-0.26,-0.08,-0.21,-0.07
28242,-1.47,-0.23,-0.36,0.03,-0.11,-0.17
28243,-1.47,-0.23,-0.16,-0.08,-0.11,0.04
28244,-1.16,0.08,-0.05,-0.08,-0.21,-0.07
28245,-1.26,-0.13,-0.36,0.03,-0.11,0.04
28246,-1.26,-0.13,-0.16,0.03,-0.00,-0.07
28247,-1.47,-0.02,-0.16,-0.08,-0.21,-0.07
28248,-1.26,-0.23,-0.16,0.03,-0.11,-0.17
28249,-1.36,0.08,-0.16,-0.08,-0.11,-0.07
28250,-1.26,-0.02,-0.26,-0.08,-0.11,-0.17
28251,-1.26,0.08,0.05,-0.08,-0.00,-0.17
28252,-1.36,0.08,-0.16,-0.08,-0.00,-0.17
28253,-1.26,-0.13,-0.26,-0.08,-0.11,-0.07
28254,-1.16,-0.23,-0.05,0.03,-0.11,-0.07
28255,-1.16,0.08,-0.05,0.03,-0.00,-0.17
28256,-1.26,-0.13,-0.05,0.03,-0.00,-0.07
28257,-1.26,-0.02,-0.16,0.03,-0.11,-0.07
28258,-1.36,-0.13,-0.26,-0.08,-0.21,-0.28
28259,-1.26,-0.02,-0.16,-0.08,-0.11,-0.07
28260,-1.36,-0.13,-0.16,-0.08,-0.11,-0.07
28261,-1.26,-0.13,-0.16,-0.08,-0.11,-0.07
28262,-1.26,-0.23,-0.36,0.03,-0.00,-0.17
28263,-1.36,-0.02,-0.16,0.03,-0.21,0.04
28264,-1.36,-0.13,-0.16,0.03,-0.00,-0.17
28265,-1.36,-0.13,-0.47,0.03,-0.11,-0.17
28266,-1.36,-0.23,-0.16,-0.08,-0.11,-0.07
28267,-1.36,-0.13,-0.16,0.03,-0.00,-0.17
28268,-1.36,-0.02,-0.16,0.03,-0.00,-0.07
28269,-1.36,-0.02,-0.26,0.03,-0.21,-0.07
28270,-1.36,-0.13,-0.16,-0.08,-0.11,-0.07
28271,-1.36,-0.02,-0.16,-0.08,-0.00,-0.07
28272,-1.26,-0.23,-0.16,-0.08,-0.11,-0.17
28273,-1.26,-0.02,-0.16,0.03,0.10,-0.07
28274,-1.36,-0.13,-0.26,-0.08,-0.31,-0.07
28275,-1.26,-0.13,0.05,-0.08,-0.11,-0.07
28276,-1.47,0.19,-0.16,0.03,-0.21,-0.07
28277,-1.26,-0.13,-0.16,0.03,-0.21,-0.17
28278,-1.26,-0.13,-0.05,0.03,-0.21,-0.07
28279,-1.16,-0.02,-0.05,-0.18,-0.21,-0.07
28280,-1.36,-0.02,-0.16,0.03,-0.00,-0.17
28281,-1.36,0.08,-0.16,0.03,-0.11,0.04
28282,-1.36,-0.13,-0.16,0.03,-0.21,-0.07
28283,-1.36,-0.13,-0.16,0.03,-0.11,0.04
28284,-1.26,0.08,0.05,-0.08,-0.21,-0.17
28285,-1.16,-0.23,-0.26,0.13,-0.00,-0.17
28286,-1.36,-0.13,-0.26,0.03,-0.11,-0.17
28287,-1.36,-0.13,-0.16,0.03,-0.21,-0.17
28288,-1.36,0.08,-0.05,-0.08,-0.11,-0.17
28289,-1.26,-0.13,-0.36,-0.18,-0.00,-0.07
28290,-1.47,-0.33,-0.05,0.03,-0.21,-0.07
28291,-1.26,-0.13,-0.05,-0.08,-0.00,-0.17
28292,-1.26,0.08,-0.16,0.03,-0.11,-0.07
28293,-1.36,-0.13,-0.36,-0.08,-0.11,-0.07
28294,-1.26,-0.23,-0.26,0.03,-0.00,-0.07
28295,-1.47,-0.23,-0.16,-0.08,-0.11,-0.17
28296,-1.36,-0.02,-0.05,0.13,-0.21,-0.07
28297,-1.26,-0.02,-0.05,0.03,-0.11,-0.07
28298,-1.26,-0.02,-0.16,-0.08,-0.11,0.04
28299,-1.36,-0.13,-0.16,0.03,-0.11,-0.07
28300,-1.36,0.08,-0.05,-0.08,-0.00,-0.07
28301,-1.26,-0.23,-0.16,-0.08,-0.00,-0.07
28302,-1.26,0.08,0.05,0.03,-0.11,-0.07
28303,-1.16,-0.02,0.05,0.03,-0.21,-0.07
28304,-1.26,0.19,0.05,0.03,-0.11,-0.07
28305,-1.26,-0.02,-0.36,-0.08,-0.21,-0.17
28306,-1.47,-0.23,-0.16,0.03,-0.21,-0.17
28307,-1.36,-0.13,-0.05,0.03,-0.11,-0.07
28308,-1.36,-0.02,0.16,-0.08,-0.21,-0.07
28309,-1.26,-0.13,-0.16,-0.08,-0.11,-0.07
28310,-1.36,-0.02,-0.16,0.03,-0.11,-0.07
28311,-1.36,-0.13,-0.16,-0.08,-0.11,-0.17
28312,-1.36,-0.02,-0.26,-0.08,-0.11,-0.07
28313,-1.36,-0.13,-0.47,0.03,-0.11,-0.07
28314,-1.36,-0.33,-0.16,-0.08,-0.11,0.04
28315,-1.26,-0.23,0.05,0.03,-0.11,0.04
28316,-1.36,0.19,-0.16,-0.08,-0.11,-0.07
28317,-1.26,-0.23,-0.47,-0.08,-0.11,-0.17
28318,-1.36,-0.02,-0.26,-0.08,-0.11,-0.07
28319,-1.36,-0.13,-0.26,-0.08,-0.11,-0.17
28320,-1.16,-0.23,-0.16,-0.08,-0.11,-0.07
28321,-1.26,-0.13,-0.05,0.03,-0.00,-0.07
28322,-1.26,0.08,-0.05,0.03,-0.00,-0.17
28323,-1.26,-0.02,-0.26,-0.08,-0.11,-0.07
28324,-1.36,-0.02,-0.05,-0.08,-0.21,-0.07
28325,-1.26,-0.13,-0.36,0.03,-0.21,-0.07
28326,-1.26,-0.02,-0.05,-0.18,-0.11,-0.07
28327,-1.26,-0.02,-0.05,-0.08,-0.21,-0.07
28328,-1.36,0.08,0.05,-0.08,-0.11,0.04
28329,-1.26,-0.02,-0.16,0.03,-0.11,-0.07
28330,-1.26,-0.13,-0.26,-0.08,-0.11,-0.17
28331,-1.26,-0.13,-0.16,0.03,-0.21,-0.07
28332,-1.26,-0.02,-0.16,-0.08,-0.11,-0.17
28333,-1.26,-0.23,-0.16,0.03,-0.11,-0.17
28334,-1.36,-0.02,-0.05,-0.08,-0.21,-0.07
28335,-1.26,-0.13,0.05,-0.08,-0.00,-0.07
28336,-1.36,-0.02,-0.05,-0.18,-0.11,-0.17
28337,-1.36,-0.13,-0.47,0.03,-0.21,-0.07
28338,-1.26,-0.13,-0.26,0.03,-0.11,-0.17
28339,-1.26,-0.23,-0.16,0.03,-0.11,-0.07
28340,-1.36,0.08,-0.26,-0.08,-0.00,-0.17
28341,-1.26,-0.13,-0.26,0.03,-0.11,-0.07
28342,-1.36,-0.02,-0.16,0.03,-0.11,-0.07
28343,-1.36,-0.13,-0.26,-0.08,-0.21,-0.17
28344,-1.26,-0.33,-0.26,0.03,-0.21,-0.17
28345,-1.36,0.08,-0.26,-0.08,-0.21,-0.07
28346,-1.26,-0.02,-0.26,-0.08,-0.21,-0.07
28347,-1.36,-0.13,-0.05,-0.08,-0.21,-0.17
28348,-1.36,0.08,0.05,-0.08,-0.11,-0.17
28349,-1.26,-0.13,-0.26,-0.08,-0.00,-0.07
28350,-1.16,-0.02,-0.05,-0.08,-0.21,-0.17
28351,-1.16,-0.02,-0.16,-0.08,-0.11,-0.07
28352,-1.26,-0.02,0.05,0.03,-0.11,-0.07
28353,-1.26,0.08,-0.26,-0.08,-0.21,-0.07
28354,-1.26,-0.13,-0.16,0.03,-0.11,-0.07
28355,-1.26,-0.02,0.05,-0.08,-0.11,0.04
28356,-1.36,0.08,-0.16,0.03,-0.00,-0.17
28357,-1.26,-0.13,-0.16,-0.08,-0.21,-0.07
28358,-1.26,-0.23,-0.16,0.03,-0.11,0.04
28359,-1.26,-0.13,-0.05,-0.08,-0.11,-0.28
28360,-1.47,-0.02,-0.05,-0.08,-0.11,-0.07
28361,-1.36,-0.02,-0.36,0.03,-0.21,-0.07
28362,-1.47,-0.23,-0.16,-0.08,-0.11,-0.07
28363,-1.36,-0.02,-0.16,0.03,-0.21,-0.07
28364,-1.26,-0.02,-0.05,0.03,-0.11,-0.17
28365,-1.36,-0.02,-0.47,-0.08,-0.21,-0.07
28366,-1.36,-0.02,-0.26,-0.08,-0.00,-0.17
28367,-1.47,-0.02,-0.26,0.03,-0.21,-0.07
28368,-1.16,-0.13,-0.05,0.03,-0.21,-0.07
28369,-1.36,-0.02,-0.26,0.13,-0.11,-0.28
28370,-1.26,-0.13,-0.16,0.03,-0.00,-0.07
28371,-1.26,0.08,-0.05,0.03,-0.21,-0.07
28372,-1.26,0.08,-0.26,0.03,-0.11,-0.17
28373,-1.26,-0.23,-0.16,0.13,-0.00,-0.17
28374,-1.36,-0.13,-0.16,-0.08,-0.11,-0.07
28375,-1.16,-0.02,0.05,-0.08,-0.00,-0.17
28376,-1.36,-0.02,0.05,0.03,-0.00,-0.17
28377,-1.36,-0.02,-0.16,0.03,-0.11,-0.17
28378,-1.26,-0.13,-0.16,-0.08,-0.11,-0.17
28379,-1.26,-0.02,-0.26,0.03,-0.21,-0.07
28380,-1.36,-0.02,-0.16,-0.08,-0.11,-0.17
28381,-1.16,-0.23,-0.26,0.03,-0.11,-0.17
28382,-1.36,-0.13,-0.16,0.03,-0.00,-0.07
28383,-1.36,-0.02,-0.05,0.03,-0.11,-0.07
28384,-1.36,-0.13,-0.16,0.03,-0.21,-0.07
28385,-1.36,-0.02,-0.26,0.03,-0.11,-0.17
28386,-1.47,-0.23,-0.36,-0.08,-0.11,-0.17
28387,-1.47,-0.13,-0.26,0.03,-0.11,-0.17
28388,-1.16,-0.02,-0.05,0.03,-0.11,-0.07
28389,-1.36,-0.13,-0.26,-0.08,-0.11,-0.17
28390,-1.36,-0.02,-0.26,-0.08,-0.11,0.04
28391,-1.36,0.08,-0.05,-0.08,-0.21,-0.28
28392,-1.26,-0.13,-0.47,-0.18,-0.00,-0.07
28393,-1.26,-0.02,-0.05,-0.28,-0.11,-0.07
28394,-1.26,-0.13,-0.16,0.03,-0.11,-0.17
28395,-1.26,-0.02,0.05,-0.08,-0.00,0.04
28396,-1.16,-0.02,-0.05,0.03,-0.11,-0.07
28397,-1.26,-0.02,-0.16,0.03,-0.21,-0.07
28398,-1.26,-0.13,-0.26,0.03,-0.11,-0.07
28399,-1.05,-0.02,-0.16,-0.08,-0.11,-0.07
28400,-1.36,-0.23,-0.16,0.03,-0.11,-0.07
28401,-1.26,0.08,0.05,-0.08,-0.21,-0.07
28402,-1.26,-0.13,-0.16,0.03,-0.11,-0.07
28403,-1.36,0.08,-0.26,-0.18,-0.11,-0.07
28404,-1.36,-0.02,-0.05,-0.08,-0.11,-0.17
28405,-1.36,-0.02,-0.26,-0.08,-0.11,-0.17
28406,-1.36,-0.13,-0.26,0.03,-0.11,-0.17
28407,-1.36,-0.13,-0.26,-0.08,-0.11,-0.07
28408,-1.36,0.08,-0.05,0.03,-0.11,-0.07
28409,-1.36,0.08,-0.05,0.03,-0.21,-0.07
28579,-1.26,-0.02,-0.47,0.03,-0.00,-0.17
28580,-1.36,-0.02,-0.16,0.03,-0.21,-0.17
28581,-1.36,-0.13,-0.16,0.03,-0.11,-0.07
28582,-1.16,-0.23,-0.16,-0.08,-0.11,-0.07
28583,-1.26,-0.02,-0.05,-0.18,-0.11,-0.17
28584,-1.26,-0.02,-0.26,-0.08,-0.00,0.04
28585,-1.26,0.08,-0.16,0.03,-0.11,-0.17
28586,-1.36,-0.02,-0.16,0.03,-0.21,-0.07
28587,-1.26,-0.13,-0.26,0.03,-0.00,-0.07
28588,-1.16,0.08,-0.05,0.03,-0.21,-0.17
28589,-1.16,-0.02,0.05,0.03,-0.21,-0.07
28590,-1.16,-0.13,-0.05,0.03,-0.11,-0.07
28591,-1.26,0.08,-0.26,0.03,-0.11,-0.07
28592,-1.26,-0.13,-0.16,0.03,-0.11,-0.07
28593,-1.26,-0.23,-0.16,-0.08,-0.00,-0.17
28594,-1.26,-0.02,0.05,-0.08,-0.11,-0.17
28595,-1.36,-0.13,-0.16,0.03,-0.11,-0.07
28596,-1.26,-0.23,-0.16,-0.08,-0.21,-0.17
28597,-1.26,-0.13,-0.16,-0.08,-0.11,-0.17
28598,-1.16,-0.02,-0.05,0.13,-0.00,-0.07
28599,-1.47,-0.02,-0.05,-0.08,-0.11,-0.07
28600,-1.47,-0.13,-0.26,0.03,-0.21,-0.07
28601,-1.36,-0.33,-0.26,-0.08,-0.11,-0.07
28602,-1.16,-0.02,-0.16,-0.08,-0.11,-0.07
28603,-1.26,-0.13,-0.05,0.03,-0.21,-0.07
28604,-1.26,-0.13,-0.26,-0.08,-0.21,0.04
28605,-1.36,0.08,-0.26,0.03,-0.21,-0.17
28606,-1.36,-0.13,-0.26,0.03,-0.21,-0.07
28607,-1.26,-0.13,-0.05,-0.08,-0.11,-0.17
28608,-1.36,-0.13,-0.16,-0.08,-0.00,-0.17
28609,-1.16,-0.13,-0.05,0.03,-0.11,-0.07
28610,-1.36,0.19,-0.16,-0.18,-0.11,-0.07
28611,-1.36,-0.23,-0.16,0.03,-0.21,-0.17
28612,-1.26,-0.02,-0.26,-0.08,-0.21,-0.17
28613,-1.26,-0.13,-0.05,-0.08,-0.11,-0.17
28614,-1.16,-0.02,0.16,-0.08,-0.11,-0.17
28615,-1.26,-0.13,-0.05,-0.08,-0.11,-0.17
28616,-1.26,0.08,-0.05,-0.08,-0.21,-0.17
28617,-1.26,-0.13,-0.26,0.03,-0.11,-0.17
28618,-1.16,-0.13,-0.16,-0.08,-0.00,-0.17
28619,-1.47,-0.13,0.05,0.03,-0.00,-0.17
28620,-1.36,-0.02,-0.26,-0.08,-0.21,-0.17
28621,-1.36,-0.13,-0.26,-0.08,-0.11,-0.28
28622,-1.26,-0.13,-0.36,0.03,-0.11,-0.17
28623,-1.26,-0.02,-0.05,0.03,-0.21,-0.17
28624,-1.26,-0.02,-0.26,0.03,-0.11,0.04
28625,-1.36,-0.13,-0.36,-0.08,-0.21,-0.07
28626,-1.36,-0.13,-0.26,-0.08,-0.11,0.04
28627,-1.26,-0.13,-0.16,0.03,-0.11,-0.07
28628,-1.26,-0.02,-0.05,0.03,-0.11,-0.17
28629,-1.26,-0.13,-0.26,-0.08,-0.21,-0.17
28630,-1.26,0.08,-0.26,-0.08,-0.21,-0.17
28631,-1.36,-0.13,-0.26,-0.08,-0.11,-0.07
28632,-1.26,0.08,-0.16,0.03,-0.11,-0.07
28633,-1.26,-0.02,-0.16,0.03,-0.21,-0.07
28634,-1.16,-0.13,-0.05,-0.08,-0.21,-0.07
28635,-1.05,0.19,0.05,-0.18,-0.21,0.04
28636,-1.26,-0.02,-0.05,-0.08,-0.21,-0.17
28637,-1.26,-0.02,-0.36,0.03,-0.21,-0.07
28638,-1.26,-0.02,-0.26,0.03,-0.21,-0.17
28639,-1.26,-0.23,-0.16,0.03,-0.21,-0.07
28640,-1.26,0.08,-0.05,0.03,-0.11,-0.07
28641,-1.36,0.08,0.05,-0.08,-0.21,0.04
28642,-1.36,-0.13,-0.26,0.03,-0.11,-0.07
28643,-1.36,-0.13,-0.16,0.03,-0.21,-0.07
28644,-1.36,0.08,-0.16,-0.08,-0.21,-0.07
28645,-1.36,-0.02,-0.26,-0.18,-0.21,-0.07
28646,-1.36,-0.02,-0.26,-0.08,-0.11,0.04
28647,-1.36,-0.13,-0.16,-0.08,-0.11,-0.07
28648,-1.36,-0.13,-0.16,0.03,-0.11,-0.17
28649,-1.26,-0.02,-0.16,-0.08,-0.11,-0.17
28650,-1.36,-0.23,-0.36,-0.08,-0.11,-0.17
28651,-1.26,-0.13,-0.26,-0.08,-0.11,-0.07
28652,-1.57,0.08,-0.05,0.03,-0.00,-0.17
28653,-1.26,-0.13,-0.16,-0.08,-0.11,-0.07
28654,-1.16,-0.02,-0.05,-0.08,-0.11,-0.07
28655,-1.26,0.08,-0.05,-0.08,-0.11,-0.17
28656,-1.26,-0.02,0.05,-0.08,-0.11,0.04
28657,-1.26,-0.02,-0.16,0.03,-0.11,-0.17
28658,-1.36,-0.13,-0.16,0.03,-0.11,-0.17
28659,-1.26,-0.02,-0.16,0.03,0.10,-0.07
28660,-1.16,-0.02,-0.16,-0.08,-0.21,-0.17
28661,-1.26,0.08,-0.05,0.03,-0.21,0.04
28662,-1.26,-0.23,-0.05,0.03,-0.11,-0.17
28663,-1.16,-0.02,-0.26,-0.08,-0.11,-0.17
28664,-1.26,-0.23,-0.16,0.03,-0.21,-0.17
28665,-1.36,-0.13,-0.05,-0.08,-0.11,-0.07
28666,-1.47,0.08,-0.05,-0.08,-0.21,-0.07
28667,-1.36,-0.13,-0.16,0.03,-0.21,-0.07
28668,-1.26,0.08,-0.26,0.03,-0.21,-0.07
28669,-1.16,-0.23,-0.36,-0.18,-0.21,-0.17
28670,-1.36,-0.02,-0.16,-0.08,-0.11,-0.17
28671,-1.36,-0.02,-0.26,0.03,-0.00,-0.17
28672,-1.36,-0.13,-0.16,-0.08,-0.11,-0.17
28673,-1.36,-0.02,-0.16,0.03,-0.00,-0.07
28674,-1.26,-0.02,-0.16,0.03,-0.11,-0.07
28675,-1.26,-0.13,-0.16,-0.18,-0.11,-0.17
28676,-1.26,0.08,-0.47,-0.08,-0.11,-0.17
28677,-1.36,-0.02,-0.16,-0.08,-0.11,-0.17
28678,-1.36,-0.02,-0.16,-0.08,-0.00,-0.17
28679,-1.26,0.08,-0.05,-0.08,-0.11,-0.07
28680,-1.26,-0.13,-0.16,-0.08,-0.00,-0.07
28681,-1.26,-0.02,-0.16,-0.08,-0.11,-0.07
28682,-1.26,-0.02,0.05,0.03,-0.00,-0.17
28683,-1.26,-0.13,-0.16,0.03,-0.11,0.04
28684,-1.26,-0.13,-0.05,-0.08,-0.11,-0.07
28685,-1.26,-0.02,-0.16,0.03,-0.21,-0.17
28686,-1.26,-0.23,-0.16,0.03,-0.21,-0.17
28687,-1.26,-0.02,-0.05,0.03,-0.21,-0.17
28688,-1.26,0.08,-0.16,-0.08,-0.11,-0.17
28689,-1.26,-0.13,-0.26,-0.08,-0.11,-0.07
28690,-1.26,-0.02,-0.16,-0.08,-0.21,-0.07
28691,-1.36,-0.02,-0.26,0.03,-0.11,-0.17
28692,-1.47,-0.13,-0.16,-0.08,-0.21,-0.07
28693,-1.36,-0.23,-0.36,-0.08,-0.00,-0.17
28694,-1.36,-0.23,-0.16,-0.08,-0.11,-0.17
28695,-1.47,-0.13,-0.16,-0.08,-0.11,-0.07
28696,-1.36,-0.02,-0.16,0.13,-0.00,-0.07
28697,-1.26,-0.02,-0.36,-0.08,-0.21,-0.07
28698,-1.36,-0.13,-0.16,0.03,-0.11,-0.07
28699,-1.47,-0.13,-0.26,0.03,-0.11,-0.07
28700,-1.36,-0.13,-0.05,-0.08,-0.11,-0.28
28701,-1.16,0.08,-0.05,-0.08,-0.11,-0.07
28702,-1.26,-0.13,-0.26,-0.08,-0.11,-0.17
28703,-1.36,-0.02,0.05,-0.08,-0.11,0.04
28704,-1.36,0.08,-0.36,-0.08,-0.00,-0.07
28705,-1.26,-0.02,-0.16,-0.08,-0.21,-0.17
28706,-1.26,0.08,-0.16,-0.08,-0.11,-0.07
28707,-1.26,-0.02,-0.05,0.03,-0.11,-0.07
28708,-1.16,0.08,0.05,-0.08,-0.21,-0.17
28709,-1.16,-0.23,-0.26,0.03,-0.11,-0.17
28710,-1.47,0.08,-0.05,-0.08,-0.21,-0.17
28711,-1.26,-0.13,-0.36,0.03,-0.21,-0.17
28712,-1.36,-0.02,-0.05,-0.08,-0.00,-0.07
28713,-1.36,0.08,-0.16,-0.08,-0.11,-0.07
28714,-1.36,-0.23,-0.16,-0.08,-0.11,-0.17
28715,-1.16,-0.02,-0.26,-0.08,-0.21,-0.07
28716,-1.26,-0.13,-0.26,0.03,-0.21,-0.07
28717,-1.26,-0.02,-0.05,0.03,-0.21,-0.17
28718,-1.47,-0.02,-0.16,0.13,-0.11,-0.07
28719,-1.36,-0.13,-0.26,0.03,-0.21,-0.17
28720,-1.36,-0.33,-0.36,-0.08,-0.11,-0.07
28721,-1.26,-0.13,-0.16,-0.08,-0.11,-0.07
28722,-1.16,-0.13,-0.26,0.03,-0.11,-0.28
28723,-1.36,0.08,-0.16,0.03,-0.11,-0.07
28724,-1.47,-0.13,-0.26,0.03,-0.11,-0.07
28725,-1.36,-0.13,-0.16,0.03,-0.11,-0.07
28726,-1.26,0.08,-0.05,0.03,-0.21,-0.07
28727,-1.26,-0.23,-0.26,0.03,-0.11,-0.07
28728,-1.16,0.08,-0.16,0.03,-0.11,-0.07
28729,-1.16,-0.13,-0.05,0.03,-0.00,-0.07
28730,-1.26,0.08,-0.05,-0.08,-0.21,-0.07
28731,-1.16,-0.23,-0.26,0.03,-0.11,-0.07
28732,-1.36,0.08,-0.05,-0.18,-0.11,-0.28
28733,-1.26,-0.13,-0.16,-0.08,-0.11,-0.07
28734,-1.16,-0.02,-0.05,0.03,-0.11,-0.07
28735,-1.26,0.08,-0.16,-0.08,-0.21,-0.17
28736,-1.26,-0.23,-0.26,-0.08,-0.21,-0.07
28737,-1.47,-0.02,-0.05,-0.08,-0.11,-0.07
28738,-1.36,-0.13,-0.16,-0.08,-0.11,-0.07
28739,-1.36,0.08,-0.16,-0.08,-0.11,-0.07
28740,-1.36,-0.13,-0.36,0.03,-0.11,-0.07
28741,-1.36,-0.23,-0.26,-0.08,-0.11,-0.07
28742,-1.36,-0.23,-0.16,-0.08,-0.11,-0.17
28743,-1.16,-0.13,-0.05,-0.18,-0.11,-0.17
28744,-1.36,0.08,-0.26,-0.18,-0.00,-0.17
28745,-1.26,-0.02,-0.36,0.03,-0.11,-0.07
28746,-1.47,-0.02,-0.16,0.03,-0.21,0.04
28747,-1.26,-0.13,-0.26,0.03,-0.11,0.04
28748,-1.36,-0.02,-0.05,-0.08,-0.00,0.04
28749,-1.26,0.08,-0.26,-0.08,-0.21,-0.17
28750,-1.26,-0.13,0.05,0.03,-0.00,0.04
28751,-1.36,-0.02,-0.05,-0.08,-0.11,-0.17
28752,-1.36,-0.13,-0.16,0.13,-0.11,-0.07
28753,-1.26,-0.02,-0.16,-0.08,-0.11,-0.07
28754,-1.05,-0.13,-0.16,0.03,-0.11,0.04
28755,-1.36,-0.02,0.05,0.03,-0.11,0.04
28756,-1.26,-0.13,-0.16,-0.08,-0.00,-0.07
28757,-1.36,0.08,-0.05,0.03,-0.11,-0.07
28758,-1.36,-0.23,-0.16,0.03,-0.21,-0.17
28759,-1.26,0.08,-0.05,-0.08,-0.31,-0.17
28760,-1.47,-0.02,-0.16,0.03,-0.11,0.04
28761,-1.47,-0.23,-0.36,0.03,-0.11,-0.07
28762,-1.26,-0.13,-0.36,-0.08,-0.00,-0.07
28763,-1.26,-0.13,-0.16,-0.08,-0.11,-0.28
28764,-1.36,0.08,0.05,-0.08,-0.11,-0.07
28765,-1.36,0.08,-0.16,-0.18,-0.00,-0.07
28766,-1.47,-0.02,-0.36,-0.08,-0.11,-0.07
28767,-1.36,-0.13,-0.26,0.03,-0.11,-0.17
28768,-1.26,-0.23,-0.26,0.03,-0.21,-0.07
28769,-1.16,-0.13,-0.16,-0.08,-0.11,-0.17
28770,-1.16,-0.13,-0.16,0.03,-0.11,-0.17
28771,-1.36,0.19,-0.05,0.03,-0.21,-0.07
28772,-1.26,-0.02,-0.26,-0.08,-0.21,-0.28
28773,-1.36,0.08,-0.05,0.03,-0.11,-0.28
28774,-1.26,-0.13,-0.26,-0.08,-0.00,-0.17
28775,-1.26,-0.13,-0.16,-0.08,-0.11,-0.07
28776,-1.16,0.08,-0.05,-0.08,-0.11,-0.17
28777,-1.26,-0.02,-0.05,-0.08,-0.11,-0.07
28778,-1.26,-0.02,-0.05,0.03,-0.21,-0.07
28779,-1.47,-0.02,-0.16,0.03,-0.00,-0.17
28780,-1.26,-0.23,-0.26,-0.08,-0.11,-0.07
28781,-1.26,-0.02,-0.16,-0.08,-0.21,-0.07
28782,-1.26,-0.13,-0.05,-0.08,-0.21,-0.07
28783,-1.36,-0.13,-0.05,0.03,-0.21,-0.07
28784,-1.36,-0.13,-0.05,-0.08,-0.11,-0.07
28785,-1.26,-0.02,-0.05,0.03,-0.11,-0.17
28786,-1.36,-0.13,-0.26,-0.08,-0.21,-0.07
28787,-1.36,0.08,-0.26,-0.08,-0.21,-0.17
28788,-1.47,-0.23,-0.36,-0.08,-0.21,-0.07
28789,-1.36,-0.13,-0.26,-0.08,-0.00,-0.07
28790,-1.26,0.08,0.05,0.03,-0.00,0.04
28791,-1.16,-0.02,-0.16,-0.08,-0.11,-0.17
28792,-1.36,0.08,-0.26,0.03,-0.00,0.04
28793,-1.26,-0.02,-0.16,-0.08,-0.11,-0.07
28794,-1.26,-0.23,-0.16,0.03,-0.11,-0.07
28795,-1.36,-0.02,-0.16,-0.08,-0.00,-0.07
28796,-1.26,-0.13,-0.05,-0.18,-0.11,-0.07
28797,-1.05,-0.02,-0.05,-0.08,-0.21,-0.17
28798,-1.36,-0.13,0.05,0.03,-0.00,-0.07
28799,-1.36,0.08,-0.26,0.03,-0.11,-0.17
28800,-1.36,-0.13,-0.16,0.03,-0.11,-0.17
28801,-1.26,-0.02,-0.16,0.03,-0.11,-0.07
28802,-1.36,-0.02,-0.16,-0.08,-0.11,-0.17
28803,-1.36,-0.13,0.16,-0.08,-0.11,-0.17
28804,-1.26,-0.02,-0.16,-0.08,-0.21,-0.07
28805,-1.36,-0.13,-0.16,0.03,-0.21,-0.07
28806,-1.26,-0.13,-0.05,-0.08,-0.21,-0.28
28807,-1.36,0.08,-0.26,-0.08,-0.21,-0.17
28808,-1.47,-0.23,-0.16,-0.18,-0.11,-0.17
28809,-1.36,-0.13,-0.36,-0.18,-0.21,-0.17
28810,-1.26,-0.02,-0.26,-0.08,-0.00,-0.07
28811,-1.26,0.08,-0.26,-0.08,-0.11,-0.17
28812,-1.26,-0.02,-0.05,-0.08,-0.11,-0.07
28813,-1.36,-0.13,-0.26,-0.08,-0.11,-0.07
28814,-1.47,-0.02,-0.36,0.03,-0.11,-0.17
28815,-1.36,-0.13,-0.26,-0.08,-0.00,-0.17
28816,-1.36,-0.23,-0.16,-0.18,-0.11,-0.17
28817,-1.26,-0.02,-0.05,0.03,-0.00,-0.07
28818,-1.26,0.08,-0.26,0.03,-0.00,-0.07
28819,-1.26,-0.02,-0.05,0.03,-0.00,-0.07
28820,-1.26,-0.02,-0.26,0.03,-0.11,-0.07
28821,-1.36,0.08,-0.16,-0.08,-0.21,-0.17
28822,-1.26,-0.23,-0.16,-0.08,-0.11,-0.17
28823,-1.16,-0.02,-0.05,-0.08,-0.00,-0.17
28825,-1.26,0.08,0.05,-0.08,-0.11,-0.07
28825,-1.26,-0.02,-0.05,0.03,-0.21,-0.07
28826,-1.36,-0.02,-0.05,-0.08,-0.11,-0.07
28827,-1.26,-0.23,-0.26,-0.08,-0.11,-0.17
28828,-1.16,-0.02,-0.16,-0.08,-0.21,-0.17
28829,-1.16,0.08,0.05,0.03,-0.21,-0.07
28830,-1.36,-0.13,-0.26,-0.08,-0.11,-0.17
28831,-1.36,-0.13,-0.16,0.03,-0.11,-0.28
28832,-1.36,-0.13,-0.26,0.13,-0.11,-0.17
28833,-1.26,-0.13,-0.26,0.03,-0.00,-0.17
28834,-1.36,-0.13,0.05,-0.08,-0.11,-0.17
28835,-1.47,-0.02,-0.26,-0.08,-0.11,-0.17
28836,-1.36,-0.13,-0.36,-0.08,-0.11,-0.07
28837,-1.36,-0.13,-0.16,-0.18,-0.11,0.04
28838,-1.26,-0.02,-0.26,-0.08,-0.11,-0.07
28839,-1.36,-0.13,-0.16,0.03,-0.00,-0.07
28840,-1.36,0.08,-0.26,-0.08,-0.11,-0.07
28841,-1.47,-0.13,-0.26,0.03,-0.11,-0.28
28842,-1.47,0.08,-0.16,-0.08,-0.11,-0.28
28843,-1.26,-0.02,-0.16,0.03,-0.00,-0.07
28844,-1.36,-0.13,-0.05,0.03,-0.11,0.04
28845,-1.16,-0.02,-0.16,-0.08,-0.11,0.04
28846,-1.16,-0.23,-0.16,0.03,-0.11,-0.07
28847,-1.26,-0.02,-0.05,0.03,-0.11,-0.17
28848,-1.16,-0.13,-0.05,-0.08,-0.00,-0.17
28849,-1.47,-0.02,-0.16,0.03,-0.21,-0.07
28850,-1.26,-0.02,-0.26,0.03,-0.00,0.04
28851,-1.26,-0.13,0.05,-0.08,-0.11,-0.07
28852,-1.26,-0.02,-0.16,0.03,-0.11,-0.17
28853,-1.26,-0.23,-0.26,-0.18,-0.11,-0.17
28854,-1.26,-0.02,-0.05,-0.08,-0.11,0.04
28855,-1.26,-0.02,-0.16,-0.08,-0.21,-0.07
28856,-1.36,0.08,-0.16,-0.08,-0.21,-0.07
28857,-1.36,-0.02,-0.47,0.03,-0.11,-0.17
28858,-1.47,-0.33,-0.26,-0.08,-0.21,-0.07
28859,-1.26,-0.23,-0.26,0.03,-0.11,-0.07
28860,-1.16,-0.02,-0.26,-0.18,-0.11,-0.17
28861,-1.26,-0.13,-0.16,0.03,-0.11,-0.07
28862,-1.26,-0.02,-0.36,0.03,-0.11,-0.07
28863,-1.47,0.08,-0.05,-0.08,-0.11,-0.07
28864,-1.26,-0.02,-0.16,-0.08,-0.21,-0.07
28865,-1.26,-0.13,-0.16,-0.08,-0.11,-0.07
28866,-1.26,-0.13,-0.26,-0.08,-0.21,-0.17
28867,-1.26,-0.02,-0.16,-0.08,-0.11,-0.07
28868,-1.36,0.08,0.05,0.03,-0.21,-0.17
28869,-1.26,-0.02,-0.05,-0.08,-0.11,-0.17
28870,-1.26,-0.13,-0.16,0.03,-0.11,-0.28
28871,-1.26,-0.13,-0.05,0.03,-0.21,0.04
28872,-1.16,-0.13,-0.05,0.03,-0.11,-0.07
28873,-1.26,-0.02,0.05,-0.08,-0.21,0.04
28874,-1.36,0.08,-0.05,0.03,-0.11,-0.07
28875,-1.36,-0.13,-0.05,-0.08,-0.00,-0.07
28876,-1.16,-0.13,-0.26,0.03,-0.21,-0.07
28877,-1.47,-0.02,0.05,-0.08,-0.21,0.04
28878,-1.36,-0.02,-0.16,0.03,-0.21,-0.17
28879,-1.36,-0.02,-0.26,0.03,-0.11,-0.17
28880,-1.36,-0.13,-0.16,0.03,-0.21,-0.07
28881,-1.36,-0.02,-0.16,0.13,-0.11,-0.07
28882,-1.36,-0.02,-0.16,-0.08,-0.21,-0.07
28883,-1.36,0.08,-0.36,-0.08,-0.11,-0.17
28884,-1.36,-0.13,-0.36,-0.08,-0.11,-0.07
28885,-1.36,-0.13,-0.26,0.03,-0.11,-0.17
28886,-1.36,-0.23,-0.16,-0.08,-0.11,-0.07
28887,-1.26,-0.13,-0.05,-0.18,-0.00,-0.07
28888,-1.26,-0.02,-0.26,-0.18,-0.00,-0.07
28889,-1.36,-0.13,-0.16,-0.08,-0.11,-0.07
28890,-1.36,-0.02,-0.05,0.03,-0.11,-0.07
28891,-1.36,-0.02,-0.16,-0.08,-0.00,-0.17
28892,-1.26,-0.23,-0.26,-0.08,-0.21,-0.07
28893,-1.16,-0.13,-0.05,0.03,-0.00,-0.07
28894,-1.16,-0.02,0.05,0.03,-0.21,-0.17
28895,-1.26,-0.02,-0.05,-0.08,-0.21,-0.17
28896,-1.36,-0.02,-0.05,0.03,-0.11,-0.17
28897,-1.36,-0.02,-0.16,-0.08,-0.11,-0.17
28898,-1.16,-0.23,-0.36,0.03,-0.11,-0.07
28899,-1.16,-0.02,-0.05,-0.08,-0.21,-0.07
28900,-1.47,-0.13,-0.16,0.03,-0.11,-0.17
28901,-1.26,-0.13,-0.26,0.03,-0.11,-0.17
28902,-1.26,-0.02,-0.16,-0.08,-0.21,-0.07
28903,-1.16,-0.23,-0.05,-0.08,-0.11,-0.17
28904,-1.26,-0.02,-0.16,-0.08,-0.11,0.04
28905,-1.47,-0.02,-0.36,-0.08,-0.11,-0.17
28906,-1.36,-0.13,-0.36,0.03,-0.21,-0.17
29016,-0.53,-0.02,-0.05,0.03,0.10,-0.17
29016,-1.47,-0.02,-0.16,-0.08,-0.11,-0.07
29017,-1.36,0.08,-0.05,-0.08,-0.11,-0.17
29018,-1.26,-0.23,-0.26,0.03,-0.21,-0.17
29019,-1.26,-0.13,-0.16,-0.08,-0.11,-0.07
29020,-1.26,-0.02,-0.05,0.13,-0.11,0.04
29021,-1.36,-0.13,-0.47,-0.08,-0.11,-0.17
29022,-1.47,-0.02,-0.36,0.03,-0.11,-0.17
29023,-1.36,-0.23,-0.26,-0.08,-0.21,-0.17
29024,-1.36,-0.02,0.05,0.13,-0.11,-0.17
29025,-1.36,0.08,-0.05,-0.18,-0.00,-0.07
29026,-1.26,-0.13,-0.16,-0.18,-0.11,-0.17
29027,-1.26,0.08,-0.16,-0.08,-0.11,-0.17
29028,-1.26,-0.13,-0.36,-0.08,-0.11,-0.17
29029,-1.36,0.08,-0.16,0.03,-0.11,-0.07
29030,-1.26,-0.02,-0.05,-0.08,-0.11,-0.07
29031,-1.26,-0.02,-0.05,-0.08,-0.11,-0.17
29032,-1.16,-0.02,0.16,0.03,-0.11,-0.07
29033,-1.26,-0.23,-0.16,-0.08,-0.11,-0.07
29034,-1.16,-0.02,-0.05,-0.08,-0.21,-0.07
29035,-1.26,-0.02,-0.05,-0.08,-0.11,0.04
29036,-1.16,-0.23,-0.16,0.03,-0.21,-0.07
29037,-1.16,-0.02,-0.16,-0.08,-0.11,-0.07
29038,-1.36,0.08,-0.16,-0.08,-0.21,-0.17
29039,-1.36,-0.02,-0.05,0.03,-0.11,-0.07
29040,-1.36,-0.23,-0.26,-0.08,-0.21,-0.07
29041,-1.26,-0.13,-0.16,-0.08,-0.11,-0.17
29042,-1.36,-0.02,-0.16,-0.08,-0.21,0.04
29043,-1.47,-0.13,-0.26,0.03,-0.21,-0.17
29044,-1.47,-0.02,-0.26,-0.08,-0.11,-0.17
29045,-1.47,-0.23,-0.36,-0.08,-0.11,-0.07
29046,-1.26,-0.02,-0.16,0.13,-0.00,-0.07
29047,-1.16,-0.33,-0.26,0.03,-0.00,0.04
29048,-1.26,-0.02,-0.16,0.03,-0.11,0.04
29049,-1.36,0.19,-0.16,0.03,-0.21,-0.28
29050,-1.36,-0.13,-0.16,0.13,-0.11,-0.07
29051,-1.36,-0.02,-0.16,-0.18,-0.11,-0.07
29052,-1.26,-0.02,-0.16,-0.08,-0.11,-0.07
29053,-1.26,-0.02,-0.16,-0.08,-0.00,-0.17
29054,-1.26,-0.13,-0.16,-0.08,-0.00,-0.07
29055,-1.26,0.08,-0.16,-0.08,-0.00,-0.17
29056,-1.26,-0.02,-0.05,-0.08,-0.11,-0.17
29057,-1.26,-0.02,-0.26,0.03,-0.11,-0.17
29058,-1.26,-0.02,-0.16,0.03,-0.11,-0.17
29059,-1.26,-0.13,-0.26,-0.08,-0.11,-0.17
29060,-1.26,-0.13,-0.16,-0.08,-0.11,-0.07
29061,-1.26,-0.02,-0.05,-0.08,-0.11,-0.07
29062,-1.36,-0.13,-0.16,-0.18,-0.11,-0.17
29063,-1.47,-0.23,-0.26,0.03,-0.11,-0.07
29064,-1.36,-0.02,-0.05,-0.08,-0.21,0.04
29065,-1.36,-0.13,-0.05,0.03,-0.00,-0.17
29066,-1.36,0.08,-0.26,-0.18,-0.21,-0.17
29067,-1.57,-0.13,-0.47,0.03,-0.11,-0.07
29068,-1.36,-0.44,-0.26,0.03,-0.11,-0.07
29069,-1.16,-0.02,-0.05,0.03,-0.21,-0.07
29070,-1.36,-0.13,-0.26,0.03,-0.00,0.04
29071,-1.26,-0.02,-0.26,-0.08,-0.21,-0.07
29072,-1.26,0.19,-0.36,-0.08,-0.11,-0.17
29073,-1.36,-0.23,-0.36,0.03,-0.00,-0.17
29074,-1.26,-0.02,-0.16,-0.08,-0.11,-0.07
29075,-1.26,0.08,-0.05,-0.08,-0.00,-0.17
29076,-1.26,0.08,0.05,-0.08,-0.11,-0.07
29077,-1.26,-0.23,-0.16,0.03,-0.21,-0.28
29078,-1.26,-0.02,0.05,-0.08,-0.11,-0.17
29079,-1.26,-0.02,-0.26,0.03,-0.00,-0.17
29080,-1.36,-0.13,-0.16,-0.08,-0.11,-0.07
29081,-1.36,-0.13,-0.16,-0.08,-0.21,0.04
29082,-1.26,-0.13,-0.26,-0.08,-0.11,-0.07
29083,-1.36,-0.02,-0.05,0.03,-0.11,-0.07
29084,-1.26,-0.02,-0.16,-0.08,-0.00,-0.07
29085,-1.26,-0.13,-0.16,-0.08,-0.11,0.04
29086,-1.36,-0.13,-0.26,0.03,-0.11,-0.07
29087,-1.36,-0.13,-0.26,0.13,-0.21,-0.07
29088,-1.47,-0.02,-0.16,0.03,-0.11,-0.07
29089,-1.47,-0.02,-0.26,-0.08,-0.21,-0.17
29090,-1.47,-0.02,-0.36,-0.08,-0.21,-0.07
29091,-1.36,-0.23,-0.05,-0.08,-0.21,0.04
29092,-1.26,0.08,-0.26,-0.08,-0.21,-0.17
29093,-1.36,-0.13,-0.16,0.03,-0.11,-0.07
29094,-1.16,0.08,-0.16,0.03,-0.11,-0.07
29095,-1.47,0.08,-0.16,-0.08,-0.21,-0.07
29096,-1.26,-0.13,-0.05,-0.08,-0.11,-0.07
29097,-1.26,-0.13,-0.16,-0.08,-0.21,0.04
29098,-1.26,-0.13,-0.16,-0.08,-0.11,-0.07
29099,-1.26,0.08,-0.05,-0.08,-0.11,-0.28
29100,-1.26,-0.13,-0.05,0.03,-0.11,-0.17
29101,-1.16,-0.13,-0.05,0.03,-0.11,-0.07
29102,-1.26,-0.02,-0.26,0.03,-0.21,-0.07
29103,-1.26,-0.02,-0.16,0.03,-0.11,-0.07
29104,-1.26,0.19,-0.05,0.03,-0.21,-0.07
29105,-1.26,-0.23,-0.26,0.03,-0.11,-0.17
29106,-1.16,-0.02,-0.05,0.03,-0.21,-0.17
29107,-1.36,0.08,-0.16,-0.08,-0.00,0.04
29108,-1.26,-0.23,-0.16,-0.18,-0.00,-0.17
29109,-1.26,-0.02,-0.05,-0.08,-0.11,-0.07
29110,-1.36,-0.13,-0.05,0.03,-0.11,-0.07
29111,-1.36,-0.02,-0.05,-0.08,-0.11,-0.17
29112,-1.36,-0.02,-0.47,-0.08,-0.21,-0.07
29113,-1.47,-0.23,-0.16,0.03,-0.11,-0.17
29114,-1.36,-0.13,-0.16,0.03,-0.11,-0.07
29115,-1.16,0.08,-0.16,0.03,-0.21,-0.17
29116,-1.16,-0.13,-0.05,-0.08,-0.21,-0.17
29117,-1.47,-0.13,-0.36,0.03,-0.11,-0.07
29118,-1.47,-0.13,-0.36,0.13,-0.00,0.04
29119,-1.36,-0.13,-0.05,-0.08,-0.11,-0.07
29120,-1.36,-0.02,-0.16,0.03,-0.11,-0.07
29121,-1.26,-0.13,-0.16,0.13,-0.00,-0.07
29122,-1.16,0.08,-0.05,-0.18,-0.21,-0.07
29123,-1.16,-0.13,-0.05,-0.08,-0.11,-0.07
29124,-1.26,0.08,-0.16,0.03,-0.11,-0.17
29125,-1.26,-0.13,-0.36,0.03,-0.11,-0.07
29126,-1.26,-0.02,-0.16,0.03,-0.11,-0.07
29127,-1.36,0.08,-0.05,-0.08,-0.11,-0.17
29128,-1.36,-0.23,0.05,0.13,-0.11,-0.07
29129,-1.36,0.08,-0.05,0.03,-0.11,-0.07
29130,-1.16,0.08,-0.05,-0.18,-0.11,-0.17
29131,-1.26,-0.23,-0.26,-0.08,-0.00,-0.07
29132,-1.36,-0.23,-0.26,0.03,-0.11,-0.07
29133,-1.47,-0.13,0.05,-0.08,-0.11,-0.07
29134,-1.36,0.08,-0.26,-0.08,-0.21,-0.07
29135,-1.47,-0.13,-0.47,-0.08,-0.11,0.04
29136,-1.47,-0.02,-0.05,-0.08,-0.11,0.04
29137,-1.47,-0.23,-0.26,0.03,-0.11,-0.07
29138,-1.16,-0.02,-0.16,0.03,-0.21,-0.17
29139,-1.26,-0.02,-0.16,-0.08,-0.21,0.14
29140,-1.36,0.08,-0.36,0.03,-0.11,-0.07
29141,-1.36,-0.02,-0.16,-0.08,-0.11,-0.17
29142,-1.26,-0.23,-0.16,-0.08,-0.11,-0.17
29143,-1.16,-0.02,-0.26,-0.08,-0.11,-0.17
29144,-1.26,-0.13,-0.16,0.03,-0.11,0.04
29145,-1.36,0.08,-0.16,-0.18,-0.11,-0.07
29146,-1.36,-0.13,-0.05,-0.08,-0.11,-0.17
29147,-1.36,-0.02,-0.16,-0.08,-0.11,-0.07
29148,-1.26,-0.13,-0.26,-0.08,-0.21,-0.07
29149,-1.26,0.08,-0.26,0.03,-0.21,-0.28
29150,-1.26,0.08,-0.26,-0.08,-0.21,-0.07
29151,-1.16,-0.23,-0.26,-0.08,-0.11,-0.07
29152,-1.36,-0.02,0.05,0.03,-0.11,-0.17
29153,-1.26,-0.02,-0.16,-0.08,-0.11,-0.17
29154,-1.26,-0.02,-0.05,-0.08,-0.11,-0.17
29155,-1.26,-0.02,-0.16,0.03,-0.21,-0.28
29156,-1.36,-0.23,-0.26,-0.18,-0.11,-0.07
29157,-1.36,0.08,-0.16,0.13,-0.00,-0.17
29158,-1.47,-0.23,-0.26,0.03,-0.11,-0.07
29159,-1.47,-0.23,-0.26,0.03,-0.11,-0.07
29160,-1.36,-0.02,-0.16,-0.08,-0.11,-0.07
29161,-1.26,-0.13,-0.26,-0.08,-0.11,-0.17
29162,-1.26,-0.02,-0.36,0.03,-0.11,-0.07
29163,-1.47,-0.13,-0.36,-0.08,-0.11,-0.07
29164,-1.36,-0.13,-0.26,-0.08,-0.21,-0.17
29165,-1.26,-0.02,-0.05,0.03,-0.11,-0.07
29166,-1.16,0.08,-0.05,0.03,-0.21,-0.17
29167,-1.26,-0.13,-0.16,-0.08,-0.11,-0.07
29168,-1.26,-0.13,-0.05,-0.08,-0.11,-0.17
29169,-1.26,-0.13,-0.16,-0.08,-0.11,-0.07
29170,-1.26,0.08,-0.16,-0.08,-0.11,-0.07
29171,-1.36,-0.23,-0.16,0.03,-0.11,-0.07
29172,-1.16,0.08,-0.16,-0.08,-0.31,-0.17
29173,-1.26,-0.13,-0.16,-0.08,-0.11,-0.17
29174,-1.26,-0.13,0.05,-0.08,-0.21,-0.17
29175,-1.26,-0.02,0.05,0.03,-0.11,0.04
29176,-1.36,-0.02,-0.26,0.03,-0.11,-0.07
29177,-1.26,-0.13,-0.26,0.03,-0.21,-0.17
29178,-1.26,-0.23,-0.26,-0.18,-0.21,-0.17
29179,-1.36,-0.13,-0.16,0.03,-0.21,-0.07
29180,-1.36,-0.02,-0.16,-0.08,-0.00,-0.17
29181,-1.36,-0.02,-0.47,-0.08,-0.21,0.04
29182,-1.47,-0.23,-0.26,0.13,-0.11,-0.07
29183,-1.26,-0.23,-0.26,0.03,-0.11,-0.07
29184,-1.26,-0.23,-0.16,0.03,-0.00,-0.07
29185,-1.26,0.08,-0.16,-0.08,-0.11,-0.17
29186,-1.36,0.19,-0.26,-0.08,-0.11,-0.07
29187,-1.47,-0.02,-0.16,-0.08,-0.21,-0.17
29188,-1.36,-0.23,-0.36,0.03,-0.21,0.04
29189,-1.26,-0.23,-0.26,-0.08,-0.21,-0.07
29190,-1.26,-0.13,0.05,0.03,-0.00,-0.07
29191,-1.26,0.08,0.05,-0.08,-0.11,-0.07
29192,-1.36,-0.02,-0.16,0.03,-0.11,-0.07
29193,-1.16,-0.13,-0.26,0.03,-0.21,0.04
29194,-1.26,-0.02,-0.16,0.03,-0.21,-0.28
29195,-1.26,-0.02,-0.16,0.03,-0.11,-0.17
29196,-1.26,0.08,-0.16,0.03,-0.21,-0.07
29197,-1.16,-0.13,-0.05,0.13,-0.21,-0.07
29198,-1.26,-0.02,0.05,0.03,-0.21,-0.07
29199,-1.26,-0.02,-0.16,0.03,-0.00,-0.07
29200,-1.26,-0.23,0.05,0.03,-0.11,-0.07
29201,-1.26,-0.13,-0.26,0.03,-0.21,-0.28
29202,-1.36,-0.13,-0.16,-0.08,-0.11,-0.28
29203,-1.36,-0.13,-0.16,-0.08,-0.21,-0.07
29204,-1.36,-0.13,-0.26,0.03,-0.21,-0.17
29205,-1.47,-0.23,-0.16,0.03,-0.11,-0.07
29206,-1.36,-0.23,-0.26,0.13,-0.11,-0.17
29207,-1.26,-0.02,-0.26,0.03,-0.21,-0.17
29208,-1.16,-0.13,-0.36,-0.08,-0.00,-0.17
29209,-1.26,-0.02,-0.26,-0.08,-0.11,-0.17
29210,-1.47,-0.02,-0.16,-0.08,-0.11,-0.07
29211,-1.36,-0.02,-0.05,-0.08,-0.11,-0.07
29212,-1.26,-0.02,-0.16,-0.08,-0.11,-0.17
29213,-1.26,-0.13,-0.05,0.03,-0.00,-0.07
29214,-1.26,-0.13,-0.26,0.03,-0.11,-0.07
29215,-1.36,-0.23,-0.05,-0.08,-0.11,-0.07
29216,-1.26,0.08,0.05,-0.08,-0.00,-0.17
29217,-1.26,-0.02,-0.26,-0.08,-0.00,-0.07
29218,-1.26,0.19,-0.16,-0.08,-0.11,-0.17
29219,-1.26,-0.02,-0.05,-0.08,-0.11,-0.07
29220,-1.16,-0.23,-0.05,-0.08,-0.11,-0.07
29221,-1.26,-0.02,-0.05,0.03,-0.11,-0.17
29222,-1.26,-0.13,-0.16,0.13,-0.11,-0.17
29223,-1.26,-0.13,-0.26,0.03,-0.21,-0.07
29224,-1.36,-0.02,-0.26,0.03,-0.11,-0.17
29225,-1.47,-0.23,-0.16,-0.08,-0.11,0.04
29226,-1.26,-0.02,-0.26,0.03,-0.11,-0.28
29227,-1.47,-0.02,-0.36,-0.08,-0.11,-0.28
29228,-1.47,-0.23,-0.26,0.03,-0.11,-0.17
29229,-1.36,-0.23,-0.16,0.03,-0.11,-0.07
29230,-1.16,-0.02,-0.16,0.03,-0.11,-0.07
29231,-1.26,-0.13,-0.16,-0.08,-0.11,-0.07
29232,-1.36,-0.02,-0.16,0.03,-0.00,-0.07
29233,-1.36,0.08,-0.26,0.03,-0.11,-0.28
29234,-1.26,-0.02,-0.36,0.03,-0.11,-0.17
29235,-1.26,-0.02,-0.26,0.03,-0.11,-0.07
29236,-1.26,-0.13,-0.05,-0.08,-0.11,0.04
29237,-1.36,-0.02,-0.05,0.03,-0.11,0.04
29238,-1.16,-0.02,-0.16,-0.08,-0.21,-0.17
29239,-1.26,-0.02,0.16,-0.08,-0.21,-0.07
29240,-1.26,-0.13,-0.36,0.03,-0.11,-0.28
29241,-1.26,-0.13,-0.36,-0.08,-0.11,-0.17
29242,-1.36,-0.02,-0.16,-0.18,-0.11,-0.17
29243,-1.36,-0.13,-0.16,-0.08,-0.11,-0.17
29244,-1.36,0.08,0.05,0.03,-0.11,-0.07
29245,-1.16,0.08,-0.05,0.03,-0.11,-0.28
29246,-1.26,-0.23,-0.36,0.03,-0.11,0.04
29247,-1.36,-0.23,-0.16,0.03,-0.21,-0.17
29248,-1.36,-0.13,-0.16,0.03,-0.11,-0.07
29249,-1.47,-0.02,-0.16,0.03,-0.11,-0.07
29250,-1.36,0.08,-0.26,-0.08,-0.11,-0.07
29251,-1.57,-0.02,-0.36,0.03,-0.21,-0.17
29252,-1.36,-0.33,-0.16,0.03,-0.11,-0.07
29253,-1.26,-0.02,-0.16,0.03,-0.21,-0.07
29254,-1.26,-0.13,-0.16,-0.08,-0.11,-0.07
29255,-1.16,0.08,-0.16,0.03,-0.21,-0.17
29256,-1.36,0.08,-0.47,-0.08,-0.00,-0.07
29257,-1.36,-0.13,-0.26,-0.08,-0.11,-0.17
29258,-1.26,0.08,-0.16,0.03,-0.11,-0.07
29259,-1.26,-0.23,-0.16,-0.18,-0.00,0.04
29260,-1.36,-0.02,-0.05,0.03,-0.21,-0.07
29261,-1.16,0.08,-0.16,0.03,-0.11,-0.07
29262,-1.16,-0.13,-0.05,0.03,-0.11,-0.07
29263,-1.36,0.08,-0.16,-0.08,-0.21,-0.07
29264,-1.26,-0.02,0.05,-0.18,-0.11,-0.07
29265,-1.26,0.08,-0.16,0.03,-0.00,-0.28
29266,-1.16,-0.02,-0.16,0.03,-0.11,-0.17
29267,-1.16,-0.13,0.05,-0.08,-0.11,-0.07
29268,-1.26,-0.02,-0.05,-0.08,-0.21,-0.07
29269,-1.26,-0.02,-0.16,0.03,-0.31,-0.07
29270,-1.26,-0.23,-0.05,0.03,-0.21,-0.17
29271,-1.26,-0.02,-0.05,0.03,-0.11,-0.17
29272,-1.36,-0.13,-0.36,0.03,-0.00,-0.07
29273,-1.57,-0.13,-0.26,-0.08,-0.21,-0.17
29274,-1.57,-0.13,-0.36,0.03,-0.21,-0.07
29275,-1.36,-0.23,-0.26,-0.08,-0.21,-0.07
29276,-1.26,0.08,0.05,-0.08,-0.21,-0.07
29277,-1.16,-0.13,-0.26,0.03,-0.11,-0.07
29278,-1.26,-0.13,-0.26,-0.08,-0.11,-0.07
29279,-1.36,0.08,-0.36,0.03,-0.00,-0.28
29280,-1.36,-0.13,-0.16,0.03,-0.00,-0.07
29281,-1.26,-0.02,-0.05,-0.08,-0.11,-0.07
29282,-1.26,0.08,-0.05,-0.18,-0.11,-0.07
29283,-1.36,-0.02,-0.05,0.03,-0.11,-0.07
29284,-1.16,-0.13,-0.26,0.03,-0.11,-0.17
29285,-1.16,-0.13,-0.16,-0.08,-0.31,-0.07
29286,-1.26,-0.23,0.05,-0.18,-0.11,-0.07
29287,-1.26,0.29,0.05,-0.08,-0.11,-0.17
29288,-1.36,-0.02,-0.16,0.03,-0.11,-0.07
29289,-1.26,-0.23,-0.16,-0.08,-0.21,-0.07
29290,-1.36,-0.02,-0.26,-0.08,-0.11,-0.17
29291,-1.16,-0.02,-0.16,-0.08,-0.00,-0.07
29292,-1.36,-0.02,-0.16,-0.08,-0.11,-0.07
29293,-1.36,-0.02,-0.26,-0.08,-0.11,-0.28
29294,-1.36,-0.02,0.05,-0.08,-0.11,-0.17
29295,-1.26,-0.02,-0.36,-0.08,-0.21,-0.17
29296,-1.36,-0.02,-0.16,-0.08,-0.11,-0.07
29297,-1.47,-0.13,-0.26,0.03,-0.11,-0.07
29298,-1.36,-0.33,-0.36,-0.08,-0.21,-0.07
29299,-1.36,-0.13,-0.16,0.03,-0.21,-0.07
29300,-1.26,-0.13,-0.05,-0.08,-0.11,-0.07
29301,-1.26,-0.02,-0.26,-0.08,-0.00,-0.17
29302,-1.36,-0.02,-0.16,-0.08,-0.11,-0.07
29303,-1.36,0.08,-0.26,-0.18,-0.11,-0.07
29304,-1.26,0.08,-0.26,-0.08,-0.11,-0.07
29305,-1.36,0.08,0.16,0.03,-0.11,-0.07
29306,-1.47,-0.02,-0.05,0.03,-0.11,-0.07
29307,-1.26,-0.23,-0.26,-0.08,-0.11,-0.07
29308,-1.16,-0.13,0.16,-0.08,-0.11,-0.07
29309,-1.26,-0.13,-0.16,0.03,-0.21,-0.07
29310,-1.36,-0.02,-0.16,0.03,-0.21,-0.07
29311,-1.36,-0.02,-0.26,0.03,-0.11,-0.17
29312,-1.36,-0.23,-0.16,0.03,-0.21,-0.17
29313,-1.26,-0.02,0.05,-0.08,-0.21,-0.07
29314,-1.26,-0.02,-0.05,0.03,-0.21,-0.17
29315,-1.26,0.08,-0.05,-0.08,-0.11,-0.17
29316,-1.36,-0.02,-0.36,-0.08,-0.11,-0.17
29318,-1.26,-0.13,-0.05,-0.08,-0.21,-0.07
29318,-1.26,-0.02,-0.05,-0.08,-0.11,-0.07
29319,-1.36,0.08,-0.16,-0.08,-0.00,-0.17
29320,-1.57,-0.02,-0.26,-0.08,-0.11,-0.17
29321,-1.47,-0.13,-0.26,0.03,-0.11,-0.07
29322,-1.36,0.08,-0.26,-0.08,-0.21,-0.07
29323,-1.26,-0.23,-0.26,-0.08,-0.11,-0.07
29324,-1.36,-0.23,-0.16,0.03,-0.11,-0.07
29325,-1.26,-0.23,-0.05,0.03,-0.11,-0.17
29326,-1.26,-0.02,-0.26,-0.08,-0.11,-0.17
29327,-1.36,-0.02,-0.26,-0.08,-0.11,-0.07
29328,-1.36,-0.02,-0.26,-0.08,-0.11,-0.17
29329,-1.26,0.08,-0.05,-0.08,-0.11,-0.07
29330,-1.36,-0.13,-0.26,0.03,-0.11,-0.07
29331,-1.26,-0.13,0.05,0.03,-0.00,-0.17
29332,-1.16,0.08,0.16,-0.08,-0.21,-0.07
29333,-1.16,0.19,0.05,-0.08,-0.11,-0.17
29334,-1.26,-0.13,-0.05,-0.08,-0.11,-0.17
29335,-1.26,-0.13,-0.26,-0.08,-0.21,-0.07
29336,-1.36,-0.13,-0.36,0.03,-0.11,-0.17
29337,-1.26,-0.13,-0.05,-0.18,-0.00,-0.17
29338,-1.47,-0.02,-0.26,-0.08,-0.11,-0.17
29339,-1.36,-0.23,-0.16,-0.08,-0.11,-0.17
29340,-1.26,-0.02,-0.05,-0.08,-0.00,-0.17
29341,-1.36,-0.13,-0.16,0.03,-0.00,0.04
29342,-1.36,-0.13,-0.05,-0.08,-0.11,0.04
29343,-1.36,-0.02,-0.26,0.13,-0.11,-0.17
29344,-1.36,-0.02,-0.26,0.03,-0.11,-0.17
29345,-1.36,0.08,-0.26,0.03,-0.11,-0.07
29346,-1.47,0.08,-0.26,0.03,-0.21,-0.07
29347,-1.26,-0.23,-0.26,-0.08,-0.11,-0.07
29348,-1.36,-0.13,-0.36,-0.08,-0.00,-0.07
29349,-1.26,-0.13,-0.36,-0.08,-0.11,-0.17
29350,-1.26,-0.02,-0.16,-0.08,-0.00,-0.17
29351,-1.26,0.08,0.05,0.03,-0.21,-0.07
29352,-1.36,-0.02,-0.16,-0.18,-0.11,0.04
29353,-1.26,-0.13,-0.05,-0.08,-0.11,-0.07
29354,-1.16,-0.02,-0.05,-0.08,-0.11,-0.07
29355,-1.16,-0.13,-0.05,-0.08,-0.00,-0.07
29356,-1.26,0.08,0.16,0.03,-0.21,-0.17
29357,-1.36,0.08,0.05,-0.08,-0.11,-0.28
29358,-1.26,0.08,-0.05,-0.08,-0.21,-0.17
29359,-1.26,-0.23,-0.36,0.03,-0.21,-0.28
29360,-1.36,-0.13,-0.26,0.03,-0.11,-0.07
29361,-1.36,-0.02,-0.16,-0.08,-0.11,-0.17
29362,-1.47,-0.02,-0.26,-0.18,-0.11,-0.17
29363,-1.47,0.08,-0.26,0.03,-0.11,-0.07
29364,-1.26,-0.23,-0.26,0.03,-0.11,-0.07
29365,-1.36,-0.02,-0.16,0.03,-0.11,0.04
29366,-1.36,-0.23,-0.05,-0.18,-0.11,-0.07
29367,-1.26,0.08,-0.26,0.03,-0.11,-0.17
29368,-1.26,-0.02,-0.47,0.03,-0.11,-0.07
29369,-1.36,-0.13,-0.16,-0.08,-0.21,-0.17
29370,-1.36,-0.13,-0.26,-0.08,-0.21,-0.17
29371,-1.36,-0.33,-0.26,-0.08,-0.11,-0.07
29372,-1.26,-0.02,0.05,-0.08,-0.11,-0.07
29373,-1.16,0.08,-0.26,0.03,0.10,-0.17
29374,-1.26,-0.02,-0.05,-0.08,-0.21,-0.17
29375,-1.26,0.08,-0.05,0.03,-0.11,-0.17
29376,-1.26,-0.13,-0.16,0.03,-0.11,-0.07
29377,-1.26,-0.02,-0.16,-0.08,-0.11,-0.07
29378,-1.16,-0.02,0.05,0.03,-0.00,-0.17
29379,-1.26,-0.02,-0.05,0.03,-0.11,-0.07
29380,-1.16,-0.23,-0.05,0.03,-0.21,-0.07
29381,-1.26,0.08,-0.05,0.03,-0.11,-0.17
29382,-1.26,-0.23,-0.16,0.03,-0.11,-0.07
29383,-1.26,-0.02,-0.05,0.03,-0.21,-0.07
29384,-1.36,-0.13,-0.16,0.03,-0.21,0.04
29385,-1.47,-0.13,-0.16,-0.08,-0.31,-0.07
29386,-1.36,0.08,-0.26,-0.18,-0.21,-0.07
29387,-1.26,-0.23,-0.36,-0.08,-0.00,0.04
29388,-1.47,-0.33,-0.26,-0.08,-0.11,-0.17
29389,-1.36,-0.02,-0.05,-0.08,-0.21,-0.17
29390,-1.16,-0.02,-0.26,-0.08,-0.11,-0.17
29391,-1.26,-0.13,-0.16,0.03,-0.00,-0.07
29392,-1.36,0.08,-0.36,-0.08,-0.00,-0.07
29393,-1.47,0.08,-0.26,-0.08,-0.11,-0.07
29394,-1.26,-0.13,-0.26,0.03,-0.21,-0.17
29395,-1.26,0.08,-0.16,-0.08,-0.00,-0.17
29396,-1.26,-0.13,-0.26,0.03,-0.11,0.04
29397,-1.36,-0.02,-0.16,0.03,-0.11,0.04
29398,-1.26,-0.23,-0.16,-0.08,-0.00,-0.07
29399,-1.26,0.08,-0.16,-0.08,-0.00,-0.17
29400,-1.26,-0.02,-0.26,-0.18,-0.11,-0.17
29401,-1.36,-0.13,-0.16,0.03,-0.21,-0.17
29402,-1.26,0.08,0.05,0.03,-0.11,-0.07
29403,-1.26,0.08,-0.05,0.03,-0.21,-0.07
29404,-1.26,-0.02,-0.05,0.03,-0.11,-0.07
29405,-1.16,-0.02,0.05,-0.08,-0.11,-0.17
29406,-1.26,-0.13,-0.26,0.03,-0.21,-0.17
29407,-1.36,-0.23,-0.26,-0.08,-0.11,-0.07
29408,-1.26,-0.02,-0.05,-0.08,-0.21,0.04
29409,-1.36,-0.02,-0.16,-0.08,-0.21,-0.17
29410,-1.36,-0.02,-0.16,-0.08,-0.21,-0.17
29411,-1.47,-0.02,-0.26,-0.08,-0.11,-0.07
29412,-1.36,-0.33,-0.68,0.03,-0.11,-0.17
29413,-1.26,-0.23,-0.26,0.03,-0.00,-0.17
29414,-1.26,-0.13,-0.05,-0.08,-0.11,-0.07
29415,-1.26,-0.13,-0.05,-0.08,-0.11,-0.07
29416,-1.36,0.19,-0.26,-0.18,-0.21,-0.07
29417,-1.36,-0.13,-0.26,-0.08,-0.11,-0.17
29418,-1.26,-0.02,-0.16,0.03,-0.11,-0.17
29419,-1.26,-0.02,-0.05,0.03,-0.11,-0.07
29420,-1.36,-0.13,0.05,-0.18,-0.11,-0.07
29421,-1.26,-0.13,-0.16,-0.08,-0.11,-0.17
29422,-1.16,0.08,0.05,0.03,-0.21,0.04
29423,-1.16,-0.13,0.05,-0.08,-0.21,-0.17
29424,-1.26,-0.02,-0.05,0.03,-0.11,-0.07
29425,-1.26,-0.02,-0.36,-0.08,-0.11,-0.07
29426,-1.26,-0.33,-0.26,-0.08,-0.11,-0.17
29427,-1.36,0.08,0.05,-0.08,-0.00,-0.07
29428,-1.16,0.08,-0.16,0.03,-0.11,-0.17
29429,-1.36,-0.02,-0.05,0.03,-0.21,-0.07
29430,-1.26,-0.23,-0.16,0.03,-0.21,-0.17
29431,-1.26,-0.13,-0.26,-0.08,-0.11,-0.07
29432,-1.26,-0.13,-0.16,-0.08,-0.11,-0.17
29433,-1.36,0.08,-0.05,0.03,-0.11,-0.17
29434,-1.47,-0.02,-0.26,0.03,-0.11,-0.07
29435,-1.47,-0.23,-0.26,0.03,-0.11,-0.07
29436,-1.47,-0.13,-0.36,0.03,-0.11,-0.07
29437,-1.26,-0.23,-0.26,0.03,-0.21,-0.07
29438,-1.36,-0.13,-0.26,0.03,-0.11,-0.07
29439,-1.36,-0.13,-0.16,-0.08,-0.11,-0.17
29441,-1.26,0.08,-0.16,0.03,-0.00,-0.07
29441,-1.26,0.08,-0.16,-0.08,-0.11,-0.17
29442,-1.26,-0.13,-0.05,-0.08,-0.11,-0.07
29443,-1.16,0.08,-0.05,-0.08,-0.00,-0.07
29444,-1.47,-0.02,-0.26,-0.08,-0.21,-0.07
29445,-1.16,-0.13,-0.16,-0.08,-0.11,-0.17
29446,-1.16,-0.02,0.05,0.03,-0.00,-0.07
29447,-1.16,-0.02,-0.05,-0.08,-0.31,-0.07
29448,-1.36,-0.13,-0.05,-0.08,-0.21,-0.17
29449,-1.26,-0.13,-0.05,-0.08,-0.21,-0.07
29450,-1.26,-0.13,-0.36,0.13,-0.11,-0.07
29451,-1.26,-0.23,-0.16,-0.08,-0.21,-0.17
29452,-1.36,0.08,-0.05,-0.08,-0.11,-0.17
29453,-1.47,-0.02,-0.36,-0.08,-0.11,-0.17
29454,-1.47,-0.13,-0.16,-0.18,-0.11,-0.17
29455,-1.36,-0.13,-0.26,0.03,-0.11,0.04
29456,-1.26,-0.13,-0.16,0.03,-0.11,-0.07
29457,-1.26,-0.02,-0.16,0.03,-0.00,-0.17
29458,-1.36,-0.02,-0.26,-0.08,-0.11,-0.07
29459,-1.26,-0.02,-0.26,-0.08,-0.11,-0.17
29460,-1.36,0.08,-0.16,0.03,-0.11,-0.07
29461,-1.36,-0.13,-0.05,0.03,-0.21,-0.07
29462,-1.36,-0.33,-0.36,-0.08,-0.00,-0.07
29463,-1.26,-0.13,-0.26,0.03,-0.00,0.04
29464,-1.26,-0.13,-0.26,0.03,-0.00,-0.07
29465,-1.26,0.19,-0.05,0.13,-0.21,-0.17
29466,-1.36,0.08,-0.05,0.03,-0.11,0.04
29467,-1.26,-0.13,-0.26,-0.08,-0.00,-0.07
29468,-1.36,0.08,-0.05,0.03,-0.00,-0.17
29469,-1.16,0.08,-0.05,0.03,-0.11,-0.17
29470,-1.26,-0.02,0.05,0.03,-0.11,-0.07
29471,-1.26,-0.13,0.16,0.03,-0.11,-0.17
29472,-1.26,0.08,-0.16,-0.08,-0.21,-0.17
29473,-1.26,-0.23,-0.26,0.03,-0.21,-0.17
29474,-1.26,-0.13,-0.26,0.03,-0.11,-0.07
29475,-1.36,-0.23,-0.26,0.03,-0.21,-0.07
29476,-1.36,-0.13,-0.26,-0.08,-0.21,-0.07
29477,-1.36,0.08,-0.16,-0.08,-0.21,-0.07
29478,-1.36,-0.02,-0.36,0.03,-0.11,-0.07
29479,-1.47,-0.13,-0.26,-0.08,-0.11,-0.07
29480,-1.36,-0.13,-0.05,-0.08,-0.21,-0.07
29481,-1.26,-0.23,-0.26,0.03,-0.11,0.04
29482,-1.16,-0.02,-0.26,0.03,-0.11,-0.17
29483,-1.26,-0.13,-0.16,0.13,-0.00,-0.07
29484,-1.47,0.08,-0.36,-0.18,-0.00,-0.07
29485,-1.26,0.08,-0.16,0.03,0.10,-0.17
29486,-1.16,-0.02,-0.05,-0.08,-0.11,-0.07
29487,-1.16,-0.13,-0.26,-0.08,-0.21,-0.07
29488,-1.26,0.08,-0.16,0.03,-0.11,-0.17
29489,-1.36,-0.13,-0.16,-0.18,-0.11,-0.07
29490,-1.26,-0.02,-0.05,0.03,-0.11,-0.07
29491,-1.16,0.08,-0.16,0.03,-0.21,-0.17
29492,-1.26,-0.02,-0.16,-0.18,-0.11,-0.17
29493,-1.26,0.08,-0.16,-0.08,-0.11,-0.07
29494,-1.26,-0.13,-0.16,0.13,-0.21,-0.07
29495,-1.26,-0.02,-0.05,0.03,-0.11,-0.07
29496,-1.26,0.08,0.05,-0.08,-0.21,-0.07
29497,-1.16,-0.02,-0.16,-0.08,-0.11,-0.17
29498,-1.36,-0.23,-0.26,0.03,-0.00,-0.17
29499,-1.26,-0.13,-0.16,-0.08,-0.11,-0.17
29500,-1.47,-0.02,-0.26,-0.08,-0.00,-0.17
29501,-1.36,-0.13,-0.36,0.03,-0.21,-0.07
29502,-1.47,-0.02,-0.26,-0.08,-0.11,-0.07
29503,-1.57,-0.13,-0.36,0.03,0.10,-0.17
29504,-1.26,-0.13,-0.26,0.13,-0.21,-0.07
29505,-1.26,-0.02,-0.16,0.03,-0.00,-0.17
29506,-1.26,-0.13,-0.16,0.03,-0.00,-0.28
29507,-1.36,-0.13,-0.36,-0.08,-0.11,-0.07
29508,-1.26,-0.13,-0.26,0.03,-0.11,-0.07
29509,-1.26,-0.02,-0.16,-0.08,-0.21,-0.28
29510,-1.26,0.08,-0.16,-0.08,-0.11,-0.17
29511,-1.36,0.08,-0.05,0.03,-0.21,-0.07
29512,-1.26,-0.13,-0.16,-0.18,-0.11,-0.17
29513,-1.16,-0.02,-0.05,-0.08,-0.21,-0.17
29514,-1.16,-0.02,-0.05,0.03,-0.11,-0.28
29515,-1.26,-0.13,0.05,0.03,-0.11,0.04
29516,-1.36,-0.13,-0.05,-0.08,-0.11,-0.07
29517,-1.36,-0.13,-0.36,-0.08,-0.11,0.04
29518,-1.26,-0.23,-0.16,0.03,-0.11,-0.17
29519,-1.26,-0.13,-0.05,-0.08,-0.21,-0.07
29520,-1.36,0.08,-0.16,0.03,-0.11,-0.17
29521,-1.36,-0.13,-0.16,0.03,-0.31,-0.17
29522,-1.36,-0.02,-0.05,-0.18,-0.00,0.04
29523,-1.26,-0.23,-0.26,-0.18,-0.00,-0.07
29524,-1.36,-0.02,0.05,-0.18,-0.21,-0.07
29525,-1.36,0.08,-0.16,0.03,-0.11,-0.17
29526,-1.47,-0.13,-0.47,-0.08,-0.11,-0.07
29528,-1.36,-0.13,-0.26,-0.08,-0.11,-0.07
29528,-1.36,-0.13,-0.26,-0.08,-0.00,-0.17
29529,-1.36,-0.13,-0.16,-0.08,-0.21,-0.17
29530,-1.36,-0.23,-0.16,0.03,-0.11,-0.07
29531,-1.16,-0.13,-0.26,-0.08,-0.11,-0.17
29532,-1.26,-0.13,-0.36,-0.08,-0.21,-0.17
29533,-1.16,-0.02,-0.05,-0.08,-0.11,-0.17
29534,-1.36,-0.02,-0.05,-0.08,-0.11,-0.07
29535,-1.36,-0.02,-0.26,0.03,-0.11,-0.07
29536,-1.26,0.19,0.05,0.03,-0.11,0.04
29537,-1.26,-0.02,-0.16,0.13,-0.11,0.04
29538,-1.26,-0.02,0.05,-0.08,-0.00,-0.07
29539,-1.26,-0.13,0.16,0.03,-0.11,-0.17
29540,-1.16,-0.13,0.05,-0.08,-0.11,-0.17
29541,-1.36,-0.13,-0.05,-0.08,-0.11,-0.17
29542,-1.26,-0.02,-0.26,0.03,-0.00,-0.17
29543,-1.26,-0.13,-0.26,-0.08,-0.21,-0.07
29544,-1.47,-0.13,-0.16,0.03,-0.21,-0.07
29545,-1.26,0.08,-0.26,0.03,-0.11,-0.07
29546,-1.47,-0.33,-0.36,-0.08,-0.11,-0.07
29547,-1.47,-0.13,-0.05,-0.08,-0.21,-0.07
29548,-1.36,-0.02,-0.16,0.03,-0.21,-0.17
29549,-1.16,-0.02,-0.26,-0.08,-0.11,-0.07
29550,-1.16,0.08,-0.26,-0.08,-0.11,-0.07
29551,-1.36,-0.02,-0.26,0.03,-0.21,-0.17
29552,-1.36,-0.02,-0.16,-0.08,-0.11,-0.17
29553,-1.36,-0.23,-0.16,0.03,-0.11,-0.07
29554,-1.26,-0.02,-0.16,-0.08,-0.00,-0.17
29555,-1.36,-0.13,-0.05,-0.08,-0.11,-0.07
29556,-1.26,-0.02,-0.05,0.03,-0.21,-0.07
29746,-1.36,0.08,-0.26,-0.18,-0.21,-0.07
29747,-1.36,-0.13,-0.26,-0.08,-0.21,-0.07
29749,-1.36,-0.13,-0.26,0.03,-0.21,-0.07
29749,-1.36,-0.02,-0.26,-0.08,-0.00,-0.17
29750,-1.26,-0.13,-0.05,-0.08,-0.11,-0.07
29751,-1.26,-0.13,-0.05,-0.08,-0.11,-0.07
29752,-1.36,-0.02,-0.16,0.03,-0.11,-0.07
29753,-1.26,-0.23,-0.36,0.03,-0.11,-0.07
29754,-1.36,-0.13,-0.26,0.03,-0.11,-0.07
29755,-1.36,-0.02,-0.16,-0.08,-0.11,0.04
29756,-1.36,-0.13,-0.26,-0.08,-0.11,-0.07
29757,-1.16,-0.13,-0.26,0.03,-0.11,-0.07
29758,-1.26,-0.23,-0.36,0.03,-0.11,-0.07
29759,-1.16,0.08,-0.16,0.03,-0.21,-0.07
29760,-1.26,-0.02,-0.05,0.03,-0.11,-0.07
29761,-1.26,-0.13,0.16,0.03,-0.11,-0.17
29762,-1.36,0.08,-0.26,-0.08,0.10,-0.07
29763,-1.26,0.08,-0.05,0.03,-0.11,-0.17
29764,-1.36,0.08,0.05,-0.08,-0.00,-0.07
29765,-1.36,-0.13,-0.26,0.03,-0.11,-0.17
29766,-1.26,-0.02,-0.05,-0.08,-0.11,-0.07
29767,-1.26,-0.23,-0.05,-0.08,-0.21,-0.07
29768,-1.36,-0.02,-0.16,-0.08,-0.11,0.04
29769,-1.36,-0.13,-0.26,0.03,-0.21,-0.07
29770,-1.36,-0.23,-0.16,0.03,-0.11,-0.07
29771,-1.36,-0.02,-0.36,-0.08,-0.11,-0.28
29772,-1.36,-0.02,-0.26,0.03,-0.21,-0.17
29773,-1.47,0.08,-0.16,-0.18,-0.11,-0.17
29774,-1.47,-0.23,-0.36,0.03,-0.11,-0.07
29775,-1.36,-0.13,-0.36,0.03,-0.11,-0.17
29776,-1.36,-0.13,-0.16,-0.08,-0.21,-0.07
29777,-1.26,-0.02,-0.26,0.13,-0.11,-0.17
29778,-1.26,-0.13,-0.36,0.03,-0.21,-0.17
29779,-1.26,-0.02,-0.26,-0.08,-0.00,-0.07
29780,-1.16,0.08,-0.16,-0.08,-0.00,-0.07
29781,-1.26,0.08,-0.16,-0.08,-0.11,0.04
29782,-1.47,0.08,0.05,0.03,-0.11,-0.07
29783,-1.26,-0.13,-0.26,-0.08,-0.11,-0.17
29784,-1.16,-0.02,-0.16,0.03,-0.11,-0.17
29785,-1.16,-0.23,0.16,-0.08,-0.21,-0.07
29786,-1.26,-0.13,0.16,0.03,-0.11,-0.07
29787,-1.47,-0.13,-0.16,0.03,-0.21,0.04
29788,-1.26,-0.02,-0.16,0.03,-0.11,-0.07
29789,-1.26,-0.23,-0.16,-0.08,-0.11,0.04
29790,-1.26,-0.02,-0.26,0.03,-0.21,-0.17
29791,-1.36,-0.02,-0.05,-0.08,-0.11,-0.17
29792,-1.47,-0.13,-0.05,0.03,-0.11,-0.17
29793,-1.36,-0.02,-0.26,-0.08,-0.21,-0.07
29794,-1.47,-0.13,-0.16,0.13,-0.11,-0.07
29795,-1.36,-0.13,-0.05,-0.18,-0.11,-0.07
29796,-1.36,-0.23,-0.26,-0.08,-0.11,-0.17
29797,-1.26,-0.02,-0.16,0.03,-0.11,-0.07
29799,-1.26,-0.13,-0.36,0.03,-0.11,-0.07
29799,-1.36,0.08,-0.26,0.13,0.10,-0.07
29800,-1.47,-0.13,-0.26,0.03,-0.00,-0.07
29801,-1.36,-0.13,-0.05,0.03,-0.21,-0.07
29802,-1.26,-0.02,-0.26,0.03,-0.00,-0.17
29803,-1.26,-0.33,-0.26,0.03,-0.11,-0.17
29804,-1.26,-0.13,0.05,-0.08,-0.11,-0.07
29805,-1.26,-0.02,-0.05,-0.08,-0.11,-0.17
29806,-1.26,-0.02,-0.26,-0.08,-0.11,-0.17
29807,-1.16,-0.02,-0.05,-0.08,-0.21,-0.17
29808,-1.26,-0.02,-0.05,0.03,-0.00,-0.07
29809,-1.36,0.19,-0.16,0.03,-0.11,-0.07
29810,-1.16,-0.23,-0.16,-0.08,-0.21,-0.07
29811,-1.36,0.08,0.05,-0.08,-0.11,-0.07
29812,-1.26,0.08,-0.05,-0.08,-0.11,-0.07
29813,-1.26,0.08,-0.05,0.03,-0.21,-0.07
29814,-1.26,-0.13,-0.36,0.03,-0.21,-0.17
29815,-1.36,-0.33,-0.36,0.03,-0.21,-0.07
29816,-1.36,-0.02,-0.16,0.03,-0.21,-0.07
29817,-1.36,-0.13,-0.16,0.03,-0.11,-0.07
29818,-1.47,-0.02,-0.26,-0.18,-0.11,-0.17
29819,-1.36,-0.02,-0.26,0.03,-0.11,0.04
29820,-1.36,-0.13,-0.26,-0.08,-0.21,-0.17
29821,-1.26,-0.13,-0.36,0.03,-0.11,-0.17
29822,-1.36,-0.13,-0.05,-0.08,-0.11,-0.17
29823,-1.26,-0.13,-0.16,-0.08,-0.11,-0.17
29824,-1.05,-0.13,-0.26,0.03,-0.11,-0.17
29825,-1.26,-0.02,-0.26,-0.08,-0.11,-0.17
29826,-1.26,0.19,0.16,0.03,-0.11,-0.07
29827,-1.26,-0.02,-0.05,0.03,-0.00,-0.07
29828,-1.16,-0.23,-0.16,-0.08,-0.11,-0.07
29829,-1.26,0.08,0.05,-0.18,-0.11,-0.07
29830,-1.16,-0.13,0.16,-0.08,-0.11,-0.17
29831,-1.16,-0.02,-0.05,-0.08,-0.21,0.04
29832,-1.36,-0.13,-0.16,0.03,-0.21,0.04
29833,-1.36,-0.13,-0.16,-0.08,-0.21,-0.17
29834,-1.26,-0.13,-0.26,-0.08,-0.11,0.04
29835,-1.26,-0.02,-0.16,-0.08,-0.11,0.04
29836,-1.36,0.08,-0.16,-0.18,-0.00,-0.07
29837,-1.36,-0.02,-0.16,0.03,-0.21,-0.07
29838,-1.36,0.08,-0.26,0.03,-0.11,-0.17
29839,-1.47,-0.23,-0.26,0.03,-0.21,0.04
29840,-1.57,-0.23,-0.26,-0.08,-0.11,-0.07
29841,-1.36,-0.13,-0.05,-0.08,-0.11,-0.07
29842,-1.16,-0.23,-0.26,0.03,-0.11,-0.07
29843,-1.26,-0.13,-0.26,-0.08,-0.11,-0.17
29844,-1.26,0.08,-0.26,-0.08,-0.11,-0.17
29845,-1.26,0.08,-0.36,0.03,-0.11,-0.17
29846,-1.36,-0.23,-0.36,-0.08,-0.11,-0.17
29847,-1.26,0.08,-0.16,0.03,-0.11,-0.07
29848,-1.36,-0.13,-0.05,-0.08,-0.11,-0.17
29849,-1.36,-0.13,0.05,-0.08,-0.11,-0.07
29850,-1.16,-0.13,-0.05,-0.08,-0.00,0.04
29851,-1.26,-0.13,-0.16,0.03,0.10,-0.07
29852,-1.16,-0.13,-0.05,0.03,-0.11,-0.17
29853,-1.26,0.08,-0.16,-0.08,-0.11,-0.07
29854,-1.26,-0.02,-0.05,-0.08,-0.21,-0.07
29855,-1.26,-0.23,-0.26,0.03,-0.11,-0.07
29856,-1.36,-0.02,-0.05,-0.08,-0.21,0.04
29857,-1.36,0.08,-0.05,-0.18,-0.11,-0.17
29858,-1.36,-0.13,-0.16,0.03,-0.21,-0.07
29859,-1.36,-0.13,-0.26,0.03,-0.11,-0.17
29860,-1.36,-0.23,-0.26,0.03,0.10,-0.07
29861,-1.26,-0.33,-0.05,0.03,-0.11,-0.17
29862,-1.26,0.08,-0.05,0.03,-0.11,-0.17
29863,-1.36,-0.13,-0.26,0.03,-0.21,-0.07
29864,-1.47,-0.13,-0.36,-0.08,-0.00,-0.07
29865,-1.47,0.08,-0.36,0.03,-0.00,-0.28
29866,-1.36,-0.13,-0.26,0.13,-0.21,-0.17
29867,-1.36,-0.13,-0.26,-0.08,-0.21,-0.17
29868,-1.26,-0.23,-0.16,0.13,-0.11,-0.07
29869,-1.16,0.08,-0.16,-0.08,-0.21,-0.17
29870,-1.16,-0.23,-0.36,-0.08,-0.00,-0.17
29871,-1.36,-0.02,-0.05,0.03,-0.21,-0.17
29872,-1.26,0.19,-0.16,0.03,-0.11,-0.07
29873,-1.26,-0.13,-0.16,0.03,-0.21,-0.07
29874,-1.36,0.08,0.16,-0.08,-0.11,-0.17
29875,-1.16,0.08,0.05,0.03,-0.11,-0.07
29876,-1.26,-0.02,-0.05,0.03,-0.11,-0.07
29877,-1.26,-0.23,-0.05,0.03,-0.21,-0.07
29878,-1.26,-0.13,0.05,-0.08,-0.11,-0.07
29879,-1.26,-0.02,-0.16,-0.08,-0.21,-0.07
29880,-1.26,-0.23,-0.16,-0.08,-0.11,-0.07
29881,-1.36,-0.23,-0.36,-0.08,-0.11,-0.17
29882,-1.36,-0.13,-0.26,-0.08,-0.11,-0.07
29883,-1.36,-0.13,-0.36,-0.08,-0.00,-0.28
29884,-1.47,0.08,-0.26,-0.08,-0.11,-0.17
29885,-1.68,-0.02,-0.16,0.03,-0.11,-0.07
29886,-1.36,-0.02,-0.16,-0.08,-0.11,-0.07
29887,-1.36,0.08,-0.16,-0.18,-0.11,-0.07
29888,-1.26,-0.13,-0.16,-0.08,-0.11,-0.07
29889,-1.26,-0.02,-0.16,-0.08,-0.11,-0.28
29890,-1.36,-0.02,-0.26,-0.08,-0.11,-0.17
29891,-1.26,-0.23,-0.36,0.03,-0.11,-0.07
29892,-1.36,-0.02,-0.16,0.03,-0.11,0.04
29893,-1.26,0.08,-0.16,0.03,-0.11,-0.17
29894,-1.26,0.08,-0.05,0.03,-0.11,0.04
29895,-1.26,-0.13,-0.26,0.13,-0.11,-0.17
29896,-1.26,-0.13,-0.05,0.03,-0.11,-0.17
29897,-1.05,-0.02,-0.05,0.03,-0.00,-0.17
29898,-1.26,-0.02,0.16,-0.08,-0.21,-0.07
29899,-1.26,-0.13,-0.16,-0.08,-0.11,-0.17
29900,-1.26,-0.23,-0.16,0.03,-0.11,-0.17
29901,-1.26,-0.02,-0.05,0.03,-0.11,-0.07
29902,-1.26,-0.02,-0.05,-0.08,-0.11,-0.17
29903,-1.47,-0.02,-0.16,0.03,-0.21,-0.07
29904,-1.36,-0.23,-0.26,0.03,-0.21,-0.17
29905,-1.36,-0.13,-0.05,0.03,-0.21,-0.07
29906,-1.36,-0.23,-0.36,-0.08,-0.11,-0.17
29907,-1.26,-0.13,-0.16,0.03,-0.11,-0.17
29908,-1.26,-0.13,0.05,-0.08,-0.21,-0.17
29909,-1.36,0.08,-0.47,0.03,-0.00,-0.07
29910,-1.26,-0.13,-0.47,0.03,-0.21,-0.07
29911,-1.36,0.08,-0.16,0.03,-0.21,-0.07
29912,-1.57,-0.02,-0.26,-0.08,-0.11,-0.07
29913,-1.36,-0.23,-0.26,-0.18,-0.11,-0.17
29914,-1.26,-0.23,-0.05,0.03,-0.11,-0.07
29915,-1.26,-0.13,-0.36,-0.08,-0.21,-0.17
29916,-1.26,-0.02,-0.16,0.03,-0.11,-0.07
29917,-1.26,-0.13,0.05,-0.08,-0.11,-0.17
29918,-1.16,0.08,-0.16,0.03,-0.21,-0.07
29919,-1.26,-0.02,-0.16,-0.08,-0.11,-0.17
29920,-1.36,-0.02,-0.05,0.03,-0.11,-0.07
29921,-1.26,0.19,-0.05,-0.08,-0.21,-0.17
29922,-1.26,-0.13,-0.05,-0.08,-0.21,-0.07
29923,-1.26,-0.02,0.05,0.03,-0.11,-0.07
29924,-1.36,-0.13,-0.05,-0.08,-0.11,-0.07
29925,-1.36,-0.13,-0.16,0.03,-0.11,-0.07
29926,-1.26,-0.23,-0.26,0.13,-0.11,0.04
29927,-1.36,-0.13,-0.16,0.03,-0.21,-0.17
29928,-1.16,-0.02,-0.26,0.03,-0.21,-0.07
29929,-1.26,-0.02,-0.05,-0.08,-0.21,-0.07
29930,-1.57,-0.02,-0.05,-0.08,-0.11,-0.07
29931,-1.47,-0.13,-0.36,-0.08,-0.21,-0.07
29932,-1.36,-0.23,-0.16,-0.08,-0.11,-0.17
29933,-1.36,-0.13,-0.16,0.03,-0.21,-0.17
29934,-1.36,-0.13,-0.16,-0.08,-0.21,-0.17
29935,-1.26,-0.23,-0.16,0.03,-0.11,0.04
29936,-1.26,0.08,-0.16,-0.18,-0.11,-0.17
29937,-1.36,0.29,-0.36,0.03,-0.11,0.04
29938,-1.36,0.08,-0.26,-0.08,-0.00,-0.07
29939,-1.36,-0.13,0.05,-0.08,-0.11,-0.17
29940,-1.36,-0.13,-0.26,0.03,-0.00,-0.28
29941,-1.36,-0.02,-0.05,-0.08,-0.11,-0.28
29942,-1.26,-0.13,0.05,-0.08,-0.11,-0.07
29943,-1.36,-0.13,0.05,0.03,-0.11,-0.07
29944,-1.16,-0.02,0.05,-0.08,-0.21,-0.17
29945,-1.16,0.08,-0.05,-0.08,-0.11,-0.17
29946,-1.16,-0.23,-0.36,-0.18,-0.21,-0.17
29947,-1.26,-0.02,-0.26,0.03,-0.11,-0.17
29948,-1.36,-0.13,-0.16,0.03,-0.11,-0.17
29949,-1.36,-0.13,-0.16,-0.08,-0.21,-0.07
29950,-1.36,0.08,-0.16,-0.08,-0.11,-0.07
29951,-1.36,-0.13,-0.26,-0.08,-0.11,0.04
29952,-1.57,-0.13,-0.16,-0.08,-0.11,-0.17
29953,-1.36,-0.23,-0.26,-0.08,-0.21,-0.07
29954,-1.16,-0.13,-0.26,-0.08,-0.00,-0.17
29955,-1.16,-0.02,-0.26,0.03,-0.11,-0.17
29956,-1.36,-0.02,-0.26,-0.08,-0.00,-0.17
29957,-1.36,0.08,-0.26,-0.18,-0.11,-0.07
29958,-1.26,-0.13,-0.26,-0.08,-0.11,-0.07
29959,-1.26,-0.02,-0.16,0.03,-0.11,-0.07
29960,-1.36,-0.02,-0.16,0.03,-0.11,-0.07
29961,-1.47,-0.02,0.05,0.03,-0.00,-0.07
29962,-1.16,-0.13,-0.16,0.03,-0.11,-0.17
29963,-1.05,-0.02,-0.16,-0.18,-0.11,-0.17
29964,-1.16,-0.02,-0.05,-0.08,-0.11,0.04
29965,-1.26,0.08,-0.05,-0.08,-0.31,-0.17
29966,-1.36,-0.02,-0.16,0.03,-0.21,-0.07
29967,-1.26,-0.13,-0.16,-0.18,-0.11,-0.17
29968,-1.26,-0.02,-0.16,0.03,-0.21,-0.07
29969,-1.36,-0.02,0.16,-0.08,-0.11,-0.07
29970,-1.36,0.08,-0.05,0.03,-0.11,-0.17
29971,-1.47,-0.23,-0.26,0.03,-0.11,-0.17
29972,-1.26,-0.13,-0.26,0.13,-0.21,-0.17
29973,-1.36,-0.23,-0.26,0.03,-0.21,-0.17
29974,-1.26,-0.02,-0.16,0.03,-0.11,-0.17
29975,-1.36,0.08,-0.26,-0.08,-0.21,-0.07
29976,-1.36,-0.02,-0.36,0.03,-0.21,-0.17
29977,-1.36,-0.13,-0.26,-0.08,-0.11,-0.07
29978,-1.36,-0.13,-0.16,0.03,-0.11,-0.07
29979,-1.47,-0.02,-0.05,0.03,-0.11,-0.17
29980,-1.36,-0.13,-0.05,-0.08,-0.21,-0.07
29981,-1.16,-0.13,-0.05,0.03,-0.00,-0.07
29982,-1.26,-0.23,-0.16,-0.08,-0.21,-0.07
29983,-1.16,-0.02,-0.26,-0.08,-0.21,-0.17
29984,-1.16,-0.02,-0.16,-0.08,-0.21,-0.17
29985,-1.26,-0.02,-0.05,0.13,-0.21,-0.07
29986,-1.26,0.08,-0.05,-0.08,-0.11,-0.17
29987,-1.16,0.19,-0.16,0.03,-0.11,-0.17
29988,-1.26,0.08,-0.05,-0.08,-0.21,-0.07
29989,-1.26,-0.13,-0.05,-0.08,-0.11,-0.17
29990,-1.26,-0.02,0.05,0.03,-0.21,-0.07
29991,-1.26,-0.23,-0.05,-0.08,-0.11,-0.07
29992,-1.26,-0.02,-0.16,-0.08,-0.21,-0.17
29993,-1.36,-0.23,-0.36,-0.08,-0.11,-0.17
29994,-1.36,-0.23,-0.05,0.03,-0.31,-0.07
29995,-1.26,-0.02,-0.16,0.13,-0.21,-0.07
29996,-1.36,-0.02,-0.36,0.03,-0.21,-0.07
29997,-1.47,-0.02,-0.36,0.13,-0.21,-0.07
29998,-1.47,-0.13,-0.36,-0.18,-0.21,-0.17
29999,-1.47,-0.02,-0.36,-0.08,-0.11,-0.17
30000,-1.36,-0.23,-0.16,-0.08,-0.00,-0.07
30001,-1.36,-0.02,0.16,-0.08,-0.00,-0.17
30002,-1.26,-0.13,-0.36,-0.08,-0.00,-0.07
30003,-1.26,-0.02,-0.26,0.03,-0.21,-0.17
30004,-1.26,-0.02,-0.26,-0.08,-0.00,-0.17
30005,-1.16,-0.02,-0.05,-0.08,-0.11,-0.07
30006,-1.36,0.08,-0.05,-0.08,-0.00,-0.07
30007,-1.16,-0.02,-0.05,-0.08,-0.11,-0.17
30009,-1.36,-0.02,-0.16,0.03,-0.11,-0.17
30009,-1.26,-0.13,-0.05,-0.08,-0.11,-0.07
30010,-1.16,0.08,0.16,-0.08,-0.11,-0.17
30011,-1.26,-0.13,-0.05,-0.18,-0.11,-0.07
30012,-1.26,-0.13,-0.16,0.03,-0.11,-0.17
30013,-1.36,-0.23,-0.26,0.03,-0.11,-0.07
30014,-1.26,-0.02,-0.16,-0.08,-0.11,-0.17
30015,-1.26,-0.13,-0.26,0.03,-0.21,-0.17
30016,-1.47,-0.13,-0.16,-0.08,-0.21,-0.07
30017,-1.47,0.29,0.05,-0.08,-0.21,0.04
30018,-1.47,-0.02,-0.36,-0.08,-0.21,0.04
30019,-1.57,-0.13,-0.16,-0.08,-0.21,-0.07
30020,-1.47,-0.33,-0.16,-0.08,-0.21,-0.07
30021,-1.36,-0.02,-0.26,0.03,-0.21,-0.17
30022,-1.16,-0.13,-0.36,-0.08,-0.11,-0.17
30023,-1.26,-0.23,-0.26,0.03,-0.11,-0.07
30024,-1.36,0.19,-0.26,0.03,-0.11,0.04
30025,-1.36,-0.13,-0.26,0.03,-0.21,-0.07
30026,-1.26,-0.02,-0.16,0.03,-0.00,-0.07
30027,-1.26,0.08,-0.05,0.03,-0.21,-0.07
30028,-1.36,-0.02,-0.05,0.03,-0.11,-0.07
30029,-1.26,-0.13,-0.05,0.03,-0.11,-0.07
30030,-1.16,-0.02,-0.05,-0.08,-0.11,-0.17
30031,-1.16,-0.13,-0.16,-0.08,-0.11,-0.17
30032,-1.36,-0.13,-0.05,0.03,-0.11,-0.07
30033,-1.26,-0.02,-0.26,-0.08,-0.21,-0.07
30034,-1.26,-0.13,-0.26,-0.08,-0.11,-0.17
30035,-1.26,-0.02,-0.05,0.03,-0.21,-0.07
30036,-1.16,0.19,0.16,-0.08,-0.21,-0.28
30037,-1.47,0.08,-0.05,-0.08,-0.21,-0.17
30038,-1.36,-0.23,-0.16,0.03,-0.21,-0.17
30039,-1.47,-0.23,-0.16,0.03,-0.11,-0.17
30040,-1.26,-0.23,-0.36,-0.08,-0.11,-0.07
30041,-1.36,-0.13,-0.16,-0.08,-0.21,-0.17
30042,-1.26,-0.13,-0.16,-0.08,-0.11,-0.07
30043,-1.36,0.19,-0.36,-0.08,-0.11,-0.07
30044,-1.26,-0.13,-0.36,-0.08,-0.11,-0.07
30045,-1.36,-0.13,-0.36,-0.08,-0.11,-0.17
30046,-1.47,-0.02,-0.26,-0.08,-0.00,-0.17
30047,-1.26,-0.13,-0.05,-0.18,-0.11,-0.17
30048,-1.26,-0.02,0.05,-0.08,-0.11,-0.17
30049,-1.26,-0.13,-0.16,-0.08,-0.00,-0.07
30050,-1.26,-0.02,-0.05,0.03,-0.00,-0.17
30051,-1.26,-0.13,-0.26,-0.18,-0.21,-0.17
30052,-1.16,-0.13,-0.26,-0.08,-0.00,-0.17
30053,-1.26,-0.02,-0.05,0.03,-0.11,0.04
30054,-1.16,-0.02,0.05,-0.08,-0.11,-0.07
30055,-1.26,0.19,-0.16,0.03,-0.11,-0.17
30056,-1.36,-0.02,-0.05,0.13,-0.11,-0.17
30057,-1.26,0.08,0.05,-0.08,-0.11,-0.07
30058,-1.26,-0.13,-0.16,0.03,-0.21,-0.17
30059,-1.26,-0.02,-0.26,-0.08,-0.11,-0.07
30060,-1.47,-0.13,-0.26,-0.08,-0.11,-0.07
30061,-1.16,-0.23,-0.26,0.03,-0.21,0.04
30062,-1.26,-0.23,-0.16,0.03,-0.21,0.04
30063,-1.36,-0.02,-0.16,-0.08,-0.21,-0.07
30064,-1.47,-0.02,-0.26,-0.08,-0.21,-0.17
30065,-1.47,-0.02,-0.26,-0.08,-0.11,-0.07
30066,-1.36,-0.02,-0.36,-0.08,-0.11,-0.07
30067,-1.36,-0.13,-0.26,-0.08,-0.21,-0.17
30068,-1.36,-0.13,-0.26,-0.08,-0.11,-0.17
30069,-1.36,-0.13,-0.05,-0.08,-0.21,-0.07
30070,-1.26,-0.02,-0.26,-0.08,-0.00,-0.17
30071,-1.26,-0.02,-0.47,-0.08,-0.00,-0.17
30072,-1.26,-0.13,0.05,-0.08,-0.21,-0.07
30073,-1.36,0.19,-0.16,-0.08,-0.11,-0.07
30074,-1.16,-0.02,-0.05,0.03,-0.11,-0.17
30075,-1.26,-0.02,0.05,-0.08,-0.11,0.04
30076,-1.26,0.08,0.05,-0.08,-0.11,-0.07
30077,-1.26,0.08,0.05,-0.08,-0.11,-0.07
30078,-1.05,-0.23,-0.05,-0.08,-0.31,-0.17
30079,-1.26,0.08,0.05,0.03,-0.11,-0.07
30080,-1.36,-0.13,-0.36,0.03,-0.00,-0.07
30081,-1.36,-0.23,-0.16,-0.08,-0.11,-0.07
30082,-1.36,-0.13,-0.16,0.03,-0.21,-0.07
30083,-1.36,-0.13,-0.26,0.03,-0.11,-0.07
30084,-1.26,-0.13,-0.16,0.03,-0.11,-0.07
30085,-1.36,0.08,-0.26,-0.08,-0.21,-0.17
30086,-1.57,0.08,-0.26,0.03,-0.21,-0.07
30087,-1.57,-0.13,-0.36,0.03,-0.21,-0.07
30088,-1.26,-0.02,-0.16,-0.18,-0.21,-0.07
30089,-1.26,-0.23,-0.26,0.03,-0.00,-0.17
30090,-1.26,0.08,-0.05,-0.18,-0.11,-0.07
30091,-1.26,-0.23,-0.16,0.03,-0.00,-0.17
30092,-1.26,0.08,-0.36,-0.08,-0.21,-0.07
30093,-1.16,-0.13,-0.26,0.03,-0.00,-0.07
30094,-1.26,-0.02,-0.05,-0.08,-0.21,-0.17
30095,-1.36,0.08,0.05,-0.08,-0.11,-0.07
30096,-1.26,-0.02,-0.26,0.03,-0.11,-0.17
30097,-1.16,-0.13,-0.05,0.03,-0.11,-0.17
30098,-1.16,-0.02,0.05,0.03,-0.00,0.04
30099,-1.05,-0.02,0.05,0.03,-0.11,-0.17
30100,-1.26,-0.23,-0.05,-0.08,-0.11,0.04
30101,-1.16,-0.23,-0.16,0.03,-0.21,-0.17
30102,-1.36,-0.13,-0.26,-0.08,-0.00,-0.17
30103,-1.16,-0.02,0.05,-0.18,-0.21,0.04
30104,-1.36,0.08,-0.16,-0.08,-0.11,-0.17
30105,-1.47,0.08,-0.05,0.03,-0.11,-0.07
30106,-1.36,-0.13,-0.16,0.03,-0.21,-0.07
30107,-1.47,-0.23,-0.47,0.03,-0.11,-0.07
30108,-1.47,-0.23,-0.26,0.03,-0.11,-0.17
30109,-1.47,-0.33,-0.16,0.03,-0.00,-0.17
30110,-1.26,-0.02,-0.05,-0.08,-0.11,-0.07
30111,-1.26,-0.02,-0.36,-0.08,-0.11,-0.17
30112,-1.26,-0.02,-0.26,0.03,-0.00,-0.07
30113,-1.47,0.29,-0.26,-0.08,-0.11,-0.28
30114,-1.47,-0.13,-0.36,0.03,-0.11,-0.07
30115,-1.26,-0.02,-0.16,-0.18,-0.11,-0.07
30116,-1.26,-0.13,-0.05,-0.08,-0.11,-0.07
30117,-1.36,0.08,0.05,-0.08,-0.21,-0.17
30118,-1.26,-0.02,-0.05,0.03,-0.11,-0.17
30238,-1.68,-1.68,-1.61,0.03,-0.11,-0.17
30238,-1.47,0.08,-0.36,0.03,-0.21,-0.07
30239,-1.47,-0.23,-0.26,-0.08,-0.21,-0.07
30240,-1.47,-0.13,-0.26,0.13,-0.11,-0.07
30241,-1.36,-0.13,-0.26,0.03,-0.11,-0.17
30242,-1.36,-0.23,-0.16,0.03,-0.21,-0.17
30243,-1.36,-0.02,-0.26,-0.08,-0.11,-0.17
30244,-1.26,0.08,-0.36,0.03,-0.11,-0.07
30245,-1.26,0.08,-0.36,-0.08,-0.11,-0.07
30246,-1.47,0.08,-0.05,-0.08,-0.11,-0.07
30247,-1.26,-0.02,-0.26,-0.08,-0.11,-0.07
30248,-1.16,0.19,-0.26,-0.08,-0.11,-0.07
30249,-1.26,-0.33,-0.16,-0.08,-0.11,0.04
30250,-1.36,-0.13,-0.05,-0.08,-0.11,-0.07
30251,-1.16,-0.13,-0.26,-0.08,-0.11,-0.28
30252,-1.16,-0.13,-0.16,-0.08,-0.21,-0.17
30253,-1.26,-0.02,-0.05,0.03,-0.11,0.04
30254,-1.26,0.08,-0.05,-0.08,-0.21,-0.17
30255,-1.26,0.08,-0.05,0.03,-0.11,-0.07
30256,-1.26,-0.13,0.05,-0.08,-0.21,-0.17
30257,-1.26,0.08,0.05,-0.08,-0.11,-0.07
30258,-1.16,0.08,0.05,-0.18,-0.00,-0.17
30259,-1.36,-0.13,-0.16,-0.08,-0.11,-0.07
30260,-1.36,-0.23,-0.36,0.03,-0.21,-0.07
30261,-1.36,-0.13,-0.16,-0.18,-0.21,-0.17
30262,-1.26,-0.33,-0.36,-0.18,-0.21,0.04
30263,-1.36,-0.13,-0.26,0.03,-0.21,-0.17
30264,-1.26,-0.02,-0.05,0.03,-0.00,-0.07
30265,-1.36,0.08,-0.26,0.03,-0.11,-0.17
30266,-1.36,-0.02,-0.47,0.03,-0.11,-0.07
30267,-1.36,-0.02,-0.16,-0.08,-0.21,-0.07
30268,-1.47,0.08,-0.26,0.03,-0.00,0.04
30269,-1.26,-0.23,-0.16,0.03,-0.00,-0.17
30270,-1.26,-0.33,-0.16,-0.08,-0.11,-0.07
30271,-1.26,-0.02,-0.26,-0.08,-0.11,-0.07
30272,-1.26,0.08,-0.26,-0.08,-0.11,-0.17
30273,-1.26,-0.02,-0.26,-0.08,-0.11,-0.07
30274,-1.26,0.08,-0.16,0.03,-0.11,-0.07
30275,-1.26,-0.02,-0.16,-0.08,-0.11,-0.28
30276,-1.36,0.08,0.05,-0.18,-0.21,-0.07
30277,-1.36,0.08,0.16,0.03,-0.11,-0.17
30278,-1.36,-0.02,-0.05,0.03,-0.21,-0.17
30279,-1.26,-0.13,-0.05,-0.08,-0.11,0.04
30280,-1.16,-0.13,-0.05,0.03,-0.11,-0.17
30281,-1.36,-0.13,-0.26,0.13,-0.00,0.04
30282,-1.36,-0.13,-0.36,0.03,-0.11,-0.07
30283,-1.26,-0.23,-0.26,-0.08,-0.11,-0.07
30284,-1.36,-0.02,-0.26,-0.08,-0.21,-0.07
30285,-1.26,-0.02,-0.16,-0.08,-0.11,-0.07
30286,-1.47,0.08,-0.26,0.03,-0.11,-0.17
30287,-1.57,-0.13,-0.26,-0.08,-0.11,-0.17
30288,-1.47,-0.02,-0.36,-0.08,-0.21,-0.07
30289,-1.36,-0.23,-0.16,0.03,-0.11,-0.07
30290,-1.47,-0.13,-0.26,-0.08,-0.21,-0.17
30291,-1.36,-0.23,-0.16,-0.08,-0.00,-0.17
30292,-1.16,-0.02,-0.05,-0.08,-0.21,-0.17
30293,-1.16,-0.13,-0.36,0.03,-0.11,0.04
30294,-1.36,0.08,-0.05,-0.08,-0.11,-0.17
30295,-1.26,0.08,0.05,0.03,-0.11,-0.07
30296,-1.16,-0.02,-0.16,-0.08,-0.00,0.04
30297,-1.16,-0.02,-0.26,-0.08,-0.11,-0.17
30298,-1.36,-0.02,0.16,0.13,-0.11,-0.07
30299,-1.26,0.19,0.16,-0.08,-0.11,-0.07
30300,-1.26,-0.23,-0.16,-0.08,-0.11,-0.17
30301,-1.26,-0.23,-0.05,-0.08,-0.00,-0.17
30302,-1.26,-0.13,-0.16,0.03,-0.21,-0.07
30303,-1.36,-0.13,-0.16,0.03,-0.11,-0.17
30304,-1.36,-0.23,-0.26,-0.08,-0.00,0.04
30305,-1.26,-0.23,-0.16,0.03,-0.31,-0.07
30306,-1.36,0.08,-0.36,0.03,-0.11,-0.17
30307,-1.26,-0.02,-0.05,-0.08,-0.21,-0.07
30308,-1.57,-0.02,-0.16,-0.18,-0.11,-0.17
30309,-1.47,-0.13,-0.36,-0.18,-0.11,-0.28
30310,-1.36,-0.02,-0.26,0.03,-0.11,-0.07
30311,-1.36,-0.23,-0.26,-0.08,-0.11,-0.17
30312,-1.47,-0.23,-0.26,-0.08,-0.11,-0.07
30313,-1.26,-0.13,-0.16,0.03,-0.21,-0.28
30314,-1.26,-0.02,-0.26,-0.08,-0.11,-0.17
30315,-1.16,-0.02,-0.36,0.03,-0.11,-0.17
30316,-1.26,0.19,-0.05,0.03,-0.11,-0.07
30317,-1.26,0.19,-0.05,-0.08,-0.00,-0.07
30318,-1.26,0.08,-0.16,0.03,-0.11,-0.07
30319,-1.26,-0.02,0.05,0.03,-0.00,-0.07
30320,-1.26,-0.02,0.16,-0.08,-0.00,-0.07
30321,-1.26,-0.02,-0.05,0.03,-0.31,-0.07
30322,-1.16,-0.33,-0.05,0.03,-0.21,-0.07
30323,-1.26,-0.02,-0.05,0.03,-0.21,-0.07
30324,-1.26,-0.23,-0.36,0.03,-0.11,-0.17
30325,-1.26,-0.02,-0.16,-0.08,-0.21,-0.17
30326,-1.26,-0.13,0.05,0.03,-0.21,-0.07
30327,-1.26,-0.02,-0.16,-0.08,-0.21,-0.28
30328,-1.36,-0.13,-0.16,-0.08,-0.11,-0.07
30329,-1.36,0.08,-0.16,0.03,-0.21,-0.07
30330,-1.47,-0.02,-0.26,-0.08,-0.11,-0.17
30331,-1.57,-0.23,-0.47,0.03,-0.11,-0.07
30332,-1.47,-0.23,-0.16,-0.08,-0.11,-0.07
30333,-1.26,-0.23,-0.16,0.03,-0.21,-0.07
30334,-1.36,-0.02,-0.26,0.03,-0.00,-0.28
30335,-1.26,-0.13,-0.26,-0.08,-0.11,-0.07
30336,-1.16,-0.02,-0.26,-0.18,-0.11,-0.17
30337,-1.36,0.08,-0.26,-0.08,-0.21,-0.07
30338,-1.26,0.19,-0.05,0.03,-0.11,-0.07
30339,-1.16,-0.02,-0.05,0.03,-0.11,-0.07
30340,-1.36,-0.02,-0.16,-0.08,-0.21,-0.17
30341,-1.16,-0.02,0.05,-0.08,-0.21,-0.17
30342,-1.05,-0.02,-0.05,-0.08,-0.21,-0.17
30343,-1.26,-0.02,-0.05,0.03,-0.11,-0.07
30344,-1.16,-0.23,-0.05,0.03,-0.21,-0.28
30345,-1.26,-0.02,-0.05,-0.08,-0.11,-0.17
30346,-1.26,-0.02,-0.26,-0.08,-0.21,-0.17
30347,-1.16,-0.02,0.05,-0.08,-0.11,-0.07
30348,-1.26,-0.13,-0.16,0.03,-0.21,0.04
30349,-1.36,-0.23,-0.26,-0.18,-0.21,-0.17
30350,-1.47,-0.13,-0.05,-0.08,-0.21,-0.17
30351,-1.47,-0.02,-0.05,-0.08,-0.21,0.04
30352,-1.57,0.08,-0.26,-0.08,-0.00,-0.17
30353,-1.57,-0.23,-0.47,-0.08,-0.11,-0.07
30354,-1.36,-0.23,-0.26,0.03,-0.31,-0.28
30355,-1.16,-0.13,-0.36,0.03,-0.11,-0.07
30356,-1.36,-0.13,-0.47,0.03,-0.11,-0.07
30357,-1.26,-0.13,-0.16,-0.18,-0.00,-0.17
30358,-1.26,0.08,-0.16,0.03,-0.11,-0.07
30359,-1.16,-0.02,-0.26,0.03,-0.11,-0.07
30360,-1.26,-0.02,-0.16,0.03,-0.11,-0.07
30361,-1.36,0.29,0.16,-0.08,-0.11,-0.07
30362,-1.16,-0.02,-0.16,-0.18,-0.21,-0.07
30363,-1.26,0.08,-0.05,0.03,-0.11,-0.17
30364,-1.26,-0.23,0.05,-0.08,-0.11,-0.07
30365,-1.05,-0.02,0.05,-0.08,-0.11,-0.07
30366,-1.16,-0.23,-0.05,0.03,-0.11,-0.07
30367,-1.26,-0.23,-0.26,0.03,-0.11,-0.17
30368,-1.26,-0.02,-0.05,0.03,-0.11,-0.07
30369,-1.16,0.08,0.05,-0.08,-0.11,-0.07
30370,-1.26,-0.13,-0.05,-0.08,-0.21,-0.07
30371,-1.36,-0.13,-0.05,-0.08,-0.11,-0.28
30372,-1.47,0.08,-0.05,0.03,-0.21,0.04
30373,-1.47,-0.23,-0.36,0.03,-0.21,-0.17
30374,-1.47,-0.23,-0.36,-0.08,-0.11,-0.07
30375,-1.57,-0.23,-0.16,0.13,-0.21,-0.07
30376,-1.26,-0.02,-0.16,-0.08,-0.11,-0.17
30377,-1.26,-0.02,-0.36,0.03,-0.11,-0.28
30378,-1.26,-0.23,-0.26,0.03,-0.11,-0.07
30379,-1.36,0.08,-0.36,-0.08,-0.21,-0.07
30380,-1.26,-0.02,-0.36,0.03,-0.11,-0.07
30381,-1.05,-0.13,-0.26,-0.08,-0.11,-0.17
30382,-1.36,-0.02,0.05,-0.08,-0.11,-0.28
30383,-1.36,0.19,0.05,0.03,-0.00,-0.07
30384,-1.36,-0.13,-0.26,0.03,-0.11,-0.07
30385,-1.26,-0.13,-0.05,0.13,-0.11,-0.07
30386,-1.26,-0.23,-0.16,0.03,-0.11,-0.17
30387,-1.26,-0.13,0.05,0.03,-0.11,0.04
30388,-1.36,-0.02,0.05,-0.08,-0.11,0.04
30389,-1.26,-0.02,-0.16,0.03,-0.21,-0.07
30390,-1.26,-0.02,-0.16,-0.08,-0.21,-0.07
30391,-1.26,0.08,-0.16,-0.08,-0.21,-0.07
30392,-1.36,-0.02,-0.26,-0.08,-0.11,-0.07
30393,-1.47,-0.13,-0.16,0.03,-0.11,-0.17
30394,-1.57,0.08,-0.16,-0.18,-0.11,-0.17
30395,-1.47,-0.13,-0.26,0.03,-0.11,-0.17
30396,-1.47,-0.23,-0.26,-0.08,-0.00,-0.17
30397,-1.36,-0.33,-0.36,0.03,-0.11,-0.07
30398,-1.36,-0.23,-0.47,0.03,-0.21,-0.17
30399,-1.26,-0.13,-0.26,0.03,-0.21,-0.07
30400,-1.47,-0.02,-0.26,0.03,-0.11,0.04
30401,-1.47,0.19,-0.26,0.03,-0.21,-0.17
30402,-1.26,0.08,-0.05,0.03,-0.21,-0.07
30403,-1.26,0.08,-0.05,-0.08,-0.11,-0.17
30404,-1.26,-0.02,-0.16,-0.08,-0.11,-0.17
30405,-1.36,-0.13,-0.26,0.03,-0.11,0.04
30406,-1.26,-0.23,-0.16,0.03,-0.11,-0.17
30407,-1.16,-0.02,-0.05,-0.08,-0.00,0.04
30408,-1.26,-0.02,-0.16,0.03,-0.21,-0.07
30409,-1.26,-0.23,0.05,-0.08,-0.11,0.04
30410,-1.16,-0.13,-0.05,0.03,-0.21,-0.17
30411,-1.26,0.08,-0.05,0.03,-0.11,-0.17
30412,-1.16,-0.02,0.05,0.03,-0.11,-0.17
30413,-1.26,-0.02,0.05,0.03,-0.21,-0.17
30414,-1.36,0.08,0.05,0.03,-0.00,-0.17
30415,-1.36,-0.13,-0.16,-0.18,-0.11,-0.17
30416,-1.57,-0.13,-0.36,0.03,-0.21,-0.17
30417,-1.36,-0.23,-0.57,0.03,-0.21,-0.07
30418,-1.47,-0.13,-0.16,0.03,-0.21,-0.17
30419,-1.36,-0.23,-0.36,-0.08,-0.11,-0.17
30420,-1.26,-0.02,-0.57,-0.08,-0.11,-0.07
30421,-1.05,-0.13,-0.05,-0.18,-0.21,-0.07
30422,-1.26,0.08,-0.36,0.03,-0.21,-0.07
30423,-1.36,0.29,-0.36,-0.08,-0.11,0.04
30424,-1.26,-0.13,-0.26,-0.08,-0.00,0.04
30425,-1.36,0.08,0.05,-0.08,-0.00,-0.17
30426,-1.26,-0.02,-0.16,0.03,-0.11,-0.17
30427,-1.36,-0.02,0.05,-0.18,-0.21,-0.17
30428,-1.26,-0.33,-0.26,-0.08,-0.11,-0.07
30429,-1.16,-0.13,-0.26,0.03,-0.11,-0.07
30430,-1.26,-0.02,0.05,-0.08,-0.00,-0.17
30431,-1.26,0.08,0.05,0.03,-0.11,-0.17
30432,-1.26,0.08,-0.26,0.13,-0.21,-0.17
30433,-1.36,0.08,0.05,0.13,-0.11,-0.17
30434,-1.26,-0.02,-0.05,0.03,-0.11,-0.07
30435,-1.26,-0.02,-0.05,-0.08,-0.21,-0.07
30436,-1.47,0.08,-0.16,0.03,-0.21,-0.07
30437,-1.36,-0.23,-0.16,-0.08,-0.11,-0.07
30438,-1.47,-0.13,-0.36,-0.08,-0.11,-0.17
30439,-1.47,-0.13,-0.36,-0.08,-0.00,-0.17
30440,-1.36,-0.23,-0.16,-0.08,-0.11,-0.07
30441,-1.26,-0.23,-0.26,0.03,-0.11,-0.17
30442,-1.16,-0.02,-0.36,-0.08,-0.11,-0.17
30443,-1.36,-0.02,-0.26,0.03,-0.00,-0.07
30444,-1.26,0.19,-0.36,0.03,-0.11,-0.17
30445,-1.26,0.08,-0.36,-0.08,-0.21,-0.17
30446,-1.26,-0.13,-0.16,0.03,-0.11,-0.07
30447,-1.16,-0.02,-0.16,-0.08,-0.11,-0.07
30448,-1.36,-0.13,-0.26,-0.08,-0.11,-0.07
30449,-1.26,-0.23,-0.05,0.03,-0.11,-0.17
30450,-1.26,-0.23,-0.16,-0.08,-0.11,-0.07
30451,-1.05,-0.02,-0.05,0.03,-0.11,0.04
30452,-1.16,-0.13,-0.05,0.03,-0.11,-0.07
30453,-1.36,0.08,0.05,0.03,-0.11,-0.07
30454,-1.26,0.19,-0.05,0.03,-0.11,-0.07
30455,-1.16,0.08,0.16,0.03,-0.11,-0.07
30456,-1.26,-0.02,0.05,-0.08,-0.11,0.04
30457,-1.26,0.08,-0.05,-0.08,-0.21,-0.17
30458,-1.36,0.19,0.05,-0.08,-0.11,-0.07
30459,-1.47,-0.13,-0.26,-0.08,-0.11,-0.28
30460,-1.47,-0.23,-0.26,0.13,-0.11,-0.17
30461,-1.36,-0.23,-0.36,-0.08,-0.21,-0.07
30462,-1.36,-0.13,-0.36,0.03,-0.11,-0.07
30463,-1.47,-0.13,-0.36,-0.08,-0.21,-0.07
30464,-1.26,-0.13,-0.26,0.03,-0.00,-0.17
30465,-1.26,-0.13,-0.26,0.03,-0.21,-0.17
30466,-1.26,0.08,-0.26,-0.08,-0.11,0.04
30467,-1.47,-0.02,-0.26,-0.08,-0.11,-0.07
30468,-1.36,-0.02,0.05,0.03,-0.21,-0.07
30469,-1.26,-0.02,-0.16,-0.08,-0.11,-0.07
30470,-1.36,-0.02,-0.26,0.03,-0.11,-0.07
30471,-1.36,0.08,0.05,0.03,-0.00,0.04
30472,-1.26,-0.23,-0.36,0.13,-0.11,-0.07
30473,-1.16,-0.02,-0.16,0.13,-0.11,0.04
30474,-1.16,-0.02,-0.05,0.03,0.10,-0.17
30475,-1.26,0.08,0.16,-0.18,-0.11,-0.07
30476,-1.36,0.19,-0.16,-0.08,-0.21,-0.17
30477,-1.26,-0.02,0.05,0.03,-0.11,-0.07
30478,-1.26,-0.13,-0.05,0.03,-0.11,-0.07
30479,-1.26,-0.13,-0.05,-0.18,-0.11,0.04
30480,-1.36,-0.02,0.05,-0.08,-0.21,-0.07
30481,-1.47,-0.13,-0.26,0.03,-0.11,-0.07
30482,-1.47,-0.13,-0.26,0.03,-0.00,-0.07
30483,-1.36,-0.33,-0.16,0.03,-0.11,-0.07
30484,-1.26,-0.23,-0.47,0.03,-0.00,-0.17
30485,-1.26,-0.13,-0.26,-0.08,-0.21,-0.17
30486,-1.26,0.19,-0.05,0.03,-0.21,-0.17
30487,-1.36,-0.13,-0.36,-0.08,-0.11,-0.07
30488,-1.26,0.08,-0.36,-0.08,-0.21,-0.07
30489,-1.36,-0.02,-0.16,0.03,-0.11,-0.17
30490,-1.26,-0.13,-0.16,-0.08,-0.11,-0.07
30491,-1.26,-0.02,-0.26,0.03,-0.00,0.04
30492,-1.16,-0.33,-0.16,0.03,-0.00,-0.17
30493,-1.26,-0.13,-0.05,-0.08,-0.00,-0.07
30494,-1.26,-0.13,-0.16,-0.08,-0.11,-0.07
30495,-1.26,-0.02,-0.05,-0.08,-0.11,-0.07
30496,-1.16,-0.02,-0.05,-0.08,-0.11,-0.17
30497,-1.26,0.08,0.05,0.03,-0.21,-0.07
30498,-1.26,0.19,0.05,0.03,-0.11,-0.17
30499,-1.16,-0.02,-0.05,-0.08,-0.11,-0.17
30500,-1.16,-0.13,-0.05,0.03,-0.11,-0.17
30501,-1.26,-0.13,0.16,0.03,-0.21,0.04
30502,-1.47,0.08,0.05,-0.08,-0.21,-0.07
30503,-1.47,-0.13,-0.36,0.03,-0.11,-0.07
30504,-1.36,-0.23,-0.26,-0.08,-0.21,-0.07
30505,-1.36,-0.23,-0.26,-0.08,-0.11,-0.07
30506,-1.36,-0.02,-0.36,0.03,-0.11,-0.28
30507,-1.36,-0.23,-0.36,0.03,-0.11,-0.07
30508,-1.26,-0.13,-0.16,0.03,-0.00,-0.07
30509,-1.16,0.08,-0.26,0.03,-0.11,-0.17
30510,-1.36,-0.02,-0.26,-0.08,-0.00,-0.07
30511,-1.36,0.08,-0.05,-0.08,-0.21,0.04
30512,-1.36,-0.02,-0.16,-0.08,-0.21,-0.07
30513,-1.36,-0.02,-0.05,0.03,-0.11,-0.07
30514,-1.36,-0.13,-0.26,-0.08,-0.11,-0.17
30515,-1.36,-0.02,-0.16,0.03,-0.11,-0.17
30516,-1.26,-0.23,-0.05,0.03,-0.11,-0.07
30517,-1.16,0.08,-0.05,0.03,-0.21,-0.17
30518,-1.26,0.08,-0.16,0.03,-0.11,-0.07
30519,-1.16,-0.02,-0.05,0.03,-0.11,-0.17
30520,-1.16,0.08,-0.05,-0.08,-0.21,-0.07
30521,-1.26,-0.13,-0.16,-0.18,-0.21,-0.17
30522,-1.26,-0.13,0.05,-0.08,-0.11,-0.17
30523,-1.36,-0.13,0.16,0.03,-0.00,-0.07
30524,-1.36,0.08,-0.16,0.03,-0.21,-0.07
30525,-1.36,-0.13,-0.36,0.03,-0.21,0.04
30526,-1.36,-0.33,-0.26,0.03,-0.11,-0.07
30527,-1.36,-0.23,-0.36,0.13,-0.21,-0.17
30528,-1.47,-0.13,-0.47,0.03,-0.21,-0.07
30529,-1.26,-0.02,-0.16,-0.08,-0.11,-0.07
30530,-1.36,-0.02,-0.26,0.03,-0.00,-0.17
30531,-1.26,0.08,-0.36,0.03,-0.11,-0.17
30532,-1.36,0.08,-0.16,0.03,-0.21,-0.07
30533,-1.47,-0.02,-0.36,0.03,-0.00,-0.07
30534,-1.26,-0.02,-0.16,0.03,-0.21,-0.07
30535,-1.26,-0.02,-0.05,0.03,-0.00,-0.07
30536,-1.26,-0.23,-0.26,0.03,-0.00,-0.17
30537,-1.36,-0.13,-0.16,-0.08,-0.11,-0.07
30538,-1.16,-0.23,-0.16,0.03,-0.21,-0.07
30539,-1.16,-0.02,-0.16,-0.08,-0.11,-0.17
30540,-1.16,-0.13,0.05,-0.08,-0.11,-0.17
30541,-1.26,-0.13,0.05,-0.08,0.10,-0.07
30542,-1.26,0.19,0.05,0.03,-0.21,-0.07
30543,-1.26,-0.02,-0.16,0.03,-0.11,-0.07
30544,-1.26,-0.02,0.05,-0.08,-0.00,-0.07
30545,-1.26,-0.02,0.05,-0.08,-0.11,-0.07
30546,-1.36,0.08,-0.16,0.03,-0.11,-0.07
30547,-1.36,-0.13,-0.16,-0.08,-0.11,-0.07
30548,-1.26,-0.13,-0.36,-0.18,-0.11,-0.07
30549,-1.36,-0.23,-0.47,-0.08,-0.11,-0.07
30550,-1.36,-0.13,-0.26,-0.08,-0.21,-0.17
30551,-1.36,-0.33,-0.47,0.13,-0.11,-0.17
30552,-1.26,-0.23,-0.47,-0.08,-0.00,0.04
30553,-1.26,-0.13,-0.05,0.03,-0.11,-0.17
30554,-1.26,0.08,-0.05,-0.08,-0.11,-0.07
30555,-1.36,0.08,-0.36,-0.08,-0.00,-0.17
30556,-1.36,-0.13,-0.05,-0.08,-0.00,-0.17
30557,-1.26,-0.02,-0.16,0.03,-0.11,-0.07
30558,-1.26,-0.13,-0.36,-0.08,-0.00,-0.07
30559,-1.36,-0.23,-0.05,-0.08,-0.11,-0.07
30560,-1.26,-0.02,0.05,0.03,-0.11,0.04
30561,-1.16,0.08,-0.26,-0.08,-0.11,0.04
30562,-1.26,-0.02,-0.16,0.03,-0.11,-0.07
30563,-1.16,-0.02,0.16,0.03,-0.11,-0.07
30564,-1.26,-0.02,-0.05,-0.08,-0.11,-0.17
30565,-1.26,0.08,0.05,0.03,-0.11,-0.07
30566,-1.16,-0.13,0.05,-0.08,-0.11,-0.28
30567,-1.36,0.08,0.16,0.03,-0.11,-0.17
30568,-1.47,0.08,0.05,0.03,-0.11,-0.17
30569,-1.36,-0.23,-0.26,-0.08,-0.21,-0.28
30570,-1.47,-0.33,-0.36,0.03,-0.11,-0.07
30571,-1.36,-0.23,-0.47,0.03,-0.11,-0.07
30572,-1.36,-0.13,-0.16,0.03,-0.21,-0.07
30573,-1.47,-0.13,-0.26,0.03,-0.31,-0.07
30574,-1.16,0.08,-0.36,0.03,-0.11,-0.07
30575,-1.16,-0.02,-0.26,0.03,-0.00,-0.17
30576,-1.26,-0.02,-0.36,0.03,-0.11,-0.17
30577,-1.47,0.19,-0.26,-0.08,-0.11,-0.07
30578,-1.47,-0.13,-0.05,-0.08,-0.00,-0.17
30579,-1.26,0.08,-0.16,-0.08,-0.00,-0.07
30580,-1.26,-0.23,-0.26,-0.08,-0.11,-0.07
30581,-1.36,-0.13,0.05,-0.08,-0.11,-0.07
30582,-1.26,-0.13,-0.16,-0.08,-0.11,-0.07
30583,-1.26,-0.13,-0.26,0.03,-0.11,-0.07
30584,-1.16,-0.02,-0.05,0.03,-0.11,0.04
30585,-1.26,-0.02,-0.05,-0.08,-0.21,0.04
30586,-1.16,0.08,0.05,-0.08,-0.11,0.04
30587,-1.16,-0.02,-0.16,0.03,-0.00,-0.07
30588,-1.16,-0.13,-0.05,-0.08,-0.11,-0.07
30589,-1.36,-0.02,-0.16,0.03,-0.11,0.04
30590,-1.26,-0.02,0.05,-0.08,-0.11,-0.07
30591,-1.47,-0.13,-0.26,-0.08,-0.21,-0.07
30592,-1.47,-0.02,-0.26,-0.08,-0.21,-0.07
30593,-1.36,-0.33,-0.36,0.03,-0.11,0.04
30594,-1.36,-0.23,-0.16,-0.08,-0.21,0.04
30595,-1.26,-0.23,-0.36,0.03,-0.11,-0.07
30596,-1.36,-0.02,-0.05,-0.08,-0.11,-0.17
30597,-1.16,0.19,-0.26,0.03,-0.00,-0.07
30598,-1.36,0.08,-0.26,0.03,-0.11,-0.07
30599,-1.26,0.08,-0.26,0.03,-0.21,-0.17
30600,-1.36,-0.33,-0.26,-0.18,-0.11,-0.17
30601,-1.26,0.19,-0.16,0.03,-0.11,-0.17
30602,-1.26,-0.23,-0.26,-0.08,-0.11,-0.17
30603,-1.26,-0.13,0.05,-0.08,-0.00,-0.07
30604,-1.26,-0.23,-0.26,0.03,-0.11,-0.07
30605,-1.16,-0.13,-0.05,-0.08,-0.21,-0.07
30606,-1.05,-0.13,-0.16,0.03,-0.21,-0.17
30607,-1.26,-0.13,-0.05,0.13,-0.21,-0.07
30608,-1.26,-0.02,0.16,0.03,-0.11,0.04
30609,-1.26,0.19,0.05,-0.08,-0.21,-0.07
30610,-1.16,0.08,-0.05,0.03,-0.00,-0.07
30611,-1.36,-0.02,0.05,-0.08,-0.11,-0.07
30612,-1.36,0.08,-0.05,-0.08,-0.11,-0.17
30613,-1.47,-0.23,-0.36,0.03,-0.11,-0.17
30614,-1.47,-0.13,-0.26,0.03,-0.11,-0.07
30615,-1.47,-0.13,-0.36,0.03,-0.11,0.04
30616,-1.47,-0.13,-0.36,0.03,-0.00,-0.07
30617,-1.36,-0.23,-0.26,-0.08,-0.31,-0.07
30618,-1.16,-0.02,-0.26,0.03,-0.21,-0.17
30619,-1.26,-0.02,-0.57,-0.08,-0.00,-0.17
30620,-1.36,-0.13,-0.36,-0.08,-0.00,-0.17
30621,-1.36,0.19,-0.05,-0.08,-0.11,0.04
30622,-1.47,-0.02,-0.16,-0.08,-0.11,-0.17
30623,-1.16,0.19,-0.16,-0.08,-0.21,-0.07
30624,-1.26,-0.02,-0.05,0.03,-0.11,-0.07
30625,-1.16,-0.02,-0.26,0.03,-0.11,-0.07
30626,-1.26,-0.23,-0.16,-0.08,-0.11,-0.17
30627,-1.16,-0.13,-0.05,-0.08,-0.21,0.04
30628,-1.16,-0.13,-0.16,0.03,-0.11,-0.07
30629,-1.16,-0.02,-0.05,-0.08,-0.11,-0.07
30630,-1.16,-0.02,-0.05,0.03,-0.00,-0.07
30631,-1.16,-0.02,-0.05,-0.08,-0.11,-0.07
30632,-1.26,-0.02,-0.26,0.03,-0.11,-0.07
30633,-1.26,-0.02,0.16,0.03,-0.21,-0.17
30634,-1.36,-0.02,-0.05,-0.08,-0.21,-0.17
30635,-1.36,-0.13,-0.05,-0.18,-0.11,-0.17
30636,-1.36,-0.02,-0.16,-0.08,-0.11,-0.17
30637,-1.47,-0.23,-0.47,0.03,-0.11,-0.17
30638,-1.47,-0.33,-0.47,-0.08,-0.31,-0.07
30639,-1.36,-0.44,-0.26,0.03,-0.11,-0.07
30640,-1.26,-0.13,-0.26,-0.08,-0.11,-0.07
30641,-1.16,-0.02,-0.36,0.03,-0.11,-0.07
30761,-1.68,2.58,0.47,-0.08,-0.31,-0.17
30762,-1.16,-0.85,-1.71,0.23,0.62,-0.59
30762,-1.36,-0.13,0.05,-0.08,-0.21,-0.17
30763,-1.16,-0.13,-0.26,-0.08,-0.11,-0.17
30764,-1.16,-0.23,-0.26,0.03,-0.11,0.04
30765,-1.36,-0.23,-0.16,0.03,-0.21,-0.07
30766,-1.36,-0.13,-0.26,0.03,-0.21,-0.07
30767,-1.26,-0.33,-0.26,0.03,-0.21,-0.17
30768,-1.16,-0.13,-0.05,0.03,-0.21,-0.17
30769,-1.36,0.19,-0.26,0.03,-0.21,-0.17
30770,-1.36,0.19,-0.05,0.03,-0.11,-0.17
30771,-1.26,-0.02,-0.26,-0.08,-0.11,-0.07
30772,-1.47,-0.13,-0.36,0.03,-0.21,-0.07
30773,-1.47,-0.02,-0.16,-0.08,-0.11,0.04
30774,-1.47,-0.02,-0.05,-0.08,-0.11,-0.07
30775,-1.36,-0.23,-0.36,0.03,-0.11,-0.07
30776,-1.16,-0.13,-0.26,-0.18,-0.21,-0.07
30777,-1.16,-0.13,-0.36,0.03,-0.11,-0.17
30778,-1.26,-0.02,-0.26,0.03,-0.00,-0.17
30779,-1.16,-0.23,-0.26,-0.08,-0.21,-0.17
30780,-1.16,0.08,0.05,-0.08,-0.11,-0.07
30781,-1.16,0.19,-0.16,0.03,-0.00,-0.17
30782,-1.26,0.19,0.16,0.03,-0.11,-0.07
30783,-1.36,0.08,-0.05,0.03,-0.21,0.04
30784,-1.36,-0.13,-0.16,-0.08,-0.00,0.04
30785,-1.36,-0.13,0.05,0.03,-0.11,-0.17
30786,-1.26,-0.13,0.05,0.03,-0.21,-0.07
30787,-1.47,-0.13,-0.16,0.03,-0.21,-0.07
30788,-1.36,-0.23,-0.16,-0.08,-0.21,-0.17
30789,-1.36,-0.13,-0.36,0.03,-0.11,-0.17
30790,-1.16,-0.23,-0.68,0.03,-0.11,-0.07
30791,-1.36,-0.13,-0.16,-0.08,-0.21,-0.17
30792,-1.47,-0.02,0.16,0.03,-0.21,-0.07
30793,-1.36,0.19,-0.36,-0.18,-0.00,-0.17
30794,-1.26,-0.23,-0.36,-0.08,-0.00,-0.17
30795,-1.47,0.08,-0.16,0.03,-0.00,-0.07
30796,-1.57,-0.02,-0.16,0.03,-0.11,0.14
30797,-1.36,-0.13,-0.26,0.03,-0.21,-0.07
30798,-1.26,-0.13,-0.26,-0.08,-0.00,-0.07
30799,-1.36,-0.23,-0.36,-0.08,-0.21,-0.07
30800,-1.26,-0.02,-0.16,-0.08,-0.11,-0.17
30801,-1.26,-0.13,-0.16,0.03,-0.11,-0.07
30802,-1.05,-0.13,-0.26,-0.08,-0.11,-0.07
30803,-1.16,-0.02,-0.05,0.03,-0.00,-0.17
30804,-1.26,0.19,0.16,0.03,-0.11,-0.07
30805,-1.36,0.19,-0.16,0.03,-0.21,-0.07
30806,-1.26,-0.02,0.05,0.13,-0.11,-0.07
30807,-1.16,0.08,0.05,0.03,-0.21,0.04
30808,-1.26,-0.02,-0.05,0.03,-0.21,0.04
30809,-1.36,0.08,-0.05,-0.08,-0.21,-0.17
30810,-1.36,-0.23,-0.36,0.03,-0.21,-0.17
30811,-1.36,-0.23,-0.47,-0.08,-0.21,-0.07
30812,-1.26,-0.23,-0.47,0.03,-0.11,-0.07
30813,-1.36,-0.13,-0.26,-0.08,-0.11,-0.07
30814,-1.36,-0.23,-0.26,0.03,-0.11,-0.07
30815,-1.26,-0.13,-0.26,0.03,-0.00,-0.07
30816,-1.16,-0.13,-0.16,-0.08,-0.11,-0.07
30817,-1.47,0.19,-0.26,-0.08,-0.21,-0.17
30818,-1.36,0.19,-0.26,0.03,-0.11,-0.17
30819,-1.26,-0.13,-0.16,-0.08,-0.11,-0.17
30820,-1.26,-0.02,-0.05,-0.08,-0.11,0.04
30821,-1.26,-0.02,-0.26,-0.08,-0.11,-0.07
30822,-1.47,-0.13,-0.16,0.03,-0.21,-0.07
30823,-1.16,-0.33,-0.26,-0.08,-0.11,-0.17
30824,-1.26,-0.23,-0.26,0.03,-0.21,-0.07
30825,-1.16,-0.13,-0.05,-0.08,-0.11,-0.07
30826,-1.26,-0.02,-0.05,-0.08,-0.11,-0.07
30827,-1.16,0.19,0.16,-0.08,-0.11,-0.07
30828,-1.16,0.08,0.05,-0.08,-0.11,-0.17
30829,-1.16,-0.02,-0.05,-0.08,-0.21,-0.07
30830,-1.26,-0.02,0.05,0.03,-0.11,-0.17
30831,-1.36,-0.02,-0.05,0.03,-0.21,-0.17
30832,-1.47,-0.13,-0.16,0.03,-0.11,-0.07
30833,-1.36,-0.13,-0.36,0.03,-0.11,-0.17
30834,-1.47,-0.33,-0.36,0.03,-0.11,0.04
30835,-1.36,-0.02,-0.16,-0.08,-0.11,-0.17
30836,-1.47,-0.23,-0.47,0.03,-0.11,-0.07
30837,-1.16,-0.13,-0.26,0.03,-0.11,-0.07
30838,-1.16,-0.02,-0.36,0.03,-0.11,-0.07
30839,-1.16,-0.02,-0.36,-0.08,-0.11,-0.07
30840,-1.36,0.08,-0.05,-0.08,-0.11,-0.07
30841,-1.36,-0.02,-0.16,-0.08,-0.11,-0.07
30842,-1.16,0.19,-0.36,-0.08,-0.11,0.04
30843,-1.26,-0.02,-0.05,-0.08,-0.11,0.04
30844,-1.36,-0.02,-0.05,-0.08,-0.11,-0.07
30845,-1.36,-0.23,-0.26,0.03,-0.00,-0.07
30846,-1.16,-0.23,-0.26,-0.08,-0.00,-0.17
30847,-1.05,-0.23,-0.05,-0.08,-0.11,-0.07
30848,-1.16,-0.02,0.05,-0.08,-0.11,-0.07
30849,-1.26,-0.13,0.05,-0.18,-0.11,-0.17
30850,-1.16,-0.13,-0.05,0.03,-0.21,-0.07
30851,-1.16,-0.02,-0.16,-0.08,-0.11,-0.17
30852,-1.26,0.08,0.16,-0.08,-0.21,-0.17
30853,-1.36,-0.02,-0.05,0.03,-0.21,-0.07
30854,-1.36,-0.13,-0.05,-0.08,-0.11,-0.28
30855,-1.26,-0.02,-0.16,0.03,-0.21,-0.07
30856,-1.36,-0.23,-0.36,0.03,-0.21,0.04
30857,-1.68,-0.02,-0.47,0.13,-0.21,-0.17
30858,-1.57,-0.44,-0.57,0.03,-0.21,-0.07
30859,-1.57,-0.33,-0.26,0.03,-0.21,-0.07
30860,-1.16,-0.13,-0.47,-0.08,-0.21,-0.17
30861,-1.26,-0.13,-0.26,0.03,-0.21,-0.17
30862,-1.26,0.08,-0.16,-0.08,-0.11,-0.07
30863,-1.16,0.08,-0.36,-0.08,-0.21,-0.07
30864,-1.05,-0.13,-0.36,0.03,-0.11,-0.07
30865,-1.36,0.19,0.16,-0.08,-0.00,-0.17
30866,-1.26,0.19,-0.05,-0.08,-0.11,-0.07
30867,-1.36,-0.13,-0.05,0.03,-0.11,-0.07
30868,-1.26,-0.02,0.05,-0.08,-0.11,-0.07
30869,-1.16,-0.13,-0.16,0.03,-0.11,-0.28
30870,-1.26,-0.13,-0.16,-0.08,-0.11,-0.17
30871,-1.26,-0.13,0.05,-0.08,-0.11,-0.07
30872,-1.26,-0.13,-0.16,0.03,-0.00,-0.17
30873,-1.16,-0.23,-0.26,-0.08,-0.21,0.04
30874,-1.26,0.08,0.05,0.03,-0.21,-0.07
30875,-1.36,-0.13,-0.05,0.03,-0.21,-0.28
30876,-1.26,-0.13,-0.05,-0.08,-0.21,-0.07
30877,-1.26,0.08,-0.05,0.03,-0.11,-0.07
30878,-1.47,-0.02,-0.16,0.03,-0.11,0.04
30879,-1.57,0.08,-0.16,-0.08,-0.11,-0.17
30880,-1.57,-0.23,-0.26,0.03,-0.21,-0.17
30881,-1.47,-0.02,-0.47,-0.08,-0.11,-0.07
30882,-1.36,-0.23,-0.47,-0.08,-0.21,-0.07
30883,-1.36,-0.33,-0.36,0.03,-0.11,-0.07
30884,-1.26,-0.23,-0.36,-0.18,-0.11,-0.07
30885,-1.16,0.08,-0.26,-0.08,-0.21,-0.07
30886,-1.16,-0.02,-0.36,0.03,-0.11,-0.07
30887,-1.26,0.08,-0.16,0.03,-0.11,-0.17
30888,-1.26,0.08,0.05,-0.08,-0.00,-0.07
30889,-1.16,0.08,0.16,-0.08,-0.11,-0.07
30890,-1.16,-0.02,-0.05,0.13,-0.11,-0.17
30891,-1.26,-0.02,0.05,0.03,-0.11,-0.07
30892,-1.16,-0.13,0.05,0.03,-0.11,0.04
30893,-1.26,-0.33,-0.05,-0.08,-0.21,-0.07
30894,-1.16,-0.13,-0.26,-0.08,-0.11,-0.17
30895,-1.26,-0.13,-0.16,-0.08,-0.11,-0.17
30896,-1.16,-0.23,-0.05,-0.08,-0.00,0.04
30897,-1.36,-0.23,-0.36,0.03,-0.11,-0.07
30898,-1.36,-0.13,-0.26,-0.08,-0.11,-0.07
30899,-1.16,-0.23,-0.16,0.13,-0.11,-0.07
30900,-1.36,-0.02,-0.05,0.03,-0.11,-0.07
30901,-1.36,0.19,0.05,0.03,-0.21,0.04
30902,-1.47,0.08,-0.16,0.03,-0.11,-0.17
30903,-1.47,-0.02,-0.36,-0.08,-0.11,-0.17
30904,-1.47,-0.13,-0.36,-0.08,-0.00,-0.07
30905,-1.57,-0.13,-0.16,0.03,-0.11,-0.07
30906,-1.26,-0.23,-0.47,0.03,0.10,-0.17
30907,-1.36,-0.23,-0.36,0.03,-0.11,-0.17
30908,-1.16,-0.23,-0.36,0.03,-0.11,-0.17
30909,-1.26,0.08,-0.16,0.03,-0.00,-0.07
30910,-1.16,-0.13,-0.05,-0.08,-0.11,-0.17
30911,-1.26,-0.13,-0.16,-0.08,-0.11,-0.07
30912,-1.16,0.08,-0.05,-0.08,-0.11,-0.07
30913,-1.26,0.19,0.26,0.03,-0.00,-0.07
30914,-1.26,0.29,0.26,-0.08,-0.11,-0.17
30915,-1.36,-0.13,-0.05,0.03,-0.00,-0.07
30916,-1.26,-0.13,-0.16,-0.08,-0.11,-0.07
30917,-1.16,-0.13,0.05,-0.08,-0.11,-0.07
30918,-1.47,-0.23,-0.36,0.03,-0.21,0.04
30919,-1.36,-0.23,-0.16,0.03,-0.21,-0.07
30920,-1.47,-0.13,-0.16,0.03,-0.11,-0.28
30921,-1.36,-0.13,-0.47,-0.08,-0.00,-0.07
30922,-1.36,-0.13,-0.16,0.03,-0.11,-0.07
30923,-1.36,-0.13,-0.26,-0.08,-0.11,0.04
30924,-1.26,0.08,-0.36,0.03,-0.11,-0.07
30925,-1.16,-0.02,-0.26,0.03,-0.00,0.04
30926,-1.36,0.29,0.05,-0.08,-0.00,-0.07
30927,-1.47,0.08,-0.16,-0.08,-0.11,0.04
30928,-1.26,-0.23,-0.16,0.03,-0.11,-0.17
30929,-1.16,-0.13,-0.26,-0.08,-0.11,-0.17
30930,-1.16,-0.23,-0.36,-0.08,-0.00,-0.07
30931,-1.47,-0.13,-0.16,-0.18,-0.11,-0.17
30932,-1.16,-0.23,-0.36,-0.08,-0.11,-0.07
30933,-1.16,-0.02,-0.26,-0.08,-0.11,-0.07
30934,-1.05,-0.02,-0.16,-0.08,-0.11,-0.07
30935,-1.16,0.08,0.16,-0.08,-0.21,0.04
30936,-1.26,0.08,-0.16,-0.08,-0.21,-0.07
30937,-1.26,-0.02,0.05,-0.08,-0.11,-0.17
30938,-1.16,-0.02,0.05,-0.18,-0.21,0.04
30939,-1.26,-0.02,-0.05,-0.18,-0.11,-0.17
30940,-1.36,-0.02,0.05,-0.08,-0.11,-0.17
30941,-1.26,-0.13,-0.05,-0.08,-0.11,-0.07
30942,-1.47,-0.02,-0.36,-0.08,-0.11,-0.07
30943,-1.36,-0.23,-0.68,0.03,-0.21,-0.07
30944,-1.57,-0.23,-0.26,0.03,-0.11,-0.17
30945,-1.47,-0.23,-0.47,0.03,-0.11,-0.07
30946,-1.36,0.08,-0.36,-0.08,-0.00,-0.17
30947,-1.16,0.08,-0.16,-0.08,-0.11,-0.07
30948,-1.36,-0.02,-0.26,-0.08,-0.11,-0.07
30949,-1.36,0.19,-0.26,-0.08,-0.00,-0.07
30950,-1.26,-0.02,-0.16,-0.08,-0.21,-0.07
30951,-1.26,0.08,-0.26,-0.08,-0.11,-0.17
30952,-1.36,-0.13,0.05,-0.08,-0.11,-0.07
30953,-1.36,0.08,0.16,-0.08,-0.00,-0.17
30954,-1.26,-0.23,-0.16,0.03,-0.11,0.04
30955,-1.26,-0.23,-0.36,0.03,-0.21,-0.17
30956,-1.16,-0.23,-0.16,-0.08,-0.11,-0.07
30957,-1.36,-0.13,0.05,0.03,-0.11,-0.17
30958,-1.16,-0.23,-0.16,0.03,-0.11,-0.07
30959,-1.16,-0.02,0.05,0.03,-0.21,-0.07
30960,-1.05,0.08,-0.05,-0.08,-0.21,0.04
30961,-1.26,0.08,0.16,0.03,-0.11,-0.07
30962,-1.36,-0.13,0.05,0.03,-0.11,-0.17
30963,-1.47,-0.02,0.05,-0.08,-0.11,-0.17
30964,-1.47,-0.02,-0.16,-0.08,-0.11,-0.28
30965,-1.36,-0.02,-0.05,0.03,-0.11,-0.07
30966,-1.47,-0.02,-0.36,-0.08,-0.11,0.04
30967,-1.57,-0.33,-0.68,-0.08,-0.21,-0.07
30968,-1.47,-0.44,-0.47,0.03,-0.11,-0.07
30969,-1.36,-0.33,-0.36,0.03,-0.11,0.04
30970,-1.36,-0.02,-0.36,0.03,-0.11,-0.07
30971,-1.26,-0.02,-0.26,-0.08,-0.11,-0.17
30972,-1.16,-0.02,-0.26,0.03,-0.11,-0.07
30973,-1.16,0.08,-0.26,-0.08,-0.21,0.04
30974,-1.16,0.19,0.16,-0.18,-0.11,-0.17
30975,-1.26,0.29,0.16,-0.08,-0.11,-0.17
30976,-1.26,-0.02,-0.16,-0.08,-0.00,-0.17
30977,-1.16,-0.02,0.05,0.03,-0.11,-0.07
30978,-1.26,0.08,0.05,-0.08,-0.00,-0.17
30979,-1.36,-0.02,-0.16,-0.08,-0.11,-0.17
30980,-1.16,-0.13,-0.05,-0.08,-0.11,-0.07
30981,-1.16,-0.13,-0.16,-0.08,-0.00,-0.07
30982,-1.26,-0.02,-0.26,-0.08,-0.11,-0.07
30983,-1.36,-0.02,-0.16,-0.08,-0.11,-0.17
30984,-1.36,-0.13,-0.36,-0.18,-0.21,-0.07
30985,-1.36,-0.23,-0.16,-0.08,-0.11,-0.28
30986,-1.16,-0.13,-0.05,-0.08,-0.21,-0.17
30987,-1.26,0.08,-0.05,-0.08,-0.11,-0.28
30988,-1.47,-0.02,-0.16,-0.08,-0.11,-0.07
30989,-1.57,-0.13,-0.36,0.03,-0.21,-0.07
30990,-1.47,-0.23,-0.47,-0.08,-0.00,0.04
30991,-1.47,-0.23,-0.47,-0.08,-0.11,-0.17
30992,-1.57,-0.23,-0.26,-0.08,-0.11,-0.07
30993,-1.26,-0.23,-0.26,-0.08,-0.11,-0.17
30994,-1.16,-0.23,-0.26,0.03,-0.00,0.04
30995,-1.16,-0.02,-0.47,-0.18,-0.11,-0.07
30996,-1.26,-0.02,-0.16,-0.08,0.10,-0.17
30997,-1.16,-0.02,-0.05,-0.08,-0.11,-0.17
30998,-1.16,0.08,0.16,-0.08,-0.00,-0.07
30999,-1.16,0.19,0.16,-0.08,-0.11,-0.07
31000,-1.26,0.19,0.05,0.03,-0.11,-0.07
31001,-1.26,-0.02,0.16,-0.08,-0.11,-0.07
31002,-1.36,-0.33,-0.16,0.03,-0.11,-0.07
31003,-1.26,-0.23,-0.26,-0.08,-0.21,-0.17
31004,-1.26,-0.13,-0.16,0.03,-0.21,-0.17
31005,-1.36,-0.02,-0.16,0.03,-0.11,0.04
31006,-1.47,-0.23,-0.36,0.03,-0.00,-0.17
31007,-1.36,-0.13,-0.26,0.03,-0.21,-0.17
31008,-1.16,-0.23,-0.26,0.03,-0.11,-0.17
31009,-1.26,-0.13,-0.26,0.03,-0.11,-0.07
31010,-1.36,0.08,-0.05,0.03,-0.21,-0.17
31011,-1.36,0.19,0.05,-0.08,-0.11,-0.17
31012,-1.36,-0.02,-0.26,-0.08,-0.11,-0.17
31013,-1.36,0.08,-0.16,-0.08,-0.21,-0.17
31015,-1.57,-0.02,-0.26,-0.18,-0.11,-0.07
31015,-1.36,-0.13,-0.36,-0.08,-0.00,-0.07
31016,-1.26,-0.13,-0.36,-0.08,-0.21,-0.07
31017,-1.26,-0.23,-0.36,-0.08,-0.11,-0.07
31018,-1.26,-0.13,-0.16,-0.08,-0.21,0.04
31019,-1.26,-0.13,-0.16,0.03,-0.11,-0.07
31020,-1.16,-0.13,-0.16,0.03,-0.11,-0.17
31021,-1.05,-0.02,-0.26,-0.08,-0.21,-0.07
31022,-1.16,-0.02,0.16,0.03,-0.11,-0.07
31023,-1.26,0.08,0.26,0.03,-0.21,-0.07
31024,-1.26,-0.02,0.05,0.03,-0.21,-0.07
31025,-1.16,-0.13,0.16,0.03,-0.21,-0.07
31026,-1.26,-0.13,0.16,-0.08,-0.00,-0.07
31027,-1.47,-0.02,-0.16,0.03,-0.11,-0.17
31028,-1.47,-0.23,-0.26,0.03,-0.11,-0.17
31029,-1.57,-0.23,-0.36,-0.08,-0.11,-0.17
31030,-1.47,-0.23,-0.47,-0.08,-0.11,-0.07
31031,-1.57,-0.13,-0.26,0.03,-0.11,-0.17
31032,-1.47,-0.13,-0.26,-0.08,-0.21,-0.17
31033,-1.26,-0.13,-0.47,0.03,-0.21,-0.07
31034,-1.16,-0.13,-0.26,0.03,-0.11,0.04
31035,-1.26,0.08,0.05,0.03,-0.21,-0.07
31036,-1.47,0.19,-0.36,0.03,-0.11,-0.07
31037,-1.36,0.08,-0.05,-0.08,-0.11,-0.07
31038,-1.26,0.08,-0.05,-0.08,-0.21,-0.07
31039,-1.26,0.08,-0.16,-0.08,-0.11,-0.17
31040,-1.36,0.08,-0.16,0.03,-0.11,-0.07
31041,-1.36,-0.13,-0.16,-0.08,-0.00,-0.07
31042,-1.26,-0.33,-0.26,-0.08,-0.00,-0.07
31043,-1.26,-0.23,-0.05,-0.08,-0.11,-0.17
31044,-1.16,-0.13,0.26,0.03,-0.00,-0.17
31045,-1.16,-0.02,-0.05,0.03,-0.11,-0.17
31046,-1.26,-0.13,-0.16,0.03,-0.00,0.04
31047,-1.16,-0.02,0.05,0.03,-0.11,-0.07
31048,-1.26,0.08,0.05,-0.08,-0.11,-0.17
31049,-1.26,-0.13,-0.05,0.03,-0.11,-0.07
31050,-1.36,-0.23,-0.05,0.03,-0.11,-0.17
31051,-1.47,-0.02,-0.16,-0.08,-0.11,-0.17
31052,-1.47,-0.02,-0.26,0.03,-0.21,-0.17
31053,-1.57,-0.13,-0.36,-0.08,-0.11,-0.07
31054,-1.68,-0.44,-0.68,0.13,-0.11,-0.07
31055,-1.36,-0.33,-0.57,0.03,-0.21,-0.07
31056,-1.36,-0.13,-0.26,0.03,-0.00,-0.07
31057,-1.36,-0.13,-0.26,-0.08,-0.00,-0.17
31058,-1.36,-0.02,-0.47,0.03,-0.11,0.04
31059,-1.16,0.08,-0.16,-0.08,-0.11,-0.07
31060,-1.26,-0.02,-0.26,-0.08,-0.11,-0.07
31061,-1.26,0.19,-0.05,0.03,-0.00,0.04
31062,-1.26,0.19,0.26,-0.08,-0.21,-0.17
31063,-1.36,-0.13,0.05,-0.08,-0.00,-0.07
31064,-1.26,0.08,-0.16,-0.08,-0.11,0.04
31065,-1.26,0.08,0.16,0.03,-0.21,0.04
31066,-1.16,-0.02,0.05,-0.08,-0.21,-0.17
31067,-1.16,-0.23,-0.36,-0.08,-0.11,-0.17
31068,-1.16,-0.23,-0.16,-0.08,-0.21,-0.17
31069,-1.05,-0.13,-0.16,-0.08,-0.21,-0.17
31070,-1.26,-0.02,-0.26,0.03,-0.11,-0.07
31071,-1.16,-0.02,-0.05,-0.08,-0.21,-0.17
31072,-1.26,-0.02,-0.05,0.03,-0.21,-0.07
31073,-1.16,-0.02,-0.16,-0.08,-0.00,-0.07
31074,-1.36,-0.02,0.05,-0.08,-0.11,-0.07
31075,-1.47,0.08,-0.05,0.03,-0.31,-0.17
31076,-1.57,-0.02,-0.47,0.13,-0.21,-0.07
31077,-1.47,-0.02,-0.26,0.03,-0.11,-0.17
31078,-1.47,-0.23,-0.36,0.13,-0.11,-0.07
31079,-1.47,-0.02,-0.57,0.03,-0.00,-0.17
31080,-1.47,-0.33,-0.57,0.03,-0.11,-0.07
31081,-1.26,-0.23,-0.36,-0.18,-0.21,0.14
31082,-1.16,-0.13,-0.47,-0.08,-0.21,-0.17
31083,-1.16,0.08,-0.16,-0.18,-0.00,-0.07
31084,-1.16,-0.02,-0.05,-0.08,-0.11,-0.07
31085,-1.16,0.08,-0.16,-0.18,-0.11,-0.07
31086,-1.16,0.08,0.05,-0.08,-0.00,-0.17
31087,-1.26,0.08,0.16,-0.08,-0.00,-0.17
31088,-1.26,0.08,0.05,-0.08,-0.11,-0.07
31089,-1.36,-0.23,-0.05,-0.18,-0.11,-0.17
31090,-1.16,-0.13,0.05,-0.08,-0.11,0.04
31091,-1.16,-0.23,-0.26,-0.08,-0.21,-0.17
31092,-1.36,-0.13,-0.16,-0.08,-0.21,-0.17
31093,-1.47,-0.33,-0.47,-0.08,-0.11,-0.17
31094,-1.36,-0.33,-0.47,-0.08,-0.21,-0.07
31095,-1.26,-0.33,-0.26,0.03,-0.21,-0.07
31096,-1.36,-0.02,-0.05,-0.18,-0.21,-0.07
31097,-1.47,-0.02,-0.16,0.03,-0.00,-0.17
31098,-1.26,0.08,-0.16,-0.08,-0.21,-0.17
31099,-1.26,0.08,-0.16,-0.08,-0.11,-0.17
31100,-1.36,-0.02,-0.26,-0.18,-0.21,-0.07
31101,-1.47,0.08,-0.26,0.03,-0.00,-0.17
31102,-1.26,-0.02,-0.05,0.03,-0.11,-0.17
31103,-1.16,-0.02,-0.26,-0.18,-0.21,-0.07
31104,-1.26,-0.13,-0.26,0.03,-0.21,-0.07
31105,-1.47,-0.02,-0.16,0.03,-0.11,-0.07
31106,-1.36,-0.33,-0.57,0.03,-0.11,-0.07
31107,-1.16,-0.13,-0.16,0.03,-0.11,-0.17
31108,-1.16,0.19,0.05,-0.08,-0.11,0.04
31109,-1.05,0.19,0.16,0.03,-0.11,0.04
31110,-1.26,-0.02,0.05,0.03,-0.11,-0.07
31111,-1.26,-0.13,0.05,0.13,-0.21,0.04
31112,-1.26,-0.02,-0.05,0.03,-0.21,0.04
31113,-1.16,-0.02,0.16,0.03,-0.11,-0.07
31114,-1.36,-0.02,0.16,0.03,-0.11,-0.07
31115,-1.57,-0.23,-0.05,0.03,-0.11,0.04
31255,-1.16,0.08,-0.05,-0.08,-0.11,-0.28
31256,-1.26,-0.02,0.05,0.03,-0.11,-0.17
31257,-1.36,0.08,-0.26,-0.08,-0.21,-0.17
31258,-1.36,-0.13,-0.05,0.03,-0.21,-0.17
31259,-1.26,-0.33,-0.05,-0.08,-0.11,-0.17
31260,-1.26,-0.02,-0.36,-0.08,-0.11,-0.17
31261,-1.16,-0.13,-0.05,0.03,-0.00,-0.17
31262,-1.26,-0.33,-0.05,0.03,-0.00,-0.07
31263,-1.16,-0.02,0.05,-0.08,-0.11,-0.07
31264,-1.26,-0.13,-0.26,0.03,-0.11,-0.17
31265,-1.26,-0.13,0.26,-0.08,-0.11,-0.07
31266,-1.36,-0.02,0.16,-0.18,-0.21,-0.17
31267,-1.47,-0.23,0.05,0.13,-0.11,-0.07
31268,-1.26,-0.02,-0.05,0.03,-0.11,-0.17
31269,-1.36,-0.13,-0.26,-0.18,-0.11,-0.07
31270,-1.47,-0.23,-0.47,0.03,-0.11,-0.07
31271,-1.68,-0.23,-0.26,0.03,-0.11,-0.07
31272,-1.47,-0.02,-0.47,0.03,-0.11,-0.07
31273,-1.47,-0.23,-0.57,0.03,-0.11,-0.07
31274,-1.47,-0.13,-0.36,0.03,-0.11,-0.07
31275,-1.26,-0.13,-0.47,-0.08,-0.21,-0.28
31276,-1.26,-0.13,-0.36,-0.08,-0.00,0.04
31277,-1.16,-0.02,-0.16,-0.08,-0.11,-0.07
31278,-1.26,0.19,-0.16,-0.08,-0.11,0.04
31279,-1.16,0.08,0.16,0.03,-0.11,-0.17
31280,-1.16,0.19,0.16,-0.18,-0.11,-0.17
31281,-1.16,0.08,-0.05,0.13,-0.11,-0.17
31282,-1.26,0.08,0.26,0.13,-0.11,-0.17
31283,-1.36,-0.13,0.05,-0.08,-0.00,-0.07
31284,-1.36,-0.23,-0.16,-0.18,-0.11,-0.17
31285,-1.26,-0.02,-0.16,-0.08,-0.00,0.04
31286,-1.16,-0.13,-0.16,0.03,-0.11,-0.07
31287,-1.36,-0.13,-0.47,-0.08,-0.21,-0.17
31288,-1.36,-0.13,-0.36,-0.08,-0.11,-0.17
31289,-1.36,-0.23,-0.05,-0.08,-0.21,-0.07
31290,-1.26,-0.02,-0.47,0.03,-0.21,-0.07
31291,-1.16,-0.02,-0.16,0.03,-0.21,0.04
31292,-1.36,-0.13,0.05,0.03,-0.11,0.04
31293,-1.26,0.08,-0.26,0.03,-0.11,-0.17
31294,-1.16,-0.02,-0.26,-0.08,-0.21,-0.17
31295,-1.36,-0.02,-0.05,-0.08,-0.21,-0.07
31296,-1.57,0.19,-0.26,-0.08,-0.00,-0.17
31297,-1.57,-0.02,-0.26,0.03,-0.00,-0.07
31298,-1.36,0.08,-0.16,-0.08,-0.11,-0.17
31299,-1.26,-0.33,-0.57,0.03,0.10,-0.07
31300,-1.36,-0.02,-0.36,0.03,-0.11,-0.07
31301,-1.36,-0.13,-0.26,-0.08,-0.11,-0.17
31302,-1.16,-0.13,-0.16,0.03,-0.11,-0.07
31303,-1.05,-0.02,-0.05,-0.08,-0.21,-0.07
31304,-1.16,0.08,0.16,-0.08,-0.11,-0.07
31305,-1.16,0.08,0.05,-0.08,-0.21,0.04
31306,-1.05,-0.02,-0.05,-0.08,-0.11,-0.07
31307,-1.26,0.08,0.26,-0.08,-0.11,-0.07
31308,-1.16,-0.02,0.05,-0.08,-0.11,-0.07
31309,-1.36,-0.13,-0.16,0.03,-0.11,-0.07
31310,-1.47,-0.23,0.05,0.03,-0.21,-0.07
31311,-1.36,-0.02,-0.36,-0.08,-0.21,-0.07
31312,-1.47,-0.13,-0.57,-0.08,-0.11,-0.07
31313,-1.57,-0.13,-0.36,-0.08,-0.11,-0.07
31314,-1.57,-0.33,-0.68,-0.08,-0.11,0.04
31315,-1.47,-0.23,-0.57,-0.08,-0.00,-0.17
31316,-1.16,-0.13,-0.26,0.03,-0.11,-0.07
31317,-1.26,-0.13,-0.16,-0.08,-0.00,-0.07
31318,-1.26,-0.02,-0.26,-0.08,-0.11,-0.07
31319,-1.16,0.08,-0.16,0.03,-0.00,-0.07
31320,-1.16,0.08,-0.16,-0.08,-0.11,-0.28
31321,-1.26,0.19,0.05,0.03,0.10,-0.28
31322,-1.26,0.19,0.26,-0.08,-0.11,0.04
31323,-1.36,-0.13,-0.16,-0.08,-0.11,0.04
31324,-1.26,-0.13,-0.16,-0.08,-0.00,0.04
31325,-1.26,-0.13,-0.16,0.03,-0.00,-0.17
31326,-1.26,-0.02,-0.16,0.03,-0.11,-0.17
31327,-1.26,-0.33,-0.26,0.03,-0.11,-0.17
31328,-1.16,-0.13,-0.05,0.03,-0.00,-0.07
31329,-1.16,-0.13,-0.26,0.03,-0.21,-0.17
31330,-1.16,0.08,-0.16,-0.08,-0.11,-0.07
31331,-1.26,-0.23,-0.05,0.03,-0.00,-0.17
31332,-1.36,-0.02,-0.05,0.03,-0.11,-0.07
31333,-1.16,-0.23,0.05,-0.08,-0.11,0.04
31334,-1.26,-0.02,0.16,-0.18,-0.11,-0.07
31335,-1.47,0.19,-0.16,0.03,-0.21,-0.07
31336,-1.47,-0.13,-0.36,-0.08,-0.11,-0.17
31337,-1.47,-0.13,-0.47,-0.08,-0.11,0.04
31338,-1.47,-0.13,-0.47,0.03,-0.00,0.04
31339,-1.68,-0.23,-0.47,0.03,-0.11,-0.07
31340,-1.47,-0.13,-0.26,-0.08,-0.21,-0.07
31341,-1.36,-0.13,-0.47,0.03,-0.21,-0.17
31342,-1.16,-0.13,-0.36,0.03,-0.11,-0.17
31343,-1.16,-0.02,-0.05,-0.08,-0.11,-0.17
31344,-1.16,0.19,-0.26,-0.08,-0.00,-0.07
31345,-1.16,0.19,-0.05,-0.08,-0.00,-0.28
31346,-1.05,0.08,0.26,0.03,-0.11,-0.07
31347,-1.26,0.19,0.26,-0.08,-0.11,-0.17
31348,-1.26,0.29,0.05,-0.08,-0.21,-0.07
31349,-1.26,-0.02,0.16,-0.08,-0.21,-0.17
31350,-1.26,-0.23,-0.16,-0.08,-0.11,-0.07
31351,-1.26,-0.13,-0.16,0.03,-0.11,-0.07
31352,-1.36,-0.13,0.05,0.03,-0.11,0.04
31353,-1.36,-0.23,-0.26,-0.08,-0.31,-0.07
31354,-1.47,-0.33,-0.47,0.03,-0.21,-0.07
31355,-1.26,-0.33,-0.36,-0.08,-0.31,-0.17
31356,-1.47,-0.02,-0.26,0.13,-0.21,-0.17
31357,-1.47,-0.13,-0.36,-0.08,-0.21,-0.07
31358,-1.26,-0.02,-0.05,-0.08,-0.21,-0.17
31359,-1.16,-0.02,-0.36,0.03,-0.11,-0.07
31360,-1.16,0.08,-0.26,-0.08,-0.21,-0.28
31361,-1.47,0.19,-0.16,0.03,-0.11,-0.17
31362,-1.26,0.08,-0.16,0.03,-0.11,0.04
31363,-1.26,-0.02,-0.36,-0.08,-0.11,-0.07
31364,-1.26,-0.13,-0.16,-0.08,-0.00,0.04
31365,-1.47,-0.02,-0.16,0.03,-0.11,-0.07
31366,-1.36,-0.23,-0.16,-0.08,-0.11,-0.07
31367,-1.16,-0.13,-0.36,-0.08,-0.11,-0.07
31368,-1.05,-0.02,-0.16,-0.08,-0.11,0.04
31369,-1.26,-0.02,-0.05,-0.08,-0.11,-0.07
31370,-1.16,-0.13,0.05,0.03,-0.00,-0.17
31371,-1.16,0.08,0.05,-0.08,-0.11,-0.07
31372,-1.05,-0.02,-0.05,-0.08,-0.11,-0.07
31373,-1.16,-0.02,0.16,0.03,-0.11,-0.07
31374,-1.36,-0.02,0.05,0.03,-0.11,-0.07
31375,-1.36,-0.13,0.05,-0.08,-0.21,-0.17
31376,-1.47,-0.02,-0.16,-0.08,-0.11,-0.07
31377,-1.47,-0.02,-0.16,-0.08,-0.21,-0.17
31378,-1.78,-0.23,-0.26,-0.08,-0.11,-0.17
31379,-1.57,-0.33,-0.47,-0.08,-0.00,-0.17
31380,-1.57,-0.02,-0.57,-0.08,-0.21,-0.28
31381,-1.36,-0.23,-0.68,-0.08,0.10,-0.07
31382,-1.36,-0.13,-0.36,-0.08,-0.11,-0.17
31383,-1.26,-0.13,-0.36,0.03,-0.21,-0.07
31384,-1.16,-0.02,-0.26,-0.08,-0.00,-0.07
31385,-1.05,0.08,-0.16,-0.08,-0.00,-0.17
31386,-1.16,0.19,-0.05,0.03,-0.00,-0.07
31387,-1.16,-0.02,-0.05,-0.08,-0.00,0.04
31388,-1.26,0.08,0.16,0.03,-0.11,-0.17
31389,-1.16,0.19,0.16,-0.18,-0.11,-0.07
31390,-1.26,-0.02,0.05,0.03,-0.21,-0.17
31391,-1.26,-0.02,0.16,0.03,-0.11,-0.17
31392,-1.26,-0.23,-0.16,0.03,-0.11,-0.17
31393,-1.16,-0.13,-0.26,0.03,-0.11,-0.07
31394,-1.26,-0.23,-0.16,0.03,-0.21,0.04
31395,-1.36,-0.13,-0.16,-0.08,-0.11,-0.07
31396,-1.26,-0.23,-0.16,0.03,-0.21,-0.07
31397,-1.26,0.08,-0.05,0.03,-0.21,-0.17
31398,-1.26,-0.23,-0.36,-0.08,-0.11,-0.07
31399,-1.26,-0.13,-0.26,-0.08,-0.00,-0.17
31400,-1.47,-0.23,-0.05,0.03,-0.11,-0.07
31401,-1.36,-0.02,-0.16,-0.08,-0.00,-0.17
31402,-1.26,-0.02,-0.36,0.03,-0.11,-0.07
31403,-1.36,-0.02,-0.16,0.03,-0.00,-0.07
31404,-1.36,0.19,-0.26,-0.08,-0.11,-0.17
31405,-1.47,-0.23,-0.36,0.03,-0.21,-0.17
31406,-1.36,-0.13,-0.26,-0.08,-0.11,-0.07
31407,-1.26,-0.23,-0.26,-0.18,-0.11,-0.07
31408,-1.26,-0.13,-0.26,0.03,-0.11,-0.07
31409,-1.26,-0.23,-0.16,0.03,-0.11,-0.07
31410,-1.16,-0.13,-0.16,-0.08,-0.11,-0.07
31411,-1.05,-0.13,-0.26,0.03,-0.11,-0.07
31412,-1.16,0.08,0.16,-0.08,-0.11,-0.07
31413,-1.16,0.08,0.26,-0.08,-0.11,0.04
31414,-1.16,-0.02,0.16,0.03,-0.21,-0.07
31415,-1.05,-0.02,0.16,0.03,-0.21,-0.07
31416,-1.16,-0.02,0.05,0.03,-0.11,-0.17
31417,-1.26,-0.23,-0.05,-0.08,-0.21,-0.17
31418,-1.36,-0.44,-0.16,0.03,-0.11,-0.17
31419,-1.47,-0.13,-0.16,-0.08,-0.21,-0.07
31420,-1.47,-0.23,-0.47,0.03,-0.21,-0.07
31421,-1.68,0.08,-0.47,0.03,-0.11,-0.17
31422,-1.57,-0.33,-0.68,0.03,-0.11,-0.17
31423,-1.36,-0.33,-0.57,0.03,-0.11,-0.07
31424,-1.16,-0.02,-0.26,0.03,-0.21,-0.17
31425,-1.26,-0.13,-0.26,0.03,-0.11,-0.07
31426,-1.26,0.19,-0.26,0.03,-0.11,-0.28
31427,-1.26,-0.02,-0.05,0.03,-0.00,-0.07
31428,-1.05,-0.02,-0.05,0.03,-0.31,-0.17
31429,-1.16,0.29,0.05,-0.08,-0.21,-0.07
31430,-1.16,0.08,0.05,-0.08,-0.11,-0.07
31431,-1.26,-0.13,-0.05,-0.08,-0.11,-0.17
31432,-1.36,-0.02,-0.26,0.03,-0.11,-0.17
31433,-1.26,-0.13,0.05,0.03,-0.31,-0.07
31434,-1.16,0.08,-0.26,-0.08,-0.21,-0.17
31435,-1.26,-0.23,-0.26,-0.08,-0.11,-0.07
31436,-1.16,-0.23,-0.26,0.03,-0.11,-0.17
31437,-1.16,-0.13,-0.16,0.03,-0.11,-0.07
31438,-1.26,-0.02,-0.05,0.03,-0.21,-0.17
31439,-1.36,-0.02,-0.05,0.03,-0.11,-0.17
31440,-1.26,-0.13,-0.05,-0.08,-0.21,-0.07
31441,-1.16,-0.02,-0.16,-0.08,-0.21,-0.17
31442,-1.26,-0.02,0.16,-0.08,-0.11,-0.07
31443,-1.47,-0.02,-0.05,0.03,-0.00,-0.17
31444,-1.47,-0.13,-0.26,0.03,-0.11,-0.17
31445,-1.47,-0.02,-0.36,0.03,-0.21,-0.07
31446,-1.47,-0.13,-0.36,0.03,-0.21,-0.07
31447,-1.68,-0.13,-0.36,-0.08,-0.11,-0.07
31448,-1.47,-0.23,-0.36,-0.08,-0.21,-0.17
31449,-1.36,-0.13,-0.36,-0.18,-0.21,-0.17
31450,-1.26,-0.23,-0.57,-0.08,-0.11,-0.07
31451,-1.36,-0.02,-0.05,-0.08,-0.21,-0.07
31452,-1.26,-0.02,-0.05,-0.08,-0.11,-0.07
31453,-1.16,0.08,-0.16,-0.08,0.10,-0.07
31454,-1.05,-0.02,0.05,-0.08,-0.00,0.04
31455,-1.26,0.08,0.26,0.03,-0.11,-0.17
31456,-1.26,0.19,0.05,0.03,-0.11,-0.17
31457,-1.26,-0.02,0.16,-0.08,-0.11,-0.07
31458,-1.16,-0.02,0.05,-0.08,-0.11,-0.17
31459,-1.16,-0.13,-0.36,-0.08,-0.11,-0.07
31460,-1.36,-0.13,-0.05,0.03,-0.11,-0.07
31461,-1.47,-0.33,-0.26,-0.08,-0.21,-0.07
31462,-1.36,-0.13,-0.57,0.03,-0.11,-0.17
31463,-1.36,-0.23,-0.47,0.03,-0.11,-0.17
31464,-1.57,-0.13,-0.26,-0.08,-0.21,-0.17
31465,-1.57,-0.13,-0.57,0.03,-0.11,-0.17
31466,-1.36,-0.02,-0.16,-0.08,-0.11,-0.17
31467,-1.16,-0.13,-0.36,0.03,-0.11,-0.17
31468,-1.26,0.08,-0.26,-0.08,-0.21,-0.07
31469,-1.36,-0.02,0.05,-0.08,-0.11,-0.17
31470,-1.36,0.19,0.05,-0.08,-0.11,-0.07
31471,-1.16,0.19,-0.26,0.03,-0.11,-0.07
31472,-1.26,-0.02,0.05,-0.08,-0.11,-0.07
31473,-1.36,0.08,-0.05,-0.08,-0.11,-0.17
31474,-1.36,-0.23,-0.36,-0.18,-0.11,-0.17
31475,-1.26,-0.23,-0.26,0.03,-0.21,-0.17
31476,-1.26,-0.02,-0.16,-0.08,-0.11,-0.07
31477,-1.16,-0.02,-0.16,-0.08,-0.11,-0.07
31478,-1.05,-0.13,-0.16,-0.08,-0.21,-0.07
31479,-1.16,-0.13,0.05,-0.08,-0.11,-0.07
31480,-1.05,-0.02,-0.16,-0.08,-0.21,-0.07
31481,-1.16,0.08,0.05,0.03,-0.21,-0.07
31482,-1.26,-0.02,0.16,-0.08,-0.11,-0.17
31483,-1.26,-0.02,0.05,-0.08,-0.11,-0.07
31484,-1.36,0.08,0.05,-0.18,-0.11,-0.17
31485,-1.36,-0.13,-0.05,-0.08,-0.21,-0.17
31486,-1.47,-0.13,-0.26,0.03,-0.21,-0.07
31487,-1.57,-0.23,-0.36,-0.08,-0.11,-0.07
31488,-1.57,-0.13,-0.47,-0.08,-0.11,-0.17
31489,-1.57,-0.13,-0.47,0.03,-0.21,-0.07
31490,-1.36,-0.23,-0.57,0.03,-0.21,-0.07
31491,-1.47,-0.13,-0.47,-0.08,-0.11,-0.17
31492,-1.26,-0.13,-0.57,-0.08,-0.11,-0.17
31493,-1.26,-0.13,-0.26,-0.08,-0.11,-0.17
31494,-1.16,0.08,-0.05,0.03,-0.11,-0.07
31495,-1.16,0.08,-0.26,-0.08,-0.11,-0.07
31496,-1.05,0.08,0.05,-0.18,-0.11,-0.07
31497,-1.16,-0.02,0.16,-0.08,-0.11,-0.07
31498,-1.26,0.19,0.16,-0.08,0.10,-0.07
31499,-1.26,0.08,0.16,-0.08,-0.21,-0.17
31500,-1.16,-0.02,0.05,0.03,-0.00,0.04
31501,-1.16,-0.13,-0.16,0.03,-0.21,-0.07
31502,-1.16,-0.13,-0.16,0.03,-0.11,-0.17
31503,-1.47,-0.02,-0.16,0.03,-0.11,-0.17
31504,-1.47,-0.33,-0.36,0.03,-0.11,-0.07
31505,-1.47,-0.23,-0.26,-0.08,-0.11,0.04
31506,-1.26,-0.02,-0.36,0.03,-0.11,-0.07
31507,-1.47,-0.02,-0.26,0.03,-0.21,-0.07
31508,-1.36,-0.13,-0.26,-0.08,-0.11,-0.07
31509,-1.36,-0.02,-0.16,0.03,-0.11,-0.07
31510,-1.16,-0.02,-0.26,0.03,-0.11,-0.07
31511,-1.26,0.08,-0.05,-0.08,-0.11,-0.07
31512,-1.36,0.29,0.05,-0.08,-0.00,-0.07
31513,-1.36,-0.02,-0.16,0.03,-0.11,-0.07
31514,-1.16,-0.02,-0.26,-0.08,-0.11,-0.07
31515,-1.36,-0.13,-0.26,0.03,-0.11,-0.07
31516,-1.36,-0.02,-0.36,0.03,-0.11,-0.07
31517,-1.36,-0.23,-0.16,0.03,-0.11,-0.17
31518,-1.16,-0.13,-0.26,0.03,-0.11,-0.07
31519,-1.16,-0.02,-0.26,0.03,-0.11,-0.07
31520,-1.26,0.08,-0.16,0.03,-0.11,-0.07
31521,-1.16,-0.13,-0.16,0.03,-0.11,0.04
31522,-1.05,-0.02,-0.16,0.03,-0.11,-0.07
31523,-1.16,-0.02,0.05,-0.08,-0.11,-0.17
31524,-1.16,0.19,0.36,0.03,-0.21,-0.07
31525,-1.26,-0.02,-0.05,-0.08,-0.21,-0.07
31526,-1.26,-0.02,0.05,-0.08,-0.21,-0.07
31527,-1.26,-0.02,0.16,0.03,-0.11,-0.17
31528,-1.47,-0.13,-0.26,0.03,-0.11,-0.17
31529,-1.57,-0.23,-0.26,-0.08,-0.21,0.04
31530,-1.57,-0.13,-0.36,0.03,-0.11,-0.07
31531,-1.47,-0.13,-0.68,-0.08,-0.21,-0.07
31532,-1.47,-0.23,-0.47,-0.08,-0.21,-0.17
31533,-1.57,-0.02,-0.47,-0.08,-0.11,0.04
31534,-1.36,-0.13,-0.68,0.03,-0.21,-0.17
31535,-1.26,-0.13,-0.26,0.03,-0.00,-0.17
31536,-1.16,-0.02,-0.16,-0.08,-0.00,-0.17
31537,-1.16,0.08,-0.16,-0.18,-0.00,-0.07
31538,-1.16,0.08,-0.05,-0.08,-0.11,-0.17
31539,-1.16,-0.02,0.05,-0.08,-0.11,-0.07
31540,-1.26,-0.02,-0.05,-0.08,-0.21,-0.17
31541,-1.26,0.08,0.26,-0.08,-0.11,-0.17
31542,-1.26,0.08,0.36,0.03,-0.21,-0.07
31543,-1.16,-0.23,-0.16,-0.08,-0.00,-0.17
31544,-1.05,-0.23,-0.16,0.03,-0.11,-0.07
31545,-1.16,-0.23,-0.16,0.03,-0.11,-0.17
31546,-1.47,-0.02,-0.26,-0.08,-0.21,-0.17
31547,-1.47,-0.23,-0.26,0.03,-0.21,-0.17
31548,-1.36,-0.23,-0.26,-0.08,-0.21,-0.17
31549,-1.26,-0.13,-0.16,0.03,-0.11,0.04
31550,-1.36,-0.13,-0.26,0.03,-0.11,-0.07
31551,-1.47,-0.23,-0.05,-0.08,-0.21,-0.17
31552,-1.36,0.08,-0.26,-0.08,-0.00,-0.07
31553,-1.16,-0.02,-0.16,-0.08,-0.11,-0.17
31554,-1.26,-0.02,-0.05,-0.08,-0.11,-0.17
31555,-1.47,0.19,-0.36,-0.08,0.10,-0.07
31556,-1.26,-0.02,-0.36,0.03,-0.00,-0.07
31557,-1.26,-0.02,-0.26,-0.08,-0.00,0.04
31558,-1.36,-0.23,-0.36,0.03,-0.11,-0.07
31559,-1.36,-0.13,-0.16,-0.08,-0.11,0.04
31560,-1.26,-0.23,-0.05,-0.08,-0.00,-0.07
31561,-1.26,-0.02,-0.36,0.03,-0.11,-0.07
31562,-1.16,-0.13,-0.26,-0.08,-0.00,-0.17
31563,-1.16,-0.13,0.16,0.03,-0.00,-0.07
31564,-1.16,-0.13,-0.16,0.03,-0.21,-0.07
31565,-1.05,-0.02,0.16,0.03,-0.21,-0.17
31566,-1.05,-0.13,0.36,0.03,-0.11,-0.07
31567,-1.16,0.19,0.05,0.03,-0.11,-0.07
31568,-1.16,-0.02,0.05,0.03,-0.21,-0.17
31569,-1.26,-0.33,-0.05,-0.08,-0.21,-0.17
31570,-1.36,-0.02,-0.16,0.03,-0.21,-0.17
31571,-1.36,-0.13,-0.16,-0.08,-0.11,-0.07
31572,-1.47,-0.13,-0.16,-0.08,-0.11,-0.17
31573,-1.68,-0.02,-0.47,0.03,-0.11,-0.07
31574,-1.47,-0.23,-0.68,-0.08,-0.11,-0.07
31575,-1.57,-0.13,-0.57,-0.08,-0.00,-0.17
31576,-1.57,-0.13,-0.57,0.03,-0.21,-0.17
31577,-1.36,-0.23,-0.16,0.03,-0.21,-0.17
31578,-1.16,-0.02,-0.36,-0.08,-0.11,-0.07
31579,-1.05,0.08,-0.26,-0.08,-0.11,-0.07
31580,-1.16,0.29,-0.16,-0.08,-0.11,-0.07
31581,-1.16,0.08,-0.05,-0.08,-0.11,-0.07
31582,-1.16,-0.02,-0.05,-0.08,-0.11,-0.07
31583,-1.26,-0.02,0.16,0.03,-0.11,-0.07
31584,-1.26,0.19,0.26,0.03,-0.21,-0.17
31585,-1.16,0.19,0.16,0.03,-0.11,-0.17
31586,-1.16,-0.23,-0.16,0.03,-0.11,-0.07
31587,-1.26,-0.23,-0.16,-0.08,-0.00,-0.17
31588,-1.26,-0.33,-0.26,0.13,-0.11,-0.17
31589,-1.36,-0.13,-0.05,-0.08,-0.00,-0.17
31590,-1.36,-0.13,-0.26,-0.08,-0.21,-0.07
31591,-1.26,-0.23,-0.36,0.03,-0.31,-0.17
31592,-1.26,-0.23,-0.26,0.03,-0.21,-0.17
31593,-1.36,-0.33,-0.16,-0.18,-0.21,-0.07
31594,-1.26,-0.13,-0.36,0.03,-0.21,-0.17
31595,-1.36,-0.13,-0.05,0.03,-0.21,-0.07
31596,-1.16,-0.02,-0.16,0.03,-0.11,-0.17
31597,-1.26,-0.02,-0.26,0.03,-0.11,0.04
31598,-1.36,0.08,-0.26,-0.08,-0.11,-0.17
31599,-1.26,-0.13,-0.36,-0.08,-0.11,-0.17
31600,-1.36,-0.02,-0.36,0.03,-0.00,-0.17
31601,-1.26,-0.23,-0.36,-0.08,-0.00,-0.17
31602,-1.36,-0.02,-0.05,-0.08,-0.11,-0.07
31603,-1.36,-0.13,-0.26,-0.08,-0.00,-0.07
31604,-1.26,-0.13,-0.36,0.13,-0.11,-0.07
31605,-1.16,-0.13,-0.16,0.03,-0.21,0.04
31606,-1.16,-0.02,-0.16,-0.08,-0.11,-0.07
31607,-1.05,-0.13,0.16,0.03,-0.11,-0.07
31608,-1.05,0.08,0.26,-0.08,-0.11,-0.07
31609,-1.16,0.08,0.05,-0.08,-0.11,-0.17
31610,-1.16,-0.13,0.16,-0.08,-0.21,-0.07
31611,-1.26,-0.13,0.16,-0.08,-0.21,-0.17
31612,-1.26,-0.23,-0.16,-0.08,-0.11,-0.17
31613,-1.26,-0.13,-0.16,-0.08,-0.21,-0.17
31614,-1.36,-0.02,-0.05,-0.08,-0.21,-0.07
31615,-1.47,-0.13,-0.57,-0.18,-0.21,-0.17
31616,-1.57,-0.33,-0.68,-0.08,-0.21,-0.17
31617,-1.57,-0.13,-0.57,0.03,-0.21,-0.07
31618,-1.47,-0.13,-0.78,-0.08,-0.00,-0.17
31619,-1.47,-0.13,-0.36,-0.08,-0.11,-0.17
31620,-1.47,-0.33,-0.36,0.03,-0.00,-0.07
31621,-1.16,-0.02,-0.26,0.03,-0.21,-0.17
31622,-1.16,-0.02,-0.26,-0.08,-0.11,-0.17
31623,-1.26,0.19,-0.05,-0.08,-0.11,-0.07
31624,-1.26,-0.02,-0.26,0.13,-0.21,-0.07
31625,-1.05,-0.02,0.26,-0.18,-0.00,-0.17
31626,-1.16,-0.02,0.26,0.03,-0.00,-0.17
31627,-1.26,0.29,0.16,-0.08,-0.00,-0.17
31628,-1.26,0.19,0.05,-0.08,-0.11,-0.28
31629,-1.36,-0.33,-0.05,-0.08,-0.21,-0.28
31630,-1.36,-0.33,-0.36,0.03,-0.21,-0.07
31631,-1.26,-0.23,-0.16,-0.08,-0.11,-0.17
31632,-1.26,-0.02,-0.05,0.03,-0.21,-0.07
31633,-1.26,-0.23,-0.57,0.03,-0.11,-0.17
31634,-1.36,-0.23,-0.36,0.03,-0.11,0.04
31635,-1.16,-0.13,-0.26,0.03,-0.21,-0.07
31636,-1.36,-0.13,-0.47,0.03,-0.21,-0.07
31637,-1.26,-0.13,-0.16,0.03,-0.21,-0.17
31638,-1.26,-0.02,0.05,-0.08,-0.21,-0.17
31639,-1.16,-0.13,-0.36,0.13,-0.11,-0.07
31640,-1.47,0.08,-0.05,-0.08,-0.11,-0.07
31641,-1.47,-0.02,-0.16,0.03,-0.00,-0.07
31642,-1.36,-0.13,-0.47,-0.08,-0.00,-0.07
31643,-1.47,-0.13,-0.26,-0.18,-0.11,-0.07
31644,-1.47,-0.13,-0.05,-0.08,-0.21,-0.07
31645,-1.26,0.08,-0.26,-0.08,-0.11,-0.07
31646,-1.26,-0.23,-0.36,-0.18,-0.11,-0.17
31647,-1.36,-0.02,-0.26,-0.08,-0.21,0.04
31648,-1.16,-0.13,-0.26,-0.08,-0.11,-0.07
31649,-1.26,-0.23,-0.05,-0.08,-0.11,-0.17
31650,-1.16,-0.13,-0.05,0.03,-0.11,-0.07
31651,-1.16,0.19,0.16,-0.18,-0.11,-0.07
31652,-1.05,-0.13,0.05,0.03,-0.11,-0.07
31653,-1.16,-0.02,0.16,-0.08,-0.11,0.04
31654,-1.26,-0.13,-0.05,0.03,-0.11,-0.07
31655,-1.16,-0.13,0.05,-0.08,-0.21,-0.07
31656,-1.26,-0.02,-0.05,-0.08,-0.11,-0.07
31657,-1.36,-0.23,-0.26,0.03,-0.21,-0.17
31658,-1.47,-0.13,-0.26,-0.08,-0.21,-0.07
31659,-1.68,-0.23,-0.57,-0.08,-0.11,-0.07
31660,-1.57,-0.13,-0.68,-0.18,-0.21,-0.17
31661,-1.57,-0.02,-0.47,-0.08,-0.11,-0.17
31662,-1.57,-0.02,-0.36,-0.18,0.10,-0.07
31663,-1.36,-0.33,-0.57,-0.08,-0.11,-0.07
31664,-1.16,-0.13,-0.36,-0.08,-0.11,-0.17
31665,-1.26,-0.02,-0.16,-0.08,-0.00,-0.07
31666,-1.36,0.19,-0.16,-0.18,-0.11,-0.17
31667,-1.05,0.08,0.05,0.03,-0.11,-0.07
31668,-1.26,-0.02,0.26,-0.08,-0.00,0.04
31669,-1.16,0.08,0.16,-0.08,-0.11,-0.07
31670,-1.26,0.19,0.26,0.03,-0.21,-0.07
31671,-1.16,0.08,0.05,-0.08,-0.21,-0.28
31672,-1.16,-0.33,-0.26,0.03,-0.11,-0.17
31673,-1.16,-0.02,-0.16,-0.08,-0.00,-0.17
31674,-1.16,-0.13,-0.16,0.03,-0.11,-0.17
31675,-1.26,-0.02,-0.26,-0.08,-0.11,-0.17
31676,-1.47,-0.23,-0.36,0.03,-0.11,-0.17
31677,-1.36,-0.33,-0.36,0.03,-0.21,-0.17
31678,-1.36,-0.13,-0.47,0.03,-0.21,-0.07
31679,-1.47,0.08,-0.26,0.03,-0.21,-0.17
31680,-1.36,-0.13,-0.26,-0.08,-0.21,-0.07
31681,-1.26,0.08,-0.26,-0.08,-0.21,-0.17
31682,-1.16,-0.13,-0.26,0.03,-0.21,-0.17
31683,-1.16,-0.13,-0.16,0.03,-0.11,-0.07
31684,-1.36,0.08,-0.16,-0.08,-0.00,-0.07
31685,-1.26,0.08,-0.16,0.03,-0.11,-0.07
31686,-1.36,-0.02,-0.16,-0.08,-0.00,-0.17
31687,-1.26,-0.02,-0.36,-0.08,-0.11,-0.17
31688,-1.36,-0.02,0.05,-0.08,-0.11,-0.17
31689,-1.36,-0.13,-0.16,-0.08,-0.00,-0.17
31690,-1.26,-0.13,-0.36,-0.18,-0.11,-0.07
31691,-1.16,-0.13,-0.16,-0.08,-0.11,0.04
31692,-1.16,-0.02,-0.16,0.03,-0.00,-0.17
31693,-1.16,-0.13,-0.16,0.03,-0.11,-0.07
31694,-1.26,-0.13,0.26,0.03,-0.21,-0.07
31695,-1.05,-0.02,-0.05,0.03,-0.11,-0.28
31696,-1.05,0.08,0.05,0.03,-0.11,-0.17
31697,-1.36,-0.13,0.16,-0.08,-0.11,-0.07
31698,-1.36,-0.02,-0.05,0.13,-0.11,-0.17
31699,-1.26,-0.13,-0.16,-0.08,-0.21,-0.07
31700,-1.16,-0.13,0.16,-0.08,-0.11,-0.17
31701,-1.57,-0.02,-0.26,0.03,-0.21,-0.17
31886,-1.16,-0.33,-0.26,0.03,-0.11,-0.07
31887,-1.26,-0.13,-0.26,-0.08,-0.21,-0.07
31888,-1.16,-0.02,-0.16,-0.08,-0.11,-0.17
31889,-1.26,-0.02,0.05,-0.08,-0.21,-0.17
31890,-1.26,0.08,0.05,0.03,-0.21,-0.17
31891,-1.26,-0.13,0.05,0.03,-0.21,-0.17
31892,-1.26,-0.23,-0.05,0.03,-0.11,-0.07
31893,-1.36,-0.13,-0.26,-0.08,-0.21,0.04
31894,-1.26,-0.13,0.05,-0.08,-0.11,-0.07
31895,-1.36,-0.02,-0.26,-0.08,-0.21,-0.07
31896,-1.26,-0.13,-0.47,0.03,-0.21,-0.07
31897,-1.57,-0.02,-0.36,0.03,-0.31,-0.07
31898,-1.68,-0.02,-0.47,-0.08,-0.11,-0.17
31899,-1.57,-0.23,-0.57,0.03,-0.21,-0.17
31900,-1.36,-0.13,-0.36,0.03,-0.11,-0.07
31901,-1.26,-0.13,-0.36,0.03,-0.11,-0.07
31902,-1.26,-0.02,-0.36,0.03,-0.00,-0.07
31903,-1.16,-0.23,-0.05,-0.08,-0.00,-0.17
31904,-1.16,-0.02,-0.26,0.13,-0.00,-0.07
31905,-1.05,-0.02,-0.05,0.03,-0.00,-0.07
31906,-1.16,0.19,0.26,0.13,-0.21,0.04
31907,-1.26,-0.02,0.16,-0.08,-0.11,0.04
31908,-1.26,-0.02,0.16,0.03,-0.11,-0.07
31909,-1.05,-0.02,0.05,0.03,-0.11,-0.17
31910,-1.05,0.08,0.16,0.03,-0.21,-0.28
31911,-1.36,-0.13,-0.26,0.03,-0.11,-0.07
31912,-1.36,-0.23,-0.05,-0.08,-0.11,-0.07
31913,-1.26,-0.23,-0.26,0.03,-0.11,-0.07
31914,-1.36,-0.13,-0.47,0.03,-0.11,-0.07
31915,-1.47,-0.02,-0.36,0.03,-0.21,-0.07
31916,-1.57,-0.33,-0.47,0.03,-0.11,-0.17
31917,-1.57,-0.23,-0.68,0.13,-0.11,-0.07
31918,-1.36,-0.02,-0.47,-0.08,-0.11,-0.17
31919,-1.47,-0.02,-0.36,0.03,-0.21,-0.17
31920,-1.36,-0.13,-0.36,-0.08,-0.11,-0.07
31921,-1.16,-0.23,0.05,-0.18,-0.11,-0.07
31922,-1.16,-0.02,-0.26,0.03,-0.11,-0.07
31923,-1.16,0.19,-0.16,0.03,-0.11,-0.17
31924,-1.05,-0.02,0.16,0.03,-0.00,-0.17
31925,-1.26,0.19,-0.05,0.03,-0.11,-0.17
31926,-1.16,-0.02,0.05,0.03,-0.11,-0.07
31927,-1.36,0.08,0.36,-0.08,-0.00,-0.07
31928,-1.36,-0.02,0.05,0.03,-0.11,-0.17
31929,-1.16,-0.23,-0.16,-0.08,-0.11,0.04
31930,-1.16,-0.13,-0.16,-0.08,-0.11,-0.07
31931,-1.16,-0.13,-0.26,0.03,-0.21,0.04
31932,-1.36,-0.13,-0.26,0.03,-0.21,-0.07
31933,-1.36,-0.33,-0.16,-0.08,-0.21,-0.17
31934,-1.47,-0.02,-0.36,0.03,-0.21,-0.07
31935,-1.36,-0.13,-0.26,0.03,-0.21,-0.17
31936,-1.47,-0.13,-0.16,-0.08,-0.21,-0.17
31937,-1.36,-0.13,-0.26,0.03,-0.11,0.04
31938,-1.36,-0.02,-0.26,-0.08,-0.11,-0.07
31939,-1.26,-0.02,-0.16,0.03,-0.11,-0.17
31940,-1.26,0.08,-0.05,-0.08,-0.11,-0.17
31941,-1.36,0.08,-0.26,-0.08,-0.11,-0.17
31942,-1.36,0.08,-0.16,0.03,-0.11,-0.17
31943,-1.26,-0.02,-0.47,0.03,-0.00,-0.07
31944,-1.36,0.08,-0.16,-0.08,-0.11,-0.07
31945,-1.36,0.08,-0.05,0.03,-0.11,-0.17
31946,-1.26,-0.23,-0.26,0.03,-0.00,-0.07
31947,-1.16,-0.23,-0.36,-0.08,-0.21,-0.07
31948,-1.16,-0.02,-0.16,0.03,-0.11,-0.28
31949,-1.26,-0.13,-0.05,-0.08,-0.11,-0.17
31950,-1.16,-0.13,-0.05,0.03,-0.21,-0.07
31951,-1.16,-0.02,0.05,0.03,-0.00,-0.07
31952,-1.16,-0.02,0.05,0.03,-0.00,0.04
31953,-1.26,0.08,0.16,-0.08,-0.11,-0.17
31954,-1.36,-0.13,0.16,-0.08,-0.11,-0.07
31955,-1.16,-0.13,-0.05,0.03,-0.21,-0.17
31956,-1.16,-0.23,-0.05,-0.08,-0.21,-0.17
31957,-1.36,-0.02,0.05,-0.08,-0.00,-0.17
31958,-1.36,-0.13,-0.36,-0.18,-0.21,-0.17
31959,-1.47,-0.13,-0.36,0.03,-0.11,-0.07
31960,-1.47,-0.02,-0.36,-0.08,-0.21,-0.07
31961,-1.47,-0.13,-0.57,-0.08,-0.21,-0.17
31962,-1.57,-0.13,-0.57,-0.08,-0.11,-0.07
31963,-1.36,-0.23,-0.26,-0.08,-0.11,-0.17
31964,-1.47,-0.02,-0.57,-0.08,-0.11,-0.17
31965,-1.26,-0.13,-0.26,-0.08,-0.00,-0.07
31966,-1.26,0.08,-0.05,-0.08,-0.11,-0.07
31967,-1.16,-0.02,-0.16,-0.08,-0.11,-0.07
31968,-1.16,-0.13,-0.05,-0.08,-0.11,-0.17
31969,-1.05,-0.02,0.16,-0.08,-0.11,-0.07
31970,-1.16,0.29,0.05,0.13,-0.11,0.04
31971,-1.16,-0.02,0.26,0.03,-0.11,-0.07
31972,-1.05,-0.02,0.36,0.03,-0.11,-0.07
31973,-1.16,-0.02,-0.05,-0.08,-0.21,-0.07
31974,-1.26,-0.13,0.05,0.03,-0.21,-0.07
31975,-1.26,-0.23,-0.16,-0.08,-0.11,-0.07
31976,-1.36,-0.23,-0.26,-0.08,-0.21,-0.07
31977,-1.36,-0.23,-0.26,-0.08,-0.21,-0.17
31978,-1.26,-0.23,-0.47,-0.08,-0.11,-0.17
31979,-1.57,-0.02,-0.47,-0.18,-0.11,-0.17
31980,-1.57,-0.13,-0.57,-0.08,-0.11,-0.07
31981,-1.47,-0.23,-0.68,0.03,-0.21,-0.17
31982,-1.26,-0.02,-0.57,-0.18,-0.21,-0.07
31983,-1.36,-0.13,-0.16,-0.08,-0.11,-0.07
31984,-1.26,-0.02,-0.16,0.03,-0.11,0.04
31985,-1.26,0.19,-0.16,-0.08,-0.11,-0.07
31986,-1.05,-0.02,-0.26,-0.08,-0.11,-0.07
31987,-1.26,0.08,-0.05,-0.08,-0.00,-0.07
31988,-1.16,-0.02,0.05,0.03,-0.11,-0.07
31989,-1.26,-0.02,-0.05,0.03,-0.00,-0.17
31990,-1.16,-0.02,-0.05,-0.08,-0.00,0.04
31991,-1.26,0.08,0.05,0.03,-0.00,-0.07
31992,-1.26,-0.02,-0.05,0.03,-0.11,-0.17
31993,-1.36,-0.23,0.05,-0.08,-0.11,-0.17
31994,-1.26,-0.23,-0.36,0.03,-0.11,-0.17
31995,-1.16,-0.02,0.05,-0.08,-0.00,-0.07
31996,-1.26,0.08,0.05,-0.08,-0.11,-0.07
31997,-1.36,-0.13,-0.36,0.03,-0.11,-0.07
31998,-1.26,-0.13,-0.26,-0.08,-0.21,-0.17
31999,-1.26,-0.23,-0.26,-0.08,-0.21,-0.17
32000,-1.36,-0.13,-0.36,0.03,-0.11,-0.17
32001,-1.36,-0.13,-0.05,0.03,-0.11,-0.17
32002,-1.36,0.19,-0.05,-0.08,-0.21,-0.17
32003,-1.26,-0.02,-0.36,-0.08,-0.00,-0.17
32004,-1.26,-0.13,-0.05,0.03,-0.11,-0.07
32005,-1.47,-0.13,-0.16,0.03,-0.11,-0.07
32006,-1.36,-0.02,-0.47,-0.08,-0.11,0.04
32007,-1.36,-0.02,-0.16,-0.08,-0.11,-0.07
32008,-1.36,-0.02,-0.26,-0.08,-0.11,-0.07
32009,-1.36,-0.02,-0.26,-0.08,-0.11,-0.17
32010,-1.26,-0.23,-0.26,0.03,-0.21,-0.17
32011,-1.36,-0.13,-0.16,-0.08,-0.11,-0.07
32012,-1.26,-0.02,-0.26,0.03,-0.11,-0.17
32013,-1.26,-0.02,0.05,0.03,-0.11,-0.07
32014,-1.26,-0.13,0.05,0.03,-0.11,-0.17
32015,-1.26,-0.02,0.05,-0.08,-0.11,-0.07
32016,-1.05,-0.13,0.16,0.13,-0.11,0.04
32017,-1.26,0.08,0.16,0.03,-0.21,-0.07
32018,-1.26,-0.13,-0.05,0.03,-0.11,-0.17
32019,-1.26,-0.23,0.05,0.03,-0.21,-0.07
32020,-1.16,-0.23,0.05,0.03,-0.11,-0.17
32021,-1.36,0.08,-0.16,0.03,-0.11,-0.07
32022,-1.36,-0.13,-0.26,-0.08,-0.21,-0.07
32023,-1.57,-0.13,-0.26,0.03,-0.11,-0.07
32024,-1.47,-0.23,-0.68,-0.08,-0.21,-0.17
32025,-1.47,-0.13,-0.47,0.03,-0.21,-0.07
32026,-1.68,0.08,-0.47,-0.08,-0.11,-0.07
32027,-1.47,-0.02,-0.47,0.03,-0.11,-0.17
32028,-1.26,0.08,-0.47,0.03,-0.11,-0.07
32029,-1.26,-0.13,-0.36,-0.08,-0.00,-0.07
32030,-1.26,-0.13,-0.26,0.03,-0.00,-0.17
32031,-1.16,-0.13,-0.05,-0.18,-0.11,-0.17
32032,-1.16,0.08,0.16,0.03,-0.00,0.04
32033,-1.05,0.08,-0.05,-0.08,-0.11,-0.17
32034,-1.16,0.08,0.36,-0.08,-0.21,-0.28
32035,-1.16,0.08,0.16,-0.08,-0.00,-0.07
32036,-1.16,-0.13,0.05,-0.08,-0.21,0.04
32037,-1.16,-0.02,0.26,-0.08,-0.11,-0.17
32038,-1.16,-0.13,0.26,0.03,-0.11,-0.07
32039,-1.26,-0.02,-0.05,0.03,-0.11,-0.07
32040,-1.26,-0.23,-0.16,-0.08,-0.11,-0.07
32041,-1.26,-0.23,-0.36,-0.08,-0.11,-0.07
32042,-1.57,-0.23,-0.47,0.03,-0.21,-0.07
32043,-1.68,0.08,-0.36,-0.08,-0.21,-0.07
32044,-1.57,-0.02,-0.68,0.03,-0.11,-0.07
32045,-1.47,-0.23,-0.57,-0.08,-0.21,-0.07
32046,-1.47,-0.23,-0.36,-0.08,-0.11,-0.07
32047,-1.36,-0.13,-0.26,-0.08,-0.11,-0.07
32048,-1.36,-0.02,-0.26,-0.08,-0.11,-0.07
32049,-1.16,-0.13,-0.16,-0.08,-0.11,-0.07
32050,-1.26,0.08,-0.36,0.03,-0.11,-0.07
32051,-1.16,0.19,0.05,0.03,-0.11,-0.07
32052,-1.16,0.08,0.05,-0.08,-0.11,-0.07
32053,-1.16,0.08,-0.16,0.03,-0.11,-0.17
32054,-1.16,-0.13,-0.16,0.03,-0.00,-0.07
32055,-1.16,-0.13,0.16,-0.08,-0.00,-0.07
32056,-1.36,0.19,-0.16,-0.08,-0.00,-0.17
32057,-1.26,-0.23,-0.16,-0.08,-0.21,-0.07
32058,-1.16,-0.13,-0.05,0.03,-0.11,-0.07
32059,-1.16,-0.02,-0.05,-0.08,-0.21,-0.07
32060,-1.36,0.08,-0.26,0.03,-0.21,-0.17
32061,-1.36,-0.23,-0.16,-0.08,-0.21,-0.17
32062,-1.26,-0.13,-0.05,-0.08,-0.11,-0.17
32063,-1.26,-0.02,-0.16,-0.08,-0.21,-0.07
32064,-1.36,-0.02,-0.16,0.03,-0.21,-0.07
32065,-1.36,-0.13,-0.05,-0.08,-0.31,-0.07
32066,-1.26,-0.23,-0.26,0.03,-0.11,-0.07
32067,-1.16,-0.13,-0.16,0.13,0.10,-0.17
32068,-1.47,0.08,-0.16,0.03,-0.11,0.04
32069,-1.47,0.08,-0.26,-0.08,-0.11,0.04
32070,-1.36,-0.02,-0.26,-0.08,-0.00,-0.17
32071,-1.26,-0.02,-0.47,0.03,-0.11,-0.07
32072,-1.16,-0.13,-0.47,0.03,-0.21,-0.17
32073,-1.47,-0.02,-0.05,0.03,-0.00,-0.17
32074,-1.16,-0.02,-0.26,-0.08,-0.11,-0.17
32075,-1.16,-0.02,-0.36,-0.08,-0.00,-0.07
32076,-1.16,-0.02,-0.16,-0.08,-0.11,-0.07
32077,-1.26,-0.13,-0.26,-0.08,-0.11,-0.07
32078,-1.16,-0.13,-0.16,0.13,-0.11,0.04
32079,-1.16,0.19,0.26,0.13,-0.21,-0.07
32080,-1.05,0.08,0.16,-0.08,-0.21,-0.07
32081,-1.26,0.08,0.16,-0.08,-0.11,-0.07
32082,-1.26,-0.13,0.16,0.03,-0.21,-0.07
32083,-1.16,-0.23,-0.26,0.03,-0.11,-0.17
32084,-1.26,-0.33,-0.05,0.03,-0.11,-0.17
32085,-1.16,-0.02,0.05,-0.08,-0.11,-0.17
32086,-1.47,-0.02,-0.26,-0.08,-0.11,-0.07
32087,-1.36,-0.13,-0.26,-0.08,-0.21,-0.07
32088,-1.47,-0.23,-0.57,0.03,-0.11,-0.28
32089,-1.57,-0.02,-0.47,0.03,-0.00,-0.17
32090,-1.68,-0.13,-0.57,0.03,-0.00,-0.17
32091,-1.47,-0.13,-0.36,-0.08,-0.11,0.04
32092,-1.26,-0.02,-0.57,-0.08,-0.11,-0.28
32093,-1.26,-0.13,-0.47,-0.08,-0.00,-0.07
32094,-1.36,-0.02,-0.16,-0.08,-0.00,-0.17
32095,-1.26,-0.02,-0.26,-0.08,-0.11,0.04
32096,-1.05,-0.13,-0.16,0.03,-0.00,-0.17
32097,-1.05,-0.02,0.36,0.03,-0.11,0.04
32098,-1.05,0.19,0.05,0.03,-0.00,-0.07
32099,-1.16,-0.02,0.26,-0.08,-0.11,-0.07
32100,-1.16,-0.02,0.26,-0.08,-0.11,-0.07
32101,-1.16,-0.02,-0.05,-0.08,-0.11,-0.07
32102,-1.16,0.08,0.05,-0.18,-0.11,-0.17
32103,-1.36,-0.13,-0.05,0.03,-0.11,-0.17
32104,-1.36,-0.33,-0.36,-0.08,-0.11,-0.17
32105,-1.36,-0.13,-0.36,-0.08,-0.11,-0.07
32106,-1.36,-0.13,-0.16,-0.08,-0.21,-0.28
32107,-1.78,-0.02,-0.57,0.03,-0.11,-0.07
32108,-1.57,-0.33,-0.47,0.03,-0.11,-0.07
32109,-1.47,-0.02,-0.47,-0.08,-0.11,-0.17
32110,-1.47,-0.13,-0.47,0.03,-0.11,-0.17
32111,-1.26,-0.02,-0.26,0.03,-0.11,-0.07
32112,-1.47,-0.02,-0.05,-0.08,-0.00,-0.07
32113,-1.16,-0.13,-0.26,-0.08,-0.11,-0.17
32114,-1.16,0.08,-0.16,0.03,-0.11,-0.17
32115,-1.26,0.19,0.16,0.03,-0.11,-0.07
32116,-1.16,-0.02,-0.16,0.03,-0.11,0.04
32117,-1.05,-0.02,-0.05,0.03,-0.21,0.04
32118,-1.16,-0.02,0.05,0.03,-0.11,-0.07
32119,-1.26,-0.02,-0.05,0.03,-0.11,-0.07
32120,-1.26,0.08,0.05,-0.08,-0.00,-0.07
32121,-1.26,-0.13,0.05,-0.08,-0.11,-0.07
32122,-1.26,-0.13,-0.26,-0.18,-0.00,-0.17
32123,-1.26,-0.13,-0.05,0.03,-0.11,-0.07
32124,-1.36,-0.02,-0.05,0.03,-0.21,-0.17
32125,-1.36,-0.23,-0.36,-0.08,-0.11,-0.07
32126,-1.36,-0.13,-0.26,-0.08,-0.21,-0.17
32127,-1.36,-0.13,-0.16,-0.08,-0.21,-0.17
32128,-1.47,-0.13,-0.26,0.03,-0.11,-0.07
32129,-1.47,-0.23,-0.16,-0.08,-0.21,-0.07
32130,-1.26,-0.13,-0.16,-0.18,-0.11,-0.07
32131,-1.26,-0.13,-0.36,-0.08,-0.21,-0.07
32132,-1.26,-0.02,-0.05,-0.18,-0.11,-0.07
32133,-1.47,-0.02,-0.26,-0.08,-0.00,-0.17
32134,-1.26,-0.13,-0.26,0.03,-0.21,-0.07
32135,-1.36,0.08,-0.16,-0.08,-0.11,-0.07
32136,-1.16,-0.02,-0.36,0.03,-0.11,-0.07
32137,-1.26,-0.02,-0.36,-0.08,-0.11,-0.17
32138,-1.26,-0.02,-0.05,0.03,-0.11,-0.07
32139,-1.26,-0.13,-0.47,-0.08,-0.11,-0.07
32140,-1.16,-0.13,-0.26,0.03,-0.21,0.04
32141,-1.16,-0.02,-0.16,-0.08,-0.11,-0.17
32142,-1.26,-0.13,-0.26,0.03,-0.21,-0.17
32143,-1.16,-0.02,-0.05,0.03,-0.21,-0.07
32144,-1.16,-0.13,0.16,0.03,-0.21,-0.07
32145,-1.05,0.08,0.05,0.03,-0.00,-0.28
32146,-1.26,-0.02,0.05,-0.08,-0.21,-0.07
32147,-1.26,-0.02,-0.05,-0.08,-0.21,-0.17
32148,-1.36,-0.23,-0.16,0.03,-0.11,-0.07
32149,-1.26,-0.13,-0.05,0.03,-0.11,-0.17
32150,-1.47,-0.13,-0.05,0.03,-0.21,-0.17
32151,-1.47,-0.13,-0.36,-0.08,-0.11,-0.17
32152,-1.36,-0.02,-0.36,-0.08,-0.11,-0.28
32153,-1.57,-0.02,-0.36,-0.08,-0.11,0.04
32154,-1.78,-0.02,-0.68,0.03,-0.11,-0.07
32155,-1.47,-0.23,-0.68,-0.08,-0.11,-0.07
32156,-1.36,-0.13,-0.36,0.03,-0.11,-0.07
32157,-1.47,-0.02,-0.36,-0.18,-0.11,-0.07
32158,-1.36,0.08,-0.05,0.03,-0.00,-0.17
32159,-1.16,-0.13,-0.36,0.03,-0.11,-0.17
32160,-1.05,-0.13,-0.16,-0.18,-0.11,-0.17
32161,-1.05,-0.02,0.05,-0.18,-0.00,-0.17
32162,-1.16,0.08,0.26,0.03,-0.11,-0.07
32163,-1.26,0.19,0.16,-0.08,-0.11,-0.07
32164,-1.05,-0.02,0.26,-0.08,-0.11,-0.28
32165,-0.95,-0.02,0.16,0.03,-0.21,-0.07
32166,-1.05,-0.02,0.05,-0.08,-0.11,-0.07
32167,-1.26,-0.13,-0.05,-0.08,-0.21,-0.07
32168,-1.26,-0.23,0.16,-0.08,-0.21,-0.07
32169,-1.26,-0.13,-0.26,-0.08,0.10,-0.07
32170,-1.36,-0.13,-0.26,0.03,-0.11,-0.17
32171,-1.47,-0.33,-0.36,-0.08,-0.21,-0.07
32172,-1.68,-0.23,-0.68,-0.08,-0.21,-0.17
32173,-1.57,-0.13,-0.78,-0.18,-0.21,-0.17
32174,-1.57,-0.02,-0.36,0.03,-0.21,-0.07
32175,-1.47,-0.02,-0.47,0.03,-0.21,-0.17
32176,-1.47,-0.23,-0.47,0.03,-0.21,-0.07
32177,-1.26,-0.13,-0.05,-0.08,-0.21,-0.07
32178,-1.26,-0.02,-0.47,-0.08,-0.21,-0.07
32179,-1.16,0.19,-0.05,-0.08,-0.11,-0.07
32180,-1.16,0.08,0.05,0.03,-0.11,-0.17
32181,-1.16,0.19,0.05,0.03,-0.00,-0.07
32182,-0.95,-0.02,0.05,-0.08,-0.21,-0.17
32183,-1.26,0.08,0.26,-0.08,-0.11,-0.17
32184,-1.26,0.19,0.05,0.03,-0.11,-0.17
32185,-1.26,-0.13,-0.05,0.03,-0.11,-0.17
32186,-1.16,0.08,0.05,-0.08,-0.11,-0.17
32187,-1.26,-0.23,-0.16,-0.08,-0.21,-0.17
32188,-1.36,-0.13,-0.16,0.13,-0.00,-0.17
32189,-1.47,-0.33,-0.36,0.03,-0.11,-0.07
32190,-1.26,0.08,-0.36,0.03,-0.21,-0.17
32191,-1.36,-0.23,-0.36,-0.08,-0.11,-0.07
32192,-1.36,-0.02,-0.26,0.03,-0.11,-0.17
32193,-1.57,-0.13,-0.36,-0.08,-0.11,0.04
32194,-1.26,-0.13,-0.47,-0.08,-0.11,-0.17
32195,-1.26,-0.02,-0.26,-0.08,-0.00,-0.07
32196,-1.36,-0.02,-0.26,0.03,-0.11,-0.17
32197,-1.36,-0.13,-0.26,-0.08,-0.11,-0.07
32198,-1.16,0.08,-0.16,0.03,-0.11,-0.17
32199,-1.16,-0.02,-0.36,0.03,-0.00,-0.07
32200,-1.16,-0.02,-0.16,-0.08,-0.11,-0.07
32201,-1.36,0.19,-0.05,0.03,-0.11,-0.17
32202,-1.26,-0.02,-0.26,-0.08,-0.00,-0.17
32387,-1.36,-0.02,-0.16,0.03,-0.11,-0.07
32388,-1.36,-0.02,-0.26,-0.08,-0.11,-0.17
32389,-1.36,-0.13,-0.26,0.03,-0.11,-0.17
32390,-1.36,-0.02,-0.26,-0.08,-0.11,-0.07
32391,-1.26,0.19,-0.36,-0.08,-0.11,-0.17
32392,-1.26,0.08,-0.47,0.03,-0.11,0.04
32393,-1.47,-0.23,-0.05,-0.08,-0.11,-0.07
32394,-1.26,-0.13,-0.26,-0.08,-0.00,-0.17
32395,-1.05,-0.13,-0.26,0.13,-0.11,-0.07
32396,-1.26,0.08,0.05,0.03,-0.11,-0.17
32397,-1.26,-0.13,0.05,-0.08,-0.00,-0.07
32398,-1.16,-0.13,-0.05,-0.08,-0.21,-0.07
32399,-1.16,-0.13,0.26,0.03,-0.11,-0.07
32400,-1.16,0.08,0.16,0.03,-0.11,0.04
32401,-1.26,-0.02,0.16,0.03,-0.21,-0.17
32402,-1.26,-0.13,0.05,0.03,-0.11,-0.17
32403,-1.16,-0.23,-0.26,-0.08,-0.11,-0.07
32404,-1.26,-0.02,-0.05,-0.08,-0.11,-0.07
32405,-1.26,-0.23,-0.05,-0.08,-0.21,-0.28
32406,-1.47,-0.02,-0.47,-0.08,-0.21,-0.17
32407,-1.36,-0.13,-0.47,-0.08,-0.21,-0.07
32408,-1.47,-0.02,-0.36,0.03,-0.11,-0.07
32409,-1.68,0.08,-0.68,-0.08,-0.00,-0.07
32410,-1.57,-0.23,-0.47,-0.08,-0.00,-0.17
32411,-1.47,-0.02,-0.36,0.03,-0.00,-0.28
32412,-1.36,-0.13,-0.47,0.03,-0.11,-0.07
32413,-1.26,0.08,-0.26,0.03,-0.11,-0.07
32414,-1.26,-0.23,-0.26,0.13,-0.11,-0.17
32415,-1.16,-0.13,-0.26,0.03,-0.00,-0.17
32416,-1.05,-0.13,-0.16,0.03,-0.11,-0.07
32417,-1.16,-0.02,0.36,0.03,-0.11,-0.17
32418,-1.26,-0.02,0.05,0.03,-0.11,-0.07
32419,-1.05,-0.02,0.26,-0.08,-0.21,-0.07
32420,-1.05,-0.02,0.36,-0.18,-0.21,-0.17
32421,-1.26,0.08,0.05,-0.08,-0.00,-0.07
32422,-1.16,-0.13,0.16,-0.08,-0.11,-0.07
32423,-1.26,-0.23,0.05,-0.08,-0.21,-0.17
32424,-1.26,-0.23,-0.16,0.03,-0.21,-0.17
32425,-1.26,-0.13,-0.16,0.03,-0.11,-0.17
32426,-1.47,-0.13,-0.26,-0.08,-0.21,-0.17
32427,-1.57,-0.13,-0.47,-0.08,-0.11,-0.07
32428,-1.47,-0.13,-0.57,-0.08,-0.11,-0.17
32429,-1.57,-0.02,-0.57,0.03,-0.21,-0.17
32430,-1.68,-0.02,-0.57,0.03,-0.21,-0.17
32431,-1.57,-0.13,-0.47,0.03,-0.11,-0.07
32432,-1.47,0.08,-0.47,0.03,-0.11,-0.07
32433,-1.26,-0.02,-0.36,-0.18,-0.11,-0.17
32434,-1.26,-0.13,-0.05,0.03,-0.11,-0.07
32435,-1.26,-0.13,-0.16,-0.08,-0.11,0.04
32436,-0.95,-0.02,-0.05,-0.08,-0.11,0.04
32437,-1.16,-0.02,0.05,-0.08,-0.00,-0.07
32438,-1.05,-0.02,0.26,-0.18,-0.11,0.04
32439,-1.16,-0.02,0.26,0.03,-0.11,-0.07
32440,-1.05,-0.13,0.26,0.03,-0.11,-0.28
32441,-1.16,-0.13,0.05,0.03,-0.00,-0.07
32442,-1.16,-0.02,0.16,-0.08,-0.11,-0.07
32443,-1.26,-0.13,-0.05,0.03,-0.11,-0.17
32444,-1.26,-0.23,-0.16,-0.08,-0.00,-0.07
32445,-1.26,-0.23,-0.47,-0.08,-0.21,-0.07
32446,-1.36,-0.13,-0.26,0.03,-0.21,0.04
32447,-1.68,-0.13,-0.47,-0.08,-0.21,-0.07
32448,-1.57,-0.33,-0.68,0.03,-0.21,-0.17
32449,-1.57,-0.02,-0.36,-0.08,-0.11,-0.07
32450,-1.47,-0.02,-0.57,0.03,-0.11,-0.07
32451,-1.57,-0.02,-0.47,-0.08,-0.11,-0.07
32452,-1.36,-0.13,-0.16,-0.18,-0.11,-0.17
32453,-1.26,-0.13,-0.26,0.03,-0.11,-0.17
32454,-1.16,-0.13,-0.26,0.03,-0.00,-0.07
32455,-1.16,0.19,-0.05,-0.08,-0.11,-0.07
32456,-1.16,-0.02,-0.16,-0.08,-0.00,-0.07
32457,-1.05,0.08,-0.05,0.03,-0.00,-0.07
32458,-1.05,-0.13,0.16,-0.08,-0.00,-0.07
32459,-1.26,0.19,0.16,-0.08,-0.00,-0.07
32460,-1.36,-0.02,0.05,-0.18,-0.11,-0.07
32461,-1.16,-0.13,0.05,-0.08,-0.21,-0.17
32462,-1.16,-0.13,-0.26,0.03,-0.00,-0.07
32463,-1.05,-0.02,-0.05,-0.18,-0.11,-0.17
32464,-1.26,-0.23,-0.16,0.03,-0.21,0.04
32465,-1.36,-0.23,-0.26,0.03,-0.21,-0.17
32466,-1.36,-0.13,-0.36,0.03,-0.21,-0.07
32467,-1.36,-0.23,-0.36,-0.08,-0.31,-0.07
32468,-1.68,0.08,-0.47,0.03,-0.11,-0.17
32469,-1.57,-0.33,-0.36,-0.08,-0.00,-0.17
32470,-1.47,-0.13,-0.16,0.03,-0.11,-0.07
32471,-1.26,-0.02,-0.36,0.13,-0.31,-0.17
32472,-1.36,-0.02,-0.26,-0.18,-0.21,-0.17
32473,-1.36,-0.02,-0.05,0.03,-0.11,-0.17
32474,-1.26,-0.02,-0.36,0.03,-0.11,-0.28
32475,-1.26,-0.13,-0.26,0.03,-0.11,-0.17
32476,-1.26,0.19,0.05,-0.08,-0.11,-0.07
32477,-1.05,0.08,-0.26,-0.08,-0.11,-0.17
32478,-1.16,0.19,-0.16,0.03,-0.11,-0.07
32479,-1.16,-0.13,-0.05,-0.08,-0.11,-0.07
32480,-1.16,0.08,-0.16,0.03,-0.00,-0.28
32481,-1.36,-0.13,-0.16,0.03,-0.00,-0.17
32482,-1.26,-0.23,-0.26,-0.08,-0.11,-0.07
32483,-1.26,-0.13,-0.16,-0.08,-0.11,-0.17
32484,-1.16,0.08,-0.05,-0.18,-0.11,-0.17
32485,-1.36,0.08,-0.05,0.03,-0.21,-0.17
32486,-1.36,-0.13,-0.16,-0.08,-0.21,-0.17
32487,-1.16,-0.23,-0.16,-0.08,-0.11,-0.17
32488,-1.05,-0.02,-0.16,-0.08,-0.21,-0.17
32489,-1.36,-0.13,-0.16,0.03,-0.11,-0.07
32490,-1.26,-0.23,-0.05,-0.08,-0.11,-0.17
32491,-1.16,-0.13,-0.05,-0.08,-0.11,-0.07
32492,-1.16,-0.13,-0.36,0.03,-0.21,-0.17
32493,-1.36,-0.02,-0.26,-0.08,-0.11,-0.17
32494,-1.47,-0.13,-0.26,-0.08,-0.11,-0.17
32495,-1.47,0.08,-0.36,0.13,-0.11,-0.17
32496,-1.36,0.08,-0.36,-0.08,-0.00,-0.17
32497,-1.26,0.08,-0.16,0.03,-0.11,-0.17
32498,-1.47,0.19,-0.26,-0.08,-0.00,-0.07
32499,-1.36,-0.13,-0.16,-0.08,-0.21,-0.07
32500,-1.36,-0.13,-0.26,-0.08,-0.11,-0.17
32501,-1.26,-0.23,-0.26,0.13,-0.00,-0.07
32502,-1.26,0.08,-0.05,0.03,-0.11,-0.17
32503,-1.36,-0.13,-0.16,0.03,-0.00,-0.07
32504,-1.26,-0.13,-0.05,0.03,-0.11,-0.07
32505,-1.16,-0.13,-0.05,0.03,-0.11,-0.07
32506,-1.26,-0.23,0.16,0.03,-0.21,-0.07
32507,-1.26,-0.02,0.05,-0.18,-0.21,-0.17
32508,-1.26,-0.02,0.16,-0.08,-0.11,-0.07
32509,-1.16,-0.13,-0.16,-0.08,-0.21,-0.17
32510,-1.26,-0.23,-0.26,0.03,-0.21,-0.07
32511,-1.36,-0.23,-0.16,0.03,-0.21,-0.17
32512,-1.26,-0.13,-0.36,-0.08,-0.11,-0.17
32513,-1.26,-0.13,-0.36,0.03,-0.11,-0.17
32514,-1.47,0.08,-0.26,-0.08,-0.31,-0.17
32515,-1.47,0.08,-0.57,0.03,-0.00,-0.07
32516,-1.47,0.08,-0.68,0.03,0.10,-0.07
32517,-1.26,-0.23,-0.36,-0.08,-0.00,0.04
32518,-1.47,0.08,-0.36,-0.08,-0.11,-0.17
32519,-1.47,0.08,-0.16,0.03,-0.11,-0.17
32520,-1.36,-0.23,-0.16,0.03,-0.00,-0.07
32521,-1.16,-0.13,-0.36,-0.08,-0.11,0.04
32522,-1.05,-0.13,-0.16,0.03,-0.00,-0.07
32523,-1.26,-0.02,0.05,0.03,-0.00,0.04
32524,-1.05,-0.02,0.05,0.03,-0.11,-0.07
32525,-1.16,0.08,0.36,-0.08,-0.11,-0.07
32526,-1.05,0.08,0.16,0.03,-0.11,-0.07
32527,-1.16,0.08,0.16,0.03,-0.21,-0.07
32528,-1.16,-0.13,0.16,-0.08,-0.11,-0.07
32529,-1.26,-0.13,0.16,-0.08,-0.11,-0.07
32530,-1.26,-0.23,-0.05,-0.18,-0.11,-0.07
32531,-1.36,-0.13,-0.26,-0.08,-0.21,-0.07
32532,-1.47,-0.13,-0.16,0.03,-0.21,-0.07
32533,-1.47,-0.13,-0.47,-0.08,-0.11,-0.17
32534,-1.36,-0.13,-0.47,0.03,-0.21,-0.07
32535,-1.36,-0.02,-0.36,0.03,-0.21,-0.07
32536,-1.68,0.08,-0.47,-0.08,-0.00,-0.17
32537,-1.57,-0.23,-0.47,0.03,-0.00,-0.07
32538,-1.36,-0.02,-0.36,-0.08,-0.11,-0.07
32539,-1.36,-0.02,-0.57,-0.08,-0.00,0.04
32540,-1.26,-0.02,-0.26,-0.08,-0.11,-0.07
32541,-1.16,-0.13,-0.16,-0.08,-0.11,0.04
32542,-1.05,-0.13,-0.26,-0.08,0.10,0.04
32543,-1.05,-0.02,0.05,-0.08,-0.11,-0.17
32544,-1.16,0.08,0.16,0.03,-0.11,-0.07
32545,-1.16,-0.02,0.05,0.03,-0.11,-0.07
32546,-1.16,0.08,0.36,-0.08,-0.11,-0.07
32547,-1.05,-0.23,0.26,-0.08,-0.11,-0.07
32548,-1.05,-0.02,0.16,0.03,-0.11,-0.07
32549,-1.16,-0.13,0.05,0.03,-0.00,-0.07
32550,-1.26,-0.23,-0.05,0.13,-0.21,-0.17
32551,-1.16,-0.13,-0.36,0.03,-0.11,-0.17
32552,-1.26,-0.13,-0.16,-0.08,-0.11,-0.17
32553,-1.57,-0.02,-0.36,-0.08,-0.21,-0.07
32554,-1.47,-0.23,-0.68,0.03,-0.11,-0.17
32555,-1.47,-0.13,-0.47,-0.08,-0.21,-0.07
32556,-1.57,0.08,-0.47,0.03,-0.11,-0.17
32557,-1.78,-0.02,-0.47,0.03,-0.21,-0.07
32558,-1.47,-0.02,-0.36,-0.08,-0.11,-0.17
32559,-1.36,-0.02,-0.26,-0.18,-0.00,-0.07
32560,-1.16,-0.13,-0.47,0.03,-0.00,0.04
32561,-1.26,0.08,0.16,-0.08,-0.11,-0.07
32562,-1.05,-0.02,-0.16,-0.08,-0.11,-0.07
32563,-1.05,-0.02,-0.16,-0.08,-0.00,0.04
32564,-1.05,-0.13,0.16,0.03,-0.11,-0.28
32565,-1.05,0.08,0.26,-0.08,-0.00,-0.17
32566,-1.16,-0.02,0.16,-0.08,-0.11,-0.07
32567,-1.16,-0.02,0.16,0.03,-0.21,-0.07
32568,-1.05,-0.23,-0.05,-0.08,-0.21,-0.07
32569,-1.16,-0.13,-0.05,0.03,-0.00,-0.07
32570,-1.26,-0.02,0.05,0.03,-0.21,-0.07
32571,-1.26,-0.23,-0.26,0.03,-0.11,-0.07
32572,-1.26,-0.23,-0.36,-0.08,-0.11,-0.17
32573,-1.36,-0.02,-0.26,-0.08,-0.21,-0.07
32574,-1.68,-0.02,-0.68,-0.08,-0.11,-0.17
32575,-1.47,-0.13,-0.57,0.03,-0.21,-0.07
32576,-1.47,-0.23,-0.26,0.03,-0.11,-0.07
32577,-1.47,-0.02,-0.36,-0.08,-0.21,-0.07
32578,-1.57,0.08,-0.36,-0.18,-0.11,-0.07
32579,-1.26,-0.23,-0.16,-0.08,-0.21,-0.07
32580,-1.26,-0.13,-0.26,0.03,-0.00,-0.07
32581,-1.16,-0.02,-0.36,0.03,-0.00,-0.17
32582,-1.36,-0.02,-0.05,0.03,-0.11,-0.07
32583,-1.05,-0.02,-0.16,-0.08,-0.11,-0.07
32584,-1.05,-0.02,-0.05,-0.18,-0.21,-0.07
32585,-1.05,-0.02,0.05,-0.08,-0.21,-0.07
32586,-1.16,0.08,0.16,0.03,-0.21,0.04
32587,-1.26,0.19,0.16,-0.08,-0.21,-0.07
32588,-1.16,-0.02,0.05,-0.08,-0.11,-0.17
32589,-1.26,-0.23,-0.26,0.03,-0.21,-0.07
32590,-1.05,-0.13,-0.16,-0.08,-0.11,-0.07
32591,-1.26,-0.02,-0.05,-0.08,-0.31,-0.17
32592,-1.47,-0.23,-0.26,0.03,-0.21,-0.07
32593,-1.36,-0.02,-0.26,0.03,-0.21,-0.17
32594,-1.36,-0.02,-0.05,-0.08,-0.21,-0.17
32595,-1.57,-0.02,-0.36,0.03,-0.21,-0.07
32596,-1.57,-0.13,-0.47,-0.08,-0.11,-0.07
32597,-1.47,-0.23,-0.26,-0.08,-0.11,-0.07
32598,-1.26,-0.23,-0.57,0.03,-0.11,-0.17
32599,-1.36,-0.13,-0.16,-0.08,-0.11,-0.07
32600,-1.36,-0.13,-0.16,0.03,-0.11,-0.07
32601,-1.26,-0.02,-0.36,0.03,0.10,-0.07
32602,-1.16,-0.02,-0.26,-0.08,-0.11,-0.07
32603,-1.16,0.08,-0.16,0.03,-0.11,-0.07
32604,-1.16,0.08,-0.16,-0.08,-0.21,-0.07
32605,-1.16,-0.02,-0.16,0.13,-0.11,-0.07
32606,-1.16,-0.02,-0.16,0.03,-0.00,-0.17
32607,-1.26,-0.02,-0.05,0.03,-0.11,-0.07
32608,-1.26,-0.02,0.05,-0.08,-0.21,-0.07
32609,-1.26,-0.02,-0.05,-0.08,-0.11,-0.07
32610,-1.16,-0.13,-0.16,-0.08,-0.11,-0.07
32611,-1.16,-0.02,-0.05,0.03,-0.11,-0.07
32612,-1.36,0.08,-0.05,-0.08,-0.21,-0.07
32613,-1.26,-0.33,-0.26,0.03,-0.21,-0.07
32614,-1.36,-0.13,-0.16,0.13,-0.11,-0.07
32615,-1.36,-0.02,-0.26,-0.08,-0.11,-0.17
32616,-1.47,-0.13,-0.26,0.03,-0.11,-0.17
32617,-1.47,-0.23,-0.26,0.03,-0.31,-0.07
32618,-1.26,-0.13,-0.16,0.03,-0.21,-0.07
32619,-1.26,-0.02,-0.26,-0.08,-0.11,-0.17
32620,-1.36,-0.13,-0.16,0.03,-0.21,-0.17
32621,-1.36,-0.13,-0.36,-0.08,-0.11,-0.07
32622,-1.16,-0.13,-0.36,-0.08,-0.11,-0.07
32745,-1.68,-0.02,-0.78,0.03,-0.21,0.04
32746,-1.57,0.08,-0.47,-0.08,-0.11,-0.07
32747,-1.57,0.19,-0.26,0.13,-0.21,-0.07
32748,-1.47,-0.02,-0.36,0.03,-0.21,-0.07
32749,-1.36,-0.13,-0.36,-0.18,-0.21,-0.07
32750,-1.26,-0.13,-0.05,0.03,-0.11,-0.07
32751,-1.26,0.08,-0.26,-0.08,-0.11,0.04
32752,-1.16,-0.02,0.05,-0.08,-0.11,-0.07
32753,-1.05,-0.02,0.05,-0.08,-0.11,-0.07
32754,-1.05,-0.02,-0.16,0.03,-0.11,-0.17
32755,-1.05,0.19,0.26,-0.08,-0.11,0.04
32756,-1.16,0.08,0.16,0.03,-0.11,-0.07
32757,-1.16,-0.02,0.05,-0.08,-0.11,-0.17
32758,-1.16,-0.13,0.05,0.03,-0.11,-0.07
32759,-1.16,-0.13,-0.16,0.03,-0.21,-0.07
32760,-1.16,-0.02,-0.26,0.03,-0.11,-0.07
32761,-1.26,-0.33,-0.05,-0.08,-0.21,-0.17
32762,-1.36,-0.13,-0.26,0.03,-0.11,-0.07
32763,-1.36,-0.02,-0.36,0.03,-0.11,-0.17
32764,-1.57,-0.02,-0.36,-0.08,-0.21,-0.07
32765,-1.68,-0.13,-0.47,-0.08,-0.21,-0.17
32766,-1.47,-0.13,-0.47,0.03,-0.11,-0.17
32767,-1.47,-0.02,-0.36,-0.08,-0.11,-0.17
32768,-1.57,-0.02,-0.26,-0.08,-0.11,-0.07
32769,-1.47,-0.23,-0.26,0.03,-0.21,-0.17
32770,-1.26,-0.13,-0.26,-0.08,-0.21,0.04
32771,-1.16,-0.13,-0.16,-0.08,-0.11,-0.07
32772,-1.16,0.08,-0.16,0.03,-0.11,-0.07
32773,-1.16,-0.02,0.05,-0.08,-0.00,-0.07
32774,-1.05,-0.02,-0.05,0.03,-0.11,0.04
32775,-1.05,-0.13,-0.16,-0.08,-0.11,0.04
32776,-1.26,0.19,0.36,-0.08,-0.11,-0.07
32777,-1.26,0.08,0.26,0.03,-0.11,-0.17
32778,-1.26,-0.13,-0.05,0.03,-0.11,-0.07
32779,-1.16,-0.13,-0.05,0.03,-0.11,-0.07
32780,-1.16,-0.23,-0.26,-0.08,-0.11,-0.07
32781,-1.36,-0.02,-0.16,0.03,-0.21,-0.07
32782,-1.47,-0.23,0.05,0.03,-0.11,0.04
32783,-1.26,-0.02,-0.47,0.03,-0.21,-0.07
32784,-1.36,-0.02,-0.16,0.03,-0.11,-0.17
32786,-1.47,-0.02,-0.26,-0.18,-0.21,-0.17
32786,-1.68,-0.13,-0.57,-0.08,-0.11,-0.28
32787,-1.78,-0.13,-0.57,0.03,-0.21,-0.07
32788,-1.26,-0.13,-0.36,-0.08,-0.21,-0.17
32789,-1.57,0.19,-0.26,-0.08,-0.11,-0.07
32790,-1.36,-0.02,-0.26,-0.08,-0.11,0.04
32791,-1.26,-0.13,-0.05,-0.18,-0.11,-0.28
32792,-1.16,-0.23,-0.47,0.03,-0.00,-0.07
32793,-1.26,0.08,-0.16,0.03,-0.11,-0.07
32794,-1.16,0.08,0.05,-0.08,-0.11,-0.17
32795,-1.05,0.08,-0.16,-0.08,-0.00,0.04
32796,-1.05,-0.13,-0.05,-0.08,-0.11,-0.07
32797,-1.16,-0.02,0.16,-0.08,-0.11,-0.17
32798,-1.26,-0.13,-0.05,0.03,-0.11,-0.17
32799,-1.26,-0.23,0.05,-0.08,-0.11,-0.07
32800,-1.16,-0.23,-0.16,0.03,-0.00,-0.07
32801,-1.26,-0.02,-0.16,0.03,-0.00,-0.07
32802,-1.26,-0.02,-0.05,-0.08,-0.31,-0.07
32803,-1.36,-0.33,-0.16,0.03,-0.11,-0.17
32804,-1.36,-0.02,-0.26,0.03,-0.21,-0.17
32805,-1.26,-0.02,-0.26,0.03,-0.21,-0.17
32806,-1.68,-0.13,-0.16,0.03,-0.11,-0.07
32807,-1.57,-0.13,-0.26,0.03,-0.11,-0.17
32808,-1.47,-0.13,-0.36,0.03,-0.21,-0.17
32809,-1.36,-0.02,-0.26,-0.08,-0.21,-0.07
32810,-1.47,-0.02,-0.26,0.03,-0.11,-0.07
32811,-1.36,-0.23,-0.05,-0.08,-0.21,-0.17
32812,-1.26,-0.02,-0.16,0.03,-0.11,-0.17
32813,-1.05,-0.02,-0.47,-0.08,-0.11,0.04
32814,-1.16,0.08,-0.05,-0.08,-0.11,-0.17
32815,-1.26,0.08,-0.05,-0.08,-0.11,0.04
32816,-1.16,-0.13,-0.26,-0.08,-0.11,0.04
32817,-1.05,-0.13,-0.16,0.03,-0.00,0.04
32818,-1.26,0.08,-0.05,-0.08,-0.11,-0.07
32819,-1.36,0.08,0.05,-0.08,-0.11,-0.17
32820,-1.36,-0.23,-0.05,0.03,-0.21,-0.17
32821,-1.16,-0.13,-0.26,0.03,-0.11,-0.07
32822,-1.16,-0.13,0.05,-0.08,-0.11,-0.17
32823,-1.26,0.19,0.05,0.03,-0.11,-0.07
32824,-1.36,-0.23,-0.16,-0.08,-0.21,-0.17
32825,-1.36,-0.02,-0.16,0.03,-0.11,-0.17
32826,-1.26,-0.13,-0.16,-0.08,-0.31,-0.07
32827,-1.47,0.08,-0.26,0.03,-0.21,-0.07
32828,-1.47,-0.23,-0.36,0.03,-0.31,-0.17
32829,-1.26,-0.23,-0.16,0.03,-0.11,-0.07
32830,-1.26,-0.02,-0.36,-0.08,-0.11,0.04
32831,-1.36,-0.13,-0.26,0.03,-0.11,-0.17
32832,-1.36,-0.13,-0.16,-0.08,-0.31,-0.17
32833,-1.26,-0.13,-0.47,0.03,-0.11,-0.07
32834,-1.16,-0.02,-0.26,0.03,-0.11,-0.07
32835,-1.16,0.08,-0.16,-0.08,-0.11,-0.07
32836,-1.16,-0.02,-0.16,-0.08,-0.11,-0.07
32837,-1.16,0.08,-0.16,-0.08,-0.11,-0.07
32838,-1.05,-0.13,-0.16,-0.08,-0.11,-0.17
32839,-1.26,-0.02,-0.05,0.03,-0.21,-0.17
32840,-1.36,0.08,-0.05,0.03,-0.11,-0.07
32841,-1.36,-0.13,-0.05,0.03,-0.00,-0.07
32842,-1.16,-0.13,-0.16,-0.08,-0.00,-0.07
32843,-1.26,-0.02,0.05,-0.08,-0.21,-0.17
32844,-1.47,-0.02,-0.05,0.03,-0.21,0.04
32845,-1.36,-0.02,-0.16,0.03,-0.21,-0.07
32846,-1.26,0.08,-0.05,0.03,-0.11,-0.17
32847,-1.16,-0.23,-0.05,-0.08,-0.21,-0.07
32848,-1.47,-0.02,-0.05,0.03,-0.11,-0.07
32849,-1.47,-0.33,-0.26,0.03,-0.11,-0.07
32850,-1.36,-0.23,-0.05,-0.08,-0.00,-0.07
32851,-1.26,-0.13,-0.36,-0.08,-0.21,-0.07
32852,-1.36,0.08,-0.16,-0.08,-0.21,-0.07
32853,-1.47,-0.02,-0.26,0.03,-0.11,0.04
32854,-1.16,-0.23,-0.47,0.03,-0.00,-0.07
32855,-1.26,-0.13,-0.36,0.03,-0.11,-0.07
32856,-1.26,0.19,-0.26,0.03,-0.00,-0.07
32857,-1.36,-0.02,-0.26,-0.18,-0.11,-0.17
32858,-1.26,-0.02,-0.16,-0.08,-0.00,-0.07
32859,-1.26,-0.13,-0.26,0.03,-0.00,-0.17
32860,-1.26,-0.02,-0.16,-0.08,-0.11,0.04
32861,-1.36,-0.13,-0.05,-0.08,-0.11,-0.07
32862,-1.26,-0.13,-0.05,0.03,-0.11,-0.07
32863,-1.16,-0.13,-0.16,0.03,-0.11,0.04
32864,-1.16,-0.02,0.05,0.03,-0.11,-0.07
32865,-1.16,0.29,0.05,-0.08,-0.21,-0.17
32866,-1.36,-0.02,0.05,-0.08,-0.21,-0.07
32867,-1.36,-0.02,-0.05,-0.08,-0.11,-0.17
32868,-1.26,-0.13,-0.05,-0.08,-0.11,-0.07
32869,-1.36,-0.13,-0.26,-0.08,-0.21,-0.17
32870,-1.26,-0.23,0.16,-0.08,-0.21,-0.17
32871,-1.36,-0.13,-0.26,-0.08,-0.00,-0.07
32873,-1.36,-0.02,-0.26,-0.18,-0.11,-0.07
32873,-1.36,-0.13,-0.16,-0.08,-0.11,-0.17
32874,-1.36,-0.13,-0.47,0.03,-0.21,-0.17
32875,-1.36,-0.13,-0.57,0.13,-0.11,-0.07
32876,-1.26,-0.13,-0.26,0.03,-0.00,-0.07
32877,-1.26,0.08,-0.16,-0.08,-0.11,-0.07
32878,-1.36,0.29,-0.26,-0.08,-0.11,-0.07
32879,-1.26,0.08,-0.05,0.03,-0.11,-0.07
32880,-1.05,-0.13,-0.36,-0.18,-0.11,-0.17
32881,-1.26,-0.13,-0.16,-0.08,-0.00,-0.07
32882,-1.26,0.08,0.16,-0.08,-0.11,-0.17
32883,-1.36,-0.13,-0.16,0.03,-0.00,-0.07
32884,-1.16,0.08,0.05,-0.08,-0.21,-0.07
32885,-1.05,-0.02,0.05,-0.08,-0.00,0.04
32886,-1.36,0.08,0.05,0.03,-0.00,0.04
32887,-1.26,-0.23,0.05,-0.08,-0.21,0.04
32888,-1.16,-0.02,0.05,-0.08,-0.21,-0.07
32889,-1.16,-0.23,-0.16,0.03,-0.21,-0.17
32890,-1.36,0.08,-0.16,-0.08,-0.11,-0.17
32891,-1.36,-0.33,-0.16,0.03,-0.21,-0.17
32892,-1.36,-0.13,-0.26,-0.08,-0.21,-0.07
32893,-1.26,-0.13,-0.36,-0.08,-0.21,-0.07
32894,-1.36,-0.13,-0.36,0.03,-0.11,-0.17
32895,-1.47,-0.02,-0.26,0.03,-0.21,-0.17
32896,-1.36,-0.13,-0.36,-0.18,-0.21,-0.17
32897,-1.36,0.08,-0.36,0.03,-0.11,-0.07
32898,-1.26,0.19,-0.36,-0.08,-0.11,-0.28
32899,-1.26,0.08,-0.26,-0.08,-0.11,-0.07
33074,-1.16,0.08,-0.05,0.03,-0.21,-0.07
33075,-1.16,-0.02,0.26,0.03,-0.11,0.04
33076,-1.36,-0.13,0.16,-0.18,-0.11,-0.17
33077,-1.26,-0.13,0.16,0.03,-0.11,-0.07
33078,-1.16,-0.23,0.05,0.03,-0.21,-0.07
33079,-1.26,-0.13,-0.16,-0.08,-0.11,-0.07
33080,-1.26,-0.33,-0.16,0.03,-0.21,-0.17
33081,-1.05,-0.13,-0.16,0.03,-0.21,-0.17
33082,-1.05,-0.13,-0.36,0.03,-0.21,-0.17
33083,-1.26,-0.13,-0.36,0.03,-0.11,-0.07
33084,-1.47,-0.13,-0.36,0.03,-0.11,-0.07
33085,-1.47,0.08,-0.47,-0.08,-0.11,-0.07
33086,-1.36,0.08,-0.68,-0.08,-0.11,-0.07
33087,-1.47,0.19,-0.26,-0.08,-0.00,-0.07
33088,-1.47,0.19,-0.26,-0.08,-0.11,0.04
33089,-1.36,0.08,-0.36,-0.08,-0.21,-0.17
33090,-1.36,-0.13,-0.16,-0.08,-0.11,-0.28
33091,-1.47,-0.02,-0.26,-0.08,-0.11,-0.07
33092,-1.36,0.08,-0.05,-0.08,-0.11,-0.17
33093,-1.36,-0.02,0.05,-0.08,-0.11,-0.07
33094,-1.05,-0.02,-0.05,0.03,-0.11,-0.07
33095,-1.16,-0.02,0.05,-0.08,-0.00,-0.07
33096,-1.26,0.08,0.26,-0.08,-0.21,-0.07
33097,-1.26,-0.33,-0.05,-0.08,-0.11,-0.07
33098,-1.16,-0.13,0.05,-0.08,-0.11,-0.17
33099,-1.05,-0.33,-0.05,0.03,-0.31,-0.17
33100,-1.16,-0.02,-0.26,0.13,-0.21,-0.17
33101,-1.36,-0.33,-0.05,0.03,-0.11,-0.07
33102,-1.16,-0.23,-0.16,-0.08,-0.21,-0.07
33103,-1.26,-0.23,-0.57,0.03,-0.21,-0.28
33104,-1.26,-0.02,-0.26,0.03,-0.21,-0.07
33105,-1.57,0.08,-0.36,-0.08,-0.21,-0.17
33106,-1.36,-0.02,-0.47,0.03,-0.11,-0.17
33107,-1.36,-0.02,-0.47,-0.08,-0.11,-0.28
33108,-1.47,0.19,-0.26,-0.08,-0.21,-0.17
33109,-1.36,0.08,-0.26,-0.08,-0.00,-0.07
33110,-1.36,-0.02,-0.26,-0.08,-0.00,-0.07
33111,-1.26,-0.13,-0.36,0.13,-0.11,-0.07
33112,-1.26,-0.23,-0.05,0.03,-0.11,-0.17
33113,-1.26,0.08,0.16,0.03,-0.21,-0.07
33114,-1.26,-0.13,-0.16,0.13,-0.11,-0.17
33115,-1.26,-0.02,0.05,-0.08,-0.11,-0.17
33116,-1.05,-0.13,0.16,-0.08,-0.21,-0.07
33117,-1.16,0.19,0.05,0.03,-0.21,-0.17
33118,-1.16,-0.02,0.05,-0.08,-0.21,-0.07
33119,-1.26,-0.13,0.16,-0.08,-0.11,-0.17
33120,-1.16,-0.33,-0.26,0.13,-0.21,-0.17
33121,-1.36,-0.13,-0.16,0.03,-0.11,-0.07
33122,-1.47,-0.23,-0.05,-0.08,-0.21,-0.17
33123,-1.26,-0.13,-0.26,0.03,-0.11,-0.17
33124,-1.16,-0.33,-0.26,0.13,-0.21,-0.17
33125,-1.36,-0.13,-0.36,-0.08,-0.11,-0.07
33126,-1.57,-0.23,-0.47,-0.08,-0.00,-0.07
33127,-1.36,-0.02,-0.47,-0.08,-0.00,-0.07
33128,-1.16,-0.02,-0.47,-0.08,-0.00,-0.07
33129,-1.26,0.08,-0.36,0.03,-0.11,-0.07
33130,-1.26,0.29,-0.26,0.03,-0.11,0.04
33131,-1.36,-0.02,-0.16,0.03,-0.11,-0.17
33132,-1.36,-0.02,-0.57,-0.08,-0.11,-0.07
33133,-1.16,-0.13,-0.16,0.03,-0.00,-0.07
33134,-1.26,0.19,0.16,-0.18,-0.21,-0.17
33135,-1.26,-0.23,-0.26,0.03,-0.11,0.04
33136,-1.16,-0.02,0.05,0.03,-0.00,-0.07
33137,-1.05,-0.13,0.05,-0.08,-0.11,-0.07
33138,-1.16,-0.02,0.05,0.03,-0.21,-0.17
33139,-1.26,-0.02,0.16,0.03,-0.11,-0.17
33140,-1.26,-0.23,-0.05,0.03,-0.11,-0.07
33141,-1.16,-0.23,-0.26,0.03,-0.21,-0.17
33142,-1.36,-0.02,0.05,0.03,-0.31,-0.07
33143,-1.47,-0.23,-0.05,-0.08,-0.21,-0.07
33144,-1.26,-0.13,-0.36,0.03,-0.11,-0.07
33145,-1.16,-0.13,-0.16,0.03,-0.11,-0.17
33146,-1.26,0.08,-0.26,0.03,-0.11,-0.28
33147,-1.47,-0.13,-0.47,-0.08,-0.11,-0.17
33148,-1.47,-0.02,-0.16,-0.08,-0.00,-0.17
33149,-1.47,-0.13,-0.36,-0.18,-0.11,-0.07
33150,-1.36,0.08,-0.36,-0.08,-0.11,-0.07
33151,-1.47,0.19,0.05,-0.18,-0.11,-0.07
33152,-1.26,0.19,-0.26,0.03,-0.00,-0.07
33153,-1.26,-0.13,-0.26,0.03,-0.00,-0.07
33154,-1.36,-0.13,-0.05,0.03,-0.11,-0.28
33155,-1.36,0.08,-0.16,0.03,-0.11,-0.07
33156,-1.36,-0.13,-0.05,-0.08,-0.11,-0.07
33157,-1.16,-0.02,0.05,-0.08,-0.21,-0.17
33158,-1.05,-0.02,0.05,0.03,-0.11,-0.17
33159,-1.26,-0.02,0.16,-0.08,-0.11,-0.17
33160,-1.36,-0.23,0.16,-0.18,-0.00,0.04
33161,-1.26,-0.02,-0.26,-0.08,-0.11,-0.07
33162,-1.26,-0.23,-0.05,0.03,-0.21,-0.28
33163,-1.26,-0.02,0.16,-0.08,-0.11,-0.28
33164,-1.57,-0.33,-0.26,-0.18,-0.11,0.04
33165,-1.36,-0.33,-0.26,0.03,-0.21,-0.07
33166,-1.26,-0.23,-0.36,0.03,-0.11,-0.17
33167,-1.36,-0.13,-0.47,-0.08,-0.21,-0.07
33168,-1.36,-0.02,-0.16,-0.08,-0.11,-0.17
33169,-1.26,-0.02,-0.36,-0.08,-0.11,-0.28
33170,-1.26,0.08,-0.68,-0.08,0.10,-0.07
33171,-1.26,0.19,-0.16,0.03,-0.11,-0.07
33172,-1.26,0.19,-0.05,-0.08,-0.11,-0.07
33173,-1.36,0.08,-0.36,0.03,-0.00,-0.07
33174,-1.16,-0.23,-0.16,0.13,-0.11,0.04
33175,-1.36,-0.23,-0.36,0.03,-0.00,-0.07
33176,-1.26,0.08,0.05,0.03,-0.21,-0.17
33177,-1.47,-0.23,0.05,-0.08,-0.00,-0.28
33178,-1.16,-0.02,-0.26,0.03,-0.21,-0.07
33179,-1.16,-0.02,-0.16,-0.08,-0.21,-0.17
33180,-1.26,0.08,0.36,-0.18,-0.21,-0.07
33181,-1.36,-0.02,-0.05,0.03,-0.11,-0.17
33182,-1.16,-0.13,-0.16,0.03,-0.11,-0.17
33183,-1.16,-0.13,-0.05,-0.08,-0.11,-0.07
33184,-1.36,-0.02,-0.05,-0.08,-0.11,-0.17
33185,-1.47,-0.33,-0.36,-0.08,-0.11,-0.07
33186,-1.36,-0.23,-0.16,0.03,-0.31,-0.17
33187,-1.26,-0.13,-0.36,0.03,-0.11,-0.17
33188,-1.26,-0.13,-0.36,0.03,-0.21,-0.07
33189,-1.36,-0.13,-0.16,-0.08,-0.00,-0.07
33190,-1.26,-0.23,-0.47,0.03,-0.11,-0.07
33191,-1.26,-0.02,-0.57,-0.08,-0.11,-0.07
33192,-1.16,0.19,0.16,-0.08,-0.21,-0.07
33193,-1.26,0.08,-0.26,-0.08,-0.21,-0.07
33194,-1.26,0.08,-0.16,-0.08,-0.00,0.04
33195,-1.16,-0.13,-0.16,-0.08,-0.11,0.04
33196,-1.26,-0.02,-0.05,-0.08,-0.11,-0.17
33197,-1.36,-0.13,-0.05,-0.08,-0.11,-0.07
33198,-1.26,-0.23,0.05,-0.08,-0.11,-0.07
33199,-1.16,-0.23,-0.26,0.03,-0.21,-0.07
33200,-1.16,0.08,-0.16,0.03,-0.21,-0.07
33201,-1.26,-0.02,0.05,-0.08,-0.11,-0.07
33202,-1.36,-0.13,-0.05,0.03,-0.21,-0.17
33203,-1.26,-0.13,-0.16,0.03,-0.21,-0.17
33204,-1.26,-0.02,-0.26,0.03,-0.11,-0.17
33205,-1.47,0.08,-0.16,-0.18,-0.00,-0.07
33206,-1.57,-0.02,-0.36,-0.08,-0.11,-0.07
33207,-1.36,-0.33,-0.26,0.03,-0.11,-0.07
33208,-1.36,-0.23,-0.57,-0.08,-0.11,-0.07
33209,-1.26,-0.13,-0.36,0.03,-0.00,-0.17
33210,-1.47,-0.13,-0.26,-0.08,-0.21,-0.07
33211,-1.26,-0.02,-0.26,0.03,-0.11,-0.17
33212,-1.05,-0.02,-0.47,-0.08,-0.11,-0.17
33213,-1.26,0.08,-0.16,-0.08,-0.11,-0.17
33214,-1.26,-0.02,-0.36,0.03,-0.11,-0.07
33215,-1.26,0.19,-0.05,-0.08,-0.21,-0.17
33216,-1.05,-0.02,-0.26,-0.08,-0.11,-0.07
33217,-1.26,-0.13,-0.16,-0.08,-0.11,-0.07
33218,-1.26,0.08,0.26,-0.08,-0.00,-0.28
33219,-1.36,-0.23,-0.05,0.03,-0.11,-0.07
33220,-1.16,-0.23,-0.36,0.03,-0.11,-0.28
33221,-1.16,-0.23,0.05,-0.08,-0.11,-0.07
33222,-1.36,0.08,-0.05,-0.08,-0.21,-0.17
33223,-1.26,-0.13,-0.05,-0.08,-0.21,-0.07
33224,-1.36,-0.13,-0.05,-0.08,-0.21,0.04
33225,-1.36,-0.13,-0.36,0.03,-0.21,-0.28
33226,-1.57,-0.02,-0.16,0.03,-0.00,-0.17
33227,-1.57,-0.23,-0.16,0.03,-0.11,-0.17
33228,-1.47,-0.13,-0.36,0.03,-0.11,-0.17
33229,-1.36,-0.13,-0.36,-0.18,-0.11,-0.07
33230,-1.47,-0.13,-0.36,-0.08,-0.11,-0.07
33231,-1.47,-0.13,-0.36,-0.08,-0.11,-0.07
33232,-1.26,-0.33,-0.36,-0.08,-0.11,-0.07
33233,-1.16,-0.13,-0.26,-0.08,-0.21,-0.07
33234,-1.16,0.29,-0.05,0.03,-0.00,-0.07
33235,-1.16,0.19,-0.16,0.03,-0.21,-0.07
33236,-1.26,-0.13,-0.16,0.13,-0.11,-0.07
33237,-1.05,-0.02,-0.26,-0.08,-0.11,-0.17
33238,-1.16,-0.02,0.05,-0.08,-0.11,-0.07
33239,-1.16,0.08,0.26,-0.18,-0.21,-0.07
33240,-1.26,-0.13,-0.05,-0.08,-0.11,-0.17
33241,-1.05,-0.13,-0.05,-0.08,-0.11,-0.17
33242,-1.16,-0.13,0.05,-0.08,-0.00,-0.17
33243,-1.36,-0.13,-0.26,-0.08,-0.11,-0.17
33244,-1.36,-0.02,-0.05,-0.08,-0.11,0.04
33245,-1.26,-0.13,-0.05,0.03,-0.21,-0.07
33246,-1.26,-0.02,-0.26,0.03,-0.11,-0.17
33247,-1.47,-0.02,-0.05,-0.18,-0.00,-0.07
33248,-1.68,-0.33,-0.26,0.03,-0.21,-0.17
33249,-1.47,-0.23,-0.57,0.13,-0.11,-0.17
33250,-1.36,-0.23,-0.47,0.03,-0.11,-0.17
33251,-1.47,-0.13,-0.36,-0.18,-0.11,-0.17
33252,-1.57,-0.13,-0.47,-0.18,-0.11,-0.17
33253,-1.26,-0.02,-0.16,-0.08,-0.00,-0.17
33254,-1.26,-0.13,-0.26,0.03,-0.21,-0.17
33255,-1.26,0.29,-0.36,-0.08,-0.11,-0.07
33256,-1.36,-0.02,-0.05,-0.08,-0.00,0.04
33257,-1.16,0.08,-0.16,0.03,-0.11,0.04
33258,-1.05,-0.13,-0.26,0.03,0.10,-0.17
33259,-1.05,0.08,0.26,-0.18,-0.21,0.04
33260,-1.36,-0.02,0.05,0.03,-0.11,-0.07
33261,-1.26,-0.13,-0.16,0.03,-0.21,-0.07
33262,-1.26,-0.13,0.16,-0.08,-0.11,-0.07
33263,-1.05,-0.02,-0.05,0.03,-0.21,-0.17
33264,-1.26,-0.02,-0.05,-0.08,-0.11,-0.07
33265,-1.26,-0.13,0.05,-0.08,-0.21,-0.07
33266,-1.36,-0.23,-0.26,0.03,-0.11,-0.07
33267,-1.36,0.08,-0.16,0.03,-0.21,-0.07
33268,-1.47,-0.13,-0.16,0.03,-0.21,-0.07
33269,-1.68,-0.23,-0.36,-0.08,-0.11,-0.07
33270,-1.57,-0.13,-0.47,-0.08,-0.11,-0.17
33271,-1.47,-0.13,-0.26,-0.08,-0.11,-0.17
33272,-1.68,-0.13,-0.47,0.03,-0.11,-0.07
33273,-1.57,-0.13,-0.26,-0.08,-0.11,-0.07
33274,-1.36,-0.02,-0.16,-0.08,-0.11,-0.17
33275,-1.16,-0.13,-0.36,-0.08,-0.00,-0.07
33276,-1.16,-0.02,-0.05,-0.08,-0.11,-0.07
33277,-1.26,-0.13,-0.05,-0.18,-0.00,-0.17
33278,-1.05,-0.02,-0.26,-0.08,-0.11,-0.07
33279,-0.95,-0.13,-0.05,-0.08,-0.11,-0.07
33280,-0.95,0.08,0.36,-0.08,-0.00,-0.07
33281,-1.16,0.08,0.16,-0.08,-0.00,0.04
33282,-1.26,-0.23,0.26,0.03,-0.21,0.04
33283,-1.16,-0.23,-0.05,0.03,-0.11,-0.07
33284,-1.16,-0.02,-0.05,-0.08,-0.21,-0.07
33285,-1.26,-0.13,0.05,-0.08,-0.11,-0.07
33286,-1.36,-0.23,-0.26,-0.08,-0.11,-0.07
33287,-1.26,-0.13,-0.26,0.03,-0.11,-0.07
33288,-1.26,-0.13,-0.05,-0.08,-0.21,-0.07
33289,-1.47,-0.02,-0.26,-0.08,-0.21,0.04
33290,-1.68,-0.13,-0.36,-0.08,-0.21,-0.17
33291,-1.47,-0.23,-0.47,-0.08,-0.11,-0.07
33292,-1.68,-0.02,-0.47,-0.08,-0.21,-0.07
33293,-1.57,0.08,-0.36,-0.08,-0.00,-0.07
33294,-1.57,-0.23,-0.36,0.03,-0.11,-0.17
33295,-1.36,-0.13,-0.36,-0.08,-0.21,-0.07
33296,-1.26,-0.23,-0.57,-0.18,-0.00,-0.07
33297,-1.26,-0.02,-0.16,0.03,-0.21,-0.07
33298,-1.26,-0.02,-0.26,-0.08,-0.11,-0.07
33299,-1.05,-0.02,-0.26,-0.08,-0.11,-0.17
33300,-0.95,-0.02,0.05,-0.08,-0.11,-0.07
33301,-1.05,0.08,0.05,-0.08,-0.11,-0.17
33302,-1.16,-0.02,0.16,-0.08,-0.11,-0.07
33303,-1.16,-0.13,0.26,0.03,-0.11,-0.17
33304,-1.05,-0.02,0.05,-0.08,-0.11,-0.07
33305,-1.05,-0.02,0.05,-0.08,-0.00,-0.17
33306,-1.26,-0.23,0.16,-0.08,-0.11,-0.17
33307,-1.36,-0.23,-0.16,-0.08,-0.21,-0.07
33308,-1.16,-0.33,-0.26,-0.08,-0.11,-0.07
33309,-1.26,-0.02,-0.05,0.13,-0.21,-0.07
33310,-1.36,-0.02,-0.36,-0.08,-0.00,-0.17
33311,-1.57,-0.13,-0.26,0.13,-0.21,-0.17
33312,-1.57,-0.23,-0.47,-0.18,-0.21,0.04
33313,-1.57,-0.13,-0.47,0.03,-0.11,-0.17
33314,-1.78,-0.13,-0.36,-0.08,-0.21,-0.07
33315,-1.68,-0.23,-0.36,-0.08,-0.11,-0.17
33316,-1.36,0.08,-0.57,-0.08,-0.11,-0.07
33317,-1.26,-0.02,-0.36,-0.08,-0.11,-0.07
33318,-1.47,-0.02,-0.16,-0.18,-0.11,-0.17
33319,-1.26,-0.23,-0.36,0.03,-0.11,-0.07
33320,-1.16,0.08,-0.05,-0.08,-0.00,-0.07
33321,-0.84,-0.13,-0.05,-0.08,-0.00,-0.07
33322,-1.05,0.08,0.16,0.03,-0.00,0.04
33323,-1.16,0.08,0.26,-0.18,-0.21,-0.17
33324,-1.05,-0.02,0.26,-0.08,-0.11,-0.07
33325,-1.05,-0.02,-0.16,-0.18,-0.21,-0.07
33326,-1.05,-0.02,0.26,-0.08,-0.21,-0.07
33327,-1.26,-0.13,0.05,0.03,-0.11,-0.28
33328,-1.16,-0.02,-0.05,-0.18,-0.00,-0.07
33329,-1.16,-0.33,-0.05,0.03,-0.21,-0.07
33330,-1.26,-0.13,-0.36,-0.18,-0.11,0.04
33331,-1.47,-0.13,-0.16,-0.08,-0.11,-0.17
33332,-1.47,-0.02,-0.26,-0.08,-0.21,-0.07
33333,-1.47,-0.02,-0.57,-0.08,-0.11,0.04
33334,-1.68,-0.13,-0.57,0.03,-0.11,-0.07
33335,-1.78,0.08,-0.47,-0.08,-0.00,-0.17
33336,-1.78,-0.02,-0.57,0.03,-0.11,-0.07
33337,-1.57,-0.02,-0.47,0.03,-0.21,-0.07
33338,-1.47,-0.02,-0.26,-0.08,-0.11,-0.07
33339,-1.47,0.08,-0.26,-0.08,-0.11,-0.07
33340,-1.36,-0.02,-0.36,0.03,-0.11,-0.07
33341,-1.16,-0.23,-0.26,-0.08,-0.11,-0.17
33342,-1.05,-0.02,-0.26,-0.08,-0.11,-0.17
33343,-1.16,-0.02,0.26,0.03,-0.11,-0.17
33344,-1.05,-0.02,0.16,0.03,-0.00,-0.07
33345,-1.05,-0.13,0.05,-0.08,-0.11,-0.07
33346,-0.95,-0.02,0.26,-0.08,-0.11,-0.07
33347,-1.05,0.08,0.36,0.03,-0.11,-0.07
33348,-1.26,-0.13,-0.05,0.03,-0.21,-0.17
33349,-1.26,-0.13,0.05,-0.18,-0.21,-0.07
33350,-1.05,-0.33,-0.05,0.03,-0.21,-0.17
33351,-1.26,-0.02,-0.16,0.13,-0.21,-0.07
33352,-1.26,-0.23,-0.16,-0.08,-0.11,-0.17
33353,-1.47,-0.13,-0.26,-0.08,-0.21,0.04
33354,-1.47,-0.23,-0.57,0.03,-0.00,-0.17
33355,-1.47,-0.02,-0.36,0.03,-0.00,-0.17
33356,-1.68,0.19,-0.36,0.03,-0.11,-0.17
33357,-1.78,-0.02,-0.47,-0.08,-0.11,-0.17
33358,-1.47,-0.13,-0.47,0.03,-0.11,-0.07
33359,-1.47,0.08,-0.36,-0.08,-0.00,-0.17
33360,-1.57,0.08,-0.26,0.03,-0.11,-0.17
33361,-1.36,-0.02,-0.26,-0.08,-0.00,-0.07
33362,-1.26,0.08,-0.26,-0.08,-0.11,-0.17
33363,-1.05,-0.13,-0.26,-0.08,-0.00,-0.07
33364,-1.16,-0.02,0.05,0.03,-0.11,-0.17
33365,-1.26,-0.13,0.05,-0.08,-0.00,-0.17
33366,-1.16,-0.13,-0.05,-0.08,-0.11,-0.07
33367,-0.95,-0.02,0.47,-0.08,-0.11,-0.07
33368,-1.16,0.29,0.26,0.03,-0.11,-0.07
33369,-1.05,-0.02,0.16,-0.08,-0.31,-0.17
33370,-1.16,-0.23,0.26,-0.08,-0.21,-0.07
33371,-1.16,-0.23,-0.26,0.03,-0.21,-0.17
33372,-1.16,-0.13,-0.05,-0.08,-0.11,-0.07
33373,-1.36,-0.23,-0.26,-0.18,-0.21,-0.07
33374,-1.36,-0.23,-0.26,0.03,-0.11,-0.07
33375,-1.26,-0.13,-0.47,0.03,-0.21,-0.07
33376,-1.47,-0.02,-0.26,-0.08,-0.21,-0.17
33377,-1.68,-0.02,-0.47,0.03,-0.21,-0.07
33378,-1.57,-0.13,-0.57,0.03,-0.11,-0.07
33379,-1.47,-0.02,-0.36,-0.08,-0.11,-0.17
33380,-1.47,0.19,-0.57,0.03,-0.11,-0.28
33381,-1.47,0.29,-0.26,0.03,-0.11,-0.07
33382,-1.47,-0.13,-0.26,-0.08,-0.21,-0.17
33383,-1.16,-0.02,-0.57,-0.08,-0.11,-0.07
33384,-1.05,-0.02,-0.05,-0.08,-0.11,-0.07
33385,-1.36,0.19,-0.05,0.03,-0.00,0.04
33386,-1.26,-0.13,-0.26,0.03,-0.00,-0.07
33387,-1.16,-0.13,0.05,0.03,-0.11,-0.07
33388,-0.95,-0.13,0.05,0.03,-0.11,-0.17
33389,-1.16,0.19,-0.05,0.03,-0.21,-0.07
33390,-1.26,-0.13,0.26,0.03,-0.11,-0.07
33391,-1.26,-0.02,0.05,0.03,-0.11,-0.17
33392,-0.95,-0.23,-0.26,-0.18,-0.11,-0.07
33393,-1.16,-0.23,-0.05,0.03,-0.21,-0.07
33394,-1.36,-0.33,-0.26,-0.08,-0.21,-0.07
33395,-1.26,-0.23,-0.26,0.03,-0.11,-0.17
33396,-1.16,-0.13,-0.16,0.03,-0.11,-0.07
33397,-1.36,-0.02,-0.26,-0.08,-0.21,-0.17
33398,-1.57,-0.02,-0.26,-0.08,-0.11,-0.28
33399,-1.47,-0.13,-0.36,0.03,-0.11,-0.07
33400,-1.36,0.08,-0.47,0.13,-0.21,-0.07
33401,-1.36,0.19,-0.36,-0.08,-0.00,-0.17
33402,-1.36,0.08,-0.16,-0.08,-0.11,-0.07
33403,-1.36,0.08,-0.16,-0.18,-0.00,-0.07
33404,-1.16,-0.02,-0.36,0.03,-0.00,-0.07
33405,-1.26,-0.02,-0.16,-0.08,-0.11,-0.07
33406,-1.47,0.08,-0.16,-0.08,-0.11,-0.28
33407,-1.26,-0.13,-0.16,0.03,-0.00,-0.17
33408,-1.16,-0.02,0.16,-0.08,-0.11,0.04
33409,-1.05,-0.13,-0.05,-0.08,-0.21,-0.07
33410,-1.26,0.19,0.16,0.03,-0.21,0.04
33411,-1.26,-0.23,0.16,-0.08,-0.21,-0.17
33412,-1.26,-0.13,-0.26,0.03,-0.11,-0.17
33413,-1.26,-0.13,0.05,-0.08,-0.00,-0.07
33414,-1.47,-0.02,-0.16,-0.08,-0.00,0.04
33415,-1.36,-0.33,-0.36,-0.08,-0.00,-0.17
33416,-1.26,-0.13,-0.16,0.13,-0.21,-0.07
33417,-1.26,-0.23,-0.47,0.03,-0.21,-0.07
33418,-1.16,-0.13,-0.26,-0.08,-0.11,-0.17
33419,-1.36,-0.23,-0.26,-0.08,-0.11,-0.07
33420,-1.47,-0.02,-0.16,0.03,-0.11,-0.07
33421,-1.26,-0.13,-0.57,0.13,-0.11,-0.17
33422,-1.36,0.19,-0.16,-0.08,-0.11,-0.17
33423,-1.26,0.19,-0.16,-0.08,-0.11,-0.17
33424,-1.26,0.08,-0.26,-0.08,-0.11,0.04
33425,-1.05,-0.13,-0.26,0.03,-0.11,-0.07
33426,-1.26,0.19,0.05,0.03,-0.00,-0.17
33427,-1.26,-0.02,-0.05,0.03,-0.00,-0.07
33428,-1.36,-0.13,0.16,-0.08,-0.21,-0.17
33429,-1.26,-0.33,-0.26,0.03,-0.11,-0.07
33430,-1.16,-0.02,-0.05,0.03,-0.11,-0.17
33431,-1.26,0.19,0.26,-0.08,-0.21,-0.17
33432,-1.36,-0.13,-0.05,0.13,-0.21,-0.07
33433,-1.26,-0.23,-0.16,0.03,-0.21,-0.17
33434,-1.26,-0.23,-0.05,0.03,-0.21,-0.17
33435,-1.47,-0.13,-0.36,-0.08,-0.21,-0.07
33436,-1.57,-0.13,-0.26,0.03,-0.11,-0.07
33437,-1.47,-0.23,-0.26,-0.08,-0.11,0.04
33438,-1.26,-0.13,-0.57,0.03,-0.11,-0.28
33439,-1.47,-0.02,-0.36,-0.08,-0.21,-0.07
33440,-1.47,-0.23,-0.26,0.03,-0.00,-0.07
33441,-1.36,-0.23,-0.36,0.03,-0.11,-0.07
33442,-1.16,-0.13,-0.36,0.03,-0.11,0.04
33443,-1.26,0.29,0.05,-0.08,-0.00,-0.07
33444,-1.16,-0.13,-0.36,-0.08,-0.00,-0.17
33445,-1.05,0.19,-0.16,-0.18,-0.21,-0.07
33446,-1.05,-0.02,-0.05,-0.08,-0.00,-0.07
33447,-1.16,0.08,-0.05,0.03,-0.00,0.04
33448,-1.26,0.08,0.26,-0.08,-0.11,0.04
33449,-1.36,-0.13,-0.05,0.03,-0.11,-0.07
33450,-1.16,-0.13,-0.16,0.03,-0.00,-0.07
33451,-1.26,-0.02,0.16,-0.08,-0.11,-0.17
33452,-1.36,0.08,0.16,-0.18,-0.21,-0.28
33453,-1.36,-0.13,-0.16,0.13,-0.21,-0.07
33454,-1.36,-0.13,-0.05,0.03,-0.21,-0.17
33455,-1.26,0.08,-0.26,0.03,-0.21,-0.17
33456,-1.57,0.08,-0.26,0.03,-0.21,-0.28
33457,-1.57,-0.23,-0.05,-0.08,-0.21,-0.07
33458,-1.57,-0.23,-0.57,-0.18,-0.11,-0.07
33459,-1.47,-0.13,-0.57,-0.08,-0.11,-0.17
33460,-1.68,-0.02,-0.26,0.03,-0.11,-0.17
33461,-1.57,-0.13,-0.36,-0.08,-0.21,-0.07
33462,-1.36,-0.02,-0.36,0.03,-0.11,-0.07
33463,-1.16,-0.23,-0.36,0.03,-0.11,0.04
33464,-1.36,0.19,-0.26,-0.08,-0.11,0.04
33465,-1.16,-0.02,-0.26,0.03,-0.11,0.04
33466,-1.05,-0.02,-0.05,0.03,-0.11,0.04
33467,-0.95,-0.13,-0.05,-0.08,-0.21,-0.07
33468,-1.05,0.19,0.16,-0.08,-0.11,-0.07
33469,-1.26,-0.13,0.26,-0.08,-0.00,-0.07
33470,-1.16,-0.02,-0.05,-0.08,-0.00,-0.17
33471,-1.26,-0.13,0.05,-0.18,-0.21,-0.17
33472,-1.26,0.08,0.16,0.03,-0.00,-0.07
33473,-1.26,-0.13,-0.16,-0.08,-0.21,-0.17
33474,-1.26,-0.23,0.05,-0.08,-0.21,0.04
33475,-1.26,-0.13,-0.16,0.13,-0.21,-0.07
33476,-1.26,-0.02,-0.26,-0.08,-0.11,-0.17
33477,-1.36,-0.23,-0.26,-0.08,-0.21,-0.17
33478,-1.68,-0.13,-0.36,-0.08,-0.21,-0.17
33479,-1.47,-0.02,-0.57,-0.08,-0.21,-0.28
33480,-1.57,-0.13,-0.47,0.03,-0.31,-0.07
33481,-1.78,-0.02,-0.36,-0.08,-0.31,-0.07
33482,-1.78,-0.23,-0.57,0.03,-0.00,-0.07
33483,-1.47,0.08,-0.26,0.03,-0.11,-0.07
33484,-1.26,0.08,-0.36,-0.08,-0.11,0.04
33485,-1.36,0.08,-0.36,-0.08,-0.21,-0.17
33486,-1.26,-0.13,-0.16,-0.08,-0.11,-0.07
33487,-1.05,-0.13,-0.16,0.03,-0.11,0.04
33488,-0.84,-0.02,-0.26,0.03,-0.11,-0.17
33489,-1.05,-0.13,0.16,0.03,-0.00,-0.07
33490,-1.16,-0.02,0.16,0.03,-0.11,0.04
33491,-1.05,-0.02,0.16,0.03,-0.11,-0.17
33492,-0.95,-0.02,0.16,-0.08,-0.11,-0.17
33493,-1.16,-0.02,0.16,-0.08,-0.11,-0.17
33494,-1.26,-0.13,-0.05,-0.08,-0.11,-0.07
33495,-1.26,-0.13,0.26,-0.08,-0.21,-0.07
33496,-1.05,-0.33,-0.16,0.03,-0.11,-0.17
33497,-1.26,-0.13,-0.26,0.03,-0.00,-0.07
33498,-1.47,-0.13,0.05,0.03,-0.11,-0.17
33499,-1.68,-0.02,-0.36,-0.08,-0.31,-0.17
33500,-1.47,-0.23,-0.57,-0.08,-0.11,-0.07
33501,-1.47,-0.13,-0.36,-0.08,-0.11,-0.07
33502,-1.78,0.19,-0.47,-0.08,-0.11,-0.28
33503,-1.68,-0.02,-0.47,-0.08,-0.21,-0.17
33504,-1.47,0.08,-0.26,-0.08,-0.21,-0.17
33505,-1.47,-0.13,-0.68,-0.08,-0.00,-0.07
33506,-1.47,0.08,-0.16,-0.08,-0.21,-0.07
33507,-1.36,-0.02,-0.05,0.03,-0.11,-0.07
33508,-1.05,-0.13,-0.47,-0.08,-0.00,-0.07
33509,-1.05,-0.13,-0.05,-0.08,-0.00,0.04
33510,-1.16,-0.02,-0.05,0.13,0.10,0.14
33511,-1.16,-0.02,-0.26,0.03,-0.11,-0.07
33512,-0.95,-0.13,0.26,-0.08,-0.00,-0.07
33513,-0.95,-0.02,0.26,-0.08,-0.00,0.04
33514,-1.05,0.08,0.16,0.03,-0.11,-0.17
33515,-1.05,-0.13,0.36,-0.08,-0.21,-0.07
33516,-1.16,-0.23,-0.05,0.03,-0.11,-0.17
33517,-0.95,-0.23,-0.26,-0.08,-0.21,-0.17
33518,-1.16,-0.13,0.05,-0.18,-0.11,-0.17
33519,-1.36,-0.13,-0.16,-0.08,-0.00,-0.07
33520,-1.36,-0.13,-0.26,-0.08,-0.11,-0.17
33521,-1.26,-0.23,-0.36,-0.08,-0.11,-0.07
33522,-1.36,-0.13,-0.47,0.03,-0.21,-0.17
33523,-1.68,0.08,-0.47,0.03,-0.21,-0.17
33524,-1.68,0.08,-0.36,-0.08,-0.21,-0.17
33525,-1.47,0.08,-0.68,-0.08,-0.21,-0.17
33526,-1.36,0.08,-0.57,0.03,-0.11,-0.07
33527,-1.68,0.19,-0.05,-0.08,-0.11,-0.07
33528,-1.57,-0.13,-0.47,0.03,-0.00,-0.17
33529,-1.26,-0.02,-0.36,0.03,-0.11,-0.07
33530,-1.05,-0.23,-0.26,0.03,-0.00,-0.17
33531,-1.36,0.08,-0.16,-0.08,-0.11,-0.17
33532,-1.26,-0.02,-0.05,0.03,-0.11,-0.07
33533,-1.16,-0.02,0.16,-0.08,-0.11,-0.07
33534,-0.95,-0.02,-0.05,-0.08,-0.11,-0.07
33535,-1.05,0.19,0.26,0.03,-0.11,-0.17
33536,-1.26,0.08,0.36,0.03,-0.11,-0.07
33537,-1.16,-0.02,-0.05,0.03,-0.21,-0.17
33538,-0.95,-0.44,-0.05,0.03,-0.31,-0.07
33539,-1.26,-0.13,0.05,-0.08,-0.21,-0.07
33540,-1.47,-0.13,-0.16,-0.08,-0.21,-0.07
33541,-1.26,-0.23,-0.26,0.03,-0.11,-0.17
33542,-1.16,-0.23,-0.26,-0.08,-0.21,-0.17
33543,-1.26,-0.02,-0.36,-0.08,-0.21,-0.17
33544,-1.47,-0.02,-0.26,0.03,-0.11,-0.07
33545,-1.47,-0.02,-0.36,-0.08,-0.11,-0.07
33546,-1.36,0.08,-0.68,-0.08,-0.11,-0.17
33547,-1.47,0.19,0.05,-0.08,-0.00,-0.17
33548,-1.47,0.29,-0.26,0.03,-0.11,0.04
33549,-1.36,0.08,-0.26,0.03,-0.00,-0.07
33550,-1.16,-0.02,-0.16,0.03,-0.11,-0.07
33551,-1.26,-0.02,-0.36,-0.08,-0.21,-0.07
33552,-1.26,0.19,-0.16,-0.08,-0.11,-0.17
33713,-1.26,-0.13,-0.57,-0.08,-0.11,-0.17
33714,-1.36,0.08,-0.26,0.03,-0.21,-0.07
33715,-1.36,-0.13,-0.16,-0.08,-0.00,-0.07
33716,-1.16,-0.02,-0.16,-0.08,-0.11,-0.07
33717,-0.84,-0.02,-0.26,-0.08,-0.11,0.04
33718,-1.05,0.08,0.26,0.03,-0.11,-0.07
33719,-1.16,0.08,0.36,0.13,-0.21,-0.07
33720,-1.16,-0.13,0.16,0.03,-0.11,-0.07
33721,-0.95,-0.13,0.05,0.03,-0.11,0.04
33722,-1.16,0.08,0.16,0.03,-0.11,-0.07
33723,-1.16,0.08,0.05,-0.08,-0.11,-0.17
33724,-1.16,-0.23,0.26,-0.08,-0.11,0.04
33725,-1.26,-0.33,-0.16,-0.08,-0.11,-0.17
33726,-1.36,-0.13,-0.16,0.03,-0.21,-0.17
33727,-1.47,-0.23,-0.05,0.03,-0.11,-0.17
33728,-1.47,-0.02,-0.36,-0.08,-0.00,-0.17
33729,-1.36,-0.13,-0.47,0.03,-0.11,-0.17
33730,-1.57,0.08,-0.16,-0.08,-0.21,-0.17
33731,-1.78,0.19,-0.36,0.03,-0.21,-0.17
33732,-1.78,-0.13,-0.57,0.03,-0.11,-0.17
33733,-1.47,-0.02,-0.36,-0.08,-0.11,0.04
33734,-1.57,0.08,-0.47,-0.08,-0.11,-0.17
33735,-1.57,0.19,-0.36,-0.08,-0.11,-0.07
33736,-1.57,-0.23,-0.26,-0.08,-0.21,-0.17
33737,-1.26,-0.13,-0.47,-0.08,-0.11,-0.07
33738,-1.05,-0.02,-0.05,-0.18,-0.00,-0.07
33739,-1.05,0.29,0.05,-0.18,-0.11,-0.17
33740,-1.16,-0.13,-0.05,-0.08,-0.00,-0.07
33741,-1.05,-0.13,-0.16,-0.08,-0.11,-0.07
33742,-0.95,-0.23,0.26,-0.08,-0.11,-0.17
33743,-1.16,0.08,0.26,-0.08,-0.21,0.04
33744,-1.26,-0.23,0.26,0.03,-0.21,-0.07
33745,-1.05,-0.13,0.26,-0.08,-0.21,-0.17
33746,-1.05,-0.23,-0.05,0.03,-0.21,-0.17
33747,-1.16,-0.13,0.16,0.03,-0.21,-0.07
33748,-1.36,-0.33,-0.05,0.13,-0.21,-0.07
33749,-1.26,-0.13,-0.26,0.03,-0.21,-0.17
33750,-1.26,-0.23,-0.26,-0.08,-0.11,0.04
33751,-1.47,0.19,-0.16,-0.08,-0.11,-0.17
33752,-1.47,0.08,-0.36,-0.08,-0.21,-0.07
33753,-1.68,-0.13,-0.36,0.03,-0.11,-0.17
33754,-1.47,0.08,-0.47,0.03,-0.11,0.14
33755,-1.47,0.19,-0.57,0.03,-0.00,-0.07
33756,-1.36,0.08,-0.16,0.03,-0.00,-0.17
33757,-1.47,0.08,-0.26,-0.08,-0.11,-0.17
33758,-1.16,-0.02,-0.47,-0.08,-0.11,-0.17
33759,-1.16,-0.13,-0.16,-0.08,-0.21,-0.07
33760,-1.36,-0.02,-0.36,-0.08,-0.11,-0.17
33761,-1.26,-0.13,-0.26,0.03,-0.11,-0.07
33762,-1.05,-0.02,0.16,-0.18,-0.11,-0.17
33763,-1.05,0.08,0.05,0.03,-0.11,-0.17
33764,-1.26,0.08,0.05,-0.08,-0.11,-0.28
33765,-1.36,-0.02,0.26,-0.08,-0.11,-0.07
33766,-1.16,-0.02,-0.16,0.03,-0.11,-0.17
33767,-1.05,-0.23,-0.16,-0.08,-0.21,0.04
33768,-1.36,-0.13,0.05,0.03,-0.11,-0.07
33769,-1.36,-0.23,-0.36,0.03,-0.21,-0.17
33770,-1.16,-0.33,-0.36,-0.08,-0.11,-0.07
33771,-1.05,-0.23,-0.26,-0.08,-0.21,-0.07
33772,-1.36,-0.02,-0.47,0.03,-0.21,-0.38
33773,-1.47,-0.13,-0.16,-0.08,-0.11,-0.28
33774,-1.36,-0.23,-0.36,0.03,-0.11,-0.17
33775,-1.26,-0.13,-0.68,0.03,-0.00,-0.07
33776,-1.36,0.19,-0.05,-0.08,-0.11,-0.17
33777,-1.47,0.08,-0.05,-0.08,-0.00,0.14
33778,-1.26,0.08,-0.26,-0.18,-0.00,0.04
33779,-1.05,-0.23,-0.16,-0.08,-0.00,-0.07
33780,-1.16,0.19,-0.05,-0.08,-0.21,-0.17
33781,-1.36,0.29,-0.05,0.03,-0.11,-0.17
33782,-1.36,-0.13,-0.05,0.13,-0.11,-0.17
33783,-1.26,-0.13,-0.16,-0.08,-0.00,-0.07
33784,-1.05,-0.23,-0.26,-0.08,-0.21,-0.17
33785,-1.16,0.08,0.26,0.03,-0.11,-0.07
33786,-1.47,-0.23,-0.05,-0.18,-0.11,-0.17
33787,-1.16,-0.02,-0.16,0.03,-0.11,-0.17
33788,-1.26,-0.02,0.05,-0.08,-0.21,-0.17
33789,-1.57,0.08,-0.16,0.03,-0.11,-0.07
33790,-1.57,-0.23,-0.26,0.03,-0.11,-0.07
33791,-1.57,-0.23,-0.36,-0.08,-0.21,-0.07
33792,-1.36,-0.13,-0.47,0.03,-0.21,-0.17
33793,-1.57,-0.02,-0.26,0.03,-0.11,-0.07
33794,-1.47,-0.23,-0.26,0.03,-0.11,-0.07
33795,-1.47,-0.13,-0.57,0.13,-0.11,-0.07
33796,-1.16,-0.13,-0.36,0.03,-0.11,-0.17
33797,-1.36,0.08,-0.05,0.03,-0.11,-0.07
33798,-1.16,0.08,-0.36,-0.08,-0.21,-0.17
33799,-0.95,-0.02,-0.16,0.03,-0.11,-0.17
33800,-0.95,0.19,-0.05,-0.08,-0.00,-0.07
33801,-1.05,0.19,0.05,0.13,-0.00,-0.17
33802,-1.16,-0.02,0.26,-0.08,-0.00,-0.17
33803,-1.05,-0.33,0.05,-0.08,-0.21,-0.07
33804,-1.05,-0.13,-0.05,-0.08,-0.00,-0.07
33805,-1.16,-0.02,0.26,0.03,-0.21,-0.17
33806,-1.36,-0.02,0.05,0.03,-0.21,-0.07
33807,-1.26,-0.33,-0.26,0.13,-0.21,-0.17
33808,-1.26,-0.13,0.16,-0.08,-0.11,-0.17
33809,-1.36,-0.02,-0.16,-0.08,-0.21,-0.07
33810,-1.57,-0.02,-0.16,0.03,-0.21,-0.07
33811,-1.68,-0.23,-0.26,-0.08,-0.11,-0.17
33812,-1.57,-0.23,-0.68,0.13,-0.11,-0.17
33813,-1.57,-0.02,-0.47,-0.08,-0.11,-0.17
33814,-1.68,0.08,-0.36,-0.18,-0.11,-0.07
33815,-1.68,-0.13,-0.47,0.03,-0.21,-0.17
33816,-1.36,0.08,-0.57,0.13,-0.00,-0.07
33817,-1.36,-0.23,-0.57,-0.08,-0.11,0.04
33818,-1.47,0.08,-0.47,-0.18,-0.11,-0.07
33819,-1.36,-0.23,-0.36,-0.08,-0.11,-0.07
33820,-1.16,-0.13,-0.16,-0.08,-0.00,-0.07
33821,-0.95,-0.02,-0.26,-0.08,-0.00,-0.28
33822,-1.05,-0.02,-0.05,0.13,-0.11,-0.07
33823,-0.95,-0.23,0.26,-0.08,-0.11,-0.07
33824,-1.05,-0.23,0.05,-0.08,-0.11,-0.17
33825,-0.95,-0.13,0.26,0.03,-0.11,0.04
33826,-1.05,0.19,0.36,0.03,-0.21,0.04
33827,-1.16,-0.13,-0.05,0.03,-0.00,-0.07
33828,-1.26,-0.13,0.26,0.03,-0.11,-0.28
33829,-1.05,-0.23,0.05,-0.08,-0.21,-0.07
33830,-1.26,-0.23,-0.26,-0.08,-0.11,-0.17
33831,-1.26,-0.23,-0.05,0.03,-0.31,-0.17
33832,-1.26,-0.23,-0.26,0.03,-0.11,0.04
33833,-1.26,-0.13,-0.47,-0.08,-0.11,-0.17
33834,-1.47,-0.02,-0.16,0.03,-0.21,-0.17
33835,-1.68,-0.02,-0.36,-0.08,-0.11,-0.17
33836,-1.78,-0.02,-0.68,0.03,-0.11,-0.07
33837,-1.57,-0.02,-0.36,-0.08,-0.21,0.04
33838,-1.47,0.08,-0.26,-0.08,-0.11,0.04
33839,-1.47,0.29,-0.26,-0.08,-0.00,-0.17
33840,-1.47,-0.02,-0.16,0.03,-0.11,-0.17
33841,-1.26,-0.13,-0.47,-0.08,-0.11,-0.28
33842,-1.16,-0.02,-0.36,0.03,-0.11,-0.07
33843,-1.26,0.08,0.05,0.03,-0.11,0.04
33844,-1.36,-0.02,-0.26,-0.08,-0.00,-0.17
33845,-1.05,-0.13,-0.05,-0.08,-0.11,0.04
33846,-1.05,-0.02,0.16,0.03,-0.11,-0.28
33847,-1.26,0.08,0.16,0.13,-0.11,0.04
33848,-1.26,-0.13,0.26,0.03,-0.11,-0.07
33849,-1.05,-0.02,0.16,0.03,-0.21,-0.07
33850,-1.05,-0.13,-0.16,-0.08,-0.11,-0.07
33851,-1.26,-0.02,-0.05,-0.08,-0.11,-0.17
33852,-1.36,-0.44,-0.05,-0.08,-0.11,0.04
33853,-1.36,-0.33,-0.36,-0.08,-0.11,-0.07
33854,-1.16,-0.33,-0.26,-0.08,-0.21,-0.07
33855,-1.26,-0.02,0.05,-0.08,-0.21,-0.17
33856,-1.57,0.08,-0.36,-0.08,-0.11,-0.17
33857,-1.47,-0.13,-0.16,0.03,-0.11,-0.17
33858,-1.36,-0.02,-0.57,-0.08,-0.11,-0.07
33859,-1.36,0.19,-0.36,-0.08,-0.11,-0.17
33860,-1.36,0.08,-0.05,-0.08,-0.00,-0.07
33861,-1.16,-0.02,-0.26,-0.08,-0.00,-0.07
33862,-1.36,-0.02,-0.36,0.03,-0.11,-0.07
33863,-1.26,-0.13,-0.05,-0.08,-0.00,-0.07
33864,-1.47,0.19,-0.05,-0.28,-0.11,-0.07
33865,-1.36,-0.23,-0.36,-0.18,-0.11,-0.17
33866,-1.16,-0.33,-0.05,0.03,-0.21,-0.17
33867,-1.16,-0.02,-0.05,0.03,-0.11,-0.07
33868,-1.26,0.08,-0.05,0.03,-0.21,-0.07
33869,-1.36,-0.13,0.05,0.03,-0.31,-0.17
33870,-1.26,-0.13,-0.26,-0.08,-0.21,-0.07
33871,-1.26,-0.13,-0.16,0.03,-0.21,-0.17
33872,-1.47,-0.02,0.05,0.03,-0.21,-0.07
33873,-1.68,-0.13,-0.26,-0.08,-0.21,-0.07
33874,-1.36,-0.13,-0.57,0.03,-0.21,-0.17
33875,-1.36,-0.33,-0.36,-0.08,-0.11,-0.07
33876,-1.57,-0.02,-0.47,-0.08,-0.21,-0.07
33877,-1.47,-0.23,-0.36,-0.08,-0.11,-0.17
33878,-1.36,-0.13,-0.47,-0.08,-0.21,0.04
33879,-1.16,-0.13,-0.36,-0.08,-0.11,-0.07
33880,-1.26,-0.02,-0.16,-0.08,-0.00,-0.17
33881,-1.26,-0.13,-0.05,0.03,-0.00,-0.17
33882,-1.16,0.08,-0.16,0.03,-0.11,-0.07
33883,-0.84,0.08,0.05,0.03,-0.11,-0.17
33884,-1.05,0.08,0.16,0.13,-0.11,-0.17
33885,-1.16,-0.02,0.05,0.03,-0.11,-0.07
33886,-1.16,-0.23,0.16,0.03,-0.11,-0.07
33887,-1.16,-0.13,0.05,0.03,-0.21,-0.07
33888,-1.16,-0.13,-0.16,0.03,-0.11,-0.17
33889,-1.36,-0.02,0.16,0.03,-0.11,-0.17
33890,-1.26,-0.13,0.05,-0.08,-0.11,-0.07
33891,-1.26,-0.23,-0.16,-0.18,-0.21,-0.17
33892,-1.16,-0.13,-0.26,-0.08,-0.31,-0.17
33893,-1.47,-0.02,-0.36,-0.08,-0.11,-0.17
33894,-1.57,-0.02,-0.26,0.03,-0.21,-0.07
33895,-1.47,-0.13,-0.47,-0.08,-0.21,-0.07
33896,-1.57,-0.02,-0.57,0.03,-0.21,-0.07
33897,-1.68,-0.02,-0.68,0.03,-0.11,-0.07
33898,-1.68,-0.23,-0.26,0.03,-0.11,-0.07
33899,-1.57,-0.02,-0.57,-0.08,-0.11,-0.17
33900,-1.36,-0.23,-0.47,-0.08,-0.21,-0.07
33901,-1.36,0.08,-0.16,-0.08,-0.11,-0.07
33902,-1.36,-0.02,-0.36,0.03,-0.21,-0.07
33903,-1.05,-0.02,-0.26,-0.08,-0.11,-0.17
33904,-0.95,-0.02,0.05,-0.18,-0.00,-0.07
33905,-1.05,-0.02,-0.05,0.03,-0.11,-0.07
33906,-1.16,-0.02,0.26,0.03,-0.00,0.04
33907,-0.95,-0.02,0.26,-0.08,-0.21,-0.07
33908,-1.16,-0.02,-0.05,-0.08,-0.11,-0.17
33909,-1.05,-0.02,0.47,0.03,-0.00,-0.17
33910,-1.16,-0.13,0.26,0.03,-0.11,-0.17
33911,-1.05,-0.13,-0.05,0.03,-0.21,-0.07
33912,-0.95,-0.23,-0.05,0.03,-0.11,-0.07
33913,-1.16,-0.02,-0.05,-0.08,-0.21,-0.07
33914,-1.36,-0.23,-0.16,-0.08,-0.21,-0.07
33915,-1.36,-0.33,-0.05,-0.08,-0.21,-0.17
33916,-1.36,-0.23,-0.36,-0.08,-0.21,-0.07
33917,-1.47,-0.13,-0.36,-0.08,-0.11,-0.07
33918,-1.68,-0.02,-0.16,-0.18,-0.11,-0.07
33919,-1.68,0.08,-0.47,-0.18,-0.11,-0.17
33920,-1.47,-0.13,-0.57,-0.08,-0.11,-0.17
33921,-1.57,0.08,-0.16,0.03,-0.00,0.04
33922,-1.57,0.39,-0.26,0.03,-0.00,-0.07
33923,-1.57,0.08,-0.26,0.03,-0.21,-0.07
33924,-1.26,-0.02,-0.36,-0.08,-0.00,-0.07
33925,-1.16,-0.02,-0.36,-0.08,-0.11,-0.17
33926,-1.26,-0.02,-0.26,-0.18,-0.11,0.04
33927,-1.26,-0.13,-0.05,0.03,-0.11,-0.07
33928,-1.26,-0.13,-0.05,-0.08,-0.21,-0.07
33929,-1.05,-0.13,0.05,-0.08,-0.21,-0.07
33930,-1.16,0.29,0.16,0.03,-0.11,-0.17
33931,-1.26,-0.13,0.16,0.03,-0.21,-0.17
33932,-1.26,-0.13,0.05,-0.18,-0.11,0.04
33933,-1.16,-0.13,-0.05,-0.08,-0.11,-0.17
33934,-1.26,-0.13,-0.16,-0.08,-0.11,0.04
33935,-1.26,-0.44,-0.16,0.03,-0.21,-0.07
33936,-1.36,-0.23,-0.26,0.03,-0.21,-0.07
33937,-1.26,-0.23,-0.47,-0.08,-0.21,-0.17
33938,-1.36,-0.23,-0.26,-0.08,-0.21,-0.17
33939,-1.36,-0.02,-0.26,0.03,-0.21,-0.07
33940,-1.36,-0.02,-0.36,0.03,-0.11,-0.17
33941,-1.26,-0.13,-0.47,-0.08,-0.00,-0.17
33942,-1.36,0.29,-0.26,-0.08,-0.11,-0.17
33943,-1.36,0.08,-0.36,0.03,-0.11,0.04
33945,-1.16,-0.02,-0.26,0.03,-0.11,-0.07
34064,-5.11,2.06,-1.82,-0.60,-0.31,-0.28
34064,-0.22,-0.54,0.78,-0.18,-0.11,-0.07
34065,-1.47,0.08,-0.47,-0.08,-0.11,-0.07
34066,-1.47,-0.02,-0.47,-0.08,-0.00,-0.17
34067,-1.47,0.29,-0.36,-0.08,0.10,-0.17
34068,-1.57,0.08,-0.05,0.03,-0.00,-0.28
34069,-1.36,-0.02,-0.47,0.03,-0.21,-0.07
34070,-1.16,-0.02,-0.47,-0.08,-0.11,0.04
34071,-1.26,-0.02,-0.16,0.03,-0.11,0.04
34072,-1.36,-0.13,-0.26,0.03,-0.11,-0.07
34073,-1.16,-0.23,-0.16,-0.08,-0.00,-0.07
34074,-0.95,-0.23,0.16,-0.08,-0.11,-0.07
34075,-1.16,-0.02,0.26,-0.08,-0.11,-0.07
34076,-1.16,-0.02,0.16,-0.08,-0.11,-0.17
34077,-1.26,-0.13,0.16,-0.08,-0.11,-0.28
34078,-1.16,-0.13,-0.05,-0.08,-0.21,-0.07
34079,-1.47,-0.02,-0.05,-0.08,-0.21,-0.17
34080,-1.47,-0.23,-0.16,0.03,-0.21,-0.17
34081,-1.36,-0.13,-0.47,-0.08,-0.21,0.04
34082,-1.16,-0.23,-0.47,-0.08,-0.21,-0.17
34083,-1.36,-0.02,-0.26,-0.08,-0.00,-0.17
34084,-1.47,-0.13,-0.47,0.03,-0.11,-0.17
34085,-1.36,-0.13,-0.47,-0.08,-0.11,-0.17
34086,-1.26,-0.02,-0.47,-0.08,-0.21,-0.07
34087,-1.36,0.19,-0.16,-0.08,-0.11,-0.17
34088,-1.36,0.08,-0.16,-0.18,-0.11,-0.07
34089,-1.26,0.08,-0.05,-0.08,-0.00,-0.17
34090,-1.05,-0.13,-0.47,-0.08,-0.11,-0.07
34091,-1.05,-0.02,0.16,-0.08,-0.00,-0.07
34092,-1.36,0.08,0.05,-0.08,-0.00,-0.07
34093,-1.36,-0.02,0.05,0.03,-0.00,-0.07
34094,-1.26,-0.33,-0.16,0.03,-0.00,-0.07
34095,-1.16,-0.13,-0.16,-0.08,-0.11,-0.17
34096,-1.36,-0.02,-0.16,0.03,-0.11,-0.07
34097,-1.26,-0.33,0.05,0.03,-0.21,-0.07
34098,-1.26,-0.02,-0.05,-0.08,-0.21,-0.07
34099,-1.16,-0.02,-0.26,-0.08,-0.21,-0.17
34100,-1.47,0.08,0.05,-0.08,-0.21,-0.17
34101,-1.57,-0.13,-0.36,-0.08,-0.21,-0.28
34102,-1.47,-0.23,-0.57,-0.08,-0.11,-0.17
34103,-1.57,-0.23,-0.47,-0.08,-0.31,-0.17
34104,-1.68,0.08,-0.57,-0.08,-0.11,-0.07
34105,-1.57,-0.23,-0.36,-0.08,-0.11,-0.07
34106,-1.36,-0.02,-0.26,-0.18,-0.11,-0.07
34107,-1.26,-0.13,-0.57,-0.08,-0.11,-0.07
34108,-1.26,0.08,-0.26,-0.08,-0.00,0.04
34109,-1.26,0.08,-0.16,-0.08,-0.11,-0.07
34110,-1.05,-0.02,-0.26,-0.08,-0.11,-0.17
34111,-0.84,-0.13,-0.16,0.13,-0.11,-0.07
34112,-1.05,-0.02,0.36,-0.18,-0.11,0.04
34113,-1.05,-0.13,-0.05,-0.08,-0.11,-0.07
34114,-1.05,-0.02,0.36,0.03,-0.11,-0.17
34115,-0.95,-0.13,0.36,-0.08,-0.11,-0.07
34116,-1.16,0.19,0.26,-0.08,-0.11,0.04
34117,-1.16,-0.23,0.26,-0.18,-0.21,-0.07
34118,-1.36,-0.23,0.05,0.03,-0.21,-0.07
34119,-1.16,-0.33,-0.26,0.03,-0.11,-0.17
34120,-1.26,-0.23,0.05,-0.08,-0.11,-0.17
34121,-1.36,-0.02,-0.05,0.13,-0.21,-0.07
34122,-1.47,-0.02,-0.26,-0.08,-0.21,-0.17
34123,-1.36,-0.13,-0.26,-0.08,-0.31,0.04
34124,-1.68,-0.02,-0.36,0.03,-0.11,-0.17
34125,-1.68,0.08,-0.26,-0.08,-0.00,0.04
34126,-1.57,0.19,-0.36,-0.08,-0.21,-0.17
34127,-1.57,0.08,-0.68,0.03,-0.11,-0.17
34128,-1.47,0.08,-0.47,0.03,-0.11,-0.17
34129,-1.36,0.08,-0.26,-0.08,-0.11,-0.07
34130,-1.57,-0.02,-0.36,-0.18,-0.21,-0.07
34131,-1.26,-0.13,-0.68,0.03,-0.00,-0.07
34132,-1.16,-0.02,-0.16,-0.08,-0.11,-0.17
34133,-1.26,-0.02,-0.16,0.03,-0.00,-0.17
34134,-1.36,-0.13,-0.16,-0.08,-0.11,-0.07
34135,-1.16,-0.13,0.05,-0.08,-0.21,-0.07
34136,-1.05,-0.13,0.05,0.03,-0.21,-0.07
34137,-0.95,-0.02,0.26,-0.08,-0.11,-0.17
34138,-1.26,0.08,0.36,-0.08,-0.11,-0.17
34139,-1.16,-0.02,-0.05,0.03,-0.21,-0.17
34140,-1.05,-0.23,-0.05,-0.08,-0.21,-0.07
34141,-1.26,-0.02,-0.05,0.03,-0.21,-0.07
34142,-1.57,-0.33,-0.36,0.03,-0.21,-0.17
34143,-1.36,-0.44,-0.05,-0.08,-0.21,-0.17
34144,-1.26,-0.23,-0.47,0.13,-0.31,-0.17
34145,-1.26,-0.23,-0.36,0.03,-0.11,-0.17
34146,-1.47,-0.13,-0.16,-0.08,-0.00,-0.07
34147,-1.47,-0.02,-0.26,-0.08,-0.11,-0.07
34148,-1.26,-0.13,-0.47,0.03,-0.00,-0.07
34149,-1.36,0.39,-0.05,-0.08,-0.21,0.04
34150,-1.36,0.08,-0.26,0.03,-0.11,0.04
34151,-1.26,0.19,-0.36,0.03,-0.11,-0.07
34152,-1.16,-0.13,-0.16,0.03,-0.11,-0.07
34153,-1.26,-0.02,-0.16,-0.08,-0.21,-0.07
34154,-1.26,0.08,-0.16,0.03,-0.11,-0.07
34155,-1.36,-0.23,-0.05,0.03,-0.00,-0.17
34156,-1.05,-0.13,-0.16,0.03,-0.00,-0.28
34157,-1.16,-0.13,-0.16,0.03,-0.11,-0.07
34158,-1.36,0.19,0.05,-0.08,-0.21,-0.07
34159,-1.36,-0.23,-0.16,0.03,-0.00,-0.17
34160,-1.26,-0.13,-0.16,-0.08,-0.11,-0.07
34161,-1.16,0.08,0.05,-0.18,-0.21,-0.07
34162,-1.47,0.08,-0.26,0.03,-0.11,-0.07
34163,-1.57,-0.13,-0.26,-0.08,-0.21,-0.07
34164,-1.47,-0.23,-0.47,-0.08,-0.21,-0.17
34165,-1.47,-0.23,-0.68,0.03,-0.11,-0.07
34166,-1.57,0.08,-0.26,0.03,-0.00,-0.07
34167,-1.68,-0.13,-0.36,0.03,-0.00,-0.17
34168,-1.47,-0.02,-0.57,-0.08,-0.11,-0.07
34169,-1.36,-0.23,-0.47,-0.08,-0.11,-0.07
34170,-1.36,0.08,-0.26,-0.08,-0.21,-0.17
34171,-1.26,-0.13,-0.36,-0.08,-0.11,-0.07
34172,-0.95,-0.02,-0.16,-0.08,-0.11,-0.17
34173,-0.95,-0.23,-0.16,0.03,-0.11,-0.07
34174,-0.95,0.19,0.16,0.03,-0.11,-0.07
34175,-1.05,-0.13,0.47,0.03,-0.11,-0.17
34176,-1.16,-0.13,0.26,-0.18,-0.00,-0.07
34177,-1.05,-0.13,0.26,0.13,-0.00,-0.17
34178,-0.95,-0.13,0.36,0.03,-0.21,-0.17
34179,-1.26,-0.13,0.16,-0.08,-0.11,-0.07
34180,-1.16,-0.02,-0.05,0.03,-0.00,0.04
34181,-1.05,-0.33,-0.16,0.03,-0.21,-0.07
34182,-1.16,-0.23,-0.05,0.03,-0.21,0.04
34183,-1.36,-0.13,-0.26,0.13,-0.11,-0.07
34184,-1.36,-0.02,-0.05,0.03,-0.21,0.04
34185,-1.47,-0.13,-0.36,-0.08,-0.11,-0.17
34186,-1.47,-0.13,-0.36,-0.08,-0.21,-0.07
34187,-1.78,0.19,-0.36,0.03,-0.21,-0.17
34188,-1.57,-0.02,-0.68,0.03,-0.21,-0.17
34189,-1.57,-0.13,-0.36,0.03,-0.11,-0.07
34190,-1.57,-0.02,-0.36,0.03,-0.00,-0.07
34191,-1.57,0.39,-0.26,-0.08,-0.11,-0.17
34192,-1.57,-0.13,-0.26,-0.08,-0.11,0.04
34193,-1.26,-0.02,-0.68,0.03,-0.00,-0.17
34194,-1.26,0.08,-0.36,-0.08,-0.11,-0.07
34195,-1.26,0.19,-0.05,0.03,-0.11,-0.07
34196,-1.16,-0.23,-0.16,-0.08,-0.11,0.04
34197,-1.16,-0.02,-0.16,-0.08,-0.21,-0.07
34198,-1.05,-0.23,0.36,-0.08,-0.11,-0.07
34199,-1.05,0.08,0.16,-0.18,-0.11,-0.07
34200,-1.26,-0.02,0.26,0.03,-0.11,-0.07
34201,-1.26,-0.23,0.26,-0.08,-0.21,-0.17
34202,-1.05,-0.23,-0.16,0.03,-0.21,-0.17
34203,-1.26,-0.02,0.16,-0.08,-0.21,-0.28
34204,-1.47,-0.33,-0.05,-0.08,-0.11,-0.07
34205,-1.47,-0.23,-0.36,-0.18,-0.11,-0.17
34206,-1.26,-0.44,-0.26,0.03,-0.21,-0.17
34207,-1.26,-0.02,-0.16,-0.08,-0.00,-0.07
34208,-1.47,-0.13,-0.26,-0.08,-0.00,-0.17
34209,-1.36,-0.02,-0.16,0.03,-0.11,-0.17
34210,-1.26,-0.13,-0.26,0.03,-0.00,-0.28
34211,-1.36,0.08,-0.36,-0.08,-0.21,-0.07
34212,-1.36,0.08,-0.05,-0.18,-0.11,-0.07
34213,-1.26,0.08,0.05,0.03,-0.11,-0.07
34214,-1.05,-0.02,-0.26,-0.18,-0.11,-0.07
34215,-1.26,-0.02,0.16,-0.08,-0.11,0.04
34216,-1.36,0.08,0.05,0.03,-0.11,0.04
34217,-1.36,-0.23,-0.16,0.03,-0.11,0.04
34218,-1.16,-0.23,-0.05,0.03,-0.00,0.04
34219,-1.26,-0.02,-0.16,0.03,-0.00,-0.17
34220,-1.36,-0.02,-0.05,-0.08,-0.00,-0.07
34221,-1.26,-0.23,-0.05,0.03,-0.11,0.04
34222,-1.26,-0.02,-0.16,0.03,-0.00,-0.17
34223,-1.26,-0.02,-0.16,-0.08,-0.11,-0.28
34224,-1.47,0.08,0.16,0.03,-0.21,-0.07
34225,-1.57,-0.02,-0.26,0.03,-0.11,-0.07
34226,-1.36,-0.23,-0.57,0.03,-0.11,-0.07
34227,-1.68,-0.13,-0.36,0.03,-0.21,-0.17
34228,-1.68,-0.02,-0.57,-0.08,-0.21,-0.07
34229,-1.57,-0.02,-0.47,-0.08,-0.21,-0.17
34230,-1.47,0.19,-0.36,-0.18,-0.31,-0.07
34231,-1.36,-0.33,-0.68,0.03,-0.00,-0.07
34232,-1.26,0.08,-0.16,0.03,-0.00,0.04
34233,-1.26,-0.02,-0.26,0.03,-0.00,-0.17
34234,-1.16,-0.13,-0.26,-0.08,-0.11,-0.07
34235,-0.95,-0.23,-0.36,-0.08,-0.11,-0.07
34236,-0.95,0.19,0.26,0.03,-0.21,0.04
34237,-1.16,-0.02,0.05,-0.08,-0.00,-0.07
34238,-1.05,0.08,0.26,-0.08,-0.21,-0.07
34239,-1.05,-0.23,0.26,0.03,-0.11,-0.17
34240,-1.16,-0.02,0.16,-0.08,-0.00,-0.07
34241,-1.16,-0.13,0.26,0.03,-0.11,-0.17
34242,-1.16,-0.02,0.05,-0.08,-0.11,-0.17
34243,-1.05,-0.33,-0.16,0.03,-0.11,-0.17
34244,-1.16,-0.13,0.05,0.03,-0.11,-0.17
34245,-1.36,-0.13,-0.16,-0.08,-0.21,-0.07
34246,-1.36,-0.13,-0.26,0.03,-0.31,-0.28
34247,-1.26,-0.02,-0.16,-0.08,-0.21,-0.17
34248,-1.36,-0.02,-0.26,0.03,-0.11,-0.28
34249,-1.68,0.08,-0.47,-0.08,-0.21,-0.07
34250,-1.68,0.08,-0.26,-0.18,-0.00,-0.07
34251,-1.47,-0.13,-0.68,0.03,-0.21,-0.17
34252,-1.47,0.08,-0.57,0.03,-0.11,0.04
34253,-1.57,0.19,-0.05,0.03,-0.11,-0.17
34254,-1.26,0.19,-0.26,-0.08,-0.11,-0.17
34255,-1.16,-0.13,-0.36,-0.08,-0.11,-0.07
34256,-1.26,-0.02,-0.05,0.03,-0.11,-0.07
34257,-1.26,0.19,-0.47,-0.08,-0.11,-0.17
34258,-1.26,-0.02,-0.05,-0.08,-0.11,-0.07
34259,-1.26,-0.13,-0.05,-0.08,-0.00,0.04
34260,-1.05,-0.13,-0.16,0.03,-0.11,-0.07
34261,-1.26,0.19,0.47,-0.08,-0.11,-0.07
34262,-1.26,-0.13,0.05,0.03,-0.21,-0.07
34263,-1.05,-0.23,-0.05,-0.08,-0.11,-0.17
34264,-1.05,-0.23,0.05,0.03,-0.21,-0.07
34265,-1.36,-0.02,0.05,-0.08,-0.21,-0.07
34266,-1.36,-0.02,-0.26,-0.08,-0.11,-0.17
34267,-1.26,-0.13,-0.26,-0.08,-0.21,-0.07
34268,-1.16,-0.44,-0.47,0.03,-0.21,-0.07
34269,-1.36,-0.02,-0.36,0.03,-0.00,-0.07
34270,-1.57,-0.13,-0.05,0.03,-0.00,0.04
34271,-1.36,-0.02,-0.47,-0.08,-0.11,-0.07
34272,-1.26,-0.23,-0.47,-0.08,-0.11,-0.17
34273,-1.26,0.08,-0.16,-0.08,-0.11,-0.07
34274,-1.26,-0.02,-0.16,-0.08,-0.11,-0.07
34275,-1.26,-0.02,-0.16,-0.08,-0.11,-0.07
34276,-0.95,-0.13,-0.16,-0.08,-0.11,-0.17
34277,-1.05,0.08,0.05,-0.08,-0.11,0.04
34278,-1.26,0.19,0.05,-0.08,-0.11,-0.07
34279,-1.36,-0.13,0.16,0.03,-0.11,0.04
34280,-1.26,-0.13,-0.26,-0.08,-0.11,-0.07
34281,-1.05,-0.23,0.05,0.03,-0.11,-0.07
34282,-1.16,-0.23,0.05,0.03,-0.11,-0.07
34283,-1.26,-0.02,-0.05,0.03,-0.21,-0.07
34284,-1.26,-0.23,-0.16,0.13,-0.11,0.04
34285,-1.26,0.08,-0.05,0.03,-0.11,-0.07
34286,-1.47,0.19,-0.26,0.03,-0.11,-0.17
34287,-1.47,-0.13,-0.05,0.03,-0.21,0.04
34288,-1.57,-0.02,-0.36,-0.08,-0.11,-0.07
34289,-1.57,-0.02,-0.68,-0.08,-0.11,-0.07
34290,-1.78,-0.02,-0.26,-0.08,-0.11,-0.17
34291,-1.68,-0.23,-0.57,-0.08,-0.11,-0.07
34292,-1.57,-0.13,-0.57,0.03,-0.11,-0.07
34293,-1.47,-0.02,-0.26,-0.08,-0.11,-0.17
34294,-1.47,0.19,-0.36,-0.08,-0.11,-0.07
34295,-1.36,-0.23,-0.36,0.13,-0.00,-0.17
34296,-1.16,-0.02,-0.16,0.03,-0.11,0.04
34297,-0.95,-0.02,-0.26,0.03,-0.00,-0.07
34298,-0.95,0.08,0.16,-0.08,-0.21,-0.07
34299,-1.16,-0.02,0.16,0.03,-0.00,-0.07
34300,-1.05,-0.13,0.05,0.03,-0.00,-0.07
34301,-1.05,-0.13,0.26,-0.08,-0.11,-0.07
34302,-1.16,0.19,0.47,-0.08,-0.11,-0.17
34303,-1.16,-0.23,0.16,-0.08,-0.21,-0.17
34304,-1.16,-0.23,0.26,0.03,-0.31,-0.07
34305,-1.05,-0.33,-0.16,0.03,-0.11,-0.07
34306,-1.26,-0.13,-0.05,0.03,-0.11,-0.07
34307,-1.36,-0.33,-0.05,-0.08,-0.11,-0.17
34308,-1.26,-0.13,-0.16,-0.18,-0.21,-0.07
34309,-1.16,-0.23,-0.57,-0.08,-0.11,-0.17
34310,-1.36,-0.02,-0.16,-0.08,-0.11,-0.07
34311,-1.57,-0.02,-0.16,-0.08,-0.21,-0.17
34312,-1.57,-0.13,-0.47,-0.08,-0.21,-0.17
34313,-1.47,-0.02,-0.57,0.03,-0.11,-0.17
34314,-1.36,-0.02,-0.47,-0.08,-0.11,-0.07
34315,-1.47,0.19,-0.36,0.13,-0.21,-0.07
34316,-1.57,0.19,-0.16,0.03,-0.11,-0.07
34317,-1.36,0.08,-0.36,-0.08,-0.11,-0.07
34318,-1.26,-0.02,-0.36,-0.08,-0.11,-0.07
34319,-1.36,0.08,0.05,0.13,-0.11,-0.07
34320,-1.36,-0.23,-0.36,0.03,-0.11,0.04
34321,-1.26,-0.13,-0.16,-0.08,-0.11,0.04
34322,-1.05,-0.02,0.05,-0.08,-0.21,-0.07
34323,-1.16,-0.23,0.05,-0.08,-0.11,-0.07
34324,-1.16,-0.13,-0.05,0.03,-0.11,0.04
34325,-1.05,0.08,0.16,0.03,-0.21,-0.07
34326,-1.16,-0.13,-0.16,0.03,-0.21,-0.07
34327,-1.36,-0.13,-0.05,-0.08,-0.00,-0.07
34328,-1.47,-0.33,-0.05,-0.08,-0.11,-0.07
34329,-1.36,-0.02,-0.47,0.03,-0.21,-0.17
34330,-1.36,-0.13,-0.47,-0.08,-0.00,-0.07
34331,-1.68,-0.02,-0.36,-0.08,-0.21,-0.07
34332,-1.47,-0.33,-0.47,0.13,-0.00,-0.17
34333,-1.36,-0.02,-0.47,0.03,-0.11,-0.17
34334,-1.16,-0.13,-0.36,-0.08,-0.00,-0.07
34335,-1.26,0.08,-0.36,-0.08,-0.11,-0.17
34336,-1.36,-0.13,-0.16,0.03,-0.11,-0.17
34337,-1.16,-0.13,-0.26,-0.08,-0.00,-0.07
34338,-0.95,-0.02,-0.26,-0.08,-0.00,-0.07
34339,-0.95,0.08,0.36,-0.08,-0.00,-0.17
34340,-1.16,0.08,0.16,-0.08,-0.11,-0.07
34341,-1.16,-0.13,0.16,-0.08,-0.00,-0.07
34342,-0.95,-0.13,0.05,0.03,-0.21,-0.17
34343,-1.16,-0.13,-0.05,-0.08,-0.11,-0.07
34344,-1.26,-0.02,-0.16,0.03,-0.21,-0.07
34345,-1.26,-0.23,0.05,-0.18,-0.11,-0.17
34346,-1.16,-0.33,-0.36,-0.08,-0.11,0.04
34347,-1.05,-0.02,-0.16,0.13,-0.11,-0.07
34348,-1.47,-0.02,0.05,0.13,-0.11,-0.17
34349,-1.36,-0.13,-0.36,0.03,-0.31,-0.28
34350,-1.36,-0.13,-0.36,0.03,-0.21,-0.17
34351,-1.47,-0.02,-0.47,-0.08,-0.21,-0.07
34352,-1.78,0.19,-0.57,0.03,-0.21,-0.17
34353,-1.57,-0.02,-0.47,0.03,-0.21,-0.17
34354,-1.47,-0.13,-0.68,-0.08,-0.21,-0.07
34355,-1.47,-0.02,-0.57,0.03,-0.00,-0.07
34356,-1.47,-0.02,-0.26,0.03,-0.11,-0.07
34357,-1.47,-0.02,-0.36,-0.18,-0.11,-0.07
34358,-1.16,-0.02,-0.57,-0.08,-0.00,-0.17
34359,-1.26,-0.13,-0.05,0.03,-0.00,-0.07
34360,-1.26,0.08,-0.26,0.03,-0.11,0.04
34361,-1.16,-0.13,-0.16,0.03,-0.11,0.04
34362,-1.05,-0.13,0.26,0.03,-0.11,-0.17
34363,-0.95,0.19,0.05,-0.08,-0.11,-0.17
34364,-1.16,0.08,0.36,-0.08,-0.00,0.04
34365,-1.16,-0.23,0.36,0.03,-0.11,-0.28
34366,-1.05,-0.13,-0.05,0.03,-0.11,-0.17
34367,-1.05,-0.23,0.05,-0.08,-0.21,-0.17
34368,-1.16,-0.02,0.05,-0.08,-0.21,-0.17
34369,-1.36,-0.44,-0.26,-0.08,-0.21,-0.17
34370,-1.26,-0.23,-0.26,0.03,-0.11,-0.07
34371,-1.26,-0.23,-0.26,-0.08,-0.21,-0.17
34372,-1.36,-0.02,-0.26,-0.08,-0.11,-0.17
34373,-1.47,-0.23,-0.16,0.03,-0.21,0.04
34374,-1.47,-0.13,-0.26,0.03,-0.00,-0.07
34375,-1.36,-0.02,-0.57,0.03,-0.00,0.04
34376,-1.47,0.08,-0.16,-0.08,-0.00,0.04
34377,-1.47,0.19,-0.26,-0.08,-0.00,-0.17
34378,-1.26,0.08,-0.16,-0.08,-0.11,-0.17
34379,-1.16,-0.23,-0.05,-0.08,-0.00,-0.07
34380,-1.05,0.29,-0.05,-0.08,-0.00,-0.17
34381,-1.26,0.19,0.05,-0.08,-0.11,-0.28
34382,-1.36,-0.13,0.05,-0.18,-0.00,-0.17
34383,-1.36,-0.23,-0.16,0.03,-0.00,-0.17
34384,-1.05,-0.02,-0.05,-0.08,-0.11,-0.17
34385,-1.36,0.19,0.16,-0.08,-0.21,0.04
34386,-1.26,0.08,-0.05,0.03,-0.21,-0.07
34387,-1.26,-0.13,-0.26,0.03,-0.21,0.04
34388,-1.16,-0.02,0.05,0.03,-0.21,-0.28
34389,-1.36,-0.13,-0.16,0.03,-0.21,-0.07
34390,-1.47,-0.13,-0.26,0.03,-0.11,-0.17
34391,-1.47,-0.02,-0.26,0.03,-0.21,-0.28
34392,-1.47,-0.23,-0.57,0.03,-0.11,-0.07
34393,-1.57,-0.02,-0.36,0.03,-0.11,-0.17
34394,-1.78,-0.23,-0.26,-0.18,-0.11,-0.17
34395,-1.47,-0.02,-0.57,-0.08,-0.11,-0.07
34396,-1.26,-0.23,-0.47,-0.18,-0.00,-0.07
34397,-1.36,0.08,-0.16,-0.08,-0.00,-0.17
34398,-1.36,-0.13,-0.26,-0.08,-0.11,-0.07
34399,-1.16,-0.02,-0.16,-0.08,-0.11,0.04
34400,-0.95,-0.13,-0.16,-0.08,-0.00,-0.07
34401,-1.05,0.08,0.05,0.13,-0.00,-0.07
34402,-1.05,0.08,0.16,0.03,-0.00,0.04
34403,-1.05,0.08,0.26,-0.08,-0.11,-0.07
34404,-0.74,-0.23,0.05,0.03,-0.21,-0.17
34405,-1.05,-0.02,0.26,0.03,-0.11,-0.17
34406,-1.26,-0.23,0.16,0.13,-0.21,0.14
34407,-1.16,-0.13,0.16,-0.08,-0.21,-0.07
34408,-1.16,-0.13,-0.05,-0.08,-0.11,-0.07
34409,-1.16,-0.02,0.05,0.03,-0.11,-0.17
34410,-1.36,-0.23,-0.05,-0.08,-0.21,-0.07
34411,-1.47,-0.33,-0.05,-0.08,-0.11,-0.07
34412,-1.36,-0.33,-0.47,0.03,-0.11,-0.07
34413,-1.26,-0.13,-0.36,0.03,-0.21,-0.17
34414,-1.68,0.08,-0.16,-0.08,-0.21,-0.17
34415,-1.68,-0.02,-0.47,-0.18,-0.11,-0.07
34416,-1.47,0.08,-0.47,-0.08,-0.21,-0.07
34417,-1.47,0.19,-0.36,0.03,-0.11,-0.17
34418,-1.47,0.19,-0.36,-0.08,-0.11,-0.17
34419,-1.36,0.08,-0.16,0.03,-0.11,0.04
34420,-1.36,-0.13,-0.36,0.03,-0.11,-0.17
34421,-1.16,0.08,-0.16,-0.08,-0.11,-0.07
34422,-1.16,-0.02,-0.26,0.03,-0.00,-0.17
34423,-1.26,-0.02,0.05,0.03,-0.11,0.04
34424,-1.36,-0.02,-0.16,0.03,-0.00,-0.17
34425,-1.05,-0.23,-0.05,0.13,-0.11,0.04
34426,-1.16,0.08,0.26,0.03,-0.11,-0.07
34427,-1.26,-0.02,-0.16,0.03,-0.11,-0.07
34428,-1.26,-0.02,0.16,0.03,-0.11,-0.07
34429,-1.16,-0.13,-0.05,0.03,-0.21,-0.17
34430,-1.36,-0.13,-0.16,-0.08,-0.11,-0.17
34431,-1.47,-0.13,-0.05,0.03,-0.21,-0.07
34432,-1.36,-0.13,-0.26,-0.08,-0.21,-0.07
34433,-1.26,-0.33,-0.57,0.03,-0.11,-0.07
34434,-1.36,-0.02,-0.16,-0.08,-0.21,-0.17
34435,-1.36,-0.23,-0.36,-0.08,-0.11,-0.17
34436,-1.36,-0.02,-0.47,0.03,-0.21,-0.07
34437,-1.26,-0.13,-0.36,0.03,-0.11,-0.07
34438,-1.26,0.08,-0.26,0.03,-0.11,-0.17
34439,-1.26,0.08,-0.16,-0.08,-0.21,0.04
34440,-1.16,0.08,-0.05,0.03,-0.21,-0.17
34441,-1.05,-0.02,-0.36,0.03,-0.11,-0.07
34442,-0.95,0.08,0.26,0.03,-0.00,0.04
34443,-1.26,0.08,0.16,0.03,-0.11,-0.07
34444,-1.26,-0.13,-0.05,0.03,-0.11,-0.17
34445,-1.05,-0.13,-0.05,-0.08,-0.21,-0.07
34446,-1.16,0.19,-0.05,-0.08,-0.21,0.04
34447,-1.36,-0.13,-0.16,0.03,-0.21,0.04
34448,-1.26,-0.13,-0.05,0.03,-0.11,-0.28
34449,-1.16,-0.23,-0.05,0.03,-0.00,-0.17
34450,-1.16,-0.13,-0.36,0.03,-0.21,-0.17
34451,-1.47,-0.13,-0.05,0.03,-0.11,0.04
34452,-1.47,-0.13,-0.26,-0.08,-0.11,0.04
34453,-1.47,-0.13,-0.47,-0.18,-0.21,-0.07
34454,-1.36,-0.13,-0.47,-0.08,-0.21,-0.07
34455,-1.68,0.19,-0.47,-0.08,-0.11,-0.07
34456,-1.68,-0.02,-0.36,-0.08,-0.00,-0.17
34457,-1.57,-0.02,-0.47,0.03,-0.00,0.04
34458,-1.47,-0.13,-0.68,0.03,-0.11,-0.07
34459,-1.57,0.08,-0.47,0.03,-0.11,-0.07
34570,-2.61,-1.27,-1.30,0.34,0.21,0.55
34571,-1.16,-1.48,-1.71,0.44,0.31,0.14
34571,-1.26,-0.13,0.36,0.03,-0.11,-0.07
34572,-1.26,-0.02,0.26,0.03,-0.11,-0.17
34573,-1.05,-0.13,-0.26,0.13,-0.21,-0.07
34574,-1.26,0.08,0.05,-0.08,-0.11,-0.07
34575,-1.36,-0.23,-0.05,0.03,-0.11,-0.17
34576,-1.26,-0.23,-0.57,-0.08,-0.00,-0.07
34577,-1.16,-0.44,-0.36,0.03,-0.21,-0.07
34578,-1.47,-0.13,-0.36,-0.08,-0.11,-0.07
34579,-1.57,-0.13,-0.47,-0.08,-0.21,-0.07
34580,-1.36,-0.23,-0.16,0.03,-0.11,0.04
34581,-1.16,-0.23,-0.47,0.03,-0.21,-0.07
34582,-1.26,-0.02,-0.16,-0.08,-0.11,0.04
34583,-1.26,-0.02,-0.05,-0.08,-0.21,-0.07
34584,-1.26,-0.02,-0.16,-0.08,-0.21,0.04
34585,-0.95,-0.13,-0.16,0.03,-0.11,-0.07
34586,-1.05,0.19,0.16,-0.08,-0.21,-0.07
34587,-1.26,0.19,0.05,-0.08,-0.11,-0.07
34588,-1.36,-0.02,-0.05,0.03,-0.00,0.04
34589,-1.16,-0.23,-0.05,-0.08,-0.00,0.04
34590,-1.16,-0.13,-0.16,-0.08,-0.21,-0.17
34591,-1.26,-0.13,-0.05,-0.08,-0.21,0.04
34592,-1.26,-0.02,0.05,-0.18,-0.21,0.04
34593,-1.05,-0.13,-0.16,-0.08,-0.11,-0.07
34594,-1.16,-0.02,0.05,0.03,-0.11,-0.17
34595,-1.47,-0.02,-0.05,0.03,-0.21,-0.17
34596,-1.47,-0.13,-0.26,-0.08,-0.21,-0.17
34597,-1.36,-0.13,-0.26,-0.08,-0.21,-0.07
34598,-1.57,0.08,-0.16,0.03,-0.00,-0.07
34599,-1.68,0.08,-0.57,-0.08,-0.00,0.04
34600,-1.68,-0.02,-0.47,0.13,-0.21,-0.07
34601,-1.57,-0.13,-0.57,0.03,-0.00,-0.07
34602,-1.36,-0.02,-0.57,-0.08,-0.11,-0.07
34603,-1.47,0.19,-0.16,0.03,-0.11,-0.07
34604,-1.47,-0.02,-0.36,0.03,-0.21,-0.17
34605,-1.36,-0.13,-0.36,0.03,-0.00,-0.07
34606,-1.16,-0.02,-0.16,-0.08,-0.11,-0.17
34607,-1.26,-0.02,-0.26,-0.08,-0.11,-0.07
34608,-1.26,-0.13,-0.05,-0.08,-0.21,-0.07
34609,-0.95,-0.13,0.16,0.03,-0.00,-0.07
34610,-0.95,-0.23,0.16,0.03,-0.11,-0.07
34611,-1.16,0.08,0.57,-0.08,-0.11,0.04
34612,-1.26,-0.23,0.47,-0.08,-0.00,-0.07
34613,-1.16,-0.13,-0.05,-0.08,-0.11,-0.17
34614,-0.95,-0.33,0.16,0.13,-0.21,-0.07
34615,-1.36,-0.13,-0.05,-0.08,-0.11,-0.17
34616,-1.47,-0.13,-0.36,0.03,-0.21,-0.07
34617,-1.36,-0.23,-0.16,0.03,-0.21,-0.17
34618,-1.26,-0.23,-0.36,-0.08,-0.11,-0.07
34619,-1.36,-0.13,-0.36,-0.08,-0.21,-0.07
34620,-1.47,-0.33,-0.16,0.13,-0.11,0.04
34621,-1.36,-0.13,-0.16,-0.08,-0.11,-0.07
34622,-1.26,-0.02,-0.57,0.03,-0.11,-0.07
34623,-1.36,0.19,-0.05,0.03,-0.11,-0.17
34624,-1.47,-0.02,-0.16,0.03,-0.11,-0.07
34625,-1.26,0.19,-0.16,0.03,-0.11,0.04
34626,-1.16,-0.13,-0.16,-0.08,-0.11,-0.07
34627,-1.16,0.19,-0.05,0.03,-0.00,0.04
34628,-1.26,-0.02,0.05,0.03,-0.00,-0.17
34629,-1.26,-0.13,0.16,-0.08,-0.11,-0.17
34630,-1.16,-0.23,-0.16,0.03,-0.21,0.04
34631,-1.16,-0.02,-0.05,-0.08,-0.11,-0.07
34632,-1.36,0.08,0.05,0.03,-0.11,-0.07
34633,-1.47,-0.13,-0.05,-0.18,-0.11,-0.17
34634,-1.26,-0.23,-0.05,-0.08,-0.11,-0.07
34635,-1.26,-0.02,0.16,0.03,-0.11,-0.17
34636,-1.47,0.08,-0.16,0.03,-0.11,-0.07
34637,-1.47,0.08,-0.05,0.03,-0.11,-0.07
34638,-1.36,-0.13,-0.26,0.03,-0.11,-0.07
34639,-1.47,-0.13,-0.57,-0.08,-0.31,-0.28
34640,-1.78,0.08,-0.16,-0.08,-0.21,-0.17
34641,-1.78,-0.13,-0.57,0.03,-0.11,-0.17
34642,-1.47,-0.02,-0.68,-0.08,-0.11,-0.07
34643,-1.47,-0.13,-0.36,-0.08,-0.11,0.04
34644,-1.47,0.08,-0.26,-0.08,-0.00,-0.07
34645,-1.36,-0.13,-0.47,-0.08,-0.11,-0.17
34646,-1.16,-0.02,-0.16,-0.08,-0.11,-0.07
34647,-1.05,0.08,-0.05,-0.08,-0.11,-0.07
34648,-1.05,-0.02,-0.16,0.03,-0.11,-0.17
34649,-1.16,-0.13,0.16,0.03,-0.11,0.04
34650,-0.95,-0.02,0.16,0.03,-0.21,-0.17
34651,-0.95,-0.02,0.16,-0.08,-0.00,-0.07
34652,-1.16,0.08,0.57,0.03,-0.11,0.04
34653,-1.26,-0.13,0.05,0.03,-0.11,-0.17
34654,-1.16,-0.23,0.16,-0.08,-0.00,-0.17
34655,-1.05,-0.13,-0.05,-0.08,-0.11,-0.17
34656,-1.26,-0.02,-0.05,0.03,-0.00,-0.17
34657,-1.57,-0.23,-0.26,0.03,-0.11,-0.07
34658,-1.36,-0.23,-0.16,-0.08,-0.11,-0.17
34659,-1.26,-0.33,-0.47,0.03,-0.11,-0.07
34660,-1.16,-0.02,-0.26,0.13,-0.21,-0.07
34661,-1.47,-0.02,-0.26,0.03,-0.11,-0.07
34662,-1.47,-0.02,-0.36,-0.18,-0.11,-0.17
34663,-1.36,-0.13,-0.47,-0.08,-0.00,-0.07
34664,-1.47,0.19,-0.26,-0.08,-0.11,-0.17
34665,-1.57,0.08,-0.16,0.03,-0.00,0.04
34666,-1.47,0.29,-0.16,-0.08,-0.00,0.04
34667,-1.26,-0.13,-0.36,-0.08,0.10,-0.07
34668,-1.16,-0.02,-0.16,-0.18,-0.21,-0.07
34669,-1.16,-0.13,-0.05,0.03,-0.11,-0.07
34670,-1.36,0.08,-0.16,-0.08,-0.11,-0.07
34671,-1.16,-0.13,-0.26,-0.08,-0.21,-0.07
34672,-1.05,-0.02,-0.05,-0.18,-0.00,-0.17
34673,-1.26,-0.02,-0.16,0.03,-0.11,-0.07
34674,-1.26,-0.23,-0.05,-0.08,-0.21,-0.07
34675,-1.16,-0.13,-0.05,0.03,-0.21,-0.07
34676,-1.16,-0.02,-0.05,0.03,-0.21,-0.07
34677,-1.47,-0.02,-0.05,-0.08,-0.11,-0.17
34678,-1.36,-0.13,-0.05,0.03,-0.11,-0.17
34679,-1.36,-0.02,-0.57,0.03,-0.11,-0.07
34680,-1.36,-0.13,-0.26,0.03,-0.11,-0.17
34681,-1.88,-0.02,-0.47,-0.08,-0.21,-0.17
34682,-1.68,-0.13,-0.47,-0.08,-0.21,-0.17
34683,-1.47,-0.13,-0.57,-0.08,-0.11,-0.07
34684,-1.36,-0.02,-0.47,-0.08,-0.11,-0.07
34685,-1.36,0.19,-0.47,-0.08,-0.11,-0.17
34686,-1.47,-0.02,-0.26,-0.08,-0.00,-0.07
34687,-1.05,-0.23,-0.47,-0.08,-0.00,-0.17
34688,-1.05,-0.02,-0.36,-0.18,-0.11,-0.07
34689,-1.05,0.08,0.16,-0.08,-0.00,-0.07
34690,-1.16,-0.02,-0.05,-0.08,0.10,-0.07
34691,-1.05,-0.02,0.26,-0.08,-0.00,-0.17
34692,-1.05,-0.23,0.16,-0.08,-0.21,-0.07
34693,-0.95,0.08,0.16,-0.08,-0.11,-0.07
34694,-1.26,-0.13,0.16,0.03,-0.21,-0.07
34695,-1.16,-0.02,0.16,-0.08,-0.11,-0.07
34696,-1.16,-0.33,-0.26,0.03,-0.21,-0.07
34697,-1.26,-0.23,-0.05,0.03,-0.21,-0.17
34698,-1.47,-0.33,-0.16,0.03,-0.21,-0.17
34699,-1.36,-0.23,-0.47,0.03,-0.21,-0.28
34700,-1.16,-0.23,-0.26,0.03,-0.11,-0.17
34701,-1.26,-0.13,-0.36,0.03,-0.21,-0.07
34702,-1.36,-0.13,-0.36,0.13,-0.11,-0.07
34703,-1.57,-0.13,-0.16,0.03,-0.11,-0.17
34704,-1.36,-0.23,-0.47,-0.08,-0.11,-0.07
34705,-1.36,0.19,-0.47,0.03,-0.00,-0.07
34706,-1.47,0.08,-0.05,-0.08,-0.00,-0.17
34707,-1.47,0.29,-0.26,-0.08,-0.11,0.04
34708,-1.26,-0.13,-0.47,0.03,-0.11,-0.17
34709,-1.26,0.08,-0.05,0.03,-0.11,-0.07
34710,-1.36,-0.13,-0.26,-0.08,-0.11,-0.07
34711,-1.26,-0.02,-0.05,-0.08,-0.11,-0.17
34712,-1.16,-0.13,-0.16,-0.08,-0.11,-0.17
34713,-1.05,-0.13,-0.16,0.03,-0.21,-0.17
34714,-1.16,0.08,0.05,0.03,-0.21,-0.17
34715,-1.26,-0.02,0.16,-0.08,-0.11,-0.17
34716,-1.05,-0.13,-0.16,-0.08,-0.11,-0.07
34717,-1.16,-0.13,0.16,-0.08,-0.11,0.04
34718,-1.47,0.08,0.05,-0.08,-0.11,-0.07
34719,-1.47,-0.02,-0.26,0.03,-0.11,-0.17
34720,-1.47,-0.23,-0.47,0.03,-0.11,-0.17
34721,-1.36,-0.02,-0.57,0.03,-0.21,-0.17
34722,-1.68,-0.13,-0.68,0.03,-0.31,-0.17
34723,-1.68,-0.13,-0.36,0.03,-0.21,-0.28
34724,-1.47,-0.33,-0.47,-0.08,-0.00,-0.17
34725,-1.36,-0.02,-0.57,0.03,-0.00,-0.17
34726,-1.36,0.19,-0.16,-0.08,-0.11,-0.17
34727,-1.47,-0.02,-0.26,-0.08,-0.11,-0.07
34728,-1.16,-0.13,-0.36,-0.08,-0.00,-0.07
34729,-1.05,-0.13,-0.05,0.03,-0.11,-0.07
34730,-1.05,0.39,-0.05,-0.08,-0.11,-0.07
34731,-1.16,-0.13,0.05,-0.08,-0.11,-0.17
34732,-1.16,-0.13,0.26,-0.08,-0.11,-0.17
34733,-1.05,-0.23,-0.05,-0.18,-0.11,-0.07
34734,-1.05,0.19,0.26,0.03,-0.11,-0.17
34735,-1.26,0.08,0.26,0.13,-0.11,-0.07
34736,-1.16,-0.23,0.05,0.03,-0.21,-0.17
34737,-1.05,-0.44,-0.26,0.03,-0.21,-0.17
34738,-1.16,-0.13,-0.16,0.03,-0.21,-0.17
34739,-1.36,-0.23,-0.05,0.03,-0.11,-0.17
34740,-1.26,-0.13,0.05,0.03,-0.21,-0.07
34741,-1.26,-0.33,-0.36,-0.08,-0.21,-0.07
34742,-1.36,-0.02,-0.36,-0.08,-0.31,-0.07
34743,-1.57,-0.13,-0.26,0.03,-0.11,-0.07
34744,-1.57,-0.02,-0.26,-0.08,-0.21,-0.07
34745,-1.47,-0.02,-0.68,-0.08,-0.21,-0.07
34746,-1.47,0.08,-0.26,-0.08,-0.00,-0.07
34747,-1.57,0.08,-0.26,-0.08,-0.00,-0.07
34748,-1.36,0.08,-0.26,-0.08,-0.11,0.04
34749,-1.26,-0.02,-0.26,-0.08,-0.00,-0.07
34750,-1.26,0.08,-0.16,-0.08,-0.00,-0.28
34751,-1.36,-0.02,-0.26,-0.08,-0.11,0.04
34752,-1.36,-0.23,0.05,-0.08,-0.00,-0.07
34753,-1.16,-0.13,-0.16,0.13,-0.00,-0.07
34754,-1.16,0.08,-0.05,-0.08,-0.21,-0.07
34755,-1.26,0.19,0.26,-0.08,-0.11,-0.07
34756,-1.26,-0.13,-0.05,0.03,-0.11,-0.07
34757,-1.05,-0.13,0.16,-0.08,-0.21,-0.07
34758,-1.26,-0.02,0.05,-0.08,-0.11,-0.07
34759,-1.36,0.08,-0.05,0.13,-0.11,-0.07
34760,-1.47,-0.23,-0.16,0.03,-0.11,-0.17
34761,-1.36,-0.13,-0.36,-0.08,-0.11,-0.07
34762,-1.26,-0.13,-0.68,0.03,-0.21,-0.07
34763,-1.57,-0.13,-0.36,0.03,-0.21,-0.17
34764,-1.57,-0.23,-0.26,-0.08,-0.21,-0.07
34765,-1.36,-0.13,-0.57,-0.08,-0.21,-0.07
34766,-1.36,-0.02,-0.36,0.03,-0.21,-0.17
34767,-1.26,0.08,-0.26,-0.18,-0.00,-0.17
34768,-1.26,-0.13,-0.26,-0.08,-0.11,-0.07
34769,-1.26,0.08,-0.16,-0.08,-0.11,-0.07
34770,-0.95,-0.13,-0.36,0.03,-0.11,-0.07
34771,-0.95,0.19,0.05,0.03,-0.21,-0.07
34772,-1.16,-0.13,0.16,0.03,-0.11,0.04
34773,-1.05,-0.02,0.05,-0.08,-0.00,-0.17
34774,-0.95,-0.33,0.05,0.03,-0.11,-0.07
34775,-0.95,0.19,0.47,0.03,-0.00,-0.07
34776,-1.16,-0.13,0.05,-0.08,-0.00,-0.07
34777,-1.16,-0.33,0.05,-0.08,-0.21,-0.17
34778,-1.16,-0.33,-0.16,0.03,-0.11,0.04
34779,-1.26,-0.13,-0.26,0.03,-0.11,-0.07
34780,-1.36,-0.13,-0.16,-0.08,-0.11,-0.07
34781,-1.47,-0.23,-0.16,0.03,-0.11,-0.17
34782,-1.26,-0.23,-0.36,-0.08,-0.11,-0.07
34783,-1.26,-0.02,-0.16,-0.08,-0.11,-0.17
34784,-1.57,-0.13,-0.36,-0.08,-0.00,-0.17
34785,-1.57,-0.13,-0.47,0.03,-0.00,-0.07
34786,-1.47,-0.13,-0.36,0.03,-0.00,-0.07
34787,-1.36,0.08,-0.26,-0.08,-0.21,-0.07
34788,-1.47,0.08,-0.36,-0.08,-0.21,0.04
34789,-1.47,0.39,-0.05,-0.18,-0.00,-0.07
34790,-1.26,-0.02,-0.36,-0.08,-0.11,0.04
34791,-1.26,0.08,-0.16,-0.08,-0.00,0.04
34792,-1.36,-0.02,-0.05,0.03,-0.11,-0.07
34793,-1.36,-0.02,-0.05,-0.08,-0.00,-0.07
34794,-1.16,-0.02,-0.16,0.03,-0.11,-0.07
34795,-1.16,0.08,0.05,0.03,-0.00,-0.17
34796,-1.26,0.08,-0.16,0.03,-0.00,-0.07
34797,-1.36,-0.13,0.05,0.03,-0.11,-0.07
34798,-1.05,-0.02,0.05,-0.08,0.10,-0.07
34799,-1.16,-0.02,-0.16,-0.08,-0.11,-0.07
34800,-1.36,0.08,0.05,-0.08,-0.11,-0.07
34801,-1.57,-0.23,-0.05,-0.08,-0.11,-0.17
34803,-1.47,-0.33,-0.36,-0.08,-0.21,-0.17
34803,-1.36,-0.13,-0.36,0.13,-0.21,-0.17
34804,-1.57,-0.02,-0.36,0.03,-0.21,-0.07
34805,-1.57,-0.13,-0.36,-0.08,-0.21,-0.07
34806,-1.47,-0.23,-0.16,-0.08,-0.11,0.04
34807,-1.47,-0.13,-0.47,-0.08,-0.00,-0.17
34808,-1.36,0.08,-0.36,0.03,-0.11,0.04
34809,-1.36,0.08,-0.16,-0.08,-0.11,-0.07
34810,-1.26,-0.02,-0.26,-0.08,-0.00,-0.07
34811,-1.05,-0.23,-0.16,-0.08,-0.11,0.04
34812,-1.05,-0.02,0.05,-0.08,0.10,-0.17
34813,-1.05,-0.02,0.05,-0.08,-0.11,-0.07
34814,-1.05,-0.02,0.26,-0.08,-0.11,-0.07
34815,-0.95,-0.13,0.16,0.03,-0.00,-0.07
34816,-1.16,0.08,0.16,-0.08,-0.11,-0.07
34817,-1.16,-0.23,0.26,0.03,-0.11,-0.07
34818,-1.36,-0.23,0.16,0.03,-0.11,-0.07
34819,-1.05,-0.23,-0.16,-0.08,-0.11,0.04
34820,-1.16,-0.02,-0.05,0.03,-0.31,-0.07
34821,-1.36,-0.33,-0.16,-0.08,-0.21,-0.28
34822,-1.47,-0.02,-0.26,-0.08,-0.11,-0.07
34823,-1.26,-0.44,-0.26,-0.08,-0.00,-0.07
34824,-1.36,-0.02,-0.26,-0.08,-0.21,-0.07
34825,-1.57,-0.02,-0.47,-0.08,-0.21,-0.07
34826,-1.47,-0.02,-0.26,-0.08,-0.11,-0.07
34827,-1.26,-0.13,-0.68,-0.08,-0.00,-0.17
34828,-1.47,0.19,-0.26,-0.08,-0.00,-0.17
34829,-1.47,0.19,-0.16,-0.18,-0.11,-0.07
34830,-1.57,0.19,-0.16,0.03,-0.00,-0.17
34831,-1.26,-0.23,-0.36,0.03,-0.11,-0.17
34832,-1.16,0.08,-0.05,-0.08,-0.11,-0.17
34833,-1.36,0.08,-0.16,-0.08,-0.11,-0.07
34834,-1.47,-0.13,-0.16,0.03,-0.21,-0.17
34835,-1.16,-0.02,-0.05,-0.08,-0.11,-0.17
34836,-1.05,-0.02,-0.26,0.03,-0.21,-0.17
34837,-1.16,-0.02,0.16,0.03,-0.11,-0.07
34838,-1.26,-0.02,0.05,0.03,-0.11,-0.07
34839,-1.26,-0.02,0.05,-0.08,-0.21,-0.07
34840,-1.05,-0.02,0.05,-0.08,-0.21,-0.07
34841,-1.36,-0.02,0.16,0.03,-0.21,-0.17
34842,-1.47,-0.23,0.05,0.03,-0.21,-0.17
34843,-1.36,-0.23,-0.26,-0.08,-0.11,-0.17
34844,-1.47,-0.02,-0.36,0.03,-0.00,-0.17
34845,-1.57,0.08,-0.47,0.03,-0.11,-0.17
34846,-1.57,-0.13,-0.36,0.03,-0.11,0.04
34847,-1.57,-0.13,-0.57,0.03,-0.21,-0.07
34848,-1.36,-0.13,-0.57,-0.08,-0.11,-0.07
34849,-1.36,0.08,-0.26,-0.08,-0.21,-0.07
34850,-1.36,-0.13,-0.36,0.03,-0.11,-0.07
34851,-1.16,-0.02,-0.16,0.03,-0.00,-0.07
34852,-1.05,-0.13,-0.05,-0.08,-0.11,-0.17
34853,-1.05,0.19,0.05,-0.08,-0.11,-0.17
34854,-1.16,-0.13,0.16,0.03,-0.21,-0.07
34855,-1.16,-0.02,0.16,0.03,-0.11,-0.07
34856,-0.95,-0.13,0.05,0.03,-0.00,0.04
34857,-1.05,-0.02,0.36,0.03,-0.21,-0.07
34858,-1.16,-0.23,0.47,0.03,-0.11,-0.17
34859,-1.16,-0.02,0.16,-0.18,-0.11,-0.28
34860,-0.95,-0.23,-0.16,0.03,-0.11,-0.28
34861,-1.16,-0.02,0.05,0.03,-0.11,-0.07
34862,-1.36,-0.23,-0.36,0.03,-0.21,-0.07
34863,-1.36,-0.33,-0.16,0.03,-0.11,-0.17
34864,-1.16,-0.33,-0.36,-0.08,-0.11,-0.07
34865,-1.36,-0.23,-0.26,-0.08,-0.11,-0.17
34866,-1.47,-0.02,-0.16,-0.08,-0.21,-0.17
34867,-1.47,-0.13,-0.26,-0.08,-0.11,-0.17
34868,-1.36,-0.13,-0.68,0.03,-0.11,-0.07
34869,-1.36,0.19,-0.05,-0.08,-0.11,0.04
34870,-1.47,0.19,-0.26,0.03,-0.11,-0.17
34871,-1.36,0.08,-0.26,-0.08,-0.11,-0.17
34872,-1.26,-0.02,-0.26,0.03,-0.11,-0.07
34873,-1.26,0.08,-0.16,0.03,-0.11,-0.07
34874,-1.36,0.29,-0.05,0.03,-0.00,0.04
34875,-1.36,-0.02,0.05,0.03,-0.00,-0.17
34876,-1.16,-0.13,-0.36,-0.18,-0.11,-0.07
34877,-1.05,-0.13,-0.16,-0.08,-0.21,-0.17
34878,-1.16,-0.02,0.16,0.03,-0.21,-0.17
34879,-1.26,-0.13,-0.16,0.13,-0.11,-0.07
34880,-1.16,-0.02,0.05,-0.08,-0.21,-0.17
34881,-1.05,-0.02,0.05,-0.08,-0.31,-0.28
34882,-1.36,-0.13,-0.16,0.03,-0.21,-0.07
34883,-1.47,-0.13,-0.05,0.03,-0.11,-0.07
34884,-1.36,-0.13,-0.26,-0.08,-0.21,-0.17
34885,-1.36,-0.02,-0.47,0.03,-0.21,-0.07
34886,-1.57,0.08,-0.36,0.03,-0.21,0.04
34887,-1.68,-0.23,-0.36,-0.08,-0.11,-0.17
34888,-1.47,-0.02,-0.68,0.03,-0.11,-0.17
34889,-1.47,-0.02,-0.26,-0.08,-0.11,-0.07
34890,-1.36,0.08,-0.47,0.03,-0.11,-0.07
34891,-1.47,-0.02,-0.47,-0.18,-0.00,-0.07
34892,-1.26,-0.13,-0.26,-0.08,-0.11,-0.07
34893,-1.05,-0.02,-0.47,0.03,-0.21,-0.17
34894,-1.16,0.08,-0.16,0.03,-0.11,-0.17
34895,-1.05,-0.02,0.05,0.03,-0.00,-0.07
34896,-1.05,-0.02,-0.05,0.03,-0.00,-0.07
34897,-0.95,-0.23,0.05,-0.08,-0.11,-0.07
34898,-1.16,0.08,0.47,-0.08,-0.11,-0.07
34899,-1.26,-0.13,0.16,0.03,-0.11,-0.17
34900,-1.05,-0.13,0.16,0.03,-0.11,-0.17
34901,-0.95,-0.13,0.05,-0.08,-0.11,-0.07
34902,-1.26,-0.13,-0.26,0.03,-0.00,-0.07
34903,-1.36,-0.44,-0.05,-0.08,-0.21,-0.07
34904,-1.47,-0.23,-0.36,0.03,-0.11,-0.07
34905,-1.05,-0.33,-0.57,-0.08,-0.21,-0.17
34906,-1.36,-0.13,-0.26,0.03,-0.11,-0.07
34907,-1.47,-0.23,-0.36,-0.08,-0.11,-0.17
34908,-1.47,-0.02,-0.16,0.03,-0.11,-0.17
34909,-1.36,-0.02,-0.36,-0.18,-0.11,0.04
34910,-1.47,0.19,-0.36,-0.18,-0.21,-0.07
34911,-1.36,0.08,-0.36,-0.08,-0.11,-0.07
34912,-1.47,0.19,0.05,0.03,-0.11,0.04
34913,-1.26,-0.02,-0.26,0.03,-0.11,-0.07
34914,-1.16,0.19,-0.16,0.03,-0.21,-0.07
34915,-1.26,0.19,0.05,-0.08,-0.00,-0.17
34916,-1.47,-0.13,-0.16,-0.08,0.10,-0.07
34917,-1.16,-0.13,-0.26,0.03,-0.11,-0.17
34918,-1.16,-0.23,0.05,-0.08,-0.00,-0.07
34919,-1.26,-0.02,-0.16,0.03,-0.11,-0.07
34920,-1.26,-0.23,-0.05,0.03,-0.11,-0.07
34921,-1.16,-0.23,-0.05,0.03,-0.21,-0.07
34922,-1.26,-0.02,0.05,-0.08,-0.21,-0.07
34923,-1.36,-0.02,0.05,-0.08,-0.21,-0.07
34924,-1.47,-0.13,-0.16,0.03,-0.21,-0.07
34925,-1.36,-0.02,-0.36,-0.08,-0.21,-0.07
34926,-1.47,-0.23,-0.26,0.03,-0.11,-0.07
34927,-1.68,0.08,-0.36,-0.08,-0.11,-0.07
34928,-1.68,-0.23,-0.57,0.03,-0.11,-0.07
34929,-1.47,-0.13,-0.57,-0.08,-0.11,-0.07
34930,-1.47,0.08,-0.47,0.03,-0.00,-0.07
34931,-1.47,0.19,-0.26,0.03,-0.11,-0.07
34932,-1.47,-0.13,-0.36,0.03,-0.11,0.04
34933,-1.26,-0.02,-0.57,0.03,-0.11,-0.07
34934,-1.16,-0.13,-0.36,0.03,-0.11,-0.17
34935,-1.05,0.29,-0.05,-0.08,-0.11,-0.17
34936,-1.05,-0.13,-0.05,-0.08,-0.11,0.04
34937,-1.16,-0.23,0.05,-0.08,-0.11,-0.17
34938,-0.84,-0.13,0.05,0.03,-0.00,-0.17
34939,-1.16,0.19,0.16,0.03,-0.11,-0.17
34940,-1.26,-0.02,0.36,0.03,-0.21,-0.17
34941,-1.26,0.08,-0.05,0.03,-0.11,-0.28
34942,-1.05,-0.23,-0.16,0.03,-0.11,-0.17
34943,-1.26,-0.02,-0.16,0.03,-0.00,-0.17
34944,-1.47,-0.33,-0.26,-0.08,-0.11,-0.07
34945,-1.47,-0.23,-0.36,-0.08,-0.31,-0.17
34946,-1.16,-0.23,-0.26,-0.08,-0.11,-0.07
34947,-1.36,-0.33,-0.47,0.03,-0.21,-0.07
34948,-1.47,-0.33,-0.36,0.03,-0.11,-0.07
34949,-1.47,-0.13,-0.16,-0.18,-0.11,-0.07
34950,-1.36,-0.33,-0.57,0.03,-0.21,-0.17
34951,-1.36,0.19,-0.16,-0.08,-0.11,-0.28
34952,-1.36,0.19,-0.26,0.03,-0.11,-0.07
34953,-1.36,0.19,-0.16,0.03,-0.00,-0.07
34954,-1.05,-0.02,-0.26,-0.08,-0.11,-0.28
34955,-1.26,0.19,0.05,0.03,-0.11,-0.07
34956,-1.36,0.08,-0.16,0.03,-0.00,-0.07
34957,-1.26,-0.02,0.05,0.03,-0.11,-0.17
34958,-1.16,-0.23,-0.05,0.03,-0.11,-0.07
34959,-1.16,-0.02,-0.26,0.03,-0.11,-0.17
34960,-1.26,-0.02,0.16,-0.08,-0.11,-0.17
34961,-1.36,-0.23,-0.16,0.03,-0.11,-0.07
34962,-1.16,-0.23,-0.16,0.03,-0.00,-0.07
34963,-1.16,-0.13,-0.05,-0.08,-0.11,-0.17
34964,-1.36,-0.13,-0.05,0.03,-0.11,-0.07
34965,-1.47,-0.02,-0.05,0.03,-0.21,-0.28
34966,-1.36,-0.13,-0.16,-0.08,-0.21,-0.07
34967,-1.36,-0.02,-0.26,-0.08,-0.11,-0.17
34968,-1.68,-0.02,-0.36,0.03,-0.21,-0.17
34969,-1.68,0.08,-0.26,-0.18,-0.21,-0.17
34970,-1.47,0.08,-0.68,0.03,-0.11,-0.17
34971,-1.47,-0.13,-0.57,0.13,-0.21,-0.17
34972,-1.57,0.29,-0.26,-0.08,-0.11,-0.17
34973,-1.47,-0.13,-0.47,0.03,-0.00,-0.17
34974,-1.26,-0.13,-0.47,0.03,-0.11,0.04
34975,-1.26,-0.13,-0.36,-0.08,-0.00,0.04
34976,-1.05,0.08,-0.26,0.03,-0.00,-0.07
34977,-1.26,-0.02,0.05,0.03,-0.11,0.04
34978,-1.16,-0.23,0.05,0.03,-0.11,-0.07
34979,-1.05,-0.13,-0.05,-0.08,-0.11,-0.17
34980,-1.16,0.19,0.36,0.03,-0.11,-0.07
34981,-1.16,-0.13,0.26,-0.08,-0.11,-0.17
34982,-1.26,-0.02,0.16,0.03,-0.11,-0.07
34983,-0.95,-0.23,0.16,-0.08,-0.11,-0.17
34984,-1.36,-0.13,-0.05,0.03,-0.11,-0.07
34985,-1.47,-0.23,-0.16,-0.08,-0.11,-0.07
34986,-1.57,-0.13,-0.16,0.03,-0.21,-0.17
34987,-1.26,-0.33,-0.57,0.03,-0.11,-0.17
34988,-1.26,-0.02,-0.57,-0.08,-0.21,-0.07
34989,-1.47,-0.33,-0.26,-0.08,-0.11,-0.07
34990,-1.47,-0.23,-0.57,-0.08,-0.11,-0.07
34991,-1.16,-0.33,-0.36,0.03,-0.21,-0.07
34992,-1.36,0.29,-0.05,0.03,-0.00,0.04
34993,-1.16,0.08,-0.36,-0.08,-0.11,-0.07
34994,-1.36,0.08,-0.05,-0.08,-0.00,0.04
34995,-1.05,-0.02,-0.26,0.03,-0.00,0.04
34996,-1.05,0.08,-0.05,-0.08,-0.11,0.04
34997,-1.16,0.08,0.05,-0.08,0.10,-0.07
34998,-1.26,-0.02,0.16,0.13,-0.11,-0.07
34999,-1.16,-0.13,-0.26,-0.08,-0.11,-0.17
35000,-1.16,-0.23,-0.05,-0.08,-0.11,-0.17
35001,-1.26,-0.02,0.05,0.03,-0.11,-0.07
35002,-1.26,-0.13,-0.26,0.03,-0.21,-0.07
35003,-1.16,-0.33,-0.05,0.03,-0.11,-0.17
35004,-1.05,-0.02,-0.05,-0.08,-0.21,-0.07
35005,-1.36,-0.23,-0.16,-0.08,-0.21,-0.17
35006,-1.47,-0.02,0.05,-0.08,-0.00,-0.07
35007,-1.36,-0.13,-0.26,-0.08,-0.11,-0.07
35008,-1.36,-0.02,-0.36,-0.18,-0.21,-0.07
35009,-1.68,-0.02,-0.16,-0.08,-0.11,-0.07
35010,-1.78,-0.02,-0.47,-0.08,-0.21,-0.07
35011,-1.57,-0.02,-0.57,-0.08,-0.11,-0.07
35012,-1.47,0.08,-0.57,-0.08,-0.11,-0.07
35013,-1.57,0.08,-0.36,-0.08,-0.11,-0.07
35161,-1.26,-0.13,-0.05,0.03,-0.11,-0.07
35162,-1.05,-0.13,-0.16,0.03,-0.11,-0.07
35163,-1.05,-0.02,0.16,-0.08,-0.11,-0.07
35164,-1.16,0.08,0.05,0.03,-0.11,0.04
35165,-1.26,-0.02,0.05,-0.08,-0.11,-0.28
35166,-1.05,-0.23,0.05,0.03,-0.11,-0.17
35167,-1.16,-0.02,-0.05,-0.08,-0.11,-0.17
35168,-1.36,-0.02,0.16,-0.08,-0.21,-0.28
35169,-1.47,-0.23,-0.16,0.03,-0.00,-0.17
35170,-1.47,-0.23,-0.36,0.03,-0.21,-0.07
35171,-1.26,-0.33,-0.36,0.03,-0.11,-0.17
35172,-1.57,-0.02,-0.36,-0.08,-0.11,-0.07
35173,-1.57,-0.23,-0.36,0.03,-0.00,-0.17
35174,-1.26,-0.13,-0.36,-0.08,-0.11,0.04
35175,-1.26,-0.13,-0.47,-0.08,-0.00,-0.17
35176,-1.47,0.08,-0.16,-0.08,-0.11,-0.17
35177,-1.36,-0.02,-0.36,-0.18,-0.11,-0.07
35178,-1.16,-0.13,-0.36,-0.08,-0.00,-0.07
35179,-0.95,-0.13,-0.26,0.03,-0.00,-0.17
35180,-1.05,0.19,0.05,0.03,-0.11,-0.07
35181,-1.26,0.08,0.16,-0.08,-0.11,-0.17
35182,-1.16,-0.13,0.16,-0.08,-0.00,0.04
35183,-1.05,-0.13,-0.05,-0.08,-0.11,-0.07
35184,-1.05,-0.02,0.26,-0.08,-0.00,-0.07
35185,-1.26,-0.23,0.05,-0.08,-0.00,-0.17
35186,-1.26,-0.13,0.16,-0.08,-0.00,-0.17
35187,-1.05,-0.33,-0.16,-0.08,-0.11,-0.17
35188,-1.26,-0.13,0.05,0.13,-0.21,-0.17
35189,-1.36,-0.23,0.05,0.03,-0.11,-0.17
35190,-1.47,-0.23,-0.16,-0.08,-0.11,-0.17
35191,-1.26,-0.13,-0.26,0.03,-0.11,0.04
35192,-1.26,0.08,-0.26,-0.08,-0.11,-0.28
35193,-1.47,0.08,-0.16,-0.08,-0.11,-0.28
35194,-1.57,-0.02,-0.26,-0.08,-0.21,-0.07
35195,-1.36,-0.13,-0.68,-0.08,-0.11,-0.17
35196,-1.47,0.08,-0.36,-0.18,-0.11,-0.17
35197,-1.47,0.19,-0.16,-0.18,-0.21,-0.17
35198,-1.36,0.19,-0.47,0.03,-0.00,-0.07
35199,-1.26,-0.13,-0.16,-0.08,-0.11,-0.17
35200,-1.16,0.19,-0.05,-0.08,-0.00,-0.07
35201,-1.36,0.08,-0.16,-0.18,-0.11,-0.07
35202,-1.36,-0.02,-0.05,0.03,-0.00,-0.17
35203,-1.05,-0.13,-0.05,-0.08,0.10,0.04
35204,-1.05,-0.02,-0.16,0.03,-0.00,-0.07
35205,-1.26,0.08,0.26,-0.08,-0.11,-0.17
35206,-1.26,-0.23,0.16,-0.08,-0.11,-0.07
35207,-1.16,-0.02,-0.05,-0.08,-0.11,-0.07
35208,-1.05,-0.02,0.16,-0.18,-0.21,-0.07
35209,-1.26,-0.02,0.16,-0.08,-0.11,-0.17
35210,-1.47,-0.23,-0.05,0.03,-0.21,-0.17
35211,-1.36,-0.13,-0.36,0.03,-0.21,-0.17
35212,-1.36,-0.13,-0.47,-0.08,-0.11,-0.07
35213,-1.68,0.08,-0.36,-0.08,-0.21,-0.28
35214,-1.57,-0.13,-0.26,-0.08,-0.11,-0.17
35215,-1.47,-0.13,-0.57,-0.08,-0.21,-0.17
35216,-1.47,-0.23,-0.68,-0.08,-0.11,-0.17
35217,-1.47,0.19,-0.16,0.03,-0.11,-0.17
35218,-1.47,-0.13,-0.47,-0.08,-0.00,0.04
35219,-1.16,-0.02,-0.26,-0.18,-0.11,-0.07
35220,-1.05,-0.13,-0.05,-0.18,-0.11,-0.07
35221,-0.95,0.29,-0.05,0.03,-0.11,-0.07
35222,-1.16,-0.02,0.16,0.03,-0.00,-0.07
35223,-1.05,-0.02,0.05,0.03,-0.00,-0.17
35224,-0.84,-0.23,-0.05,-0.08,-0.11,-0.07
35225,-1.05,0.08,0.36,0.03,-0.21,0.04
35226,-1.26,-0.23,0.16,-0.08,-0.21,-0.07
35227,-1.16,-0.13,0.16,-0.08,-0.21,-0.07
35228,-1.05,-0.33,0.05,0.03,-0.11,-0.07
35229,-1.26,-0.02,-0.05,-0.18,-0.21,-0.07
35230,-1.47,-0.13,-0.16,0.03,-0.21,-0.17
35231,-1.36,-0.13,-0.26,-0.08,-0.11,-0.17
35232,-1.26,-0.33,-0.57,-0.18,-0.21,-0.07
35233,-1.47,-0.13,-0.26,-0.08,-0.11,-0.17
35234,-1.47,-0.13,-0.26,0.03,-0.21,0.04
35235,-1.36,-0.02,-0.36,-0.18,-0.11,-0.17
35237,-1.36,-0.13,-0.36,-0.08,-0.11,-0.17
35237,-1.47,0.19,-0.16,-0.08,-0.00,-0.07
35238,-1.26,-0.23,-0.36,-0.08,-0.11,-0.17
35239,-1.26,0.08,-0.05,-0.18,-0.00,-0.07
35240,-1.16,-0.13,-0.16,-0.08,-0.11,-0.17
35241,-1.16,0.29,0.05,0.03,-0.11,-0.07
35242,-1.16,0.08,0.16,-0.08,-0.00,-0.17
35243,-1.16,-0.13,0.05,-0.08,-0.00,0.04
35244,-1.16,-0.23,-0.05,-0.08,-0.00,0.04
35245,-1.16,-0.02,0.16,0.03,-0.11,-0.07
35246,-1.26,-0.13,0.16,0.03,-0.11,-0.07
35247,-1.16,-0.13,-0.05,0.03,-0.11,-0.07
35248,-1.05,-0.33,-0.16,0.03,-0.21,-0.17
35249,-1.16,-0.13,-0.05,0.13,-0.21,-0.28
35250,-1.47,-0.02,0.05,-0.08,-0.11,-0.07
35251,-1.36,-0.13,0.16,-0.08,-0.11,-0.07
35252,-1.26,-0.13,-0.47,-0.08,-0.31,-0.07
35253,-1.36,-0.13,-0.16,-0.08,-0.00,-0.07
35254,-1.57,-0.13,-0.36,-0.08,-0.11,0.04
35255,-1.68,0.08,-0.26,-0.18,-0.31,-0.07
35256,-1.47,-0.13,-0.47,-0.08,-0.11,-0.07
35257,-1.47,-0.02,-0.36,-0.18,-0.00,-0.17
35258,-1.47,0.19,-0.36,0.03,-0.11,0.04
35259,-1.57,0.08,-0.16,-0.08,-0.11,-0.17
35260,-1.36,-0.02,-0.36,-0.08,-0.00,-0.07
35261,-1.26,0.08,-0.36,-0.08,-0.11,-0.07
35262,-1.16,0.19,-0.16,-0.08,-0.11,0.04
35263,-1.26,-0.13,-0.26,-0.18,-0.11,-0.07
35264,-1.16,-0.23,-0.05,-0.08,-0.11,-0.17
35265,-1.05,-0.13,0.05,-0.08,-0.11,0.04
35266,-1.16,0.08,0.26,-0.08,-0.21,-0.17
35267,-1.26,-0.13,0.05,-0.08,-0.11,-0.07
35268,-1.16,0.08,0.16,0.03,-0.11,-0.07
35269,-1.26,-0.23,-0.05,0.03,-0.11,-0.07
35270,-1.16,-0.02,-0.05,0.03,-0.11,-0.17
35271,-1.47,-0.23,0.05,0.03,-0.11,-0.17
35272,-1.36,-0.02,-0.36,-0.08,-0.21,-0.07
35274,-1.36,-0.23,-0.26,0.03,-0.21,-0.17
35274,-1.57,-0.13,-0.36,-0.08,-0.11,-0.07
35275,-1.68,-0.23,-0.47,0.03,-0.00,-0.07
35276,-1.47,-0.13,-0.47,-0.18,-0.11,-0.07
35277,-1.26,-0.13,-0.57,-0.08,-0.11,-0.07
35278,-1.36,0.08,-0.26,-0.08,-0.11,0.04
35279,-1.47,-0.33,-0.26,0.03,-0.11,-0.07
35280,-1.26,0.08,-0.36,-0.08,-0.11,-0.17
35281,-1.05,-0.13,-0.36,-0.18,-0.00,-0.17
35282,-1.05,-0.02,-0.05,-0.08,-0.00,-0.07
35283,-1.16,-0.02,0.05,-0.08,-0.00,-0.07
35284,-0.95,-0.02,0.16,-0.08,-0.11,0.04
35285,-0.95,-0.13,0.16,0.03,-0.11,-0.07
35286,-1.16,0.19,0.36,0.03,-0.21,0.04
35287,-1.26,-0.23,0.26,-0.08,-0.11,-0.07
35288,-1.16,-0.13,0.16,0.03,-0.11,-0.07
35289,-1.16,-0.23,-0.16,0.03,-0.00,-0.17
35290,-1.36,-0.13,-0.16,0.13,-0.11,-0.17
35291,-1.47,-0.13,-0.05,-0.18,-0.11,-0.07
35292,-1.47,-0.23,-0.36,-0.08,-0.11,-0.07
35293,-1.16,-0.33,-0.47,0.03,-0.21,-0.07
35294,-1.36,-0.02,-0.16,-0.08,-0.21,-0.07
35295,-1.47,-0.13,-0.16,-0.08,-0.11,-0.07
35296,-1.36,-0.02,-0.36,-0.08,-0.21,-0.17
35297,-1.26,-0.23,-0.36,-0.18,-0.11,-0.07
35298,-1.47,0.19,-0.26,-0.08,-0.11,-0.07
35299,-1.47,0.08,-0.26,-0.08,-0.11,-0.07
35300,-1.36,0.19,-0.05,-0.08,-0.11,-0.17
35301,-1.26,0.08,-0.16,-0.08,-0.00,-0.07
35302,-1.16,0.08,0.05,-0.18,0.10,-0.07
35303,-1.36,0.08,-0.05,-0.08,-0.00,-0.07
35304,-1.16,0.08,-0.05,0.03,-0.11,-0.07
35305,-1.05,-0.02,0.05,0.03,-0.00,-0.17
35306,-1.16,0.08,-0.16,-0.08,0.10,-0.07
35307,-1.26,-0.13,-0.05,0.03,-0.00,-0.17
35308,-1.36,-0.23,0.16,0.03,-0.31,-0.17
35309,-1.26,-0.13,-0.26,-0.08,-0.21,0.04
35310,-1.16,0.19,0.16,0.03,-0.21,-0.17
35311,-1.36,-0.02,0.05,-0.18,-0.21,-0.17
35312,-1.36,-0.23,-0.05,0.03,-0.11,-0.07
35313,-1.36,-0.33,-0.16,-0.08,-0.11,-0.07
35314,-1.36,-0.02,-0.26,0.03,-0.21,-0.07
35315,-1.68,-0.02,-0.47,0.03,-0.21,-0.07
35316,-1.57,-0.02,-0.36,-0.08,-0.11,-0.17
35317,-1.47,-0.02,-0.57,-0.08,-0.11,-0.17
35318,-1.36,-0.13,-0.57,-0.08,-0.11,-0.17
35319,-1.57,0.19,-0.16,-0.08,-0.11,-0.17
35320,-1.57,0.08,-0.47,-0.08,-0.11,-0.28
35321,-1.26,-0.02,-0.36,-0.08,0.10,-0.17
35322,-1.26,0.19,-0.16,-0.08,-0.11,-0.07
35323,-1.26,0.08,-0.05,-0.08,-0.11,-0.07
35324,-1.16,-0.02,-0.05,-0.08,-0.21,-0.07
35325,-1.16,-0.13,0.05,-0.08,-0.11,-0.07
35326,-0.95,-0.13,-0.05,-0.08,-0.00,-0.17
35327,-1.16,-0.02,0.16,0.03,-0.00,-0.07
35328,-1.16,-0.13,0.16,-0.08,-0.00,-0.07
35329,-1.05,-0.13,0.05,-0.08,-0.11,-0.07
35330,-0.95,-0.23,0.16,0.03,-0.11,-0.07
35331,-1.36,-0.02,0.16,-0.18,-0.21,-0.07
35332,-1.47,-0.23,-0.16,-0.08,-0.11,-0.17
35333,-1.26,-0.23,-0.26,-0.08,-0.11,-0.07
35334,-1.26,-0.23,-0.57,0.03,-0.11,-0.17
35335,-1.47,-0.13,-0.47,-0.08,-0.21,-0.17
35336,-1.68,-0.33,-0.36,0.03,-0.21,0.04
35337,-1.47,-0.02,-0.36,0.03,0.10,-0.07
35338,-1.36,-0.23,-0.57,-0.08,-0.11,-0.17
35339,-1.36,0.29,-0.16,-0.08,-0.11,-0.17
35340,-1.36,-0.02,-0.47,0.03,-0.11,-0.07
35341,-1.26,-0.02,-0.26,0.03,-0.21,-0.17
35342,-0.95,-0.02,-0.16,0.03,-0.11,-0.07
35343,-1.16,0.19,0.05,0.03,-0.21,-0.07
35344,-1.05,0.08,0.16,-0.08,-0.21,-0.17
35345,-1.05,-0.02,0.16,-0.08,-0.00,-0.17
35346,-0.95,-0.23,-0.05,-0.08,-0.00,-0.17
35347,-1.05,-0.13,0.16,-0.08,-0.11,0.04
35348,-1.36,-0.13,0.16,-0.08,-0.11,-0.07
35349,-1.16,-0.13,-0.26,0.03,-0.21,-0.07
35350,-1.16,-0.02,-0.05,-0.08,-0.21,-0.17
35351,-1.26,-0.13,-0.16,0.03,-0.11,-0.07
35352,-1.47,-0.23,-0.26,0.03,-0.00,-0.07
35353,-1.26,-0.23,-0.16,0.03,-0.21,-0.07
35354,-1.26,-0.23,-0.36,-0.08,-0.11,-0.17
35355,-1.36,0.08,-0.16,0.03,-0.21,-0.17
35356,-1.68,0.08,-0.16,0.03,-0.21,0.04
35357,-1.57,-0.23,-0.57,0.03,-0.11,-0.17
35358,-1.36,-0.13,-0.47,-0.18,-0.11,-0.07
35359,-1.36,-0.02,-0.26,-0.08,-0.00,-0.17
35360,-1.47,0.19,-0.16,-0.18,-0.11,-0.17
35361,-1.36,0.19,-0.16,-0.08,-0.00,-0.17
35362,-1.16,0.08,-0.36,-0.08,0.10,-0.17
35363,-1.26,0.08,-0.16,-0.08,-0.21,-0.07
35364,-1.36,-0.02,-0.05,0.03,-0.11,0.04
35365,-1.36,-0.13,-0.05,-0.08,-0.11,-0.17
35366,-1.26,-0.02,-0.16,-0.08,-0.11,-0.17
35367,-1.05,-0.02,-0.05,0.03,-0.00,-0.17
35368,-1.26,-0.02,0.05,-0.08,-0.11,-0.07
35369,-1.26,-0.23,0.05,0.03,-0.00,-0.07
35370,-1.16,-0.13,0.05,0.03,-0.11,-0.07
35371,-1.16,-0.13,-0.05,-0.18,-0.00,-0.17
35372,-1.36,-0.02,0.05,0.03,-0.11,-0.07
35373,-1.36,-0.02,0.05,0.03,-0.11,-0.17
35374,-1.36,-0.13,-0.16,-0.08,-0.21,-0.17
35375,-1.47,-0.02,-0.26,-0.08,-0.21,-0.07
35376,-1.68,-0.02,-0.36,-0.08,-0.21,-0.17
35377,-1.57,-0.13,-0.57,0.03,-0.11,-0.17
35378,-1.47,-0.13,-0.57,0.03,-0.11,-0.28
35379,-1.47,-0.02,-0.47,-0.08,-0.11,-0.17
35380,-1.68,0.19,-0.36,0.03,-0.00,-0.07
35381,-1.47,-0.13,-0.47,0.03,-0.11,-0.07
35382,-1.26,-0.23,-0.36,0.03,-0.00,0.04
35383,-1.16,0.08,-0.36,-0.08,-0.00,-0.07
35384,-1.26,0.19,-0.16,-0.18,-0.11,-0.07
35385,-1.26,-0.23,-0.16,-0.08,-0.11,-0.07
35386,-1.05,-0.13,-0.05,-0.08,-0.11,-0.07
35387,-1.05,-0.02,0.26,-0.08,-0.11,-0.07
35388,-1.16,-0.02,0.26,0.03,-0.21,-0.07
35389,-1.26,-0.13,0.36,-0.08,-0.21,-0.07
35390,-0.95,-0.02,0.26,0.03,-0.00,-0.07
35391,-1.05,-0.23,-0.05,0.03,-0.11,-0.17
35392,-1.36,-0.13,0.05,0.03,-0.21,-0.17
35393,-1.47,-0.13,-0.16,-0.08,-0.21,-0.07
35394,-1.36,-0.23,-0.47,-0.08,-0.11,-0.17
35395,-1.47,-0.23,-0.47,0.03,-0.11,-0.07
35396,-1.36,-0.13,-0.26,0.13,-0.11,-0.17
35397,-1.36,-0.13,-0.36,0.03,-0.00,0.04
35398,-1.36,-0.13,-0.36,-0.08,-0.11,-0.07
35399,-1.36,-0.13,-0.36,-0.08,-0.21,-0.17
35400,-1.26,-0.02,-0.36,0.03,-0.11,-0.17
35401,-1.26,-0.02,-0.26,0.03,-0.00,0.04
35402,-1.05,-0.02,-0.26,-0.08,-0.11,-0.17
35403,-1.16,0.08,-0.16,0.03,-0.00,-0.17
35404,-1.16,0.19,0.26,0.03,-0.11,-0.17
35405,-1.05,-0.02,-0.05,-0.08,-0.11,-0.07
35406,-1.16,-0.23,0.05,0.03,-0.11,-0.07
35407,-1.16,-0.02,0.16,-0.18,-0.11,-0.07
35408,-1.26,-0.02,0.05,0.03,-0.00,-0.17
35409,-1.16,-0.02,0.05,-0.08,-0.21,-0.17
35410,-1.16,-0.13,-0.05,-0.08,-0.11,-0.17
35411,-1.26,-0.13,-0.26,0.03,-0.00,-0.17
35412,-1.36,-0.23,-0.16,0.03,-0.11,-0.17
35413,-1.36,-0.13,-0.16,-0.08,-0.21,-0.07
35414,-1.26,-0.02,-0.36,-0.08,-0.21,-0.07
35415,-1.26,-0.02,-0.05,0.03,-0.21,-0.17
35416,-1.47,-0.13,-0.26,0.03,-0.21,-0.17
35417,-1.47,-0.13,-0.36,-0.08,-0.11,-0.17
35418,-1.57,-0.23,-0.26,-0.08,-0.00,-0.07
35419,-1.47,0.19,-0.47,0.03,-0.00,-0.17
35420,-1.47,0.19,-0.36,-0.08,-0.21,-0.07
35421,-1.47,0.19,-0.26,-0.08,-0.11,-0.38
35422,-1.47,0.08,-0.36,-0.08,-0.11,-0.07
35423,-1.47,-0.02,-0.36,0.03,-0.21,-0.07
35424,-1.47,0.19,-0.26,-0.08,-0.00,-0.17
35425,-1.47,0.29,-0.26,-0.08,-0.11,0.04
35426,-1.26,-0.23,-0.26,-0.08,-0.11,0.04
35427,-1.26,-0.13,-0.05,-0.08,-0.11,-0.17
35428,-1.05,-0.23,-0.16,-0.08,-0.11,-0.28
35429,-1.05,-0.13,-0.05,-0.08,-0.21,-0.17
35430,-1.16,0.08,0.36,0.13,-0.00,-0.07
35431,-1.16,-0.13,0.16,0.03,-0.21,-0.07
35432,-1.16,-0.02,0.16,-0.08,-0.21,-0.07
35433,-1.36,-0.13,0.05,0.03,-0.11,-0.17
35434,-1.36,-0.13,-0.16,0.03,-0.21,-0.17
35435,-1.36,-0.23,-0.36,0.03,-0.11,-0.07
35436,-1.47,-0.13,-0.36,0.03,-0.21,-0.28
35437,-1.47,-0.23,-0.47,0.03,-0.00,-0.28
35438,-1.47,-0.23,-0.36,-0.08,-0.21,-0.17
35439,-1.36,-0.13,-0.36,-0.08,-0.21,-0.07
35440,-1.26,-0.23,-0.47,-0.08,-0.21,-0.07
35441,-1.36,-0.13,-0.16,-0.08,-0.11,0.04
35442,-1.16,-0.13,-0.26,-0.08,-0.11,-0.07
35443,-1.05,0.08,-0.26,-0.08,-0.11,-0.07
35444,-1.05,0.19,0.05,-0.08,-0.00,-0.07
35445,-1.16,-0.02,0.05,0.03,-0.21,-0.07
35446,-1.16,0.08,-0.05,-0.08,-0.00,-0.07
35447,-1.05,-0.23,0.16,-0.08,-0.11,-0.07
35448,-1.05,-0.02,0.16,0.03,-0.11,-0.07
35449,-1.16,-0.02,0.05,-0.08,-0.21,0.04
35450,-1.16,-0.23,-0.05,-0.18,-0.11,-0.07
35451,-1.26,-0.23,-0.16,0.03,-0.11,-0.17
35452,-1.16,-0.13,-0.05,-0.08,-0.21,-0.28
35453,-1.26,-0.13,0.05,-0.08,-0.11,-0.17
35454,-1.26,-0.13,-0.26,0.03,-0.11,-0.07
35455,-1.26,-0.33,-0.16,0.03,-0.21,-0.07
35456,-1.36,-0.13,-0.16,0.03,-0.21,-0.17
35457,-1.57,0.08,-0.36,-0.08,-0.21,-0.17
35458,-1.57,0.08,-0.16,-0.08,-0.21,-0.17
35459,-1.57,-0.02,-0.57,-0.08,-0.00,-0.07
35460,-1.57,-0.02,-0.57,-0.08,-0.11,-0.17
35461,-1.57,-0.13,-0.47,-0.08,-0.11,-0.07
35462,-1.47,-0.13,-0.36,-0.08,-0.11,-0.07
35463,-1.57,0.08,-0.57,-0.08,-0.00,-0.17
35464,-1.47,-0.33,-0.36,-0.08,-0.11,-0.07
35465,-1.26,-0.02,-0.26,0.03,-0.11,-0.07
35466,-1.26,0.08,-0.26,-0.08,-0.00,-0.07
35467,-1.16,-0.02,0.05,0.03,-0.11,-0.17
35468,-1.05,0.08,-0.05,-0.08,-0.00,-0.17
35469,-1.16,0.08,0.16,-0.08,-0.11,-0.07
35470,-1.05,-0.02,0.26,-0.08,-0.21,-0.07
35471,-1.05,-0.02,0.26,0.03,-0.21,-0.07
35472,-1.26,-0.13,0.16,-0.08,-0.21,-0.17
35473,-1.16,-0.23,0.05,-0.08,-0.11,-0.07
35474,-1.26,-0.33,-0.16,0.13,-0.11,-0.17
35475,-1.16,-0.33,-0.16,-0.08,-0.21,-0.07
35476,-1.26,-0.44,-0.16,0.03,-0.11,-0.07
35477,-1.26,-0.13,-0.26,0.03,-0.11,-0.07
35478,-1.36,-0.13,-0.26,-0.08,-0.21,-0.07
35479,-1.26,-0.13,-0.26,-0.08,-0.31,-0.07
35480,-1.36,-0.02,-0.47,-0.08,-0.11,-0.17
35481,-1.47,-0.02,-0.36,-0.08,-0.11,-0.07
35482,-1.57,-0.02,-0.16,-0.08,-0.00,-0.07
35483,-1.47,-0.02,-0.47,-0.08,-0.11,-0.07
35484,-1.36,-0.02,-0.16,-0.08,-0.11,-0.07
35485,-1.36,0.08,-0.16,0.03,-0.00,-0.07
35486,-1.26,0.19,-0.16,-0.08,-0.11,-0.17
35487,-1.36,0.08,-0.05,0.03,-0.11,-0.17
35488,-1.26,-0.13,-0.26,0.03,-0.11,-0.07
35489,-1.16,-0.13,-0.26,-0.18,-0.00,-0.17
35490,-1.26,-0.02,-0.05,-0.08,-0.21,-0.07
35491,-1.26,-0.02,0.05,0.03,-0.11,-0.17
35492,-1.26,-0.02,0.05,0.03,-0.21,-0.07
35493,-1.16,0.08,0.05,-0.08,-0.21,-0.17
35494,-1.26,-0.13,-0.16,0.03,-0.11,0.04
35495,-1.36,-0.02,-0.05,0.03,-0.21,-0.07
35496,-1.47,-0.13,-0.16,0.03,-0.21,-0.17
35497,-1.36,-0.23,-0.47,0.03,-0.11,-0.07
35498,-1.36,-0.23,-0.36,-0.08,-0.11,-0.17
35499,-1.47,-0.13,-0.36,0.03,-0.21,-0.07
35500,-1.36,-0.13,-0.26,0.03,-0.21,-0.17
35501,-1.36,-0.02,-0.26,-0.08,-0.11,-0.07
35502,-1.36,-0.13,-0.26,0.03,-0.11,-0.07
35503,-1.26,0.08,-0.26,0.03,-0.11,-0.07
35504,-1.26,0.08,-0.26,-0.08,-0.11,-0.07
35505,-1.16,-0.02,-0.05,-0.08,-0.00,-0.07
35506,-1.16,-0.23,-0.16,-0.08,-0.11,-0.07
35507,-1.26,0.08,0.05,-0.18,-0.11,-0.07
35508,-1.26,0.08,0.05,0.03,-0.11,-0.17
35509,-1.16,-0.13,-0.05,0.03,-0.11,-0.17
35510,-1.26,-0.13,-0.05,-0.08,-0.11,-0.17
35511,-1.16,-0.02,0.05,-0.08,-0.21,-0.17
35512,-1.16,-0.23,-0.26,0.03,-0.11,-0.17
35513,-1.16,-0.13,-0.26,-0.08,-0.21,-0.07
35514,-1.36,-0.13,0.05,0.03,-0.11,-0.07
35515,-1.36,-0.02,-0.16,0.03,-0.11,-0.17
35516,-1.47,-0.13,-0.16,0.03,-0.21,-0.17
35517,-1.57,-0.23,-0.16,-0.08,-0.21,-0.07
35518,-1.36,-0.13,-0.47,-0.08,-0.21,-0.17
35519,-1.57,-0.13,-0.26,0.03,-0.21,-0.07
35520,-1.57,-0.13,-0.36,-0.08,-0.21,-0.07
35521,-1.36,-0.33,-0.47,0.03,-0.21,-0.17
35522,-1.26,-0.13,-0.26,-0.08,-0.11,-0.28
35523,-1.26,-0.02,-0.36,-0.08,-0.11,-0.07
35524,-1.26,0.08,-0.36,0.03,-0.21,-0.07
35525,-1.26,0.08,-0.16,-0.08,-0.11,-0.07
35526,-1.05,0.08,-0.26,0.03,-0.00,-0.17
35527,-1.05,-0.02,-0.05,0.03,-0.00,-0.17
35528,-1.16,-0.02,-0.05,0.03,-0.00,-0.07
35529,-1.05,0.08,0.05,-0.08,-0.11,-0.07
35530,-1.16,-0.13,0.05,-0.08,-0.11,-0.07
35531,-1.26,-0.13,0.05,0.03,-0.00,-0.28
35532,-1.16,-0.13,-0.16,0.03,-0.11,-0.17
35533,-1.16,-0.33,-0.16,-0.08,-0.11,-0.17
35534,-1.26,-0.13,-0.16,0.03,-0.21,-0.07
35535,-1.36,-0.02,-0.16,-0.08,-0.21,-0.07
35536,-1.36,0.08,-0.05,-0.18,-0.21,-0.17
35537,-1.57,-0.02,-0.26,-0.08,-0.21,-0.28
35538,-1.57,-0.13,-0.36,0.03,-0.11,-0.07
35539,-1.57,-0.23,-0.36,0.03,-0.21,-0.17
35540,-1.57,-0.13,-0.36,0.03,-0.11,-0.07
35541,-1.47,-0.23,-0.36,-0.08,-0.11,0.04
35542,-1.36,-0.02,-0.36,-0.08,-0.21,-0.07
35543,-1.26,-0.23,-0.26,0.03,-0.11,-0.07
35544,-1.36,-0.13,-0.26,0.03,-0.11,-0.07
35545,-1.36,0.08,-0.16,0.03,-0.11,-0.07
35546,-1.16,-0.13,-0.26,0.03,-0.21,-0.28
35547,-1.05,-0.02,-0.05,-0.08,-0.11,0.04
35548,-1.16,-0.02,-0.05,-0.08,-0.11,-0.07
35549,-1.26,0.08,0.05,-0.08,-0.11,0.14
35550,-1.26,-0.13,-0.05,-0.08,-0.11,-0.17
35551,-1.05,-0.13,-0.16,-0.08,-0.00,-0.17
35552,-1.16,-0.02,0.05,-0.08,-0.11,-0.17
35553,-1.16,-0.13,-0.16,-0.08,-0.21,-0.17
35554,-1.26,-0.13,-0.05,0.13,-0.21,-0.07
35555,-1.26,-0.02,-0.05,-0.18,-0.21,-0.17
35556,-1.26,0.08,-0.05,-0.08,-0.21,-0.07
35557,-1.26,-0.02,-0.05,-0.08,-0.11,-0.17
35558,-1.57,-0.02,-0.26,0.03,-0.11,-0.17
35559,-1.47,-0.13,-0.36,0.03,-0.00,0.04
35560,-1.47,-0.23,-0.26,0.03,-0.21,-0.07
35561,-1.47,-0.13,-0.26,0.03,-0.11,-0.17
35562,-1.36,-0.13,-0.26,-0.18,-0.00,-0.17
35563,-1.36,-0.13,-0.26,-0.08,-0.11,-0.07
35564,-1.36,-0.13,-0.36,0.03,-0.21,-0.07
35565,-1.26,0.08,-0.36,-0.08,-0.21,-0.17
35566,-1.26,0.19,-0.05,-0.08,-0.11,-0.17
35567,-1.26,0.08,-0.16,0.03,-0.00,-0.07
35568,-1.16,0.08,-0.36,-0.08,-0.00,-0.17
35569,-1.16,-0.02,-0.16,-0.08,-0.11,-0.07
35570,-1.26,-0.02,-0.05,0.03,-0.00,-0.17
35571,-1.26,-0.13,-0.05,-0.08,-0.11,-0.17
35572,-1.26,-0.23,-0.05,0.03,-0.11,-0.07
35573,-1.26,-0.13,-0.05,-0.08,-0.11,-0.17
35574,-1.26,-0.02,-0.05,-0.18,-0.11,-0.07
35575,-1.16,-0.02,-0.16,-0.08,-0.11,-0.07
35576,-1.16,-0.13,-0.05,-0.08,-0.21,-0.17
35577,-1.36,-0.23,-0.05,0.03,-0.11,-0.07
35578,-1.36,-0.02,-0.05,0.13,-0.11,-0.07
35579,-1.36,-0.13,-0.05,0.03,-0.11,-0.17
35580,-1.36,-0.23,-0.16,-0.08,-0.11,-0.17
35581,-1.36,-0.02,-0.26,-0.08,-0.11,-0.07
35582,-1.36,-0.13,-0.26,-0.08,-0.21,-0.07
35583,-1.26,-0.13,-0.26,0.03,-0.11,-0.17
35584,-1.57,-0.02,-0.26,-0.08,-0.21,-0.07
35585,-1.47,0.08,-0.26,-0.08,-0.11,-0.07
35586,-1.36,0.19,-0.47,-0.08,-0.00,-0.07
35587,-1.36,-0.02,-0.36,-0.18,-0.21,-0.07
35588,-1.36,-0.02,-0.36,-0.18,-0.00,-0.07
35589,-1.36,-0.13,-0.36,0.03,-0.00,-0.07
35590,-1.16,-0.13,-0.26,0.03,-0.11,-0.07
35591,-1.26,-0.13,-0.16,-0.08,-0.11,0.04
35592,-1.26,-0.13,-0.16,-0.08,-0.11,-0.17
35593,-1.26,-0.23,-0.05,-0.08,-0.11,-0.07
35594,-1.16,-0.13,0.26,0.03,-0.11,-0.07
35595,-1.16,0.08,0.26,0.03,-0.11,-0.17
35596,-1.26,-0.02,0.26,0.03,-0.11,-0.07
35597,-1.16,-0.13,0.16,-0.08,-0.21,-0.07
35598,-1.05,-0.02,0.16,0.03,-0.11,-0.17
35599,-1.16,-0.02,0.16,-0.18,-0.21,-0.17
35600,-1.26,-0.02,-0.05,0.03,-0.11,-0.07
35601,-1.26,-0.13,-0.05,0.03,-0.21,0.04
35602,-1.47,-0.13,-0.36,-0.08,-0.11,-0.28
35603,-1.47,-0.23,-0.47,0.03,-0.11,-0.07
35604,-1.57,-0.13,-0.57,-0.08,-0.11,-0.07
35605,-1.57,-0.13,-0.57,-0.18,-0.21,-0.17
35606,-1.57,-0.13,-0.36,-0.18,-0.21,-0.07
35607,-1.47,-0.23,-0.47,-0.08,-0.11,-0.07
35608,-1.36,-0.13,-0.47,-0.08,-0.11,-0.07
35609,-1.47,-0.13,-0.36,0.03,-0.00,-0.07
35610,-1.16,0.08,-0.26,0.03,-0.11,-0.07
35611,-1.16,0.08,-0.05,0.03,-0.11,-0.17
35612,-1.05,-0.13,0.05,-0.08,-0.11,-0.17
35613,-1.16,-0.02,0.16,-0.08,-0.00,-0.07
35614,-1.16,-0.02,0.26,-0.08,-0.00,-0.17
35615,-1.16,0.08,0.36,0.03,-0.21,-0.17
35616,-1.26,-0.02,0.26,-0.08,-0.21,-0.07
35617,-1.16,0.08,0.16,0.03,-0.11,-0.07
35618,-1.05,-0.13,0.05,0.03,-0.11,-0.17
35619,-1.26,-0.13,-0.16,0.03,-0.11,-0.07
35620,-1.36,-0.23,-0.36,0.03,-0.11,-0.17
35621,-1.47,-0.13,-0.47,-0.08,-0.11,-0.07
35622,-1.57,-0.23,-0.47,-0.08,-0.11,-0.17
35623,-1.57,-0.23,-0.47,-0.08,-0.11,-0.17
35624,-1.47,-0.23,-0.47,-0.08,-0.21,-0.07
35625,-1.57,-0.23,-0.47,0.03,-0.11,-0.17
35626,-1.47,-0.13,-0.16,0.03,-0.21,-0.17
35627,-1.36,-0.02,-0.26,0.03,-0.11,-0.07
35628,-1.36,-0.02,-0.26,-0.08,-0.21,-0.07
35629,-1.36,0.29,-0.16,-0.08,-0.00,-0.07
35630,-1.36,0.08,-0.05,-0.08,-0.11,-0.07
35631,-1.16,0.08,-0.16,-0.08,-0.11,-0.17
35632,-1.26,-0.02,-0.16,-0.18,-0.11,-0.07
35633,-1.16,-0.23,-0.36,0.03,-0.11,0.04
35634,-1.26,-0.02,-0.05,-0.08,-0.11,-0.17
35635,-1.16,-0.13,0.05,0.03,-0.00,-0.07
35636,-1.16,-0.13,-0.05,-0.08,-0.00,0.04
35637,-1.16,-0.13,-0.16,-0.08,-0.11,-0.07
35638,-1.05,-0.13,0.05,0.03,-0.11,-0.17
35639,-1.16,-0.13,-0.05,-0.08,-0.21,-0.07
35640,-1.26,-0.02,-0.05,0.03,-0.11,-0.07
35641,-1.26,-0.02,-0.16,0.03,-0.11,-0.07
35642,-1.16,-0.13,0.05,0.03,-0.21,-0.07
35643,-1.26,-0.02,-0.05,-0.08,-0.21,-0.07
35644,-1.36,-0.02,-0.05,0.03,-0.21,-0.17
35645,-1.36,-0.13,-0.26,-0.08,-0.11,-0.07
35646,-1.57,-0.13,-0.36,-0.08,-0.11,-0.07
35647,-1.47,-0.02,-0.47,-0.08,-0.11,-0.17
35648,-1.57,-0.02,-0.47,0.03,-0.11,-0.07
35649,-1.36,-0.02,-0.47,0.03,-0.21,-0.07
35650,-1.47,-0.23,-0.36,-0.08,-0.21,-0.17
35651,-1.36,-0.13,-0.47,-0.18,-0.21,-0.07
35652,-1.36,-0.13,-0.26,-0.08,-0.11,0.04
35653,-1.16,0.08,-0.16,-0.08,-0.00,-0.17
35654,-1.16,0.19,-0.05,-0.08,-0.11,0.04
35655,-1.05,0.08,0.16,0.03,-0.00,-0.07
35656,-1.26,-0.02,0.16,-0.18,-0.00,-0.07
35657,-1.16,-0.02,0.16,0.03,-0.11,-0.07
35658,-1.05,0.08,0.26,-0.08,-0.21,-0.07
35659,-1.26,0.19,0.26,-0.18,-0.11,-0.17
35660,-1.26,0.08,0.05,-0.08,-0.31,-0.07
35661,-1.36,-0.23,-0.16,-0.08,-0.11,0.04
35662,-1.26,-0.13,-0.05,-0.08,-0.11,-0.07
35663,-1.36,-0.13,-0.36,0.03,-0.11,-0.17
35664,-1.57,-0.13,-0.68,0.03,-0.21,-0.17
35665,-1.47,-0.23,-0.47,0.03,-0.21,-0.17
35666,-1.57,-0.33,-0.36,0.03,-0.11,-0.28
35667,-1.26,-0.02,-0.26,0.03,-0.21,-0.17
35668,-1.36,0.19,-0.16,-0.08,-0.21,-0.17
35669,-1.36,-0.02,-0.26,0.03,-0.11,-0.07
35670,-1.47,0.08,-0.26,0.03,-0.11,0.04
35671,-1.36,0.19,-0.26,0.13,-0.11,-0.07
35672,-1.36,0.08,-0.26,0.03,-0.11,-0.07
35673,-1.26,0.08,-0.16,0.03,-0.11,-0.17
35674,-1.36,-0.13,-0.05,0.03,-0.11,-0.17
35675,-1.26,-0.13,-0.26,-0.08,-0.00,-0.07
35676,-1.16,-0.13,-0.36,-0.28,-0.11,-0.07
35677,-1.16,-0.33,-0.16,0.03,-0.11,-0.17
35678,-1.16,-0.23,-0.05,0.03,-0.00,-0.17
35679,-1.16,-0.13,0.05,0.03,-0.11,-0.28
35680,-1.05,0.08,0.16,0.03,-0.00,-0.28
35681,-1.16,-0.13,0.05,0.03,-0.11,-0.17
35682,-1.26,-0.02,0.16,0.03,-0.11,-0.07
35683,-1.36,0.08,0.16,0.03,-0.21,-0.07
35684,-1.26,-0.13,0.05,0.03,-0.21,-0.17
35685,-1.36,-0.13,-0.05,0.03,-0.21,-0.17
35686,-1.47,-0.13,-0.16,0.03,-0.11,0.04
35687,-1.57,-0.13,-0.26,-0.08,-0.11,-0.28
35688,-1.57,-0.23,-0.57,0.03,-0.11,-0.07
35689,-1.57,-0.13,-0.68,0.03,-0.31,-0.07
35690,-1.47,-0.13,-0.47,-0.08,-0.11,-0.17
35691,-1.47,-0.13,-0.47,-0.08,-0.11,0.04
35692,-1.26,0.08,-0.36,-0.08,-0.00,-0.07
35693,-1.26,-0.02,-0.36,-0.18,-0.00,0.04
35694,-1.26,0.08,-0.36,-0.08,-0.11,-0.07
35695,-1.26,0.08,-0.05,0.03,-0.11,-0.17
35696,-1.05,0.19,0.05,-0.08,-0.00,-0.17
35697,-1.26,0.08,-0.05,-0.08,-0.00,-0.07
35698,-1.26,0.08,0.16,0.03,-0.21,-0.17
35699,-1.26,0.08,0.16,0.13,-0.11,-0.07
35700,-1.26,-0.23,-0.16,0.03,-0.00,-0.07
35701,-1.26,-0.23,-0.26,0.03,-0.21,-0.07
35702,-1.16,-0.33,0.05,-0.08,-0.21,-0.17
35703,-1.26,-0.23,-0.05,0.03,-0.21,-0.07
35704,-1.26,-0.13,-0.16,0.03,-0.11,-0.17
35705,-1.16,-0.23,-0.05,0.03,-0.21,0.04
35706,-1.16,-0.13,-0.16,0.03,-0.11,-0.17
35707,-1.36,-0.02,-0.16,-0.08,-0.11,-0.07
35817,-1.05,-0.23,0.36,-0.39,-0.31,-0.17
35817,-1.99,0.19,0.26,0.03,-0.11,0.04
35818,-1.36,-0.13,-0.26,0.03,-0.21,-0.17
35819,-1.47,-0.02,-0.16,-0.08,-0.00,-0.07
35820,-1.47,-0.13,-0.26,-0.18,-0.11,0.04
35821,-1.47,-0.02,-0.36,-0.08,-0.21,-0.17
35822,-1.47,-0.02,-0.16,-0.08,-0.11,-0.07
35823,-1.26,-0.23,-0.16,-0.08,-0.00,-0.17
35824,-1.26,-0.13,-0.16,-0.08,-0.00,-0.17
35825,-1.26,-0.02,-0.26,-0.08,-0.21,-0.17
35826,-1.26,-0.13,-0.16,-0.08,-0.11,-0.17
35827,-1.16,0.19,-0.16,0.03,-0.11,-0.17
35828,-1.36,0.08,-0.05,0.03,-0.11,-0.17
35829,-1.26,-0.02,-0.05,0.03,-0.11,-0.17
35830,-1.05,-0.02,-0.16,-0.08,-0.11,-0.17
35831,-1.16,-0.13,-0.05,-0.08,-0.11,-0.17
35832,-1.16,-0.13,0.05,-0.08,-0.21,-0.07
35833,-1.05,0.08,-0.05,-0.08,-0.21,-0.07
35834,-1.16,-0.02,-0.16,-0.18,-0.11,-0.07
35835,-1.16,-0.02,-0.26,0.03,-0.21,-0.07
35836,-1.26,-0.02,-0.16,-0.08,-0.11,0.04
35837,-1.26,-0.02,-0.16,0.03,-0.11,-0.07
35838,-1.26,-0.02,-0.16,-0.08,-0.11,0.04
35839,-1.26,-0.02,-0.16,-0.08,-0.11,0.04
35840,-1.36,-0.23,-0.16,-0.08,-0.21,-0.17
35841,-1.47,-0.13,-0.16,-0.08,-0.11,-0.07
35842,-1.36,-0.13,-0.16,-0.08,-0.11,-0.17
35843,-1.36,-0.13,-0.16,-0.08,-0.11,-0.17
35844,-1.36,0.08,-0.26,0.03,-0.21,-0.07
35845,-1.36,-0.02,-0.26,0.03,-0.00,-0.17
35846,-1.36,-0.02,-0.36,-0.08,-0.11,-0.28
35847,-1.36,-0.13,-0.26,-0.08,-0.11,-0.07
35848,-1.26,-0.13,-0.16,-0.08,-0.11,-0.07
35849,-1.26,-0.13,-0.16,-0.18,-0.11,-0.07
35850,-1.26,-0.02,-0.16,-0.08,-0.11,-0.17
35851,-1.26,-0.02,-0.16,-0.18,-0.11,-0.17
35852,-1.16,-0.02,-0.05,-0.08,-0.11,-0.07
35853,-1.26,-0.02,-0.16,0.03,-0.21,-0.17
35854,-1.26,-0.02,-0.16,-0.08,-0.21,-0.17
35855,-1.36,0.08,-0.05,0.03,-0.11,-0.07
35856,-1.16,-0.02,-0.05,-0.08,-0.11,0.04
35857,-1.16,-0.02,-0.05,0.03,-0.11,-0.17
35858,-1.36,-0.02,0.16,0.03,-0.21,-0.17
35859,-1.26,-0.02,-0.16,-0.08,-0.11,-0.17
35860,-1.26,-0.23,-0.16,-0.08,-0.21,-0.17
35861,-1.36,-0.13,-0.26,0.03,-0.11,-0.07
35862,-1.36,-0.13,-0.26,0.03,-0.21,-0.07
35863,-1.36,-0.13,-0.26,-0.08,-0.21,-0.17
35864,-1.36,-0.02,-0.26,0.03,-0.21,-0.07
35865,-1.47,-0.02,-0.36,-0.08,-0.00,-0.17
35866,-1.57,-0.33,-0.26,0.03,-0.00,-0.17
35867,-1.26,-0.13,-0.16,-0.08,-0.11,-0.28
35868,-1.26,-0.13,-0.16,0.03,-0.11,-0.07
35869,-1.36,0.08,-0.16,0.03,-0.11,-0.07
35870,-1.26,0.19,-0.26,-0.08,-0.00,-0.07
35871,-1.26,-0.02,-0.16,-0.08,-0.00,0.04
35872,-1.36,-0.02,-0.16,0.03,-0.11,-0.17
35873,-1.36,-0.13,-0.05,-0.08,-0.00,-0.17
35874,-1.26,-0.23,-0.16,-0.08,-0.11,-0.17
35875,-1.16,-0.02,-0.16,-0.08,-0.00,-0.17
35876,-1.16,-0.02,-0.05,0.03,-0.11,-0.07
35877,-1.26,-0.02,-0.05,0.03,-0.11,-0.07
35878,-1.26,-0.13,-0.16,-0.18,-0.11,-0.07
35879,-1.36,-0.13,-0.16,-0.08,-0.11,-0.17
35880,-1.26,-0.02,-0.05,0.03,-0.11,0.04
35881,-1.36,0.08,0.05,0.03,-0.11,-0.07
35882,-1.36,-0.02,0.05,0.03,-0.11,-0.07
35883,-1.47,0.08,-0.05,0.03,-0.11,-0.17
35884,-1.36,-0.23,-0.26,-0.08,-0.21,-0.17
35885,-1.26,-0.33,-0.05,0.03,-0.11,-0.07
35886,-1.36,0.19,-0.16,0.03,-0.11,-0.17
35887,-1.47,-0.02,-0.26,0.03,-0.11,-0.17
35888,-1.47,-0.02,-0.36,0.03,-0.21,-0.17
35889,-1.47,-0.13,-0.47,-0.08,-0.11,-0.07
35890,-1.26,-0.33,-0.26,0.03,-0.11,-0.07
35891,-1.26,-0.13,-0.16,0.03,-0.21,-0.07
35892,-1.16,-0.13,-0.05,-0.08,-0.00,-0.17
35893,-1.36,-0.02,-0.26,0.13,-0.11,-0.07
35894,-1.26,0.19,-0.05,-0.08,-0.21,-0.07
35895,-1.26,-0.23,-0.36,0.03,-0.11,-0.07
35896,-1.26,-0.23,0.05,-0.08,-0.21,-0.07
35897,-1.16,-0.02,-0.05,0.03,-0.11,-0.17
35898,-1.16,-0.02,-0.05,0.13,-0.11,-0.07
35899,-1.16,-0.13,-0.05,0.03,-0.11,-0.07
35900,-1.26,-0.23,-0.05,0.03,-0.21,0.04
35901,-1.36,-0.02,-0.05,-0.08,-0.21,0.04
35902,-1.36,-0.13,-0.16,-0.18,-0.11,-0.07
35903,-1.26,-0.02,-0.26,0.03,-0.11,-0.17
35904,-1.36,0.08,-0.05,-0.08,-0.11,0.04
35905,-1.36,-0.02,-0.26,-0.08,-0.00,-0.17
35906,-1.36,-0.23,-0.16,-0.18,-0.11,-0.17
35907,-1.26,-0.13,-0.16,-0.08,-0.00,-0.17
35908,-1.36,-0.02,-0.16,-0.08,-0.00,-0.07
35909,-1.26,0.19,-0.16,-0.08,-0.21,-0.07
35910,-1.36,-0.02,-0.26,-0.08,-0.21,-0.07
35911,-1.36,-0.23,-0.26,-0.08,-0.11,-0.17
35912,-1.36,-0.13,-0.36,0.03,-0.21,-0.07
35913,-1.36,-0.23,-0.26,0.03,-0.00,0.04
35914,-1.26,-0.13,-0.05,0.03,-0.11,-0.17
35915,-1.26,-0.13,-0.26,0.03,-0.21,-0.07
35916,-1.26,-0.23,-0.47,0.03,-0.11,-0.17
35917,-1.36,-0.02,-0.36,-0.18,-0.11,-0.07
35918,-1.36,0.08,-0.26,-0.08,-0.21,-0.17
35919,-1.36,0.08,0.05,-0.08,-0.11,-0.07
35920,-1.26,0.08,-0.16,0.03,-0.11,-0.07
35921,-1.26,-0.23,-0.05,0.03,-0.00,-0.17
35922,-1.16,-0.02,0.05,-0.08,-0.21,-0.17
35923,-1.26,-0.13,0.05,-0.08,-0.21,-0.17
35924,-1.36,0.08,0.05,0.03,-0.11,-0.07
35925,-1.36,-0.13,-0.16,-0.08,-0.11,-0.07
35926,-1.36,-0.23,-0.16,-0.08,-0.11,-0.07
35927,-1.26,-0.13,-0.16,-0.08,-0.11,-0.17
35928,-1.36,-0.13,-0.05,0.03,-0.00,-0.07
35929,-1.26,0.08,-0.05,-0.08,-0.11,0.04
35930,-1.26,-0.23,-0.16,-0.18,-0.11,-0.17
35931,-1.36,-0.33,-0.05,0.03,-0.11,-0.07
35932,-1.26,-0.02,-0.05,-0.08,-0.21,0.04
35933,-1.36,-0.13,-0.26,0.03,-0.00,-0.07
35934,-1.47,0.08,-0.16,0.03,-0.21,-0.17
35935,-1.57,-0.02,-0.57,0.03,-0.11,-0.07
35936,-1.47,-0.33,-0.16,0.03,-0.11,-0.17
35937,-1.16,-0.13,-0.05,0.03,-0.11,-0.07
35938,-1.26,-0.13,-0.16,0.03,-0.11,-0.07
35939,-1.26,0.08,-0.36,0.03,-0.11,-0.07
35940,-1.26,-0.02,-0.36,0.03,-0.11,-0.07
35941,-1.26,-0.13,-0.05,0.13,-0.11,-0.07
35942,-1.26,-0.02,-0.16,-0.08,-0.11,0.04
35943,-1.36,-0.13,0.05,0.03,-0.21,-0.17
35944,-1.16,0.08,0.05,-0.08,-0.11,-0.07
35945,-1.16,-0.13,-0.16,-0.08,-0.21,-0.07
35946,-1.36,-0.02,-0.05,0.03,-0.11,-0.17
35947,-1.36,0.08,-0.26,-0.08,-0.11,-0.07
35948,-1.26,0.08,-0.26,-0.08,-0.11,0.04
35949,-1.26,-0.02,-0.16,0.03,-0.21,0.04
35950,-1.36,-0.13,-0.16,0.03,-0.11,-0.07
35951,-1.36,-0.02,-0.05,0.03,-0.21,-0.07
35952,-1.36,-0.02,-0.16,-0.08,-0.11,-0.07
35953,-1.36,-0.13,-0.05,0.03,-0.11,-0.28
35954,-1.26,-0.02,-0.05,-0.08,-0.21,-0.17
35955,-1.36,-0.13,-0.16,-0.08,-0.21,-0.17
35956,-1.36,0.08,-0.05,-0.08,-0.11,-0.07
35957,-1.47,-0.02,-0.26,-0.08,-0.11,-0.07
35958,-1.36,-0.33,-0.26,-0.08,-0.21,-0.07
35959,-1.26,-0.13,-0.26,0.03,-0.11,-0.07
35960,-1.26,-0.13,-0.16,-0.18,-0.11,0.04
35961,-1.36,0.08,-0.26,-0.08,-0.11,-0.07
35962,-1.36,-0.02,-0.16,0.03,-0.21,-0.28
35963,-1.26,-0.13,-0.16,0.03,-0.00,-0.17
35964,-1.36,-0.13,-0.16,0.03,-0.21,0.04
35965,-1.26,0.08,0.05,-0.08,-0.21,-0.17
35966,-1.05,0.08,-0.26,-0.18,-0.21,-0.17
35967,-1.26,-0.13,-0.05,-0.08,-0.11,-0.07
35968,-1.26,-0.13,-0.16,0.03,-0.11,-0.17
35969,-1.26,-0.02,-0.05,0.03,-0.11,-0.17
35970,-1.26,-0.02,-0.05,0.03,-0.00,-0.07
35971,-1.26,-0.13,-0.26,-0.18,-0.00,-0.07
35972,-1.36,-0.02,0.05,-0.08,-0.21,-0.07
35973,-1.26,-0.02,-0.05,-0.08,-0.11,-0.07
35974,-1.36,-0.02,-0.16,0.03,-0.21,-0.28
35975,-1.36,-0.02,-0.16,0.03,-0.00,-0.07
35976,-1.36,-0.23,-0.26,-0.08,-0.11,0.04
35977,-1.36,-0.02,-0.16,0.03,-0.21,-0.07
35978,-1.36,-0.13,-0.36,-0.08,-0.11,-0.17
35979,-1.36,-0.02,-0.26,0.03,-0.11,-0.17
35980,-1.26,-0.13,-0.16,0.03,-0.11,-0.17
35981,-1.26,-0.23,-0.26,0.03,-0.11,-0.17
35982,-1.26,0.08,-0.26,-0.08,-0.21,-0.17
35983,-1.47,-0.13,-0.36,-0.08,-0.11,-0.07
35984,-1.36,-0.02,-0.26,-0.08,-0.11,-0.07
35985,-1.36,-0.23,-0.26,0.03,-0.21,-0.17
35986,-1.36,-0.13,-0.05,-0.08,-0.00,-0.07
35987,-1.26,0.08,-0.26,0.03,-0.21,-0.17
35988,-1.36,-0.02,-0.16,0.03,-0.11,-0.07
35989,-1.36,-0.02,-0.16,0.03,-0.11,-0.07
35990,-1.36,-0.02,-0.16,0.03,-0.11,0.04
35991,-1.36,0.08,-0.16,0.03,-0.11,-0.07
35992,-1.26,-0.02,-0.16,-0.08,-0.11,0.04
35993,-1.26,-0.02,0.05,0.03,-0.21,-0.07
35994,-1.16,0.08,-0.05,0.03,-0.21,-0.17
35995,-1.36,0.08,-0.05,-0.08,-0.11,-0.17
35996,-1.36,-0.13,-0.26,-0.08,-0.11,-0.07
35997,-1.26,-0.23,-0.26,0.03,-0.21,-0.17
35998,-1.36,-0.02,-0.16,-0.08,-0.11,-0.17
35999,-1.36,0.08,-0.16,0.03,-0.11,-0.17
36000,-1.26,-0.13,-0.26,-0.08,-0.21,-0.07
36001,-1.26,-0.23,-0.26,-0.08,-0.11,-0.07
36002,-1.36,0.08,0.05,-0.08,-0.11,0.04
36003,-1.36,-0.02,-0.26,-0.08,-0.11,0.04
36004,-1.47,-0.23,-0.26,0.03,-0.11,-0.07
36005,-1.36,-0.23,-0.36,-0.08,-0.21,-0.07
36006,-1.26,-0.23,-0.16,-0.08,-0.11,-0.07
36007,-1.26,0.08,-0.16,0.03,-0.11,-0.17
36008,-1.26,-0.13,-0.16,-0.18,-0.21,-0.28
36009,-1.36,-0.02,-0.16,0.03,-0.21,-0.07
36010,-1.26,-0.13,-0.16,0.03,-0.21,-0.07
36011,-1.26,0.08,-0.36,0.03,-0.11,-0.17
36012,-1.26,-0.23,-0.26,-0.08,-0.21,-0.07
36013,-1.16,-0.02,-0.05,-0.08,-0.00,-0.07
36014,-1.26,-0.02,-0.05,-0.18,-0.21,-0.07
36015,-1.26,0.08,-0.05,0.03,-0.11,-0.07
36016,-1.47,-0.13,-0.16,0.03,-0.11,0.04
36017,-1.26,-0.02,-0.16,-0.08,-0.11,0.04
36018,-1.26,-0.02,-0.16,-0.08,-0.11,-0.07
36019,-1.26,-0.13,-0.05,-0.08,-0.11,-0.17
36020,-1.26,-0.02,-0.16,0.03,-0.21,0.04
36021,-1.26,-0.02,-0.16,-0.08,-0.21,-0.17
36022,-1.36,0.08,-0.16,0.03,-0.11,-0.07
36023,-1.26,-0.02,-0.16,0.03,-0.21,-0.07
36024,-1.36,-0.13,-0.05,0.03,-0.21,-0.17
36025,-1.36,-0.02,-0.36,-0.18,-0.00,-0.17
36026,-1.26,-0.02,-0.26,-0.08,-0.11,-0.17
36027,-1.26,-0.23,-0.26,-0.08,-0.11,-0.07
36028,-1.16,-0.13,-0.05,-0.08,-0.11,-0.07
36029,-1.36,-0.23,-0.26,0.03,-0.00,-0.07
36030,-1.26,-0.02,-0.26,-0.08,-0.11,-0.07
36031,-1.36,-0.23,-0.26,-0.08,-0.11,-0.07
36032,-1.26,-0.13,-0.26,-0.08,-0.00,-0.07
36033,-1.26,0.08,-0.16,-0.08,-0.00,-0.07
36034,-1.26,-0.02,-0.05,-0.08,-0.21,-0.07
36035,-1.26,-0.02,-0.05,0.03,-0.21,-0.17
36036,-1.36,-0.02,-0.16,0.03,-0.11,-0.17
36037,-1.26,-0.02,-0.05,-0.08,-0.11,-0.17
36038,-1.26,-0.13,-0.36,-0.08,-0.11,-0.17
36039,-1.26,-0.02,0.05,0.03,-0.11,-0.07
36040,-1.16,0.08,-0.16,0.03,-0.11,-0.07
36041,-1.26,-0.13,-0.16,-0.08,-0.00,0.04
36042,-1.36,-0.23,-0.26,0.03,-0.21,-0.07
36043,-1.36,-0.13,-0.26,0.13,-0.21,-0.07
36044,-1.26,-0.02,-0.16,0.03,-0.11,-0.07
36045,-1.36,-0.02,-0.05,-0.08,-0.21,-0.17
36046,-1.26,0.08,-0.16,-0.08,-0.00,-0.07
36047,-1.36,-0.13,-0.16,-0.08,-0.11,-0.07
36048,-1.36,-0.02,-0.16,0.13,-0.21,-0.07
36049,-1.36,-0.13,-0.16,0.03,-0.11,-0.17
36050,-1.36,-0.13,-0.26,-0.08,-0.11,0.04
36051,-1.26,-0.13,-0.26,-0.08,-0.21,-0.17
36052,-1.36,-0.13,-0.26,0.03,-0.21,-0.07
36053,-1.16,-0.02,-0.26,0.03,-0.11,-0.07
36054,-1.36,0.08,-0.26,-0.08,-0.11,-0.17
36055,-1.36,-0.02,-0.26,0.03,-0.11,-0.07
36056,-1.36,-0.13,-0.16,0.03,-0.11,-0.07
36057,-1.26,-0.13,-0.26,0.03,-0.21,-0.17
36058,-1.26,0.08,-0.05,0.03,-0.11,-0.07
36059,-1.26,-0.02,-0.26,0.03,-0.21,-0.07
36060,-1.36,-0.13,-0.05,-0.08,-0.00,-0.07
36061,-1.36,-0.02,-0.26,0.03,-0.11,0.04
36062,-1.36,-0.02,-0.16,-0.08,-0.21,-0.07
36063,-1.26,-0.13,-0.16,0.03,-0.00,-0.17
36064,-1.26,-0.02,-0.05,0.03,-0.11,-0.07
36065,-1.36,-0.02,-0.05,0.03,-0.11,-0.17
36066,-1.26,-0.02,-0.16,-0.18,-0.11,-0.17
36067,-1.26,-0.13,-0.26,-0.08,-0.11,-0.17
36068,-1.36,-0.13,-0.16,-0.08,-0.11,-0.07
36069,-1.36,-0.13,-0.05,-0.08,-0.21,-0.07
36070,-1.36,-0.13,-0.16,0.03,-0.00,-0.17
36071,-1.26,-0.13,-0.26,0.13,-0.21,-0.07
36072,-1.26,-0.02,-0.05,0.03,-0.11,-0.17
36073,-1.26,0.08,-0.05,-0.08,-0.11,-0.17
36074,-1.47,0.08,-0.05,0.03,-0.11,-0.07
36075,-1.36,-0.02,-0.36,0.03,-0.21,0.04
36076,-1.36,-0.13,-0.16,0.03,-0.21,0.04
36077,-1.16,-0.13,-0.26,0.03,-0.11,-0.17
36078,-1.26,0.08,-0.05,0.03,-0.00,-0.07
36079,-1.36,-0.13,-0.36,0.03,-0.00,-0.07
36080,-1.36,-0.23,-0.16,0.03,-0.00,-0.07
36081,-1.36,-0.13,-0.16,-0.08,-0.11,-0.07
36082,-1.26,-0.23,-0.05,0.03,-0.11,-0.17
36083,-1.47,-0.02,-0.05,-0.08,-0.11,-0.07
36084,-1.26,0.08,-0.05,-0.08,-0.11,0.04
36085,-1.26,-0.02,-0.26,0.03,-0.11,-0.28
36086,-1.26,-0.02,-0.16,0.13,-0.21,-0.17
36087,-1.26,0.08,-0.16,0.03,-0.00,-0.07
36088,-1.16,-0.13,-0.05,0.03,-0.21,-0.07
36089,-1.16,-0.13,-0.05,-0.08,-0.11,-0.07
36090,-1.47,0.08,-0.05,-0.08,-0.11,-0.07
36091,-1.36,-0.02,-0.26,0.03,-0.11,-0.17
36092,-1.26,-0.23,-0.16,-0.08,-0.11,0.04
36093,-1.36,0.08,-0.05,-0.08,-0.00,-0.17
36094,-1.36,-0.02,-0.16,-0.08,-0.11,-0.07
36095,-1.36,-0.23,-0.36,0.03,-0.21,-0.07
36096,-1.26,-0.13,-0.16,-0.08,-0.11,-0.07
36097,-1.26,-0.02,-0.16,-0.08,-0.11,-0.17
36098,-1.47,-0.02,-0.16,-0.08,-0.21,-0.07
36099,-1.26,-0.13,-0.36,-0.08,-0.11,-0.07
36100,-1.47,-0.33,-0.16,0.03,-0.11,-0.17
36101,-1.36,-0.02,-0.05,-0.08,-0.11,0.04
36102,-1.36,-0.02,-0.05,-0.08,-0.11,-0.07
36103,-1.57,0.08,-0.16,0.13,-0.21,-0.07
36104,-1.47,-0.02,-0.16,0.03,-0.11,-0.17
36105,-1.36,-0.23,-0.36,0.03,-0.21,-0.07
36106,-1.16,0.08,-0.16,-0.08,-0.11,-0.07
36107,-1.26,-0.02,-0.26,0.03,-0.00,-0.07
36108,-1.47,-0.13,0.05,-0.08,-0.21,-0.07
36109,-1.36,-0.23,-0.05,0.03,-0.11,-0.07
36110,-1.36,0.08,-0.05,0.13,-0.11,-0.07
36111,-1.36,-0.13,-0.26,-0.08,-0.11,-0.07
36112,-1.16,-0.02,-0.05,0.03,-0.21,-0.07
36113,-1.26,-0.13,-0.05,0.03,-0.21,-0.07
36114,-1.26,0.08,-0.16,0.03,-0.11,-0.07
36115,-1.36,-0.13,-0.16,-0.08,-0.21,-0.17
36116,-1.26,-0.02,-0.26,-0.08,-0.11,-0.07
36117,-1.36,-0.13,-0.05,0.03,-0.21,0.04
36118,-1.36,-0.02,-0.26,-0.08,-0.00,-0.28
36119,-1.26,-0.13,-0.16,-0.18,-0.11,0.04
36120,-1.26,-0.02,-0.26,0.03,-0.11,-0.07
36121,-1.47,-0.13,-0.05,0.03,-0.11,-0.07
36122,-1.36,-0.02,-0.26,0.03,-0.11,0.04
36123,-1.36,-0.33,-0.05,-0.08,-0.21,-0.17
36124,-1.26,-0.02,-0.26,-0.08,-0.11,-0.07
36125,-1.16,-0.02,-0.16,0.03,-0.11,-0.07
36126,-1.36,-0.13,-0.26,-0.18,-0.11,-0.07
36127,-1.36,-0.13,-0.16,0.03,-0.11,-0.07
36128,-1.36,-0.02,-0.16,-0.08,-0.11,-0.07
36129,-1.16,-0.23,-0.05,0.03,-0.11,-0.07
36130,-1.26,-0.02,-0.05,0.03,-0.21,-0.17
36131,-1.26,0.08,-0.16,-0.08,-0.11,0.04
36132,-1.26,-0.13,-0.16,-0.08,-0.21,-0.17
36133,-1.36,-0.02,-0.16,-0.08,-0.21,-0.17
36134,-1.26,-0.13,-0.16,-0.08,-0.21,-0.07
36135,-1.26,-0.02,0.05,0.03,-0.21,-0.17
36136,-1.26,-0.13,0.16,0.03,-0.00,-0.07
36137,-1.26,0.19,-0.05,-0.08,-0.11,-0.17
36138,-1.36,-0.02,-0.26,-0.08,-0.11,-0.17
36139,-1.26,-0.02,-0.26,0.03,-0.21,-0.17
36140,-1.26,-0.02,-0.05,0.03,-0.11,-0.17
36141,-1.26,-0.02,-0.26,-0.08,-0.11,-0.07
36142,-1.36,-0.13,-0.05,-0.08,-0.11,-0.07
36143,-1.26,-0.13,-0.16,-0.08,-0.21,0.04
36144,-1.36,-0.02,-0.05,0.03,-0.21,-0.07
36145,-1.47,-0.02,-0.26,-0.08,-0.11,-0.28
36146,-1.36,-0.13,-0.16,0.03,-0.11,-0.07
36147,-1.26,-0.13,-0.26,0.03,-0.11,-0.17
36148,-1.26,-0.02,-0.05,-0.08,-0.11,-0.07
36149,-1.47,-0.13,-0.26,-0.08,-0.21,-0.17
36150,-1.47,-0.02,-0.36,-0.08,-0.11,-0.17
36151,-1.36,-0.13,-0.26,0.03,-0.11,-0.17
36152,-1.26,-0.02,-0.16,0.03,-0.11,0.04
36153,-1.26,-0.02,-0.16,0.13,-0.11,0.04
36154,-1.36,0.08,-0.26,0.03,-0.21,-0.17
36155,-1.47,-0.02,-0.16,-0.08,-0.21,-0.07
36156,-1.36,-0.02,-0.16,-0.08,-0.11,-0.17
36157,-1.36,-0.02,0.05,-0.08,-0.11,-0.07
36158,-1.16,-0.13,-0.05,-0.08,-0.21,-0.07
36159,-1.26,0.08,-0.05,-0.18,-0.11,-0.28
36160,-1.26,-0.02,-0.26,-0.08,-0.21,-0.07
36161,-1.16,-0.02,-0.16,-0.18,-0.11,-0.07
36162,-1.36,-0.13,-0.05,-0.08,-0.11,-0.07
36163,-1.36,-0.02,-0.05,-0.08,-0.21,0.04
36164,-1.26,-0.13,-0.16,0.03,-0.21,-0.17
36165,-1.36,-0.02,-0.26,-0.08,-0.11,-0.17
36166,-1.26,-0.13,-0.16,0.03,-0.11,-0.17
36167,-1.26,-0.13,-0.16,-0.08,-0.21,-0.07
36168,-1.36,-0.23,-0.16,-0.08,-0.00,-0.17
36169,-1.26,-0.13,-0.16,-0.08,-0.11,-0.07
36170,-1.26,0.08,-0.05,-0.08,-0.21,-0.17
36171,-1.36,-0.13,-0.26,0.03,-0.11,-0.17
36172,-1.47,-0.13,-0.26,0.03,-0.11,-0.07
36173,-1.36,-0.02,-0.26,-0.08,-0.11,-0.07
36174,-1.26,-0.02,-0.16,-0.08,-0.00,-0.07
36175,-1.26,-0.02,-0.16,0.13,-0.21,-0.17
36176,-1.47,-0.13,-0.26,0.03,-0.11,-0.17
36177,-1.47,-0.02,-0.16,0.03,-0.11,-0.07
36178,-1.26,-0.13,-0.26,0.03,-0.11,-0.07
36179,-1.26,-0.13,-0.16,-0.08,-0.11,-0.17
36180,-1.36,-0.13,-0.16,0.03,-0.11,-0.07
36181,-1.26,0.08,-0.05,0.03,-0.11,-0.07
36182,-1.36,-0.23,-0.05,-0.08,-0.11,-0.07
36183,-1.36,-0.02,-0.26,0.13,-0.11,-0.07
36184,-1.26,-0.13,-0.16,0.03,-0.11,-0.17
36185,-1.16,-0.02,-0.16,-0.08,-0.11,-0.17
36186,-1.26,-0.02,-0.16,0.03,-0.11,-0.07
36187,-1.36,0.08,-0.16,0.03,-0.11,-0.07
36188,-1.26,-0.13,-0.16,0.03,-0.11,-0.17
36189,-1.36,-0.02,-0.05,0.13,-0.21,-0.17
36190,-1.36,-0.02,-0.05,-0.08,-0.11,-0.17
36191,-1.16,-0.23,-0.16,0.03,-0.21,-0.07
36192,-1.26,-0.23,-0.26,0.13,-0.11,-0.17
36193,-1.26,-0.02,-0.16,-0.08,-0.21,-0.07
36194,-1.36,-0.13,-0.16,0.03,-0.11,-0.17
36195,-1.26,-0.13,-0.16,-0.08,-0.11,-0.17
36196,-1.26,-0.23,-0.26,0.03,-0.21,-0.07
36197,-1.26,-0.02,-0.16,-0.08,-0.21,-0.07
36198,-1.47,-0.23,-0.36,-0.08,-0.11,-0.07
36199,-1.36,-0.13,-0.36,0.03,-0.11,-0.17
36200,-1.47,-0.13,0.05,-0.18,-0.11,-0.07
36201,-1.16,0.08,-0.16,-0.18,-0.11,-0.07
36202,-1.36,-0.02,-0.16,-0.08,-0.11,-0.17
36203,-1.36,-0.13,-0.36,-0.18,-0.11,-0.28
36204,-1.36,0.08,-0.16,-0.08,-0.21,-0.17
36205,-1.16,-0.13,-0.26,-0.08,-0.11,-0.07
36206,-1.26,0.08,-0.05,-0.08,-0.11,-0.07
36207,-1.26,-0.02,-0.16,-0.08,-0.11,-0.07
36208,-1.26,-0.13,-0.16,0.13,-0.11,-0.17
36209,-1.16,-0.13,-0.16,-0.08,-0.21,-0.07
36210,-1.26,-0.02,-0.36,0.03,-0.11,-0.07
36211,-1.26,-0.02,-0.05,0.03,-0.11,-0.07
36212,-1.16,-0.13,-0.05,0.03,-0.21,-0.07
36213,-1.26,-0.02,-0.26,0.13,-0.21,-0.17
36214,-1.36,-0.23,-0.16,0.03,-0.21,-0.17
36215,-1.36,0.08,-0.16,0.03,-0.11,-0.07
36216,-1.36,-0.13,-0.05,-0.08,-0.00,-0.17
36217,-1.26,-0.13,-0.05,-0.08,-0.11,-0.07
36218,-1.36,-0.13,0.05,0.03,-0.11,0.04
36219,-1.26,-0.02,-0.16,-0.08,-0.21,-0.07
36220,-1.36,-0.02,-0.36,-0.08,-0.11,-0.17
36221,-1.36,-0.23,-0.26,-0.08,-0.21,-0.17
36222,-1.26,-0.02,-0.05,-0.18,-0.11,-0.07
36223,-1.26,-0.13,-0.26,-0.08,-0.11,-0.17
36224,-1.47,-0.13,-0.36,-0.08,-0.11,-0.17
36225,-1.36,-0.02,-0.05,-0.08,-0.11,-0.17
36226,-1.26,-0.23,-0.26,-0.08,-0.00,-0.17
36227,-1.26,-0.02,-0.26,0.03,-0.00,-0.07
36228,-1.36,0.08,-0.05,-0.18,-0.11,-0.07
36229,-1.26,0.08,-0.16,-0.08,-0.21,-0.07
36230,-1.36,-0.02,-0.05,-0.08,-0.00,-0.07
36231,-1.26,-0.02,-0.16,-0.08,-0.21,-0.17
36232,-1.26,0.08,-0.16,0.03,-0.11,-0.07
36233,-1.26,-0.13,-0.05,-0.08,-0.21,-0.17
36234,-1.36,-0.02,-0.26,-0.08,-0.11,-0.07
36235,-1.26,-0.02,-0.16,-0.08,-0.21,0.04
36236,-1.36,-0.23,-0.16,0.03,-0.11,-0.07
36237,-1.36,0.08,-0.05,-0.08,-0.11,-0.07
36238,-1.16,-0.13,-0.16,-0.08,-0.21,-0.17
36239,-1.26,-0.13,-0.16,0.03,-0.00,-0.17
36240,-1.26,-0.02,-0.16,0.03,-0.21,-0.07
36241,-1.47,-0.13,-0.16,0.03,-0.11,-0.07
36242,-1.26,-0.13,-0.16,0.03,-0.11,-0.17
36243,-1.26,-0.13,-0.26,0.03,-0.21,-0.07
36244,-1.26,0.08,-0.05,-0.08,-0.11,-0.07
36245,-1.47,-0.02,-0.16,0.03,-0.21,-0.07
36246,-1.36,-0.33,-0.36,0.03,-0.11,0.04
36247,-1.26,-0.23,-0.16,0.03,-0.21,-0.07
36248,-1.36,-0.13,-0.16,-0.08,0.10,-0.07
36249,-1.36,-0.02,-0.36,0.03,-0.21,-0.07
36250,-1.36,-0.02,-0.16,0.03,-0.11,-0.17
36251,-1.36,-0.13,-0.16,-0.08,-0.21,-0.07
36252,-1.05,-0.02,-0.16,-0.08,-0.21,-0.17
36253,-1.16,-0.13,-0.16,-0.08,-0.11,0.04
36254,-1.26,-0.02,-0.36,0.03,-0.00,-0.17
36255,-1.36,-0.13,-0.16,0.03,-0.21,-0.07
36256,-1.26,-0.23,-0.16,-0.08,-0.11,-0.07
36257,-1.26,-0.13,-0.05,-0.08,-0.00,-0.17
36258,-1.26,-0.02,-0.05,0.03,-0.21,-0.07
36259,-1.36,-0.13,-0.16,0.03,-0.00,-0.17
36260,-1.36,0.08,-0.16,-0.08,-0.21,-0.07
36261,-1.16,-0.13,-0.26,-0.08,-0.21,0.04
36262,-1.26,-0.02,-0.16,0.03,-0.00,-0.17
36263,-1.26,-0.02,-0.16,0.03,-0.11,-0.07
36264,-1.36,0.08,-0.47,-0.08,-0.11,-0.07
36265,-1.26,-0.02,-0.16,0.03,-0.11,0.04
36266,-1.36,-0.13,-0.05,0.03,-0.11,-0.17
36267,-1.36,-0.13,-0.16,-0.08,-0.00,-0.17
36268,-1.36,-0.13,-0.05,-0.08,-0.11,-0.07
36269,-1.26,0.08,-0.16,-0.08,-0.11,-0.17
36270,-1.26,-0.02,-0.26,-0.08,-0.00,-0.07
36271,-1.36,-0.33,-0.47,0.03,-0.11,-0.07
36272,-1.26,-0.02,-0.26,-0.08,-0.00,-0.17
36273,-1.16,-0.02,-0.26,0.03,-0.00,-0.07
36274,-1.26,-0.02,-0.47,0.03,-0.11,-0.07
36275,-1.36,-0.13,-0.16,-0.08,-0.21,-0.07
36276,-1.26,-0.33,-0.26,0.03,0.10,0.04
36277,-1.16,-0.02,0.05,-0.08,-0.00,-0.07
36278,-1.26,-0.02,-0.16,0.03,-0.11,-0.07
36279,-1.47,-0.02,-0.16,-0.08,-0.11,-0.07
36280,-1.47,-0.02,-0.26,-0.08,-0.11,-0.07
36281,-1.16,-0.23,-0.26,-0.08,-0.11,-0.07
36282,-1.16,0.08,-0.26,-0.08,-0.11,0.04
36283,-1.36,-0.02,-0.05,0.03,-0.11,-0.17
36284,-1.26,-0.13,-0.26,-0.08,-0.11,-0.17
36285,-1.26,-0.02,-0.26,0.03,-0.00,-0.17
36286,-1.16,-0.13,0.05,0.13,-0.11,-0.17
36287,-1.36,-0.02,0.05,-0.08,-0.11,-0.07
36288,-1.36,0.08,-0.05,-0.18,-0.11,-0.07
36289,-1.36,-0.33,-0.16,0.03,-0.11,-0.17
36290,-1.26,-0.02,-0.16,0.03,-0.11,-0.17
36291,-1.36,-0.02,-0.16,-0.08,-0.11,-0.17
36292,-1.26,-0.23,-0.36,0.03,-0.21,-0.07
36293,-1.26,0.08,-0.16,-0.08,-0.11,-0.07
36294,-1.36,-0.13,-0.16,-0.08,-0.00,-0.07
36295,-1.36,-0.02,-0.36,-0.08,-0.00,-0.07
36296,-1.26,-0.13,-0.05,0.03,-0.11,-0.07
36297,-1.26,-0.13,-0.05,-0.08,-0.11,0.04
36298,-1.26,0.19,-0.05,-0.08,-0.11,-0.07
36299,-1.47,0.08,-0.16,0.03,-0.21,-0.17
36300,-1.26,-0.23,-0.16,0.03,-0.11,-0.17
36301,-1.16,-0.02,-0.26,0.03,-0.11,-0.17
36302,-1.26,-0.13,-0.16,-0.08,-0.21,-0.07
36303,-1.26,-0.13,-0.16,0.03,-0.21,-0.17
36304,-1.36,-0.13,-0.26,0.03,-0.11,0.04
36305,-1.16,-0.23,-0.26,0.03,-0.11,-0.07
36306,-1.26,0.29,-0.16,-0.18,-0.11,0.14
36307,-1.26,-0.02,0.05,0.03,-0.11,-0.17
36308,-1.36,-0.02,-0.16,-0.08,-0.00,0.04
36309,-1.26,0.08,-0.26,-0.08,0.10,-0.17
36310,-1.26,-0.13,-0.05,0.03,-0.00,-0.07
36311,-1.26,-0.13,-0.16,0.03,-0.11,-0.17
36312,-1.36,-0.02,-0.16,-0.08,-0.00,-0.07
36313,-1.26,-0.23,-0.36,0.03,-0.11,-0.07
36314,-1.36,-0.02,-0.05,-0.08,-0.00,-0.07
36315,-1.36,-0.02,-0.05,-0.08,-0.00,-0.17
36316,-1.26,-0.13,-0.16,0.13,-0.21,-0.17
36317,-1.26,-0.02,-0.16,-0.08,-0.11,-0.17
36318,-1.47,-0.02,-0.16,-0.08,-0.11,-0.17
36319,-1.36,-0.13,-0.26,-0.08,-0.11,-0.17
36320,-1.36,-0.23,-0.16,-0.08,-0.21,-0.07
36321,-1.16,-0.13,-0.05,-0.08,-0.21,-0.07
36322,-1.36,-0.02,-0.16,0.03,-0.21,-0.17
36323,-1.47,-0.13,-0.26,-0.08,-0.21,-0.07
36324,-1.36,-0.23,-0.36,-0.08,-0.21,-0.28
36325,-1.16,-0.02,-0.16,0.03,-0.21,-0.07
36326,-1.36,0.08,-0.16,0.03,-0.11,-0.17
36327,-1.36,-0.13,-0.05,0.03,-0.00,-0.07
36328,-1.26,-0.02,-0.16,-0.08,-0.11,-0.17
36329,-1.16,-0.13,0.05,0.03,-0.21,-0.07
36330,-1.16,-0.02,-0.16,0.03,-0.11,-0.07
36331,-1.36,0.08,-0.05,0.03,-0.11,-0.17
36332,-1.36,-0.13,-0.16,-0.08,-0.11,-0.07
36333,-1.26,-0.02,-0.26,-0.08,-0.11,-0.07
36334,-1.16,-0.02,-0.05,0.03,-0.21,-0.17
36335,-1.26,-0.13,0.05,-0.08,-0.11,-0.07
36336,-1.26,-0.02,-0.16,-0.08,-0.11,-0.17
36337,-1.36,-0.13,-0.16,0.03,-0.11,-0.07
36338,-1.36,-0.13,-0.05,0.03,-0.11,-0.17
36339,-1.26,-0.02,-0.16,0.03,-0.11,-0.07
36340,-1.36,0.08,-0.16,-0.08,-0.11,-0.17
36341,-1.36,-0.23,-0.16,-0.08,-0.11,-0.17
36342,-1.36,0.08,-0.16,0.03,-0.21,-0.07
36343,-1.36,-0.13,-0.26,0.03,-0.11,-0.28
36344,-1.36,-0.23,-0.26,0.03,-0.21,-0.07
36345,-1.26,0.08,-0.05,-0.08,-0.11,-0.07
36346,-1.36,-0.02,-0.16,-0.08,-0.11,-0.07
36347,-1.36,-0.23,-0.16,0.03,-0.21,0.04
36459,-1.57,-1.48,-0.47,0.65,0.41,0.55
36459,-1.36,-0.02,0.05,-0.08,-0.11,-0.28
36460,-1.36,-0.02,-0.16,-0.08,-0.11,-0.17
36461,-1.26,-0.02,-0.16,-0.08,-0.11,-0.07
36462,-1.26,-0.13,-0.16,0.03,-0.00,-0.07
36463,-1.36,-0.02,-0.05,-0.08,-0.11,-0.17
36464,-1.26,-0.02,-0.16,-0.08,-0.11,-0.07
36465,-1.26,-0.13,-0.05,-0.08,-0.11,-0.17
36466,-1.36,-0.02,0.05,0.03,-0.11,-0.07
36467,-1.26,-0.02,-0.16,-0.08,-0.11,-0.28
36468,-1.26,-0.02,-0.16,0.03,-0.11,-0.07
36469,-1.26,-0.13,-0.16,0.03,-0.21,0.04
36470,-1.26,-0.02,-0.05,0.03,-0.00,-0.07
36471,-1.16,-0.13,-0.26,-0.08,-0.11,-0.17
36472,-1.47,-0.02,-0.16,-0.08,-0.11,-0.07
36473,-1.47,-0.02,-0.16,0.03,-0.11,-0.17
36474,-1.36,-0.23,-0.16,-0.08,-0.00,-0.17
36475,-1.26,-0.02,-0.16,0.03,-0.11,-0.07
36476,-1.36,-0.02,-0.16,0.03,-0.11,-0.17
36477,-1.36,-0.23,-0.26,-0.08,-0.21,-0.17
36478,-1.16,-0.13,-0.05,0.03,-0.21,-0.07
36479,-1.26,0.08,-0.16,0.03,-0.11,-0.07
36480,-1.36,-0.13,-0.16,0.03,-0.11,0.04
36481,-1.26,-0.23,-0.16,0.03,-0.11,0.04
36482,-1.16,-0.13,-0.16,-0.08,-0.11,-0.17
36483,-1.26,0.08,-0.16,-0.08,-0.11,-0.07
36484,-1.36,-0.23,-0.16,-0.08,-0.11,-0.17
36485,-1.26,-0.23,-0.26,0.03,-0.21,-0.17
36486,-1.26,-0.02,-0.16,-0.08,-0.21,-0.07
36487,-1.36,-0.02,-0.05,0.03,-0.11,-0.17
36488,-1.36,-0.02,-0.16,-0.18,-0.11,-0.07
36489,-1.36,-0.13,-0.26,0.03,-0.21,0.04
36490,-1.26,-0.13,-0.05,-0.08,-0.21,-0.07
36491,-1.36,0.08,-0.16,0.03,-0.11,-0.17
36492,-1.26,-0.13,-0.26,-0.08,-0.21,-0.17
36493,-1.16,-0.23,-0.05,0.03,-0.11,-0.07
36494,-1.26,0.08,-0.16,0.03,-0.11,-0.07
36495,-1.36,-0.02,-0.16,-0.18,-0.11,-0.17
36496,-1.36,-0.23,-0.26,0.03,-0.21,-0.07
36497,-1.36,0.08,-0.05,-0.08,-0.11,0.04
36498,-1.26,-0.02,-0.16,-0.08,-0.21,-0.17
36499,-1.26,-0.13,-0.16,-0.08,-0.21,-0.07
36500,-1.36,-0.13,-0.26,0.03,-0.11,-0.17
36501,-1.26,0.08,-0.26,0.03,-0.11,-0.07
36502,-1.36,-0.23,-0.05,0.03,-0.11,-0.07
36503,-1.26,-0.02,-0.16,-0.08,-0.11,-0.07
36504,-1.47,-0.13,-0.16,-0.18,-0.11,-0.17
36505,-1.26,-0.13,-0.26,-0.08,-0.11,-0.07
36506,-1.16,-0.13,-0.16,-0.08,-0.11,-0.17
36507,-1.26,-0.02,-0.16,-0.08,-0.21,-0.17
36508,-1.47,-0.02,-0.16,-0.08,-0.21,-0.07
36509,-1.36,-0.13,-0.26,-0.08,-0.11,-0.17
36510,-1.26,-0.13,-0.26,-0.08,-0.11,-0.07
36511,-1.47,-0.02,-0.16,0.03,-0.21,-0.17
36512,-1.36,-0.02,0.05,-0.08,-0.11,-0.17
36513,-1.36,-0.02,-0.16,0.03,-0.00,-0.17
36514,-1.47,-0.13,-0.16,0.03,-0.21,-0.17
36515,-1.26,-0.02,-0.05,-0.08,-0.11,-0.07
36516,-1.36,-0.02,-0.05,0.03,-0.11,-0.07
36517,-1.16,-0.02,-0.16,-0.08,-0.11,-0.17
36518,-1.26,-0.02,0.05,0.03,-0.11,-0.17
36519,-1.36,-0.02,-0.05,-0.08,-0.00,-0.17
36520,-1.36,-0.13,-0.26,0.03,-0.00,-0.07
36521,-1.16,-0.13,-0.26,0.03,-0.11,-0.07
36522,-1.36,-0.02,-0.05,0.03,-0.21,-0.07
36523,-1.26,-0.02,-0.16,0.03,-0.11,-0.17
36524,-1.26,-0.33,-0.16,-0.08,-0.21,-0.17
36525,-1.26,-0.13,-0.16,-0.08,-0.21,-0.17
36526,-1.26,-0.02,-0.16,-0.08,-0.21,-0.07
36527,-1.26,-0.23,-0.16,-0.08,-0.00,-0.07
36528,-1.57,0.08,-0.16,0.13,-0.21,-0.17
36529,-1.47,-0.13,-0.47,-0.08,-0.11,-0.17
36530,-1.16,-0.23,0.05,-0.08,-0.11,-0.17
36531,-1.26,0.08,-0.05,-0.08,-0.11,-0.17
36532,-1.47,-0.13,-0.36,-0.08,-0.11,-0.07
36533,-1.16,-0.23,-0.05,-0.08,-0.21,-0.07
36534,-1.16,-0.02,-0.16,-0.08,-0.11,-0.07
36535,-1.36,0.19,-0.05,-0.08,-0.21,-0.07
36536,-1.36,-0.02,-0.05,-0.08,-0.11,-0.07
36537,-1.26,-0.23,-0.26,0.03,-0.11,-0.07
36538,-1.26,-0.02,-0.16,0.03,-0.11,-0.17
36539,-1.26,-0.02,-0.16,-0.08,-0.21,-0.07
36540,-1.47,-0.13,0.05,0.03,-0.11,-0.07
36541,-1.26,-0.02,-0.26,-0.18,-0.11,-0.17
36542,-1.16,-0.02,-0.16,0.03,-0.21,-0.17
36543,-1.36,-0.02,-0.05,-0.08,-0.11,-0.17
36544,-1.36,-0.23,-0.36,-0.08,-0.21,-0.07
36545,-1.16,-0.13,-0.16,0.03,-0.11,-0.07
36546,-1.26,0.08,-0.05,-0.08,-0.00,-0.17
36547,-1.26,0.08,-0.26,0.03,-0.11,-0.07
36548,-1.36,-0.13,-0.26,0.03,-0.21,-0.07
36549,-1.36,0.08,0.05,0.03,-0.11,-0.07
36550,-1.26,0.19,-0.26,0.03,-0.11,-0.07
36551,-1.36,-0.13,-0.16,-0.08,-0.11,-0.07
36552,-1.26,-0.02,-0.16,-0.08,-0.11,-0.17
36553,-1.36,-0.13,-0.26,0.03,-0.00,-0.07
36554,-1.26,-0.23,-0.05,0.03,-0.11,-0.07
36555,-1.26,-0.02,-0.05,-0.08,-0.21,-0.07
36556,-1.36,-0.13,-0.26,-0.08,-0.11,-0.07
36557,-1.36,-0.23,-0.36,-0.18,-0.00,-0.17
36558,-1.16,-0.02,-0.05,0.03,-0.21,-0.07
36559,-1.47,0.08,-0.36,-0.08,-0.11,0.04
36560,-1.26,-0.23,-0.26,-0.18,-0.21,-0.17
36561,-1.26,-0.02,-0.05,-0.08,-0.11,-0.17
36562,-1.36,0.19,-0.05,-0.08,-0.21,-0.28
36563,-1.47,-0.02,-0.05,0.03,-0.21,-0.07
36564,-1.26,-0.02,-0.16,0.03,-0.00,-0.07
36565,-1.16,0.08,-0.16,0.03,-0.11,-0.07
36566,-1.26,-0.02,0.05,0.03,-0.21,-0.07
36567,-1.36,-0.13,-0.05,-0.08,-0.11,-0.17
36568,-1.26,-0.13,-0.26,-0.08,-0.21,-0.07
36569,-1.16,-0.02,-0.26,0.03,-0.11,-0.07
36570,-1.36,-0.02,-0.05,0.03,-0.11,-0.07
36571,-1.36,-0.02,-0.16,0.03,-0.21,-0.07
36572,-1.26,-0.23,-0.26,-0.18,-0.11,-0.28
36573,-1.26,-0.13,-0.05,0.03,-0.00,-0.07
36574,-1.36,0.08,-0.26,-0.18,-0.21,-0.07
36575,-1.26,-0.23,-0.05,0.03,-0.00,-0.17
36576,-1.26,-0.13,-0.05,0.03,-0.11,-0.07
36577,-1.26,-0.02,-0.26,0.03,-0.21,-0.07
36578,-1.36,-0.23,-0.16,0.03,-0.11,-0.17
36579,-1.36,0.08,-0.16,0.03,-0.31,-0.17
36580,-1.26,-0.02,-0.16,-0.08,-0.11,-0.38
36581,-1.26,-0.23,-0.16,-0.08,-0.11,-0.17
36582,-1.36,0.08,-0.16,-0.08,-0.11,-0.07
36583,-1.36,-0.13,-0.26,-0.08,-0.00,-0.07
36584,-1.26,-0.23,-0.16,-0.08,-0.21,-0.17
36585,-1.36,-0.02,0.05,0.03,-0.11,-0.07
36586,-1.57,-0.02,-0.16,-0.08,-0.11,-0.28
36587,-1.26,-0.44,-0.16,-0.08,-0.00,-0.07
36588,-1.16,-0.13,-0.16,-0.08,-0.11,-0.07
36589,-1.36,0.19,-0.26,-0.08,-0.11,-0.07
36590,-1.36,-0.13,-0.16,0.03,-0.11,-0.17
36591,-1.16,-0.02,-0.16,-0.08,-0.11,-0.17
36592,-1.36,-0.02,-0.26,0.03,-0.11,-0.07
36593,-1.26,-0.02,-0.05,0.03,-0.11,0.04
36594,-1.36,-0.13,-0.16,-0.08,-0.11,-0.17
36595,-1.16,-0.02,-0.16,0.03,-0.11,-0.07
36596,-1.36,-0.02,-0.16,-0.08,-0.00,-0.07
36597,-1.36,-0.02,-0.16,-0.08,-0.21,-0.17
36598,-1.26,-0.02,-0.16,-0.08,-0.11,-0.28
36599,-1.16,-0.13,-0.16,-0.18,-0.11,-0.28
36600,-1.36,-0.02,-0.05,0.03,-0.11,-0.07
36601,-1.26,-0.13,-0.16,0.03,-0.21,-0.07
36602,-1.16,-0.33,-0.36,0.03,-0.11,-0.28
36603,-1.26,-0.02,0.05,-0.08,-0.11,-0.07
36604,-1.36,-0.02,-0.26,0.03,-0.11,-0.07
36605,-1.36,-0.13,-0.16,-0.08,-0.11,-0.17
36606,-1.36,-0.02,-0.05,0.03,-0.11,-0.07
36607,-1.26,-0.23,-0.16,-0.08,-0.21,-0.17
36608,-1.36,0.08,0.05,-0.18,-0.11,-0.07
36609,-1.47,-0.02,-0.05,-0.08,-0.11,-0.07
36610,-1.26,-0.33,-0.36,-0.08,-0.11,0.04
36611,-1.26,-0.23,-0.16,0.03,-0.11,-0.07
36612,-1.36,0.08,-0.26,-0.08,-0.11,-0.17
36613,-1.36,-0.23,-0.26,-0.08,-0.11,-0.07
36614,-1.16,-0.02,-0.16,-0.18,-0.21,-0.07
36615,-1.26,0.08,-0.26,0.03,-0.21,-0.17
36616,-1.47,-0.23,-0.05,0.03,-0.21,-0.17
36617,-1.26,-0.13,-0.16,-0.18,-0.00,-0.07
36618,-1.16,-0.02,-0.16,0.03,-0.00,-0.17
36619,-1.36,-0.13,-0.16,-0.08,-0.21,-0.17
36620,-1.36,-0.13,0.05,0.03,-0.11,-0.07
36621,-1.26,-0.02,-0.16,-0.08,-0.11,-0.17
36622,-1.26,-0.13,-0.26,-0.08,-0.00,-0.07
36623,-1.36,-0.02,-0.05,0.03,-0.11,-0.17
36624,-1.26,-0.13,-0.16,0.03,-0.11,-0.07
36625,-1.26,-0.23,-0.16,-0.08,-0.11,0.04
36626,-1.36,-0.13,-0.05,0.03,-0.11,0.04
36627,-1.26,-0.02,-0.16,0.03,-0.11,-0.17
36628,-1.26,-0.33,-0.26,-0.08,-0.11,-0.17
36629,-1.36,-0.02,0.05,0.03,-0.11,-0.07
36630,-1.26,0.08,-0.26,0.03,-0.21,-0.17
36631,-1.26,-0.13,-0.16,-0.08,-0.00,-0.07
36632,-1.26,0.08,-0.05,0.03,-0.11,-0.17
36633,-1.26,-0.13,-0.26,0.03,-0.11,-0.07
36634,-1.26,-0.23,-0.16,-0.18,-0.31,-0.07
36635,-1.36,0.08,-0.16,-0.18,-0.21,-0.07
36636,-1.26,-0.13,-0.16,0.03,-0.21,0.04
36637,-1.26,-0.13,-0.05,0.03,-0.21,-0.07
36638,-1.36,-0.02,-0.26,0.03,-0.11,-0.07
36639,-1.36,-0.23,-0.05,-0.08,-0.21,-0.07
36640,-1.26,-0.02,-0.16,-0.08,-0.11,-0.07
36641,-1.36,0.19,-0.05,0.03,-0.11,-0.17
36642,-1.36,-0.02,-0.16,0.03,-0.11,-0.17
36643,-1.26,-0.02,-0.05,0.03,-0.21,-0.17
36644,-1.26,-0.02,-0.26,-0.08,-0.21,-0.17
36645,-1.26,-0.02,-0.26,-0.08,-0.11,-0.07
36646,-1.36,-0.13,-0.05,0.03,-0.11,-0.17
36647,-1.26,0.08,-0.16,0.03,-0.11,-0.17
36648,-1.36,-0.13,-0.05,-0.08,-0.21,-0.17
36649,-1.26,-0.23,0.05,0.03,-0.11,-0.07
36650,-1.26,-0.02,-0.16,0.03,-0.11,-0.07
36651,-1.36,-0.13,-0.26,-0.08,-0.11,-0.17
36652,-1.26,-0.02,-0.05,0.03,-0.21,-0.07
36653,-1.26,0.08,-0.26,-0.08,-0.00,-0.17
36654,-1.26,-0.13,-0.16,-0.08,-0.11,-0.17
36655,-1.36,-0.02,0.05,-0.08,-0.11,-0.17
36656,-1.26,-0.02,-0.05,-0.08,-0.21,-0.17
36657,-1.16,-0.33,-0.16,-0.08,-0.21,-0.17
36658,-1.36,-0.02,-0.16,-0.08,-0.21,-0.07
36659,-1.36,-0.23,-0.26,0.03,-0.11,-0.07
36660,-1.26,-0.13,-0.26,0.03,-0.21,-0.07
36661,-1.26,-0.02,-0.05,-0.18,-0.21,-0.17
36662,-1.26,-0.23,-0.16,0.03,-0.11,-0.17
36663,-1.36,-0.02,-0.16,-0.08,-0.00,-0.17
36664,-1.36,-0.02,-0.05,0.03,-0.11,-0.07
36665,-1.26,-0.23,-0.26,-0.08,-0.21,-0.07
36666,-1.26,0.08,-0.05,-0.18,-0.11,-0.17
36667,-1.36,0.08,-0.05,-0.08,-0.11,-0.07
36668,-1.36,-0.23,-0.36,-0.08,-0.00,-0.17
36669,-1.16,-0.13,-0.16,0.03,-0.11,-0.17
36670,-1.47,0.08,-0.26,0.03,-0.11,-0.17
36671,-1.36,-0.23,-0.16,-0.08,-0.21,-0.07
36672,-1.26,-0.13,-0.05,-0.08,-0.11,-0.17
36673,-1.36,-0.02,-0.26,-0.08,-0.00,-0.07
36674,-1.36,-0.13,-0.16,-0.08,-0.11,-0.07
36675,-1.26,-0.13,-0.05,-0.08,-0.11,-0.07
36676,-1.36,0.08,-0.26,0.03,-0.11,-0.17
36677,-1.36,0.08,0.05,0.03,-0.21,-0.17
36678,-1.47,-0.02,0.05,-0.08,-0.11,-0.07
36679,-1.16,-0.13,-0.26,-0.08,-0.11,-0.07
36680,-1.26,-0.02,-0.16,-0.08,-0.00,-0.07
36681,-1.36,-0.02,-0.26,0.03,-0.00,-0.07
36682,-1.26,-0.33,-0.16,0.03,-0.21,-0.07
36683,-1.26,-0.02,-0.05,-0.08,-0.11,-0.17
36684,-1.36,0.19,-0.05,-0.08,-0.11,-0.28
36685,-1.16,-0.13,-0.05,-0.08,-0.21,-0.17
36686,-1.36,-0.02,-0.16,0.03,-0.11,-0.17
36687,-1.26,0.08,-0.16,0.03,-0.11,-0.07
36688,-1.26,-0.33,-0.16,-0.08,-0.11,-0.07
36689,-1.36,0.08,-0.05,0.03,-0.11,-0.07
36690,-1.36,-0.13,-0.16,0.13,-0.11,-0.17
36691,-1.16,-0.13,-0.05,-0.08,-0.00,0.04
36692,-1.36,0.08,-0.05,0.03,-0.11,-0.07
36693,-1.36,-0.33,-0.16,-0.08,-0.21,-0.17
36694,-1.26,-0.02,-0.26,0.03,-0.21,-0.17
36695,-1.36,0.08,-0.16,0.13,-0.11,-0.17
36696,-1.36,-0.23,-0.26,-0.08,-0.11,-0.17
36697,-1.16,-0.02,-0.05,-0.18,-0.21,-0.28
36698,-1.36,0.19,-0.16,-0.08,-0.21,-0.17
36699,-1.36,-0.02,-0.36,0.03,-0.21,-0.17
36700,-1.16,-0.02,-0.05,-0.08,-0.11,-0.17
36701,-1.36,-0.02,-0.26,-0.08,-0.21,-0.07
36702,-1.47,-0.13,-0.26,-0.08,-0.11,0.04
36703,-1.16,-0.13,-0.05,-0.18,-0.11,-0.07
36704,-1.36,-0.02,-0.16,-0.08,-0.11,-0.07
36705,-1.26,-0.13,-0.16,-0.08,-0.00,-0.07
36706,-1.26,-0.13,-0.16,0.03,-0.00,-0.07
36707,-1.26,-0.02,-0.26,-0.08,-0.21,-0.07
36708,-1.36,-0.02,-0.05,0.03,-0.11,-0.17
36709,-1.36,-0.02,0.05,-0.08,-0.11,-0.17
36710,-1.26,-0.23,-0.05,0.03,-0.21,-0.07
36711,-1.26,-0.02,-0.16,0.03,-0.11,-0.17
36712,-1.26,0.08,-0.26,-0.08,-0.11,-0.07
36713,-1.26,-0.44,-0.36,0.03,-0.11,-0.07
36714,-1.26,-0.23,-0.05,-0.08,-0.11,-0.07
36715,-1.36,0.08,-0.05,-0.08,-0.21,-0.17
36716,-1.36,-0.33,0.05,-0.08,-0.11,-0.07
36717,-1.36,0.19,-0.26,-0.08,-0.00,-0.07
36718,-1.26,-0.13,-0.36,0.03,-0.11,-0.07
36719,-1.26,-0.23,-0.16,0.03,-0.21,-0.17
36720,-1.47,0.08,-0.26,-0.08,-0.11,-0.07
36721,-1.36,-0.33,-0.36,0.03,-0.11,-0.17
36722,-1.26,0.08,-0.05,0.13,-0.21,-0.17
36723,-1.47,0.29,-0.16,0.03,-0.11,-0.07
36724,-1.36,-0.33,-0.16,0.03,-0.11,-0.07
36725,-1.16,-0.02,-0.16,0.03,-0.11,-0.17
36726,-1.47,-0.02,-0.36,-0.08,-0.11,-0.17
36727,-1.36,-0.33,-0.16,-0.18,-0.00,-0.17
36728,-1.36,-0.02,-0.16,-0.08,-0.11,0.14
36729,-1.36,-0.02,-0.26,0.03,-0.00,-0.07
36730,-1.36,-0.13,-0.05,0.03,-0.11,-0.17
36731,-1.26,-0.02,-0.16,0.03,-0.11,-0.07
36732,-1.26,0.08,-0.16,0.03,-0.21,-0.17
36733,-1.36,-0.23,-0.26,-0.08,-0.21,-0.07
36734,-1.16,-0.13,-0.05,0.03,-0.11,-0.07
36735,-1.26,0.08,0.05,-0.08,-0.00,-0.28
36736,-1.36,-0.02,0.05,-0.08,-0.11,-0.17
36737,-1.16,0.08,-0.16,-0.08,-0.11,-0.28
36738,-1.16,-0.23,-0.26,-0.18,-0.00,-0.17
36739,-1.36,-0.02,-0.16,0.03,-0.11,-0.17
36740,-1.47,-0.13,-0.05,-0.08,-0.11,-0.07
36741,-1.26,-0.23,-0.16,0.03,-0.21,-0.17
36742,-1.26,0.08,-0.05,0.03,-0.11,-0.17
36743,-1.36,-0.13,-0.16,-0.08,-0.11,-0.17
36744,-1.26,-0.13,-0.16,0.03,-0.11,-0.07
36745,-1.26,-0.02,-0.26,-0.08,-0.11,-0.17
36746,-1.26,-0.33,-0.36,-0.08,-0.11,-0.07
36747,-1.36,-0.02,-0.16,-0.08,-0.11,-0.17
36748,-1.47,-0.13,-0.16,-0.08,-0.00,-0.17
36749,-1.26,-0.23,-0.16,-0.08,-0.11,-0.07
36750,-1.36,0.08,-0.05,-0.08,-0.11,-0.07
36751,-1.26,-0.13,-0.36,0.03,-0.21,-0.07
36752,-1.26,-0.13,-0.26,0.03,-0.11,-0.07
36753,-1.36,-0.02,-0.05,-0.08,-0.21,-0.07
36754,-1.36,-0.23,-0.26,-0.08,-0.21,-0.07
36755,-1.26,-0.02,0.05,0.03,-0.11,-0.17
36756,-1.36,0.19,-0.16,-0.08,-0.21,-0.17
36757,-1.47,-0.23,-0.26,-0.18,-0.00,0.04
36758,-1.16,-0.13,-0.16,-0.08,-0.11,-0.17
36759,-1.36,-0.02,-0.26,-0.08,-0.11,-0.17
36760,-1.26,-0.23,-0.26,-0.08,-0.11,-0.17
36761,-1.26,-0.13,-0.05,0.03,-0.11,-0.17
36762,-1.16,-0.02,-0.26,-0.08,-0.21,-0.07
36763,-1.36,-0.13,-0.05,-0.08,-0.11,-0.17
36764,-1.36,0.08,-0.16,-0.08,-0.11,-0.17
36765,-1.26,-0.13,-0.16,-0.08,-0.11,-0.17
36766,-1.16,-0.13,-0.16,0.03,-0.11,-0.07
36767,-1.36,0.08,-0.26,-0.08,-0.11,-0.07
36768,-1.26,-0.33,-0.05,-0.08,-0.21,0.04
36769,-1.26,-0.13,-0.05,0.13,-0.11,-0.07
36770,-1.26,0.08,-0.16,-0.08,-0.11,-0.07
36771,-1.26,-0.23,-0.16,-0.08,-0.11,-0.07
36772,-1.36,-0.02,-0.16,-0.08,-0.11,0.04
36773,-1.26,-0.23,-0.47,0.03,-0.11,-0.07
36774,-1.26,-0.13,-0.05,-0.08,-0.11,-0.17
36775,-1.47,0.08,-0.26,0.03,-0.21,-0.17
36776,-1.26,-0.44,-0.16,-0.18,-0.21,-0.07
36777,-1.36,0.08,-0.05,-0.08,-0.00,-0.07
36778,-1.36,-0.13,-0.36,0.03,-0.11,-0.17
36779,-1.26,-0.23,-0.16,-0.08,-0.11,-0.07
36780,-1.36,0.08,-0.16,-0.08,-0.21,-0.07
36781,-1.47,-0.33,-0.36,-0.08,-0.11,-0.17
36782,-1.16,-0.23,-0.16,0.13,-0.11,-0.17
36783,-1.36,0.29,-0.26,-0.08,-0.11,-0.17
36784,-1.47,-0.33,-0.16,0.03,-0.11,-0.17
36785,-1.16,-0.02,-0.16,-0.18,-0.21,-0.07
36786,-1.36,0.08,-0.36,0.03,-0.11,0.04
36787,-1.47,-0.13,0.05,-0.08,-0.11,-0.17
36788,-1.36,0.08,-0.16,-0.08,-0.11,-0.17
36789,-1.26,-0.02,-0.16,0.03,-0.11,-0.07
36790,-1.36,-0.13,-0.05,0.03,-0.00,-0.17
36791,-1.26,-0.02,-0.26,0.03,-0.21,-0.07
36792,-1.16,-0.13,-0.16,0.03,-0.11,-0.07
36793,-1.36,-0.13,-0.05,0.03,-0.11,-0.07
36794,-1.26,-0.02,-0.16,-0.08,-0.11,-0.07
36795,-1.26,-0.13,-0.05,0.03,0.10,-0.07
36918,-1.26,-0.23,-0.16,-0.08,-0.21,-0.17
36919,-1.26,0.19,-0.26,-0.08,-0.11,0.04
36920,-1.47,-0.33,-0.16,0.03,-0.11,-0.07
36921,-1.47,0.19,-0.05,-0.08,-0.00,-0.07
36922,-1.26,-0.13,-0.16,0.03,-0.11,-0.17
36923,-1.16,-0.23,-0.16,-0.08,-0.21,-0.17
36924,-1.36,0.29,-0.16,-0.08,-0.11,-0.07
36925,-1.26,-0.33,-0.16,-0.18,-0.21,-0.07
36926,-1.36,0.08,-0.16,-0.08,-0.21,-0.07
36927,-1.36,-0.02,-0.26,-0.08,-0.11,-0.07
36928,-1.16,-0.33,-0.05,0.03,-0.11,-0.07
36929,-1.26,0.19,-0.16,-0.08,-0.11,-0.07
36930,-1.36,-0.33,-0.26,0.03,-0.21,-0.17
36931,-1.16,-0.13,-0.16,0.03,-0.11,-0.07
36932,-1.36,0.08,-0.05,0.03,-0.11,0.04
36933,-1.47,-0.23,-0.05,-0.08,-0.11,-0.17
36934,-1.16,0.19,-0.05,-0.08,-0.11,-0.28
36935,-1.36,-0.23,-0.16,0.03,-0.11,-0.07
36936,-1.26,-0.13,-0.16,-0.08,-0.11,-0.17
36937,-1.36,0.08,-0.16,0.03,-0.11,-0.28
36938,-1.26,-0.23,-0.16,-0.18,-0.21,-0.17
36939,-1.26,-0.02,0.05,0.03,-0.11,-0.17
36940,-1.16,-0.23,-0.16,-0.08,-0.11,-0.17
36941,-1.57,-0.13,-0.26,-0.08,-0.11,-0.07
36942,-1.47,0.19,-0.05,0.03,-0.11,0.04
36943,-1.36,-0.33,-0.26,0.13,-0.11,0.04
36944,-1.36,0.08,-0.26,-0.08,-0.11,-0.07
36945,-1.36,-0.13,-0.16,0.03,-0.11,-0.07
36946,-1.36,-0.02,-0.36,-0.08,-0.21,-0.07
36947,-1.36,-0.02,-0.16,-0.18,-0.11,-0.07
36948,-1.26,-0.33,-0.16,-0.08,-0.21,-0.07
36949,-1.26,0.29,-0.16,-0.08,-0.00,-0.07
36950,-1.26,-0.13,0.05,-0.08,-0.21,-0.17
36951,-1.26,-0.13,-0.05,0.03,-0.11,0.04
36952,-1.16,0.08,-0.16,-0.08,-0.00,-0.07
36953,-1.26,-0.33,-0.05,0.03,-0.21,-0.07
36954,-1.36,0.29,-0.16,0.03,-0.11,-0.07
36955,-1.26,-0.44,-0.36,0.03,-0.00,-0.17
36956,-1.16,-0.02,-0.16,-0.08,-0.00,-0.07
36957,-1.57,0.08,-0.16,0.03,-0.11,0.04
36958,-1.26,-0.44,-0.05,-0.08,-0.21,-0.17
36959,-1.26,0.29,-0.05,0.03,-0.21,-0.07
36960,-1.47,-0.23,-0.16,0.03,-0.11,-0.07
36961,-1.16,-0.23,0.05,0.03,-0.21,-0.17
36962,-1.47,0.19,-0.05,-0.08,-0.00,-0.17
36963,-1.36,-0.33,-0.16,0.03,-0.11,0.04
36964,-1.26,-0.02,-0.05,-0.08,-0.11,-0.07
36965,-1.16,-0.02,-0.05,-0.18,-0.21,-0.07
36966,-1.36,-0.13,-0.26,-0.08,-0.21,-0.17
36967,-1.36,0.19,-0.05,0.03,-0.00,-0.17
36968,-1.36,-0.23,-0.16,-0.08,-0.00,-0.17
36969,-1.16,0.19,-0.16,-0.08,-0.21,-0.07
36970,-1.26,-0.02,0.05,-0.08,-0.21,-0.17
36971,-1.26,-0.02,-0.26,-0.08,-0.21,-0.07
36972,-1.26,0.08,-0.16,-0.08,-0.21,-0.17
36973,-1.16,-0.13,-0.16,-0.08,-0.11,-0.17
36974,-1.36,0.08,-0.26,-0.08,-0.11,-0.07
36975,-1.36,-0.13,-0.16,-0.18,-0.21,-0.07
36976,-1.26,-0.02,-0.05,-0.08,-0.11,-0.17
36977,-1.26,-0.02,-0.16,-0.08,-0.11,-0.17
36978,-1.26,-0.44,-0.16,0.03,-0.11,-0.17
36979,-1.36,0.29,-0.26,-0.08,-0.11,-0.07
36980,-1.26,-0.33,-0.16,-0.08,-0.11,-0.07
36981,-1.36,0.08,-0.16,-0.08,-0.21,-0.07
36982,-1.26,0.08,-0.16,-0.08,-0.21,-0.07
36983,-1.26,-0.33,-0.16,0.03,-0.11,-0.07
36984,-1.26,0.19,-0.05,-0.08,-0.11,-0.07
36985,-1.16,-0.33,-0.26,-0.08,-0.11,0.04
36986,-1.26,-0.02,-0.05,0.03,-0.21,-0.17
36987,-1.47,0.08,-0.16,-0.08,-0.11,0.04
36988,-1.16,-0.23,-0.36,0.03,-0.11,-0.07
36989,-1.36,0.29,-0.16,-0.08,-0.11,-0.07
36990,-1.36,-0.33,-0.26,-0.08,-0.11,-0.17
36991,-1.26,0.08,-0.36,-0.08,-0.00,-0.28
36992,-1.36,0.08,-0.16,-0.08,-0.11,-0.07
36993,-1.36,-0.44,-0.16,0.03,-0.11,0.04
36994,-1.26,0.29,-0.05,-0.08,-0.21,-0.07
36995,-1.36,-0.13,-0.16,-0.08,-0.11,-0.07
36996,-1.26,-0.13,-0.16,0.03,-0.11,-0.07
36997,-1.26,0.08,-0.05,-0.08,-0.11,-0.07
36998,-1.36,-0.33,-0.16,0.03,-0.21,-0.17
36999,-1.16,0.08,-0.16,0.03,-0.11,-0.17
37000,-1.26,-0.13,-0.05,-0.08,-0.11,0.04
37001,-1.36,-0.02,-0.16,-0.18,-0.11,0.04
37002,-1.26,-0.13,-0.26,-0.08,-0.11,-0.07
37003,-1.36,-0.13,-0.05,0.03,-0.21,-0.07
37004,-1.26,0.19,-0.16,0.03,-0.21,0.04
37005,-1.26,-0.44,-0.26,0.03,-0.00,0.04
37006,-1.36,0.08,-0.05,-0.08,-0.11,-0.17
37007,-1.26,-0.13,-0.05,-0.08,-0.11,-0.17
37008,-1.36,-0.13,-0.26,-0.18,-0.00,-0.07
37009,-1.26,0.08,0.16,0.03,-0.11,-0.07
37010,-1.36,-0.44,-0.36,0.03,-0.11,-0.07
37011,-1.36,0.08,-0.16,0.03,-0.21,-0.17
37012,-1.26,-0.33,-0.05,0.03,-0.11,-0.17
37013,-1.47,-0.02,-0.36,0.03,-0.00,-0.07
37014,-1.26,0.08,-0.05,0.03,-0.00,-0.17
37015,-1.26,-0.33,-0.05,0.03,-0.11,-0.07
37016,-1.36,0.29,-0.05,0.03,-0.21,-0.07
37017,-1.05,-0.44,-0.16,-0.08,-0.11,-0.07
37018,-1.26,0.08,-0.16,-0.08,-0.11,-0.07
37019,-1.47,-0.02,-0.16,0.03,-0.11,-0.07
37020,-1.16,-0.33,-0.16,-0.08,-0.21,-0.17
37021,-1.47,0.29,-0.05,0.03,-0.11,-0.07
37022,-1.26,-0.44,-0.26,0.03,-0.11,-0.17
37023,-1.16,0.08,-0.16,0.03,-0.21,-0.28
37024,-1.26,0.08,-0.16,-0.08,-0.11,-0.07
37025,-1.26,-0.33,-0.16,0.03,-0.11,-0.07
37026,-1.26,0.39,0.05,0.03,-0.21,-0.07
37027,-1.36,-0.23,-0.26,-0.08,-0.11,0.04
37028,-1.26,-0.13,-0.16,-0.08,-0.21,0.04
37029,-1.36,-0.02,0.05,-0.08,-0.21,-0.17
37030,-1.36,-0.23,-0.26,0.13,-0.00,-0.17
37031,-1.36,-0.02,-0.16,0.03,-0.11,-0.07
37032,-1.26,-0.23,-0.16,-0.08,-0.11,-0.07
37033,-1.26,0.08,-0.26,-0.08,-0.11,-0.28
37034,-1.26,-0.13,-0.05,-0.08,-0.11,-0.17
37035,-1.47,-0.02,-0.16,-0.08,-0.11,-0.07
37036,-1.16,-0.02,-0.26,-0.08,-0.11,-0.17
37037,-1.26,-0.23,-0.05,0.03,-0.11,-0.07
37038,-1.36,0.19,-0.05,-0.08,-0.11,-0.17
37039,-1.16,-0.44,-0.36,-0.08,-0.11,-0.17
37040,-1.26,0.08,-0.16,0.03,-0.21,-0.28
37041,-1.26,-0.23,-0.16,0.03,-0.11,-0.07
37042,-1.26,-0.13,-0.26,-0.08,-0.11,-0.07
37043,-1.26,0.19,0.05,-0.08,-0.21,-0.07
37044,-1.16,-0.44,-0.16,-0.08,-0.21,-0.07
37045,-1.36,0.19,-0.26,-0.08,-0.21,-0.28
37046,-1.26,-0.23,-0.05,0.03,-0.00,-0.07
37047,-1.36,-0.13,-0.16,0.13,-0.00,0.04
37048,-1.36,-0.02,-0.16,0.03,-0.11,-0.07
37049,-1.16,-0.44,-0.16,-0.08,-0.11,-0.07
37050,-1.47,0.29,-0.16,-0.08,-0.00,-0.07
37051,-1.36,-0.44,-0.16,-0.08,-0.11,-0.07
37052,-1.16,-0.02,-0.16,0.03,-0.21,-0.17
37053,-1.47,-0.02,-0.26,-0.18,-0.11,-0.17
37054,-1.26,-0.44,-0.05,0.03,-0.11,-0.07
37055,-1.26,0.39,0.16,-0.08,-0.11,0.04
37056,-1.36,-0.23,-0.36,-0.08,-0.11,-0.17
37057,-1.36,0.08,-0.26,0.03,-0.00,0.04
37058,-1.26,-0.02,-0.16,-0.08,-0.11,-0.07
37059,-1.36,-0.13,-0.36,-0.08,-0.11,-0.17
37060,-1.26,0.08,0.05,-0.28,-0.11,-0.07
37061,-1.36,-0.13,0.05,-0.08,-0.11,-0.17
37062,-1.36,0.08,-0.16,-0.08,-0.00,-0.17
37063,-1.26,-0.23,-0.16,0.03,-0.11,0.04
37064,-1.36,-0.02,-0.16,0.03,-0.21,0.04
37065,-1.16,-0.02,-0.05,-0.18,-0.11,-0.07
37066,-1.36,-0.13,-0.16,-0.08,-0.00,-0.17
37067,-1.26,0.08,-0.16,-0.08,-0.11,-0.17
37068,-1.26,-0.33,-0.16,0.03,-0.00,-0.07
37069,-1.36,0.29,-0.05,-0.18,-0.11,-0.07
37070,-1.36,-0.13,-0.26,0.03,-0.11,-0.17
37071,-1.36,-0.23,-0.26,-0.08,-0.21,-0.17
37072,-1.16,-0.02,0.05,-0.08,-0.11,-0.07
37073,-1.36,-0.23,-0.26,-0.08,-0.21,-0.07
37074,-1.36,0.19,-0.05,0.13,-0.11,-0.17
37075,-1.16,-0.44,-0.16,-0.08,-0.11,-0.17
37076,-1.47,0.08,-0.36,-0.18,-0.11,-0.07
37077,-1.26,-0.23,-0.16,-0.08,-0.00,-0.07
37078,-1.16,-0.13,-0.16,-0.08,-0.00,-0.07
37079,-1.47,0.29,-0.16,0.03,-0.11,-0.17
37080,-1.16,-0.33,-0.16,-0.08,-0.11,-0.17
37081,-1.47,0.29,0.05,0.03,-0.11,-0.17
37082,-1.36,-0.33,-0.26,-0.08,-0.11,-0.17
37083,-1.26,-0.13,-0.16,-0.08,-0.11,-0.17
37084,-1.47,0.19,0.05,-0.08,-0.00,-0.07
37085,-1.26,-0.33,-0.26,-0.08,-0.11,-0.07
37086,-1.26,0.50,-0.16,-0.08,-0.11,-0.17
37087,-1.36,-0.23,-0.26,-0.08,-0.11,-0.07
37202,-1.26,0.50,-1.61,-0.18,-0.31,-0.17
37203,-1.57,-0.44,-0.05,-0.39,-0.42,-0.17
37203,-1.26,-0.23,0.05,-0.18,-0.00,-0.17
37204,-1.36,0.08,-0.26,0.03,-0.11,-0.07
37205,-1.26,-0.13,-0.16,0.03,-0.11,-0.07
37206,-1.26,-0.23,-0.05,-0.08,-0.00,-0.17
37207,-1.47,0.19,-0.26,0.03,-0.00,-0.17
37208,-1.05,-0.44,-0.36,0.03,-0.21,-0.07
37209,-1.36,0.19,0.05,-0.08,-0.11,-0.17
37210,-1.26,-0.23,-0.16,0.03,-0.21,-0.17
37211,-1.26,-0.02,-0.26,0.03,-0.11,-0.07
37212,-1.47,-0.02,0.16,-0.18,-0.11,-0.17
37213,-1.26,-0.23,-0.16,-0.08,-0.11,-0.17
37214,-1.36,0.29,-0.05,-0.08,-0.11,-0.17
37215,-1.26,-0.44,-0.26,-0.08,-0.21,-0.07
37216,-1.36,0.08,-0.26,-0.08,-0.11,-0.07
37217,-1.26,-0.23,-0.26,0.03,-0.11,-0.17
37218,-1.36,-0.13,-0.05,-0.08,-0.21,-0.07
37219,-1.36,-0.02,0.05,-0.08,-0.11,-0.07
37220,-1.26,-0.13,-0.26,0.03,-0.21,-0.17
37221,-1.26,-0.02,-0.16,-0.08,-0.11,-0.17
37222,-1.26,-0.13,-0.16,-0.08,-0.21,-0.07
37223,-1.36,-0.13,-0.05,-0.08,-0.11,-0.17
37224,-1.26,-0.13,-0.05,-0.08,-0.11,-0.07
37225,-1.26,-0.02,-0.16,-0.08,-0.11,-0.17
37226,-1.26,-0.13,-0.26,-0.08,-0.11,0.04
37227,-1.26,0.19,-0.16,0.13,-0.11,-0.17
37228,-1.26,-0.23,-0.16,0.03,-0.00,-0.28
37229,-1.26,-0.02,-0.36,-0.18,-0.11,-0.07
37230,-1.36,-0.13,-0.05,0.03,-0.11,-0.07
37231,-1.26,-0.23,-0.16,0.03,-0.11,-0.07
37232,-1.26,-0.02,-0.16,0.03,-0.21,-0.07
37233,-1.26,-0.23,-0.16,-0.08,-0.00,-0.17
37234,-1.26,0.08,-0.26,-0.08,-0.00,-0.17
37235,-1.16,-0.23,-0.16,-0.08,-0.11,0.04
37236,-1.36,-0.02,-0.16,-0.08,-0.11,-0.17
37237,-1.26,-0.33,-0.05,-0.08,-0.11,-0.17
37238,-1.47,-0.02,-0.26,-0.08,-0.11,-0.17
37239,-1.36,-0.13,0.16,0.03,-0.11,-0.17
37240,-1.26,-0.02,-0.26,0.03,-0.21,-0.17
37241,-1.47,0.08,-0.05,0.03,-0.11,-0.07
37242,-1.16,-0.33,-0.16,-0.08,-0.21,-0.17
37243,-1.36,0.19,-0.05,-0.08,-0.21,-0.17
37244,-1.26,-0.33,-0.26,0.03,-0.11,-0.17
37245,-1.47,0.19,-0.05,0.03,-0.21,-0.17
37246,-1.47,-0.02,-0.05,-0.08,-0.11,-0.17
37247,-1.16,-0.23,-0.26,-0.08,-0.11,0.04
37248,-1.26,0.19,0.16,-0.18,-0.11,-0.07
37249,-1.36,-0.33,-0.36,-0.08,-0.00,0.04
37250,-1.26,-0.02,-0.05,-0.08,-0.11,-0.07
37251,-1.36,-0.13,-0.16,-0.08,-0.11,0.04
37252,-1.36,-0.13,-0.26,0.03,-0.11,-0.17
37253,-1.36,0.08,-0.05,0.03,-0.21,-0.07
37254,-1.36,-0.02,-0.16,0.03,-0.21,-0.07
37255,-1.26,-0.23,-0.16,-0.08,-0.11,-0.07
37256,-1.36,-0.02,-0.16,0.03,-0.21,-0.17
37257,-1.36,-0.23,-0.05,-0.08,-0.11,-0.17
37258,-1.36,0.08,-0.05,-0.08,-0.11,-0.17
37259,-1.26,-0.13,-0.16,-0.08,-0.11,-0.07
37260,-1.16,-0.13,-0.16,0.03,-0.21,-0.28
37261,-1.16,0.08,-0.16,-0.18,-0.11,-0.07
37262,-1.16,-0.33,-0.36,-0.18,-0.21,-0.07
37263,-1.36,0.19,-0.05,-0.08,-0.11,-0.07
37264,-1.36,-0.23,-0.16,-0.08,-0.11,-0.07
37265,-1.36,0.08,-0.16,-0.08,-0.11,-0.17
37266,-1.16,-0.13,-0.16,-0.08,-0.11,-0.17
37267,-1.36,-0.02,-0.05,0.03,-0.11,-0.07
37268,-1.26,-0.13,-0.16,0.03,-0.11,-0.07
37269,-1.26,-0.23,-0.26,-0.08,-0.11,-0.17
37270,-1.36,-0.02,-0.05,-0.08,-0.11,-0.17
37271,-1.26,-0.13,-0.36,-0.08,-0.11,-0.17
37272,-1.36,0.08,-0.16,-0.08,-0.21,-0.17
37273,-1.16,-0.23,-0.26,0.03,-0.11,-0.07
37274,-1.47,0.19,-0.16,0.03,-0.11,-0.17
37275,-1.26,-0.13,-0.05,-0.08,-0.11,-0.17
37276,-1.26,-0.02,-0.16,0.03,-0.21,-0.17
37277,-1.36,-0.02,-0.05,0.03,-0.11,-0.07
37278,-1.26,-0.23,-0.26,0.03,-0.11,-0.07
37279,-1.36,0.19,0.05,-0.08,-0.11,-0.07
37281,-1.26,-0.33,-0.36,0.13,-0.21,-0.17
37281,-1.26,0.08,-0.05,0.03,-0.11,-0.07
37282,-1.47,-0.13,-0.16,-0.08,-0.11,0.04
37283,-1.26,-0.23,-0.16,0.03,-0.21,0.04
37284,-1.26,-0.02,0.05,0.03,-0.21,-0.07
37285,-1.36,-0.23,-0.26,-0.08,-0.11,-0.17
37286,-1.26,-0.02,-0.16,-0.08,-0.11,-0.17
37287,-1.36,-0.13,-0.26,-0.08,-0.11,-0.17
37288,-1.26,-0.23,-0.16,0.03,-0.11,-0.07
37289,-1.26,0.08,-0.16,-0.08,-0.11,-0.17
37290,-1.26,-0.13,-0.16,0.03,-0.21,-0.07
37291,-1.26,-0.02,-0.16,0.03,-0.11,-0.07
37292,-1.36,0.08,-0.05,-0.08,-0.21,-0.07
37293,-1.26,-0.23,-0.16,-0.08,-0.11,-0.07
37294,-1.36,0.19,-0.16,0.03,-0.11,-0.07
37295,-1.36,-0.33,-0.16,0.03,-0.11,-0.28
37296,-1.26,0.08,-0.26,0.03,-0.11,-0.07
37297,-1.16,-0.13,-0.05,-0.08,-0.11,-0.07
37298,-1.26,-0.13,-0.26,-0.08,-0.21,0.04
37299,-1.16,-0.13,-0.05,-0.18,-0.21,-0.07
37300,-1.36,-0.13,-0.26,-0.08,-0.00,-0.17
37301,-1.36,-0.23,-0.16,0.03,-0.11,-0.17
37302,-1.26,-0.13,-0.16,-0.08,-0.11,-0.17
37303,-1.36,0.08,-0.05,0.03,-0.11,-0.17
37304,-1.26,-0.02,-0.26,-0.08,-0.11,-0.07
37305,-1.47,0.08,-0.16,-0.18,-0.11,-0.17
37306,-1.16,-0.33,-0.26,-0.08,-0.00,-0.07
37307,-1.36,0.19,-0.26,-0.08,-0.11,-0.07
37308,-1.36,-0.23,-0.05,-0.08,-0.11,-0.17
37309,-1.36,-0.02,-0.05,0.03,-0.00,-0.07
37310,-1.36,-0.02,0.16,-0.08,-0.21,0.04
37311,-1.26,-0.33,-0.36,0.03,-0.21,-0.07
37312,-1.47,0.08,0.05,0.03,-0.11,-0.17
37313,-1.36,-0.33,-0.16,-0.08,-0.00,-0.07
37314,-1.26,0.08,-0.16,-0.08,-0.11,0.04
37315,-1.36,-0.13,-0.16,0.03,-0.11,-0.17
37316,-1.16,-0.02,-0.16,-0.18,-0.11,-0.07
37317,-1.26,-0.02,-0.26,-0.08,-0.11,-0.17
37318,-1.36,-0.23,-0.16,-0.08,-0.00,-0.07
37319,-1.36,-0.02,0.05,0.13,-0.11,-0.07
37320,-1.26,0.19,-0.36,-0.18,-0.11,-0.07
37321,-1.16,-0.33,-0.05,-0.08,-0.11,-0.17
37322,-1.36,0.08,-0.05,0.03,-0.21,-0.07
37323,-1.26,-0.23,-0.16,-0.08,-0.11,-0.07
37324,-1.26,-0.02,-0.16,-0.08,-0.21,-0.17
37325,-1.36,-0.02,-0.16,-0.08,-0.11,0.04
37326,-1.26,-0.23,-0.36,-0.08,-0.11,-0.17
37327,-1.26,0.08,0.05,-0.08,-0.11,-0.07
37328,-1.36,-0.33,-0.36,-0.08,-0.11,-0.07
37329,-1.36,0.19,-0.16,-0.08,-0.21,-0.07
37331,-1.36,-0.13,-0.16,-0.08,-0.11,-0.17
37331,-1.36,-0.13,-0.16,-0.08,-0.11,-0.07
37332,-1.26,-0.13,-0.05,0.03,-0.11,-0.07
37333,-1.47,-0.02,-0.26,-0.08,-0.21,-0.17
37334,-1.36,-0.13,-0.16,0.03,-0.11,-0.17
37335,-1.36,-0.13,-0.26,-0.08,-0.11,-0.17
37336,-1.26,-0.13,-0.05,-0.08,-0.11,-0.07
37337,-1.36,-0.02,-0.16,-0.08,-0.11,-0.07
37338,-1.36,-0.02,-0.05,-0.08,-0.21,-0.17
37339,-1.26,-0.23,-0.16,-0.08,-0.11,-0.07
37340,-1.47,0.08,-0.05,0.03,-0.11,-0.17
37341,-1.26,-0.23,-0.26,0.03,-0.21,-0.07
37342,-1.26,0.08,-0.16,-0.08,-0.11,-0.07
37343,-1.26,-0.23,-0.05,-0.08,-0.00,-0.17
37344,-1.26,-0.02,-0.16,0.03,-0.11,-0.07
37345,-1.47,-0.02,-0.16,0.03,-0.11,-0.07
37346,-1.26,-0.13,-0.16,-0.08,-0.21,-0.07
37347,-1.36,0.19,0.05,0.03,-0.21,-0.17
37348,-1.26,-0.13,-0.26,-0.08,-0.21,-0.17
37349,-1.26,-0.13,-0.05,0.03,-0.00,-0.07
37350,-1.36,-0.02,-0.26,-0.08,-0.21,-0.17
37351,-1.26,-0.13,-0.16,-0.08,-0.21,-0.17
37352,-1.36,-0.13,-0.16,0.03,-0.00,-0.07
37353,-1.26,-0.13,-0.05,-0.08,-0.11,-0.17
37354,-1.26,-0.02,-0.16,0.03,-0.21,-0.17
37355,-1.26,0.08,-0.26,-0.08,-0.11,-0.07
37356,-1.36,-0.33,-0.16,-0.08,-0.21,0.04
37357,-1.36,0.19,-0.16,0.03,-0.11,-0.07
37358,-1.26,-0.33,-0.26,0.03,-0.11,-0.07
37359,-1.36,0.29,-0.16,0.03,-0.21,0.04
37360,-1.36,-0.23,-0.16,0.03,-0.11,-0.07
37361,-1.36,-0.02,-0.26,0.03,-0.21,-0.07
37362,-1.26,-0.02,-0.05,0.13,-0.21,-0.07
37363,-1.36,-0.13,-0.36,0.03,-0.21,-0.07
37364,-1.26,-0.02,-0.16,0.03,-0.11,-0.07
37365,-1.36,-0.13,-0.16,-0.08,-0.11,-0.17
37366,-1.36,-0.02,-0.26,0.03,-0.00,-0.17
37367,-1.26,-0.13,-0.16,-0.08,-0.21,-0.07
37368,-1.36,-0.02,-0.05,-0.08,-0.11,-0.17
37369,-1.05,-0.13,-0.16,0.03,-0.11,-0.17
37370,-1.36,0.08,-0.05,-0.08,-0.11,-0.07
37371,-1.16,-0.23,-0.16,0.03,-0.11,-0.07
37372,-1.36,0.08,-0.16,-0.08,-0.21,-0.07
37373,-1.16,-0.33,-0.16,0.13,-0.00,-0.17
37374,-1.36,0.08,-0.16,0.03,-0.21,-0.17
37375,-1.36,-0.13,0.05,-0.18,-0.21,-0.07
37376,-1.26,-0.23,-0.26,0.13,-0.00,-0.07
37377,-1.36,0.08,0.05,-0.08,-0.21,-0.07
37378,-1.26,-0.23,-0.26,-0.08,-0.11,-0.07
37379,-1.36,0.19,-0.05,0.03,-0.21,-0.07
37380,-1.36,-0.23,-0.26,0.03,-0.11,-0.07
37381,-1.26,-0.02,-0.26,-0.08,-0.00,-0.17
37382,-1.47,-0.13,-0.26,0.03,-0.11,-0.17
37383,-1.16,-0.13,-0.16,0.03,-0.11,-0.17
37384,-1.36,-0.02,-0.05,0.03,-0.21,-0.07
37385,-1.36,-0.02,-0.16,0.03,-0.21,-0.17
37386,-1.26,-0.23,-0.05,0.03,-0.21,-0.17
37387,-1.26,0.19,-0.16,-0.08,-0.11,-0.17
37388,-1.36,-0.33,-0.05,-0.08,-0.11,-0.07
37389,-1.26,0.08,-0.26,-0.08,-0.11,-0.17
37390,-1.26,-0.33,-0.16,0.03,-0.11,-0.07
37391,-1.26,0.08,-0.26,0.03,-0.00,-0.28
37392,-1.36,-0.23,-0.16,0.03,-0.21,-0.17
37393,-1.26,-0.02,-0.26,-0.08,-0.11,-0.28
37394,-1.36,0.08,-0.05,-0.08,-0.11,-0.17
37540,-1.16,-0.13,-0.26,-0.08,-0.21,-0.07
37541,-1.36,-0.02,-0.26,-0.08,-0.00,-0.07
37542,-1.26,-0.44,-0.05,-0.08,-0.00,-0.07
37543,-1.57,0.19,0.05,-0.08,-0.11,0.04
37544,-1.16,-0.33,-0.16,0.03,-0.11,-0.07
37545,-1.47,0.08,-0.16,-0.08,-0.21,-0.17
37546,-1.26,-0.13,-0.16,0.03,-0.11,-0.17
37547,-1.36,0.08,-0.05,0.03,-0.21,-0.07
37548,-1.36,-0.23,-0.05,-0.08,-0.00,-0.07
37549,-1.26,-0.13,-0.16,-0.08,0.10,-0.07
37550,-1.36,-0.13,-0.05,-0.08,-0.11,0.04
37551,-1.26,-0.02,-0.26,-0.08,-0.11,-0.17
37552,-1.26,-0.33,0.05,-0.08,-0.11,-0.07
37553,-1.26,-0.02,-0.16,0.03,-0.11,-0.17
37554,-1.36,-0.13,-0.05,0.03,-0.21,0.04
37555,-1.26,-0.02,-0.26,-0.28,-0.11,-0.07
37556,-1.36,-0.13,-0.16,0.03,-0.11,-0.28
37557,-1.26,-0.02,-0.26,-0.08,-0.11,-0.07
37558,-1.26,-0.13,-0.05,0.03,-0.11,0.04
37559,-1.47,-0.02,-0.16,0.03,-0.21,-0.07
37560,-1.26,-0.33,-0.05,0.03,-0.21,-0.17
37561,-1.26,-0.02,-0.26,-0.08,-0.11,-0.07
37562,-1.16,-0.13,0.05,0.03,-0.11,0.04
37563,-1.26,-0.02,-0.16,0.03,-0.00,-0.17
37564,-1.16,-0.13,-0.05,0.03,-0.21,-0.17
37565,-1.26,-0.13,-0.26,-0.08,-0.21,-0.07
37566,-1.26,-0.13,-0.05,-0.08,-0.11,-0.07
37567,-1.26,-0.13,-0.16,0.03,-0.11,-0.17
37568,-1.26,-0.13,-0.05,-0.08,-0.11,-0.07
37569,-1.26,-0.13,-0.26,-0.08,-0.11,-0.17
37570,-1.26,-0.13,0.05,-0.08,-0.00,-0.07
37571,-1.36,-0.13,-0.16,-0.08,-0.11,-0.07
37572,-1.36,-0.13,-0.05,0.03,-0.21,-0.07
37573,-1.26,0.08,-0.36,-0.08,-0.11,-0.07
37574,-1.16,-0.23,-0.05,-0.08,-0.11,-0.17
37575,-1.36,-0.02,-0.26,0.03,-0.21,-0.28
37576,-1.26,-0.13,-0.05,0.03,-0.21,-0.07
37577,-1.36,-0.02,-0.26,0.03,-0.00,-0.07
37578,-1.36,-0.02,-0.05,-0.08,-0.11,-0.28
37579,-1.36,0.08,-0.16,-0.08,-0.11,0.04
37580,-1.26,-0.13,0.05,-0.08,-0.11,-0.17
37581,-1.26,-0.13,-0.26,0.03,-0.11,-0.07
37582,-1.36,-0.13,0.16,0.03,-0.11,-0.07
37583,-1.26,-0.13,-0.16,-0.08,-0.11,-0.07
37584,-1.36,-0.02,-0.05,-0.08,-0.11,-0.07
37585,-1.16,-0.33,-0.26,-0.08,-0.21,-0.07
37586,-1.47,0.08,0.05,0.03,-0.11,-0.07
37587,-1.26,-0.13,-0.26,0.03,-0.21,-0.07
37588,-1.36,-0.02,0.05,-0.08,-0.21,-0.07
37589,-1.26,-0.23,-0.26,-0.08,-0.11,-0.17
37590,-1.36,-0.02,-0.05,-0.08,-0.21,-0.17
37591,-1.36,-0.02,-0.26,0.03,-0.21,-0.17
37592,-1.26,-0.02,0.05,-0.08,-0.00,-0.17
37593,-1.36,-0.13,-0.36,-0.08,-0.00,-0.07
37594,-1.26,-0.13,-0.05,0.03,-0.11,-0.28
37595,-1.36,-0.02,-0.16,0.03,-0.21,-0.07
37596,-1.16,-0.02,0.05,0.03,-0.00,-0.17
37597,-1.26,-0.02,-0.26,-0.08,-0.11,-0.17
37598,-1.26,0.08,0.05,0.03,-0.11,-0.17
37599,-1.36,-0.02,-0.36,-0.08,-0.11,-0.07
37600,-1.26,-0.23,-0.16,-0.18,-0.11,-0.07
37601,-1.26,-0.13,-0.16,-0.08,-0.21,-0.17
37602,-1.36,-0.02,-0.05,-0.08,-0.21,-0.17
37603,-1.26,-0.13,-0.26,-0.08,-0.11,-0.17
37604,-1.26,-0.02,-0.16,0.03,-0.21,-0.17
37605,-1.26,-0.23,-0.36,-0.08,-0.21,-0.07
37606,-1.36,-0.02,-0.05,-0.08,-0.11,-0.07
37607,-1.26,-0.23,-0.26,-0.08,-0.21,-0.17
37608,-1.26,-0.13,-0.05,-0.08,-0.11,-0.07
37609,-1.26,-0.02,-0.26,-0.08,-0.31,-0.07
37610,-1.36,-0.23,-0.05,0.03,-0.11,-0.07
37611,-1.36,-0.02,-0.26,-0.08,-0.11,0.04
37612,-1.36,-0.23,0.05,-0.08,-0.11,-0.07
37613,-1.26,-0.13,-0.47,-0.08,-0.11,-0.07
37614,-1.36,-0.23,-0.05,-0.08,-0.21,-0.17
37615,-1.36,-0.02,-0.16,-0.08,-0.21,-0.17
37616,-1.26,-0.23,-0.05,-0.08,-0.21,-0.17
37617,-1.26,-0.13,-0.36,0.03,-0.11,-0.07
37618,-1.36,-0.02,0.05,0.03,-0.00,-0.17
37619,-1.36,-0.02,-0.36,0.03,-0.11,-0.07
37620,-1.36,-0.13,0.05,0.03,-0.21,-0.07
37621,-1.05,-0.13,-0.36,0.03,-0.21,-0.17
37622,-1.47,-0.13,-0.05,0.03,-0.11,-0.07
37623,-1.26,-0.13,-0.26,-0.08,-0.11,-0.17
37624,-1.26,-0.02,0.05,-0.08,-0.11,-0.07
37625,-1.16,-0.13,-0.36,-0.18,-0.11,-0.07
37626,-1.26,0.08,-0.05,0.03,-0.11,-0.17
37627,-1.26,-0.02,-0.26,-0.08,-0.21,-0.07
37628,-1.36,-0.13,0.05,0.03,-0.11,0.04
37629,-1.36,-0.13,-0.26,-0.08,-0.11,-0.07
37630,-1.26,-0.13,-0.05,-0.08,-0.21,-0.07
37631,-1.36,-0.02,-0.26,0.03,-0.21,-0.28
37632,-1.26,-0.23,0.05,0.03,-0.11,-0.17
37633,-1.36,0.08,-0.36,-0.08,-0.11,-0.07
37634,-1.26,-0.23,0.05,-0.08,-0.21,-0.17
37635,-1.26,-0.02,-0.16,0.03,-0.21,-0.17
37636,-1.16,-0.13,-0.05,0.03,-0.21,-0.17
37637,-1.26,0.08,-0.26,0.03,-0.21,-0.17
37638,-1.26,-0.23,-0.05,0.03,-0.11,-0.07
37639,-1.36,0.08,-0.16,-0.08,-0.11,-0.17
37640,-1.26,-0.13,-0.16,0.03,-0.21,-0.07
37641,-1.16,-0.02,-0.26,-0.18,-0.11,-0.17
37642,-1.26,-0.23,0.05,-0.08,-0.11,0.14
37643,-1.26,0.08,-0.16,0.03,-0.11,-0.07
37644,-1.26,-0.23,-0.16,-0.08,-0.11,-0.07
37645,-1.26,-0.02,-0.16,-0.18,-0.11,-0.07
37646,-1.26,-0.33,-0.05,-0.08,-0.21,-0.17
37647,-1.26,0.08,-0.16,0.03,-0.21,-0.07
37648,-1.26,-0.23,-0.05,-0.18,-0.11,0.04
37649,-1.47,-0.02,-0.16,-0.08,-0.00,-0.17
37650,-1.26,-0.33,-0.16,0.03,-0.00,-0.07
37651,-1.47,0.19,-0.05,-0.08,-0.00,-0.07
37652,-1.16,-0.33,-0.16,-0.08,-0.21,0.04
37653,-1.57,0.08,-0.16,-0.08,-0.11,-0.07
37654,-1.16,-0.44,-0.26,-0.08,-0.11,-0.07
37655,-1.47,0.19,-0.05,0.03,-0.11,-0.17
37656,-1.16,-0.33,-0.05,-0.08,-0.11,-0.17
37657,-1.36,0.19,-0.16,-0.08,-0.00,0.04
37658,-1.26,-0.23,-0.16,0.03,-0.11,-0.17
37659,-1.36,0.08,-0.16,0.03,-0.11,-0.17
37660,-1.36,-0.23,-0.26,0.03,-0.21,-0.17
37661,-1.36,0.08,-0.05,-0.08,-0.00,-0.07
37662,-1.26,-0.33,-0.16,-0.08,-0.21,-0.07
37663,-1.26,0.08,-0.05,0.03,-0.11,-0.07
37664,-1.36,-0.23,-0.26,-0.08,-0.11,-0.07
37665,-1.16,0.08,-0.05,0.03,-0.11,-0.17
37666,-1.36,-0.23,-0.26,-0.08,-0.11,-0.17
37667,-1.26,-0.02,-0.05,-0.08,-0.11,-0.17
37668,-1.36,-0.13,-0.16,-0.08,-0.21,-0.17
37669,-1.16,0.08,0.05,-0.18,-0.11,-0.07
37670,-1.26,-0.13,-0.36,-0.08,-0.11,-0.28
37671,-1.26,-0.02,-0.05,0.03,-0.11,0.04
37672,-1.26,-0.02,-0.26,-0.18,-0.11,-0.07
37673,-1.26,-0.13,-0.05,0.03,-0.21,-0.17
37674,-1.26,-0.13,-0.26,-0.08,-0.11,-0.17
37675,-1.26,0.08,-0.05,0.03,-0.11,-0.17
37676,-1.26,-0.23,-0.36,0.03,-0.21,-0.07
37677,-1.36,-0.02,0.05,-0.08,-0.21,-0.17
37678,-1.16,-0.13,-0.26,0.03,-0.00,-0.28
37679,-1.36,-0.02,0.16,-0.08,-0.11,-0.07
37680,-1.26,-0.13,-0.16,-0.08,-0.21,-0.17
37681,-1.26,-0.02,-0.05,0.03,-0.21,-0.17
37682,-1.26,-0.02,-0.36,-0.08,-0.11,-0.07
37683,-1.26,-0.13,-0.05,0.03,-0.21,-0.07
37684,-1.36,0.08,-0.26,-0.08,-0.21,-0.17
37685,-1.26,-0.23,-0.05,-0.18,-0.11,-0.17
37686,-1.36,-0.02,-0.26,0.03,-0.11,-0.17
37687,-1.26,-0.23,-0.05,0.03,-0.21,-0.07
37688,-1.26,0.08,-0.26,0.03,-0.11,-0.17
37689,-1.16,-0.23,-0.16,0.03,-0.11,-0.07
37690,-1.57,-0.02,-0.16,-0.08,-0.11,-0.07
37691,-1.16,-0.23,-0.05,-0.08,-0.11,-0.07
37692,-1.47,0.19,-0.16,0.03,-0.11,-0.07
37693,-1.16,-0.13,-0.16,-0.08,-0.21,-0.17
37694,-1.47,0.08,-0.16,0.03,-0.11,-0.07
37695,-1.26,-0.23,-0.16,-0.08,-0.00,0.04
37696,-1.26,-0.02,-0.16,0.03,-0.11,-0.07
37697,-1.26,-0.23,-0.26,0.03,-0.21,0.04
37698,-1.26,0.08,-0.05,-0.08,-0.21,-0.07
37699,-1.26,-0.23,-0.16,0.03,-0.11,-0.07
37700,-1.26,0.19,0.05,-0.08,-0.21,-0.07
37701,-1.36,-0.13,-0.16,0.03,-0.11,-0.17
37702,-1.36,-0.02,-0.05,-0.08,-0.11,-0.17
37703,-1.47,-0.13,-0.16,-0.08,-0.00,-0.07
37704,-1.26,0.08,-0.05,0.03,-0.21,-0.07
37705,-1.36,-0.13,-0.16,0.03,-0.11,-0.07
37706,-1.26,0.08,-0.05,0.03,-0.11,-0.17
37707,-1.26,-0.13,-0.36,-0.08,-0.11,-0.07
37708,-1.16,-0.02,-0.05,-0.08,-0.00,-0.17
37709,-1.36,-0.13,-0.36,-0.08,-0.11,-0.07
37710,-1.36,-0.02,0.05,-0.08,-0.21,-0.17
37711,-1.26,-0.13,-0.16,-0.08,-0.00,-0.07
37712,-1.36,-0.13,0.05,-0.08,-0.11,-0.07
37713,-1.26,-0.13,-0.36,-0.18,-0.00,-0.07
37714,-1.26,-0.02,0.05,-0.08,-0.21,-0.07
37715,-1.36,-0.02,-0.36,-0.08,-0.11,-0.07
37716,-1.16,-0.13,-0.16,-0.08,-0.11,-0.07
37717,-1.26,-0.02,-0.26,-0.08,-0.00,-0.17
37718,-1.26,-0.13,0.05,0.03,-0.11,0.04
37719,-1.26,-0.02,-0.16,-0.08,-0.00,0.04
37720,-1.26,-0.13,-0.16,0.03,-0.11,-0.17
37721,-1.36,0.08,-0.26,0.13,-0.11,-0.07
37722,-1.26,-0.33,-0.16,-0.08,-0.00,0.04
37723,-1.36,0.08,-0.16,0.03,0.10,-0.17
37724,-1.26,-0.23,-0.16,-0.08,-0.11,-0.07
37725,-1.47,-0.13,-0.05,-0.08,-0.11,0.04
37726,-1.26,-0.13,-0.26,-0.08,-0.11,-0.07
37727,-1.47,-0.02,-0.16,-0.08,-0.11,-0.17
37728,-1.16,-0.33,-0.26,0.03,-0.11,-0.17
37729,-1.47,0.08,0.05,-0.08,-0.11,-0.17
37730,-1.16,-0.23,-0.26,-0.08,-0.21,-0.17
37731,-1.47,0.08,-0.05,0.03,-0.11,-0.07
37732,-1.16,-0.23,-0.26,-0.08,-0.11,-0.17
37733,-1.36,0.19,-0.05,-0.18,-0.11,-0.07
37734,-1.26,-0.23,-0.26,0.03,-0.11,-0.07
37735,-1.36,0.08,0.05,-0.08,-0.11,-0.17
37736,-1.36,-0.13,-0.26,0.03,-0.11,-0.17
37737,-1.36,-0.13,-0.05,-0.08,-0.11,-0.17
37738,-1.16,-0.13,-0.26,0.03,-0.11,0.04
37739,-1.36,-0.02,-0.05,0.03,-0.00,-0.07
37740,-1.36,-0.13,-0.26,-0.08,-0.11,-0.17
37741,-1.36,-0.23,0.05,-0.08,-0.11,-0.17
37742,-1.36,-0.02,-0.26,-0.08,-0.11,0.04
37743,-1.26,-0.13,-0.16,-0.08,-0.00,-0.17
37744,-1.26,-0.02,-0.16,-0.08,-0.21,-0.07
37745,-1.26,-0.23,0.05,0.03,-0.11,-0.17
37746,-1.26,0.08,-0.26,-0.08,-0.11,-0.07
37747,-1.36,-0.23,-0.16,0.03,-0.11,-0.17
37748,-1.26,-0.02,-0.05,-0.08,-0.11,-0.17
37749,-1.36,-0.23,-0.16,-0.08,-0.21,-0.07
37750,-1.36,0.08,-0.05,-0.08,-0.11,-0.07
37751,-1.36,-0.23,-0.26,0.03,-0.11,-0.07
37752,-1.36,0.08,0.05,0.03,-0.11,-0.28
37753,-1.26,-0.02,-0.36,-0.08,-0.21,-0.17
37754,-1.26,-0.02,0.05,-0.08,-0.11,-0.07
37755,-1.26,-0.13,-0.36,-0.08,-0.11,0.04
37756,-1.26,-0.13,0.16,-0.08,-0.21,-0.17
37757,-1.36,-0.13,-0.16,0.03,-0.11,-0.07
37758,-1.16,-0.13,-0.05,0.03,-0.11,-0.17
37759,-1.26,-0.13,-0.36,0.03,-0.21,-0.07
37760,-1.16,-0.13,-0.05,-0.08,-0.21,-0.17
37761,-1.36,0.08,-0.36,0.03,-0.21,-0.07
37762,-1.26,-0.13,-0.05,-0.08,-0.11,-0.17
37763,-1.36,-0.02,-0.26,0.03,-0.11,-0.17
37764,-1.36,-0.23,0.05,-0.08,-0.11,-0.07
37765,-1.47,0.19,-0.05,-0.08,-0.11,-0.17
37766,-1.16,-0.33,-0.16,-0.08,-0.11,-0.17
37767,-1.36,0.08,-0.05,-0.08,-0.00,-0.17
37768,-1.16,-0.33,-0.26,-0.08,-0.00,-0.07
37769,-1.57,0.08,-0.16,0.03,-0.11,-0.07
37770,-1.26,-0.33,-0.16,0.03,-0.11,-0.07
37771,-1.47,0.08,-0.05,0.03,-0.11,-0.17
37772,-1.26,-0.33,-0.36,0.03,-0.00,-0.17
37773,-1.36,0.08,0.05,-0.08,-0.11,-0.07
37774,-1.26,-0.33,-0.26,-0.08,-0.11,-0.17
37775,-1.26,-0.02,0.05,-0.08,-0.11,-0.17
37776,-1.26,-0.13,-0.36,-0.08,-0.21,-0.17
37777,-1.26,0.08,-0.05,0.13,-0.11,-0.07
37778,-1.36,-0.13,-0.16,0.03,-0.00,-0.07
37779,-1.26,-0.23,0.05,0.03,-0.11,-0.17
37780,-1.26,-0.02,-0.36,-0.08,-0.21,-0.17
37781,-1.26,-0.23,0.05,0.03,-0.11,-0.07
37782,-1.36,0.08,-0.36,0.03,-0.11,-0.07
37783,-1.26,-0.13,-0.05,-0.08,-0.11,-0.07
37784,-1.26,0.08,-0.05,-0.08,-0.11,-0.07
37785,-1.26,-0.23,-0.05,-0.08,-0.11,-0.07
37786,-1.26,0.08,-0.16,-0.18,-0.11,-0.07
37787,-1.36,-0.23,-0.05,0.03,-0.00,-0.17
37788,-1.16,-0.02,-0.05,-0.08,-0.11,-0.17
37789,-1.26,-0.23,-0.16,0.03,-0.21,-0.07
37790,-1.26,0.08,0.05,-0.08,-0.21,-0.07
37791,-1.26,-0.23,-0.26,-0.08,-0.21,-0.07
37792,-1.36,-0.02,0.05,0.03,-0.11,-0.17
37793,-1.36,-0.13,-0.26,0.03,-0.00,-0.17
37794,-1.36,-0.02,0.05,-0.08,-0.11,-0.17
37795,-1.36,-0.13,-0.26,0.13,-0.21,-0.17
37796,-1.26,-0.23,-0.05,-0.08,-0.21,-0.07
37797,-1.36,0.08,-0.26,-0.08,-0.21,-0.07
37798,-1.16,-0.23,-0.05,-0.08,-0.11,-0.17
37799,-1.36,-0.02,-0.05,-0.08,-0.21,-0.17
37800,-1.16,-0.23,-0.16,0.03,-0.11,-0.07
37801,-1.47,0.08,-0.05,0.03,-0.11,-0.07
37802,-1.16,-0.33,-0.26,0.03,-0.00,-0.07
37803,-1.47,0.08,-0.05,0.03,-0.11,-0.07
37804,-1.16,-0.23,-0.26,0.03,-0.11,-0.07
37805,-1.57,0.19,-0.05,-0.08,-0.11,-0.07
37806,-1.16,-0.33,-0.26,0.03,-0.11,-0.07
37807,-1.47,0.19,0.05,0.03,-0.11,-0.07
37808,-1.26,-0.13,-0.36,0.03,-0.00,-0.28
37809,-1.36,0.19,0.05,0.03,-0.11,-0.17
37810,-1.26,-0.13,-0.26,-0.08,-0.11,-0.07
37811,-1.36,-0.13,-0.05,-0.08,-0.00,-0.07
37812,-1.16,-0.13,-0.26,-0.08,-0.00,-0.07
37813,-1.36,-0.13,0.05,-0.08,-0.11,-0.07
37814,-1.26,-0.13,-0.26,0.03,-0.11,-0.07
37815,-1.36,-0.13,-0.05,-0.08,-0.11,-0.17
37816,-1.16,-0.02,-0.16,0.03,-0.11,-0.07
37817,-1.36,-0.23,0.05,0.03,-0.21,-0.07
37818,-1.26,0.08,-0.16,-0.08,-0.11,0.04
37819,-1.36,-0.23,-0.26,0.03,-0.11,-0.07
37820,-1.26,-0.02,0.05,0.03,-0.11,-0.07
37821,-1.26,-0.02,-0.26,0.03,-0.11,-0.17
37822,-1.26,-0.13,0.05,0.03,-0.11,-0.17
37823,-1.16,-0.13,-0.36,0.03,-0.21,-0.17
37824,-1.26,-0.02,0.16,-0.08,-0.21,0.04
37825,-1.26,-0.13,-0.36,-0.08,-0.21,-0.07
37826,-1.26,-0.13,0.16,-0.08,-0.21,-0.17
37827,-1.26,-0.02,-0.36,0.03,-0.11,-0.07
37828,-1.26,-0.13,0.05,0.03,-0.21,-0.07
37829,-1.36,0.08,-0.26,0.03,-0.11,0.04
37830,-1.36,-0.33,-0.16,-0.08,-0.00,-0.07
37831,-1.26,-0.02,-0.05,0.03,-0.11,-0.07
37832,-1.26,-0.13,-0.16,0.03,-0.00,0.04
37833,-1.26,0.08,-0.05,-0.08,-0.11,-0.07
37834,-1.26,-0.23,-0.16,0.03,-0.11,-0.17
37835,-1.36,0.08,-0.05,-0.08,-0.00,-0.17
37836,-1.26,-0.13,-0.26,-0.08,-0.11,-0.17
37837,-1.26,0.08,0.05,-0.08,-0.11,-0.07
37838,-1.47,-0.13,-0.36,0.03,-0.11,-0.07
37839,-1.26,-0.02,0.05,0.13,-0.11,-0.17
37840,-1.36,-0.13,-0.36,0.03,-0.11,-0.17
37841,-1.26,-0.02,0.05,-0.08,-0.11,-0.17
37842,-1.36,-0.02,-0.26,0.03,-0.11,-0.17
37843,-1.36,-0.13,-0.05,0.03,-0.00,-0.07
37844,-1.36,0.08,-0.26,-0.08,-0.11,-0.07
37845,-1.26,-0.13,-0.16,-0.08,-0.21,-0.07
37846,-1.36,0.08,-0.16,0.03,-0.11,-0.07
37847,-1.26,-0.23,-0.26,0.03,-0.21,-0.17
37848,-1.36,0.08,0.05,-0.08,-0.11,0.04
37849,-1.26,-0.23,-0.36,-0.08,-0.00,-0.17
37850,-1.36,-0.02,0.05,-0.18,-0.11,-0.07
37851,-1.26,-0.23,-0.36,-0.08,-0.11,-0.17
37852,-1.36,0.08,0.05,0.13,-0.11,0.04
37853,-1.26,-0.02,-0.26,-0.08,-0.21,-0.17
37854,-1.26,-0.13,0.05,0.03,-0.11,-0.17
37855,-1.36,-0.02,-0.26,-0.08,-0.21,-0.17
37856,-1.26,-0.33,0.05,-0.08,-0.11,-0.07
37857,-1.26,-0.02,-0.26,0.03,-0.11,-0.28
37858,-1.16,-0.23,-0.05,0.03,-0.21,-0.17
37859,-1.26,-0.13,-0.16,-0.08,-0.11,-0.07
37860,-1.26,-0.13,-0.16,-0.08,-0.21,-0.07
37861,-1.26,0.08,0.05,0.03,-0.11,-0.17
37862,-1.26,-0.23,-0.47,-0.08,-0.11,-0.07
37863,-1.26,-0.02,0.05,0.03,-0.11,-0.17
37864,-1.36,-0.23,-0.36,-0.08,-0.11,-0.17
37865,-1.26,-0.02,0.16,-0.08,-0.11,-0.17
37866,-1.26,-0.13,-0.36,-0.08,-0.21,-0.17
37867,-1.26,-0.13,0.05,0.03,-0.11,-0.07
37868,-1.36,-0.02,-0.36,-0.08,-0.11,-0.07
37869,-1.36,-0.13,-0.05,0.03,-0.11,-0.17
37870,-1.16,-0.02,-0.16,-0.08,-0.11,-0.17
37871,-1.36,-0.23,-0.05,-0.08,-0.21,-0.17
37872,-1.47,-0.02,-0.16,-0.08,-0.21,-0.07
37873,-1.36,-0.13,-0.26,0.13,-0.21,-0.17
37874,-1.36,-0.02,-0.05,-0.08,-0.11,-0.07
37875,-1.36,-0.13,-0.36,-0.08,-0.11,-0.07
37876,-1.36,-0.02,0.05,0.03,-0.00,0.04
37877,-1.36,-0.13,-0.26,-0.08,-0.21,-0.07
37878,-1.26,-0.13,0.05,0.03,-0.11,-0.07
37879,-1.47,-0.02,-0.26,0.03,-0.21,-0.17
37880,-1.16,-0.13,-0.05,0.03,-0.11,-0.07
37881,-1.47,0.08,-0.16,-0.08,-0.00,-0.07
37882,-1.16,-0.23,-0.05,-0.08,-0.21,-0.17
37883,-1.57,0.08,-0.05,0.03,-0.21,-0.17
37884,-1.26,-0.23,-0.36,0.03,-0.11,0.04
37885,-1.47,0.08,-0.05,-0.18,-0.21,-0.17
37886,-1.16,-0.23,-0.36,0.03,-0.00,-0.07
37887,-1.36,-0.02,0.05,0.03,-0.11,0.04
37888,-1.16,-0.13,-0.47,0.03,-0.21,-0.07
37889,-1.47,-0.02,0.05,-0.08,-0.11,-0.07
37890,-1.16,-0.02,-0.26,-0.08,-0.21,-0.17
37891,-1.36,-0.13,-0.05,0.03,-0.00,0.04
37892,-1.26,-0.13,-0.16,0.03,-0.21,-0.07
37893,-1.36,-0.23,-0.05,0.03,-0.00,-0.17
37894,-1.26,0.08,-0.16,0.03,-0.11,-0.17
37895,-1.36,-0.23,-0.26,0.03,-0.11,-0.07
37896,-1.16,0.19,-0.05,-0.08,-0.00,-0.07
37897,-1.36,-0.13,-0.26,-0.18,-0.21,-0.17
37898,-1.16,0.08,0.05,0.03,-0.11,-0.17
37899,-1.26,-0.13,-0.36,0.03,-0.21,-0.07
37900,-1.26,-0.13,0.05,0.03,-0.11,-0.07
37901,-1.36,0.08,-0.36,0.03,-0.11,-0.17
37902,-1.26,-0.23,-0.05,-0.18,-0.11,-0.07
37903,-1.26,0.08,-0.16,-0.08,-0.21,-0.07
37904,-1.36,-0.33,-0.16,-0.08,-0.11,-0.17
37905,-1.26,-0.02,-0.16,-0.08,-0.21,-0.17
37906,-1.26,-0.33,-0.36,0.03,-0.11,-0.07
37907,-1.26,0.08,-0.05,-0.08,-0.11,-0.17
37908,-1.16,-0.23,-0.26,-0.08,-0.11,-0.07
37909,-1.26,0.19,0.05,-0.08,-0.11,0.04
37910,-1.26,-0.44,-0.36,-0.08,-0.11,-0.17
37911,-1.26,0.08,0.16,-0.08,-0.21,0.04
37912,-1.36,-0.23,-0.47,0.03,-0.21,-0.17
37913,-1.26,-0.02,0.05,-0.08,-0.11,-0.17
37914,-1.36,-0.13,-0.16,0.13,-0.11,-0.28
37915,-1.26,-0.23,-0.05,0.03,-0.21,-0.07
37916,-1.47,-0.02,-0.16,-0.08,-0.11,-0.07
37917,-1.26,-0.23,-0.26,0.03,-0.11,-0.17
37918,-1.26,-0.02,-0.05,-0.18,-0.00,-0.07
37919,-1.36,-0.13,-0.36,-0.08,0.10,-0.07
37920,-1.36,-0.13,-0.05,-0.08,-0.11,-0.07
37921,-1.26,-0.13,-0.36,0.03,-0.11,-0.17
37922,-1.26,-0.02,0.05,-0.08,-0.21,-0.07
37923,-1.36,-0.02,-0.47,0.03,-0.11,-0.07
37924,-1.26,-0.23,-0.05,-0.08,-0.21,-0.17
37925,-1.36,0.08,-0.05,0.03,-0.21,-0.17
38037,-1.05,-0.02,-0.36,0.13,-0.52,-0.59
38037,-1.57,-0.23,-0.16,-0.18,-0.11,-0.07
38038,-1.36,-0.02,-0.36,-0.08,-0.11,-0.17
38039,-1.26,-0.02,-0.05,-0.08,-0.00,-0.07
38040,-1.36,-0.02,-0.16,-0.08,-0.11,-0.07
38041,-1.16,-0.23,-0.26,0.03,-0.11,-0.17
38042,-1.36,-0.02,-0.05,0.13,-0.00,-0.17
38043,-1.26,-0.13,-0.36,-0.18,-0.11,-0.17
38044,-1.26,-0.02,0.16,0.03,-0.21,-0.07
38045,-1.26,-0.02,-0.36,-0.08,-0.00,-0.17
38046,-1.16,-0.23,0.05,-0.08,-0.21,-0.17
38047,-1.36,-0.02,-0.16,-0.08,-0.21,-0.07
38048,-1.16,-0.13,-0.26,0.03,-0.21,-0.07
38049,-1.36,-0.02,-0.05,0.03,-0.11,-0.07
38050,-1.26,-0.33,-0.36,0.03,-0.21,-0.17
38051,-1.36,-0.02,0.26,0.03,-0.21,0.04
38052,-1.26,-0.13,-0.47,0.13,-0.21,-0.17
38053,-1.26,-0.02,0.05,0.03,-0.11,-0.17
38054,-1.26,-0.13,-0.36,0.03,-0.21,-0.07
38055,-1.36,-0.23,-0.05,0.03,-0.11,-0.17
38056,-1.16,0.08,0.05,0.03,-0.00,-0.07
38057,-1.47,-0.23,-0.36,-0.08,-0.21,-0.07
38058,-1.36,-0.02,0.05,0.03,-0.11,-0.07
38059,-1.47,-0.23,-0.47,0.03,-0.11,-0.07
38060,-1.26,-0.02,0.05,0.03,-0.11,-0.07
38061,-1.47,-0.02,-0.47,-0.08,-0.11,-0.07
38062,-1.36,-0.13,-0.05,-0.08,-0.21,0.04
38063,-1.26,0.08,-0.16,-0.08,-0.31,-0.07
38064,-1.26,-0.23,-0.26,-0.08,-0.21,-0.17
38065,-1.16,0.08,0.05,-0.18,-0.11,-0.07
38066,-1.26,-0.23,-0.47,-0.08,-0.11,-0.07
38067,-1.26,-0.02,0.26,-0.08,-0.11,-0.17
38068,-1.26,-0.13,-0.36,0.03,-0.00,-0.17
38069,-1.26,-0.13,0.05,0.03,-0.21,-0.07
38070,-1.26,-0.02,-0.16,0.03,-0.21,-0.17
38071,-1.26,-0.13,-0.26,0.03,-0.21,-0.07
38072,-1.16,0.08,-0.05,0.03,-0.00,-0.07
38073,-1.36,-0.23,-0.26,0.03,-0.21,-0.07
38074,-1.36,0.08,0.05,-0.08,-0.00,-0.17
38075,-1.36,-0.13,-0.36,-0.08,-0.11,0.04
38076,-1.36,-0.02,-0.05,0.03,-0.11,-0.07
38077,-1.26,-0.13,-0.16,-0.08,-0.11,-0.17
38078,-1.36,-0.13,-0.16,-0.08,-0.21,-0.07
38079,-1.26,-0.13,-0.05,-0.18,-0.11,-0.07
38080,-1.47,-0.13,-0.47,-0.08,-0.11,-0.07
38081,-1.26,-0.13,0.05,-0.08,-0.11,-0.07
38082,-1.47,-0.02,-0.36,0.03,-0.21,-0.07
38083,-1.16,-0.23,-0.05,0.03,-0.21,-0.07
38084,-1.36,0.08,-0.16,-0.08,-0.21,-0.07
38085,-1.26,-0.23,-0.16,0.03,-0.11,-0.17
38086,-1.47,-0.02,0.05,-0.08,-0.00,-0.17
38087,-1.26,-0.13,-0.36,0.03,-0.11,-0.17
38088,-1.26,-0.13,-0.05,-0.08,-0.11,-0.07
38089,-1.16,0.08,-0.16,-0.08,-0.31,-0.17
38090,-1.26,-0.33,-0.16,0.03,-0.00,-0.07
38091,-1.26,0.08,-0.05,0.03,-0.11,-0.07
38092,-1.26,-0.23,-0.36,-0.08,-0.11,0.04
38093,-1.36,0.19,-0.05,-0.08,-0.11,-0.17
38094,-1.36,-0.23,-0.47,-0.08,-0.11,-0.07
38095,-1.36,-0.02,0.16,0.03,-0.21,-0.07
38096,-1.16,0.08,-0.47,-0.08,-0.21,-0.17
38097,-1.26,-0.13,0.05,0.03,-0.11,-0.17
38098,-1.26,-0.02,-0.16,-0.08,-0.11,-0.07
38099,-1.36,-0.13,-0.26,-0.08,-0.21,-0.07
38100,-1.16,0.08,0.05,0.03,-0.21,-0.17
38101,-1.36,-0.23,-0.36,0.03,-0.21,-0.17
38102,-1.26,-0.02,0.16,-0.08,-0.11,0.04
38103,-1.47,-0.13,-0.47,-0.08,-0.21,-0.17
38104,-1.36,-0.13,-0.05,-0.08,-0.11,-0.17
38105,-1.36,-0.02,-0.16,0.03,-0.11,-0.07
38106,-1.47,-0.23,-0.36,0.03,-0.21,-0.17
38107,-1.26,0.08,0.05,0.03,-0.11,0.04
38108,-1.36,-0.13,-0.47,-0.08,-0.00,-0.07
38109,-1.36,-0.13,0.05,-0.08,-0.00,-0.07
38110,-1.36,-0.13,-0.26,0.03,-0.00,-0.17
38111,-1.26,-0.13,-0.05,-0.08,-0.21,-0.07
38112,-1.26,-0.13,-0.05,0.03,-0.00,-0.07
38113,-1.36,-0.13,-0.16,-0.08,-0.21,-0.07
38114,-1.36,0.08,0.16,-0.08,-0.11,-0.17
38115,-1.26,-0.23,-0.47,0.03,-0.21,-0.07
38116,-1.36,-0.13,0.05,0.03,-0.11,-0.07
38117,-1.36,-0.13,-0.36,0.03,-0.21,0.04
38118,-1.26,-0.13,-0.16,-0.08,-0.00,-0.07
38119,-1.26,-0.13,0.05,0.03,-0.00,-0.17
38120,-1.36,-0.13,-0.36,0.03,-0.21,-0.17
38121,-1.36,-0.13,0.16,-0.08,-0.11,-0.07
38122,-1.47,-0.02,-0.47,-0.08,-0.11,-0.07
38123,-1.16,-0.13,-0.05,-0.08,-0.11,-0.17
38124,-1.36,-0.02,-0.26,0.03,-0.11,-0.17
38125,-1.16,-0.02,-0.16,0.03,-0.21,-0.17
38126,-1.36,0.08,-0.05,0.03,-0.00,-0.17
38127,-1.16,-0.23,-0.36,-0.08,-0.11,-0.07
38128,-1.05,-0.13,0.26,0.03,-0.11,-0.17
38129,-1.36,-0.02,-0.26,-0.08,-0.11,-0.28
38130,-1.26,-0.13,-0.16,0.03,-0.11,0.04
38131,-1.36,0.08,0.05,0.03,-0.11,-0.07
38132,-1.16,-0.13,-0.57,0.03,-0.11,-0.17
38133,-1.47,0.08,0.16,-0.08,-0.00,0.04
38134,-1.26,-0.23,-0.57,-0.08,-0.11,-0.07
38135,-1.36,-0.13,-0.05,-0.08,-0.21,-0.07
38136,-1.26,0.08,-0.36,-0.08,-0.21,-0.07
38137,-1.36,-0.13,-0.05,-0.08,-0.11,-0.07
38138,-1.26,0.08,-0.16,0.03,-0.21,0.04
38139,-1.47,-0.23,-0.47,-0.08,-0.21,0.04
38140,-1.26,0.08,0.26,-0.08,-0.11,-0.28
38141,-1.36,-0.13,-0.47,-0.08,-0.11,-0.07
38142,-1.26,0.08,0.26,-0.08,-0.11,-0.17
38143,-1.26,-0.13,-0.36,-0.08,-0.11,-0.07
38144,-1.47,-0.13,-0.05,-0.08,-0.21,-0.17
38145,-1.16,0.19,-0.05,-0.08,-0.21,-0.07
38146,-1.36,-0.13,-0.36,0.03,-0.21,-0.07
38147,-1.16,-0.02,0.16,-0.08,-0.11,-0.07
38148,-1.36,-0.13,-0.47,0.03,-0.11,-0.07
38149,-1.26,-0.13,0.05,-0.08,-0.21,-0.17
38150,-1.26,-0.02,-0.26,-0.08,-0.21,-0.07
38151,-1.26,-0.13,-0.36,0.03,-0.11,-0.17
38152,-1.26,-0.13,-0.05,0.03,-0.21,-0.07
38153,-1.26,-0.13,-0.47,0.03,-0.21,-0.07
38154,-1.26,-0.02,0.16,0.03,-0.11,-0.17
38155,-1.26,-0.02,-0.47,-0.08,-0.21,-0.17
38156,-1.36,-0.13,0.05,-0.08,-0.21,-0.07
38157,-1.26,-0.02,-0.05,-0.08,-0.11,-0.17
38158,-1.36,-0.13,-0.36,-0.08,-0.11,-0.17
38159,-1.16,0.08,0.05,-0.18,-0.11,-0.07
38160,-1.36,-0.23,-0.47,0.03,-0.11,0.04
38161,-1.26,-0.02,0.16,-0.08,-0.11,-0.07
38162,-1.36,-0.13,-0.26,0.03,-0.21,0.04
38163,-1.36,-0.13,-0.26,0.03,-0.11,-0.17
38164,-1.16,-0.13,-0.16,-0.08,-0.11,-0.17
38165,-1.47,-0.13,-0.36,0.03,-0.11,0.04
38166,-1.26,-0.13,-0.05,0.03,-0.11,-0.17
38167,-1.36,-0.13,-0.36,0.03,-0.11,-0.07
38168,-1.26,-0.23,-0.05,-0.08,-0.11,-0.07
38169,-1.36,0.08,-0.05,0.03,-0.11,-0.17
38170,-1.26,-0.13,-0.36,0.03,-0.11,-0.07
38171,-1.26,-0.23,0.16,0.03,-0.00,0.04
38172,-1.47,-0.02,-0.26,0.03,-0.11,-0.17
38173,-1.16,-0.23,0.05,0.03,-0.00,-0.17
38174,-1.47,-0.13,0.05,0.03,-0.21,-0.07
38175,-1.16,-0.13,-0.36,-0.08,-0.11,-0.07
38176,-1.47,-0.02,0.16,-0.08,-0.00,-0.17
38177,-1.26,-0.13,-0.57,-0.08,-0.11,-0.07
38178,-1.47,-0.13,0.16,0.03,-0.21,-0.17
38179,-1.36,-0.02,-0.26,-0.08,-0.21,0.04
38180,-1.47,-0.23,-0.16,-0.08,-0.11,-0.17
38181,-1.26,0.19,0.05,0.03,-0.11,-0.07
38182,-1.47,-0.13,-0.47,0.03,-0.11,-0.07
38183,-1.26,-0.02,0.16,0.03,-0.00,-0.17
38184,-1.36,-0.13,-0.36,0.03,-0.11,-0.07
38185,-1.36,-0.13,0.05,-0.08,-0.21,-0.07
38186,-1.26,-0.02,-0.36,0.03,-0.11,-0.17
38187,-1.26,-0.23,-0.26,0.03,-0.11,-0.17
38188,-1.05,-0.02,0.05,-0.08,-0.21,0.04
38189,-1.36,-0.02,-0.36,-0.08,-0.21,-0.17
38190,-1.36,-0.02,0.16,-0.08,-0.11,-0.17
38191,-1.36,-0.02,-0.36,-0.18,-0.11,-0.17
38192,-1.36,-0.23,-0.16,-0.08,-0.11,-0.07
38193,-1.26,-0.02,0.05,0.03,-0.11,0.04
38194,-1.26,-0.13,-0.26,-0.08,-0.21,-0.28
38195,-1.26,-0.02,0.05,0.03,-0.21,-0.07
38196,-1.36,-0.02,-0.47,0.03,-0.11,-0.07
38197,-1.26,-0.13,0.05,0.03,-0.11,-0.07
38198,-1.26,0.08,-0.16,-0.08,-0.11,-0.07
38199,-1.36,-0.23,-0.36,0.13,-0.11,-0.07
38200,-1.26,-0.02,0.26,0.03,-0.21,-0.07
38201,-1.36,-0.13,-0.36,0.03,-0.21,-0.17
38202,-1.36,-0.13,0.05,-0.08,-0.11,-0.17
38203,-1.26,-0.13,-0.16,0.03,-0.00,-0.07
38204,-1.36,-0.02,-0.36,0.03,-0.21,-0.17
38205,-1.16,-0.02,0.16,0.03,-0.21,-0.17
38206,-1.36,-0.02,-0.36,-0.08,-0.21,-0.17
38207,-1.16,-0.02,-0.05,0.03,-0.21,-0.07
38208,-1.36,-0.02,-0.36,-0.08,-0.00,-0.07
38209,-1.26,-0.02,-0.16,-0.08,-0.21,-0.07
38210,-1.26,-0.02,-0.05,-0.08,-0.11,-0.17
38211,-1.26,-0.23,-0.36,-0.08,-0.21,-0.17
38212,-1.05,-0.23,0.16,-0.08,-0.11,-0.07
38213,-1.57,0.08,-0.16,-0.08,-0.21,-0.07
38214,-1.26,-0.23,-0.16,0.03,-0.11,0.14
38215,-1.47,-0.02,-0.05,-0.08,-0.11,0.04
38216,-1.26,-0.13,-0.57,-0.08,-0.11,-0.17
38217,-1.36,-0.13,0.05,0.03,-0.00,-0.07
38218,-1.47,-0.02,-0.47,0.03,-0.11,-0.28
38219,-1.26,-0.13,-0.05,0.03,-0.00,-0.07
38220,-1.36,0.08,-0.16,-0.08,-0.00,0.04
38221,-1.26,-0.13,-0.26,-0.08,-0.31,-0.17
38222,-1.36,0.08,0.36,-0.08,-0.21,-0.07
38223,-1.26,-0.13,-0.57,-0.08,-0.11,0.04
38224,-1.36,-0.13,0.05,0.03,-0.11,-0.28
38225,-1.26,-0.02,-0.26,-0.08,-0.00,-0.17
38226,-1.36,-0.23,-0.16,0.03,-0.21,-0.07
38227,-1.26,-0.02,0.16,0.13,-0.00,-0.17
38228,-1.47,-0.13,-0.68,0.03,-0.11,0.04
38229,-1.26,-0.13,0.26,0.03,-0.21,-0.07
38230,-1.26,-0.13,-0.47,0.03,-0.21,0.04
38231,-1.26,-0.13,-0.05,0.03,-0.11,-0.07
38232,-1.05,0.08,-0.16,0.13,-0.11,-0.17
38233,-1.47,-0.13,-0.16,0.03,-0.11,-0.07
38234,-1.16,-0.13,0.26,-0.08,-0.21,-0.07
38235,-1.36,-0.02,-0.36,-0.08,-0.11,-0.07
38236,-1.26,-0.23,-0.05,-0.08,-0.21,0.04
38237,-1.36,-0.02,-0.16,-0.08,-0.11,-0.07
38238,-1.47,-0.13,-0.36,0.03,-0.11,-0.17
38239,-1.26,-0.13,0.16,-0.18,-0.11,-0.17
38240,-1.26,-0.02,-0.36,0.03,-0.21,-0.17
38241,-1.36,-0.02,-0.05,-0.08,-0.00,-0.17
38242,-1.26,-0.02,-0.16,0.03,-0.00,-0.07
38243,-1.36,-0.13,-0.36,-0.08,-0.11,-0.17
38244,-1.36,-0.02,0.05,-0.08,-0.00,-0.17
38245,-1.26,-0.13,-0.57,-0.08,-0.11,-0.07
38246,-1.36,-0.02,0.16,-0.08,-0.11,-0.17
38247,-1.26,-0.02,-0.26,-0.08,-0.21,-0.17
38248,-1.47,-0.23,-0.26,0.13,-0.00,-0.07
38249,-1.16,-0.13,0.05,-0.08,-0.11,-0.07
38250,-1.47,-0.13,-0.47,-0.08,-0.00,-0.17
38251,-1.16,-0.13,0.05,0.03,-0.11,-0.07
38252,-1.36,-0.02,-0.26,-0.08,-0.11,-0.17
38253,-1.26,-0.13,-0.26,-0.08,-0.11,-0.07
38254,-1.26,-0.13,0.05,0.03,-0.11,-0.07
38255,-1.47,-0.02,-0.36,-0.08,-0.11,-0.17
38256,-1.05,-0.13,-0.05,-0.08,-0.00,-0.07
38257,-1.57,-0.02,-0.16,-0.08,-0.11,-0.17
38258,-1.26,-0.13,-0.36,-0.08,-0.11,-0.07
38259,-1.47,-0.13,0.16,0.03,-0.11,-0.17
38260,-1.26,-0.02,-0.36,0.03,-0.21,-0.17
38261,-1.26,-0.02,-0.05,-0.08,-0.21,-0.07
38262,-1.57,0.08,-0.26,-0.18,-0.21,-0.07
38263,-1.26,-0.23,-0.16,0.03,-0.11,-0.17
38264,-1.36,0.08,0.16,0.03,-0.21,-0.17
38265,-1.16,-0.23,-0.68,0.03,-0.11,-0.17
38266,-1.26,-0.13,0.26,0.03,-0.11,-0.17
38267,-1.26,-0.02,-0.36,-0.08,-0.31,-0.17
38268,-1.26,-0.23,-0.16,0.03,-0.11,-0.07
38269,-1.26,-0.02,0.05,0.03,-0.21,-0.17
38270,-1.36,-0.13,-0.47,0.03,-0.11,-0.17
38271,-1.36,-0.13,0.36,-0.18,-0.21,-0.17
38272,-1.26,-0.13,-0.47,-0.08,-0.11,-0.07
38273,-1.36,-0.13,-0.16,-0.08,-0.11,-0.07
38274,-1.26,-0.13,-0.05,-0.08,-0.21,-0.07
38275,-1.47,-0.02,-0.47,-0.08,-0.11,-0.07
38276,-1.26,-0.13,0.05,0.03,-0.11,-0.07
38277,-1.26,-0.02,-0.47,-0.08,-0.11,-0.17
38278,-1.36,-0.13,0.05,0.03,-0.00,-0.28
38279,-1.26,-0.02,0.05,-0.08,-0.21,-0.17
38280,-1.26,-0.13,-0.36,0.03,-0.11,-0.17
38281,-1.26,-0.13,0.26,-0.08,-0.21,0.04
38282,-1.36,0.08,-0.36,-0.08,-0.11,-0.07
38283,-1.36,-0.23,-0.05,-0.08,-0.00,-0.07
38284,-1.26,-0.02,-0.05,-0.08,-0.11,-0.07
38285,-1.26,-0.23,-0.57,-0.08,-0.11,-0.17
38286,-1.16,-0.13,0.05,-0.08,-0.21,-0.17
38287,-1.26,0.08,-0.47,0.03,-0.11,-0.07
38288,-1.36,-0.23,-0.26,0.03,-0.11,-0.07
38289,-1.36,-0.02,-0.05,-0.08,-0.11,-0.07
38290,-1.36,-0.13,-0.47,-0.08,-0.00,-0.07
38291,-1.26,0.08,0.26,-0.08,-0.11,-0.07
38292,-1.36,-0.02,-0.36,0.03,-0.21,-0.17
38293,-1.26,-0.02,-0.05,0.03,-0.11,-0.17
38294,-1.16,-0.02,-0.16,-0.08,-0.11,-0.07
38295,-1.47,-0.02,-0.36,0.03,-0.11,0.04
38296,-1.16,-0.02,0.16,-0.08,-0.11,-0.17
38297,-1.36,-0.13,-0.47,0.03,-0.00,-0.07
38298,-1.16,-0.13,0.05,-0.08,-0.11,-0.17
38299,-1.36,-0.13,-0.05,0.13,-0.00,-0.07
38300,-1.47,-0.13,-0.57,0.03,-0.11,-0.28
38301,-1.05,-0.13,0.16,-0.08,-0.21,-0.07
38302,-1.47,0.08,-0.16,-0.18,-0.21,-0.17
38303,-1.26,-0.23,-0.16,-0.08,-0.00,-0.07
38304,-1.47,0.08,0.26,0.03,-0.11,-0.17
38305,-1.26,-0.13,-0.57,0.03,-0.31,-0.28
38306,-1.26,-0.23,0.16,0.03,-0.00,-0.07
38307,-1.36,0.19,-0.36,-0.08,-0.11,-0.17
38308,-1.16,-0.23,-0.26,-0.08,-0.11,-0.17
38309,-1.36,0.08,0.16,-0.08,-0.11,0.04
38310,-1.26,-0.23,-0.68,0.03,-0.11,0.04
38311,-1.26,-0.02,0.26,-0.08,-0.11,-0.07
38312,-1.26,-0.13,-0.36,-0.08,-0.21,-0.07
38313,-1.36,-0.23,-0.16,0.03,-0.11,-0.07
38314,-1.16,-0.02,0.16,-0.18,-0.21,-0.17
38315,-1.26,-0.13,-0.57,-0.08,-0.21,-0.17
38316,-1.26,-0.13,0.16,-0.08,-0.00,-0.07
38317,-1.26,-0.02,-0.36,-0.08,-0.21,-0.07
38318,-1.47,-0.13,-0.16,-0.08,-0.11,-0.07
38319,-1.05,-0.02,-0.05,-0.08,-0.21,0.04
38320,-1.36,-0.02,-0.47,0.03,-0.21,-0.17
38321,-1.26,-0.23,0.16,-0.08,-0.11,-0.07
38322,-1.26,-0.02,-0.47,-0.18,-0.11,-0.07
38323,-1.26,-0.13,-0.16,-0.08,-0.11,-0.07
38324,-1.26,-0.13,0.16,0.03,-0.11,-0.17
38325,-1.36,0.08,-0.47,-0.18,-0.21,-0.07
38326,-1.26,-0.23,0.16,-0.08,-0.11,-0.17
38327,-1.26,-0.02,-0.26,-0.08,-0.00,-0.07
38328,-1.36,-0.23,-0.47,0.13,-0.11,-0.07
38329,-1.26,-0.02,0.36,-0.08,-0.11,-0.28
38330,-1.26,-0.02,-0.47,-0.08,-0.11,-0.17
38331,-1.26,-0.13,0.16,0.03,-0.21,-0.07
38332,-1.26,0.08,-0.16,0.03,-0.21,-0.07
38333,-1.36,-0.33,-0.47,-0.08,-0.11,-0.17
38334,-1.36,-0.02,0.26,-0.08,-0.11,-0.17
38335,-1.36,-0.13,-0.57,-0.08,-0.11,-0.07
38336,-1.36,-0.13,0.05,-0.18,-0.11,-0.07
38337,-1.16,-0.02,-0.16,0.03,-0.21,-0.07
38338,-1.47,-0.23,-0.57,0.03,-0.11,-0.07
38339,-1.26,-0.13,0.16,0.03,-0.11,-0.17
38340,-1.26,0.08,-0.36,-0.08,-0.21,-0.07
38341,-1.26,-0.13,-0.05,-0.08,-0.11,-0.07
38342,-1.26,-0.13,0.05,-0.08,-0.00,-0.17
38343,-1.36,0.08,-0.47,-0.08,-0.11,-0.17
38344,-1.16,-0.23,0.16,-0.08,-0.11,-0.17
38345,-1.57,-0.02,-0.26,-0.08,-0.11,-0.07
38346,-1.16,-0.13,-0.36,0.03,-0.11,-0.28
38347,-1.36,-0.13,0.16,0.03,-0.21,0.04
38348,-1.47,-0.02,-0.47,-0.08,-0.00,-0.17
38349,-1.05,-0.23,0.16,-0.08,-0.00,-0.07
38350,-1.47,0.19,-0.16,0.03,-0.21,-0.17
38351,-1.26,-0.23,-0.47,0.03,-0.11,0.04
38352,-1.36,-0.13,0.26,0.03,-0.11,-0.17
38353,-1.26,-0.02,-0.68,-0.08,-0.21,-0.17
38354,-1.26,-0.23,0.16,-0.18,-0.11,-0.07
38355,-1.36,0.08,-0.16,0.03,-0.11,-0.17
38356,-1.26,-0.23,-0.57,0.03,-0.11,-0.17
38357,-1.26,-0.02,0.26,0.03,-0.21,0.04
38358,-1.26,-0.23,-0.57,0.13,-0.00,-0.17
38359,-1.26,-0.33,0.16,0.03,-0.21,-0.17
38360,-1.26,0.08,-0.05,0.03,-0.11,0.04
38361,-1.36,-0.23,-0.57,0.03,-0.11,-0.07
38362,-1.16,-0.02,0.47,-0.08,-0.21,-0.07
38363,-1.26,-0.13,-0.57,-0.08,-0.11,-0.17
38364,-1.36,-0.13,0.05,-0.08,-0.11,-0.07
38365,-1.05,-0.02,-0.05,0.03,-0.21,-0.17
38366,-1.36,-0.02,-0.68,0.03,-0.21,-0.07
38367,-1.16,-0.13,0.26,0.03,-0.21,-0.07
38368,-1.36,0.08,-0.47,0.13,-0.11,0.04
38369,-1.36,-0.13,-0.26,0.03,-0.00,-0.17
38370,-1.05,-0.02,0.16,-0.08,-0.11,-0.28
38371,-1.36,0.08,-0.68,-0.08,-0.21,-0.17
38372,-1.26,-0.23,0.26,-0.18,-0.11,-0.17
38373,-1.36,-0.02,-0.16,0.13,-0.21,0.04
38374,-1.16,-0.23,-0.47,-0.08,-0.11,-0.07
38375,-1.16,-0.02,0.26,-0.18,-0.11,-0.17
38376,-1.26,-0.02,-0.68,-0.08,-0.21,-0.17
38377,-1.26,-0.13,0.05,-0.08,-0.11,-0.07
38378,-1.26,-0.02,-0.16,0.03,-0.00,-0.17
38379,-1.26,-0.13,-0.57,-0.08,-0.21,-0.07
38380,-1.36,-0.13,0.47,-0.08,-0.11,0.04
38381,-1.36,-0.02,-0.47,0.03,-0.11,-0.07
38382,-1.47,-0.23,0.05,0.03,-0.11,0.04
38383,-1.16,-0.02,-0.05,-0.08,-0.11,-0.17
38384,-1.47,-0.02,-0.78,-0.08,-0.11,-0.17
38385,-1.16,-0.23,0.26,-0.08,-0.00,-0.07
38386,-1.36,-0.02,-0.47,-0.18,-0.11,-0.17
38387,-1.26,-0.13,-0.26,-0.08,-0.11,-0.28
38388,-1.16,-0.23,0.16,0.03,-0.11,0.04
38389,-1.47,-0.02,-0.68,0.03,-0.11,-0.28
38390,-1.05,-0.13,0.16,0.03,-0.11,-0.17
38391,-1.47,0.08,-0.05,-0.08,-0.21,-0.17
38392,-1.26,-0.13,-0.36,0.03,-0.11,-0.17
38393,-1.16,-0.02,0.36,-0.08,-0.00,-0.07
38394,-1.57,0.08,-0.36,0.13,-0.21,-0.07
38395,-1.16,-0.23,-0.16,0.03,-0.11,-0.07
38396,-1.36,-0.13,0.16,0.03,-0.11,-0.07
38397,-1.36,-0.13,-0.68,-0.08,-0.11,-0.17
38398,-1.16,-0.23,0.47,0.03,-0.00,-0.17
38399,-1.47,0.19,-0.36,0.03,-0.00,-0.17
38400,-1.05,-0.33,-0.26,-0.08,-0.11,-0.17
38401,-1.47,0.08,0.26,-0.08,-0.11,-0.17
38402,-1.26,-0.02,-0.88,0.03,-0.11,-0.17
38403,-1.16,-0.23,0.36,0.03,-0.21,-0.17
38404,-1.26,0.19,-0.16,-0.08,-0.21,-0.17
38405,-1.36,-0.23,-0.47,0.03,-0.00,0.04
38406,-1.16,-0.13,0.47,0.03,-0.11,-0.07
38407,-1.36,0.08,-0.78,0.03,-0.11,-0.17
38408,-1.36,-0.23,0.16,-0.08,-0.21,0.04
38409,-1.16,-0.13,-0.05,0.13,-0.21,-0.07
38410,-1.47,-0.02,-0.68,0.03,-0.11,-0.17
38411,-1.16,-0.23,0.47,-0.08,-0.11,-0.17
38412,-1.26,-0.02,-0.57,-0.08,-0.11,-0.28
38413,-1.26,-0.13,-0.26,0.03,-0.11,-0.07
38414,-1.16,-0.13,0.26,-0.08,-0.11,-0.07
38415,-1.47,0.08,-0.57,-0.08,-0.21,-0.07
38416,-1.05,-0.33,0.16,0.03,-0.11,-0.28
38417,-1.36,-0.02,-0.26,-0.18,-0.11,-0.07
38418,-1.36,-0.02,-0.57,-0.08,-0.21,-0.17
38419,-1.16,-0.23,0.47,0.03,-0.21,-0.07
38420,-1.47,0.19,-0.68,0.03,-0.21,-0.07
38421,-1.26,-0.33,-0.05,-0.08,-0.11,-0.07
38422,-1.16,-0.02,0.05,0.03,-0.21,-0.07
38423,-1.47,-0.13,-0.78,0.03,-0.11,-0.07
38424,-1.16,-0.23,0.36,-0.08,-0.00,0.04
38425,-1.26,-0.02,-0.26,0.03,-0.11,0.04
38426,-1.36,-0.13,-0.47,0.03,-0.11,-0.28
38427,-1.16,-0.13,0.47,-0.08,-0.21,-0.17
38428,-1.47,-0.02,-0.88,0.03,-0.21,-0.17
38429,-1.26,-0.13,0.16,0.03,-0.11,-0.07
38430,-1.26,-0.02,0.05,0.03,-0.11,-0.17
38431,-1.47,-0.13,-0.68,-0.08,-0.11,-0.07
38432,-1.16,-0.23,0.47,-0.08,-0.00,-0.07
38433,-1.47,0.19,-0.57,-0.18,-0.21,-0.17
38434,-1.36,-0.23,-0.26,-0.08,-0.11,0.04
38435,-1.26,-0.13,0.26,-0.08,-0.11,-0.07
38436,-1.57,0.08,-0.78,0.13,-0.11,-0.17
38437,-1.05,-0.23,0.26,0.03,-0.11,-0.07
38438,-1.47,0.08,-0.16,0.03,-0.31,-0.07
38439,-1.26,-0.13,-0.68,-0.08,-0.11,-0.07
38440,-0.95,-0.23,0.47,-0.18,-0.11,-0.07
38441,-1.57,0.19,-0.57,0.03,-0.21,-0.17
38442,-1.16,-0.33,-0.16,-0.08,-0.11,-0.07
38443,-1.36,-0.13,0.36,0.03,-0.11,-0.17
38444,-1.47,0.08,-0.88,-0.08,-0.00,-0.17
38445,-1.05,-0.33,0.36,-0.08,0.10,-0.07
38446,-1.57,0.39,-0.16,-0.08,-0.11,0.04
38447,-1.16,-0.23,-0.68,0.03,-0.00,-0.07
38448,-1.26,-0.13,0.47,0.03,-0.11,0.04
38449,-1.47,0.08,-0.78,-0.08,-0.11,-0.07
38450,-1.16,-0.33,-0.05,0.03,-0.11,-0.07
38451,-1.47,0.19,0.36,-0.08,-0.21,-0.07
38452,-1.36,-0.13,-1.09,0.13,-0.21,-0.07
38453,-1.16,-0.44,0.57,0.03,-0.21,-0.17
38454,-1.36,0.19,-0.47,-0.08,-0.11,-0.17
38455,-1.47,-0.33,-0.36,-0.08,-0.11,-0.07
38456,-1.16,-0.13,0.47,-0.08,-0.11,-0.07
38571,-1.36,-0.54,-1.30,0.03,0.10,0.14
38571,-1.05,-0.44,-0.16,0.13,-0.11,0.04
38572,-1.36,-0.02,0.99,0.03,-0.00,0.04
38573,-1.36,0.08,-0.99,0.03,-0.11,-0.07
38574,-1.16,-0.33,-0.57,-0.08,-0.00,-0.17
38575,-1.47,0.19,0.88,-0.08,-0.11,-0.17
38576,-1.26,-0.13,-1.40,-0.08,-0.11,-0.17
38577,-1.36,-0.33,0.16,0.03,-0.11,-0.17
38578,-1.47,0.19,0.57,-0.08,-0.21,0.04
38579,-1.36,-0.23,-1.51,0.03,-0.11,-0.07
38580,-1.26,-0.23,0.78,-0.08,-0.11,-0.17
38581,-1.36,0.08,-0.05,0.03,-0.00,-0.07
38582,-1.36,-0.23,-1.09,-0.08,-0.11,-0.17
38583,-1.16,-0.02,0.88,-0.08,-0.00,0.04
38584,-1.47,-0.02,-0.57,0.03,-0.11,-0.07
38585,-1.26,-0.23,-0.68,-0.08,-0.00,-0.17
38586,-1.16,-0.02,0.99,-0.18,-0.21,-0.17
38587,-1.68,-0.02,-0.99,0.03,-0.11,-0.07
38588,-1.16,-0.33,-0.16,0.03,-0.11,-0.07
38589,-1.16,0.08,0.68,-0.18,-0.21,-0.07
38590,-1.57,-0.02,-1.30,-0.08,-0.11,-0.17
38591,-1.05,-0.33,0.26,-0.18,-0.11,-0.07
38592,-1.47,0.08,0.47,-0.08,-0.21,-0.17
38593,-1.26,-0.13,-1.40,0.03,-0.11,-0.07
38594,-1.16,-0.23,0.88,0.03,-0.21,-0.07
38595,-1.57,0.19,-0.26,-0.08,-0.21,-0.07
38596,-1.16,-0.33,-0.99,-0.08,-0.11,-0.17
38597,-1.26,-0.23,1.20,-0.08,-0.31,-0.07
38598,-1.47,0.29,-0.88,0.03,-0.21,-0.17
38599,-1.16,-0.33,-0.47,0.03,-0.11,-0.07
38600,-1.36,-0.02,1.09,-0.08,-0.31,-0.17
38601,-1.26,0.08,-1.40,-0.08,-0.11,-0.28
38602,-1.26,-0.44,0.16,-0.08,-0.11,-0.17
38603,-1.36,0.19,0.68,-0.08,-0.11,-0.07
38604,-1.16,-0.02,-1.51,-0.08,-0.11,0.04
38605,-1.36,-0.33,0.68,0.03,-0.11,-0.07
38606,-1.47,0.19,-0.16,0.03,-0.11,-0.17
38607,-1.16,-0.33,-1.20,0.03,-0.11,-0.17
38608,-1.36,-0.23,1.09,-0.08,-0.11,-0.07
38609,-1.26,0.29,-0.88,-0.08,-0.21,-0.17
38610,-1.26,-0.23,-0.78,0.03,-0.11,-0.07
38611,-1.47,-0.13,1.09,0.03,-0.11,0.04
38612,-1.26,0.08,-1.09,0.03,-0.11,-0.17
38613,-1.16,-0.23,-0.26,-0.18,-0.11,-0.17
38614,-1.47,-0.02,0.99,0.03,-0.21,-0.17
38615,-1.26,0.08,-1.61,0.03,-0.11,-0.07
38616,-1.26,-0.33,0.36,0.03,-0.11,-0.17
38617,-1.36,0.19,0.36,-0.08,-0.11,-0.17
38618,-1.36,-0.13,-1.51,-0.08,-0.11,-0.07
38619,-1.26,-0.23,0.88,-0.08,-0.11,-0.07
38620,-1.36,0.19,-0.26,0.03,-0.11,-0.17
38621,-1.16,-0.33,-1.30,-0.08,-0.00,-0.17
38622,-1.26,-0.13,1.20,-0.08,-0.11,-0.07
38623,-1.36,0.19,-0.88,-0.18,-0.11,0.04
38624,-1.16,-0.33,-0.88,-0.08,-0.11,-0.07
38625,-1.36,0.08,1.20,-0.18,-0.31,-0.17
38626,-1.36,-0.02,-1.30,-0.08,-0.11,-0.17
38627,-1.16,-0.33,-0.26,-0.18,-0.00,-0.07
38628,-1.36,0.08,1.09,-0.18,-0.11,-0.07
38629,-1.36,-0.13,-1.40,0.13,-0.11,-0.17
38630,-1.16,-0.23,0.47,-0.08,-0.21,-0.28
38631,-1.26,0.08,0.57,-0.08,-0.11,-0.07
38632,-1.36,-0.13,-1.51,-0.08,-0.11,-0.07
38633,-1.26,-0.23,0.78,0.13,-0.21,-0.07
38634,-1.36,0.08,0.16,-0.08,-0.21,-0.17
38635,-1.47,-0.13,-1.40,0.03,-0.11,-0.07
38636,-1.16,-0.13,0.99,-0.08,-0.21,-0.07
38637,-1.36,0.08,-0.47,0.03,-0.21,-0.17
38638,-1.47,-0.23,-0.99,-0.08,-0.11,-0.07
38639,-1.05,-0.13,1.20,-0.08,-0.11,-0.07
38640,-1.57,0.08,-0.78,0.03,-0.11,0.14
38641,-1.16,-0.33,-0.68,-0.08,-0.11,-0.07
38642,-1.16,-0.13,0.99,0.03,-0.11,-0.07
38643,-1.57,0.08,-1.20,0.03,-0.21,-0.07
38644,-0.95,-0.33,-0.16,-0.08,-0.11,-0.07
38645,-1.36,0.08,0.99,-0.08,-0.21,-0.17
38646,-1.47,0.29,-1.40,0.03,-0.11,-0.17
38647,-0.95,-0.33,0.47,-0.08,-0.21,-0.28
38648,-1.57,-0.02,0.36,0.03,-0.21,-0.07
38649,-1.26,-0.02,-1.61,-0.08,-0.11,0.04
38650,-1.16,-0.33,0.88,-0.18,-0.11,0.04
38651,-1.47,0.19,-0.05,-0.18,-0.21,-0.07
38652,-1.16,-0.23,-1.40,0.03,-0.11,-0.07
38653,-1.26,-0.13,1.20,0.03,-0.11,0.04
38654,-1.47,0.19,-0.68,-0.08,-0.21,-0.17
38655,-1.05,-0.33,-0.99,-0.08,-0.11,-0.17
38656,-1.47,-0.02,1.30,-0.08,-0.31,-0.07
38657,-1.26,0.08,-1.09,0.03,-0.21,-0.17
38658,-1.26,-0.23,-0.57,-0.08,-0.00,-0.17
38659,-1.36,-0.02,1.20,-0.08,-0.11,-0.07
38660,-1.16,0.08,-1.51,0.03,-0.11,-0.17
38661,-1.16,-0.33,0.05,-0.08,-0.11,-0.17
38662,-1.47,0.08,0.88,-0.08,-0.21,-0.07
38663,-1.26,-0.02,-1.51,0.03,-0.11,-0.17
38664,-1.26,-0.23,0.36,-0.08,-0.11,-0.07
38665,-1.36,0.08,0.47,-0.08,-0.11,-0.17
38666,-1.26,-0.13,-1.51,0.03,-0.00,-0.07
38667,-1.26,-0.23,0.68,-0.08,-0.21,-0.07
38668,-1.47,0.19,0.05,-0.08,-0.21,-0.07
38669,-1.26,-0.23,-1.40,0.03,-0.11,-0.07
38670,-1.26,-0.23,0.99,-0.08,-0.00,-0.07
38671,-1.47,0.19,-0.57,-0.08,-0.11,-0.17
38672,-1.26,-0.23,-1.09,-0.08,-0.11,-0.07
38673,-1.36,-0.13,1.09,0.03,-0.11,0.04
38674,-1.26,0.08,-0.78,-0.08,-0.31,-0.07
38675,-1.26,-0.33,-0.78,-0.08,-0.11,-0.07
38676,-1.47,0.08,1.20,-0.08,-0.11,-0.07
38677,-1.36,0.19,-0.99,-0.08,-0.21,-0.28
38678,-1.16,-0.33,-0.47,0.03,-0.00,-0.17
38679,-1.26,0.08,0.99,-0.08,-0.11,-0.17
38680,-1.36,0.08,-1.30,-0.08,-0.21,-0.17
38681,-1.47,-0.33,0.05,0.03,-0.11,-0.17
38682,-1.26,0.08,0.88,-0.18,-0.21,-0.07
38683,-1.36,-0.13,-1.40,-0.18,-0.21,-0.07
38684,-1.26,-0.33,0.26,-0.18,-0.00,-0.07
38685,-1.26,-0.02,0.47,-0.08,-0.21,-0.17
38686,-1.36,-0.13,-1.30,-0.08,-0.21,-0.17
38687,-1.26,-0.23,0.57,0.03,-0.11,-0.07
38688,-1.16,-0.13,0.05,-0.08,-0.11,-0.07
38689,-1.47,-0.13,-1.20,-0.08,-0.11,-0.07
38690,-1.26,-0.13,0.57,-0.08,-0.11,-0.07
38691,-1.26,-0.02,-0.16,-0.08,-0.00,0.04
38692,-1.36,-0.13,-0.99,0.03,-0.21,-0.17
38693,-1.16,-0.13,0.68,-0.08,-0.11,0.04
38694,-1.36,-0.02,-0.26,-0.08,-0.11,-0.07
38695,-1.36,0.08,-0.88,-0.18,-0.11,-0.17
38696,-1.05,-0.13,0.78,-0.08,-0.21,-0.07
38697,-1.47,-0.02,-0.57,0.03,-0.21,-0.17
38698,-1.16,-0.13,-0.68,0.03,-0.11,-0.07
38699,-1.16,-0.23,0.88,-0.08,-0.11,0.04
38700,-1.47,0.08,-0.88,-0.08,-0.21,-0.07
38701,-1.05,-0.23,-0.47,0.03,-0.11,-0.17
38702,-1.26,-0.23,0.68,-0.08,-0.11,0.04
38703,-1.36,0.08,-0.99,0.03,-0.11,-0.17
38704,-1.05,-0.23,-0.36,-0.08,-0.00,-0.17
38705,-1.36,-0.13,0.78,-0.18,-0.21,-0.07
38706,-1.26,0.08,-1.09,-0.08,-0.21,-0.07
38707,-1.16,-0.23,-0.05,0.03,-0.11,-0.07
38708,-1.47,-0.13,0.57,0.03,-0.21,-0.17
38709,-1.26,0.08,-1.40,0.03,-0.21,-0.17
38710,-1.26,-0.23,0.36,-0.18,-0.21,-0.07
38711,-1.47,-0.02,0.36,0.03,-0.00,-0.07
38712,-1.16,0.08,-1.30,-0.08,-0.00,-0.28
38713,-1.36,-0.23,0.47,0.03,-0.11,-0.17
38714,-1.36,-0.13,0.05,-0.08,-0.11,-0.07
38715,-1.16,-0.02,-1.20,-0.08,-0.21,-0.17
38716,-1.36,-0.23,0.68,0.03,-0.11,-0.07
38717,-1.47,0.08,0.05,0.03,-0.11,-0.07
38718,-1.26,-0.13,-1.09,-0.18,-0.11,-0.07
38719,-1.26,-0.13,0.57,-0.08,-0.11,-0.07
38720,-1.47,-0.02,-0.16,-0.08,-0.11,0.04
38721,-1.26,-0.13,-0.99,-0.08,-0.00,-0.07
38722,-1.26,-0.13,0.68,-0.08,-0.21,-0.17
38723,-1.36,-0.02,-0.26,-0.08,-0.11,-0.07
38724,-1.26,-0.13,-0.88,0.03,-0.21,-0.07
38725,-1.26,-0.13,0.78,0.03,-0.21,-0.07
38726,-1.47,0.08,-0.36,0.03,-0.21,0.04
38727,-1.05,-0.23,-0.68,0.03,-0.21,0.04
38728,-1.47,-0.23,0.68,-0.08,-0.11,-0.07
38729,-1.47,0.08,-0.47,-0.08,-0.11,-0.17
38730,-1.26,-0.23,-0.57,-0.08,-0.11,-0.07
38731,-1.36,-0.13,0.88,-0.08,-0.00,-0.17
38732,-1.26,0.08,-0.68,0.03,-0.11,-0.07
38734,-1.26,-0.13,-0.36,0.03,-0.00,-0.07
38734,-1.47,-0.13,0.57,0.03,-0.21,-0.07
38735,-1.26,-0.13,-0.88,-0.18,-0.11,-0.17
38736,-1.36,-0.23,-0.05,-0.08,0.10,-0.07
38737,-1.36,0.08,0.57,-0.08,-0.11,-0.17
38738,-1.16,-0.02,-0.99,-0.18,-0.11,-0.07
38739,-1.26,-0.13,-0.16,0.03,-0.21,-0.17
38740,-1.16,-0.02,0.57,-0.08,-0.11,-0.17
38741,-1.47,-0.13,-0.99,-0.08,-0.11,-0.07
38742,-1.47,-0.13,0.05,0.03,-0.00,0.04
38743,-1.05,-0.02,0.36,-0.08,-0.21,-0.17
38744,-1.47,0.08,-0.68,-0.08,-0.11,-0.17
38745,-1.26,-0.13,0.16,-0.08,-0.11,-0.07
38746,-0.95,-0.23,0.26,-0.08,-0.21,-0.07
38747,-1.57,0.08,-0.78,0.03,-0.11,-0.07
38748,-1.16,-0.33,0.05,0.03,-0.11,-0.07
38749,-1.26,-0.23,0.16,0.03,-0.11,-0.17
38750,-1.68,0.08,-0.78,-0.08,-0.11,-0.17
38751,-1.05,-0.23,0.05,-0.08,-0.11,-0.07
38752,-1.36,-0.13,0.16,-0.08,-0.11,-0.07
38753,-1.47,0.29,-0.88,0.13,-0.11,-0.07
38754,-1.05,-0.23,0.16,-0.08,-0.11,-0.07
38755,-1.36,-0.13,0.16,-0.08,-0.11,-0.07
38756,-1.47,0.19,-0.88,0.03,-0.00,-0.17
38757,-1.26,-0.23,0.26,0.03,-0.11,-0.17
38758,-1.36,-0.02,0.05,0.13,-0.11,-0.17
38759,-1.26,0.08,-0.88,0.03,-0.11,-0.17
38760,-1.26,-0.33,0.36,-0.08,-0.11,-0.17
38761,-1.57,-0.02,-0.16,0.03,-0.11,0.04
38762,-1.05,0.08,-0.88,-0.18,-0.21,-0.17
38763,-1.26,-0.23,0.47,-0.08,-0.11,-0.07
38764,-1.47,-0.02,-0.16,-0.08,-0.21,-0.17
38765,-1.16,0.08,-0.78,-0.08,-0.11,-0.07
38766,-1.36,-0.23,0.47,-0.08,-0.21,-0.17
38767,-1.47,-0.13,-0.26,-0.08,-0.00,-0.07
38768,-1.16,-0.02,-0.57,0.03,-0.00,-0.07
38769,-1.36,-0.02,0.47,-0.08,-0.21,-0.07
38770,-1.36,-0.02,-0.26,0.03,-0.21,-0.17
38771,-1.16,-0.02,-0.57,0.03,-0.11,-0.07
38772,-1.36,-0.23,0.26,-0.08,-0.21,-0.07
38773,-1.47,-0.02,-0.26,-0.08,-0.11,-0.07
38774,-1.26,-0.13,-0.57,0.03,-0.11,-0.07
38775,-1.36,-0.23,0.26,-0.08,-0.00,-0.07
38776,-1.36,-0.02,-0.16,-0.08,-0.11,-0.07
38777,-1.26,-0.02,-0.47,-0.08,-0.11,-0.07
38778,-1.16,-0.23,0.16,-0.08,-0.11,0.04
38779,-1.36,-0.02,-0.05,-0.08,-0.11,-0.07
38780,-1.26,0.08,-0.57,0.03,-0.11,-0.07
38781,-1.36,-0.23,0.16,-0.08,-0.00,-0.07
38782,-1.36,-0.02,-0.16,0.03,-0.11,0.04
38783,-1.16,-0.23,-0.57,0.03,-0.21,-0.07
38784,-1.26,-0.23,0.16,-0.08,-0.11,-0.17
38785,-1.36,0.08,0.05,-0.08,-0.11,-0.07
38786,-1.26,-0.13,-0.57,-0.08,-0.21,-0.17
38787,-1.36,-0.33,0.16,-0.18,-0.00,-0.07
38788,-1.36,-0.02,0.05,0.03,-0.11,-0.07
38789,-1.26,-0.13,-0.47,0.03,-0.11,-0.17
38790,-1.36,-0.23,0.16,-0.08,-0.21,-0.07
38791,-1.16,-0.02,-0.16,0.03,-0.31,-0.07
38792,-1.36,-0.13,-0.47,-0.08,-0.11,-0.07
38793,-1.36,-0.13,0.16,-0.08,-0.21,-0.17
38794,-1.16,-0.02,-0.05,-0.08,-0.21,-0.17
38795,-1.47,-0.13,-0.47,0.03,-0.11,-0.07
38796,-1.36,-0.13,0.05,-0.08,-0.11,-0.07
38797,-1.16,-0.02,-0.05,-0.08,-0.11,-0.07
38798,-1.57,-0.02,-0.57,0.03,-0.00,-0.17
38799,-1.26,-0.13,0.05,-0.08,-0.11,-0.07
38800,-1.16,0.08,-0.05,-0.08,-0.21,-0.17
38801,-1.47,-0.02,-0.68,0.03,-0.11,-0.17
38802,-1.26,-0.23,0.05,0.03,-0.11,-0.07
38803,-1.36,0.08,0.16,-0.08,-0.21,-0.17
38804,-1.36,0.19,-0.68,0.03,-0.21,-0.17
38805,-1.05,-0.23,0.05,-0.08,-0.11,-0.07
38806,-1.47,-0.13,0.16,0.03,-0.21,-0.07
38807,-1.26,0.19,-0.68,0.03,-0.11,-0.07
38808,-1.05,-0.23,0.16,-0.08,-0.21,-0.28
38809,-1.47,-0.13,0.05,0.13,-0.21,-0.17
38810,-1.16,0.08,-0.88,-0.08,-0.00,-0.07
38811,-1.16,-0.33,0.26,0.03,-0.11,-0.17
38812,-1.47,-0.02,0.05,-0.08,-0.21,0.04
38813,-1.16,-0.02,-0.88,-0.08,-0.11,-0.17
38814,-1.26,-0.23,0.26,-0.08,-0.11,-0.17
38815,-1.47,0.08,0.05,-0.08,-0.21,-0.17
38816,-1.05,-0.02,-0.88,0.03,-0.21,-0.07
38817,-1.36,-0.33,0.26,0.03,-0.11,-0.17
38818,-1.36,0.08,0.16,-0.08,-0.11,-0.28
38819,-1.16,-0.02,-0.78,-0.08,-0.11,-0.28
38820,-1.36,-0.33,0.26,0.03,-0.11,-0.07
38821,-1.36,-0.02,-0.05,-0.08,-0.11,0.04
38822,-1.16,-0.02,-0.57,-0.08,-0.11,-0.17
38823,-1.36,-0.02,0.16,0.03,-0.11,-0.17
38824,-1.47,-0.13,0.05,0.03,-0.11,0.04
38825,-1.26,0.08,-0.57,0.03,-0.11,-0.17
38826,-1.26,-0.23,0.16,-0.08,-0.00,-0.07
38827,-1.36,-0.13,0.05,-0.18,-0.11,-0.17
38828,-1.36,-0.02,-0.57,0.03,-0.11,0.04
38829,-1.36,-0.13,-0.05,0.03,-0.00,-0.17
38830,-1.36,-0.02,0.16,0.03,-0.11,-0.17
38831,-1.36,-0.02,-0.57,0.03,-0.11,-0.07
38832,-1.26,-0.23,-0.05,0.03,-0.00,-0.07
38833,-1.36,-0.02,0.26,-0.08,-0.11,-0.07
38834,-1.26,-0.02,-0.68,-0.08,-0.11,-0.17
38835,-1.26,-0.33,-0.05,0.03,-0.21,-0.17
38836,-1.47,-0.02,0.26,0.03,-0.21,0.04
38837,-1.16,-0.02,-0.57,0.03,-0.11,-0.07
38838,-1.16,-0.33,-0.26,-0.08,-0.11,-0.07
38839,-1.47,-0.02,0.36,0.03,-0.11,-0.07
38840,-1.26,-0.02,-0.57,0.03,-0.21,-0.17
38841,-1.36,-0.23,-0.36,-0.08,-0.11,-0.07
38842,-1.36,0.08,0.36,-0.08,-0.11,0.04
38843,-1.16,-0.13,-0.57,-0.08,-0.00,-0.17
38844,-1.47,-0.23,-0.16,-0.08,-0.11,-0.07
38845,-1.26,0.08,0.36,0.03,-0.21,-0.07
38846,-1.05,-0.02,-0.68,-0.08,-0.21,-0.17
38847,-1.47,-0.23,-0.26,0.03,-0.11,-0.28
38848,-1.26,0.08,0.47,-0.08,-0.21,-0.28
38849,-1.05,-0.13,-0.57,0.03,-0.11,0.04
38850,-1.57,-0.23,-0.26,-0.08,-0.21,-0.07
38851,-1.16,-0.13,0.16,0.03,-0.21,-0.17
38852,-1.05,-0.13,-0.36,0.03,-0.21,-0.07
38853,-1.78,-0.13,-0.26,0.03,-0.11,-0.07
38854,-1.26,-0.13,0.26,0.03,-0.11,-0.17
38855,-1.16,-0.23,-0.47,0.03,-0.21,-0.07
38856,-1.47,0.08,-0.36,-0.08,-0.21,-0.17
38857,-1.16,-0.13,0.26,-0.08,-0.21,-0.07
38858,-1.26,-0.23,-0.26,-0.08,-0.21,-0.17
38859,-1.36,0.08,-0.57,-0.08,-0.11,-0.07
38860,-1.05,-0.13,0.26,-0.08,-0.21,-0.07
38861,-1.36,-0.13,-0.26,-0.08,-0.21,-0.17
38862,-1.47,0.08,-0.57,-0.08,-0.11,0.04
38863,-1.16,-0.44,0.26,0.03,-0.11,0.04
38864,-1.47,-0.13,-0.16,0.03,-0.21,-0.17
38865,-1.26,0.08,-0.68,-0.08,-0.11,-0.07
38866,-1.16,-0.23,0.16,0.03,-0.21,-0.07
38867,-1.36,-0.23,-0.16,0.03,-0.11,-0.07
38868,-1.26,0.08,-0.68,0.03,-0.11,-0.07
38869,-1.26,-0.23,0.26,0.03,-0.00,-0.07
38870,-1.47,-0.02,0.05,-0.08,-0.11,-0.07
38871,-1.16,-0.02,-0.68,-0.08,-0.11,-0.07
38872,-1.36,-0.13,0.16,-0.08,-0.00,-0.07
38873,-1.47,-0.02,0.05,0.03,-0.00,-0.17
38874,-1.16,-0.13,-0.68,-0.18,-0.21,-0.07
38875,-1.26,-0.13,0.16,0.03,-0.21,-0.17
38876,-1.36,-0.02,0.05,-0.08,-0.11,-0.17
38877,-1.16,0.08,-0.68,0.03,-0.11,-0.07
38878,-1.36,-0.02,-0.05,-0.08,-0.21,-0.07
38879,-1.36,-0.13,0.05,-0.08,-0.00,-0.28
38880,-1.26,-0.02,-0.36,-0.18,-0.21,-0.07
38881,-1.36,-0.02,-0.16,-0.08,-0.11,-0.17
38882,-1.36,-0.23,0.16,-0.08,-0.11,-0.07
38883,-1.16,-0.02,-0.26,-0.18,-0.00,-0.07
38884,-1.26,-0.02,-0.36,0.03,-0.00,-0.07
38885,-1.36,-0.13,0.16,-0.08,-0.11,-0.17
38886,-1.36,0.08,-0.16,-0.08,-0.21,-0.07
38887,-1.26,-0.13,-0.47,-0.08,-0.21,-0.07
38888,-1.26,-0.13,0.26,-0.08,-0.21,-0.17
38889,-1.47,-0.02,-0.05,0.03,-0.21,-0.07
38890,-1.26,-0.02,-0.68,-0.08,-0.21,0.04
38891,-1.26,-0.23,0.26,-0.08,-0.21,-0.07
38892,-1.47,0.08,-0.16,-0.08,-0.21,-0.07
38893,-1.26,-0.13,-0.68,-0.08,-0.11,-0.07
38894,-1.36,-0.23,0.16,0.03,-0.00,-0.07
38895,-1.36,0.19,-0.05,-0.08,-0.11,-0.17
38896,-1.16,-0.13,-0.68,0.03,-0.11,-0.17
38897,-1.47,-0.23,0.16,-0.08,-0.11,-0.17
38898,-1.26,0.08,0.05,-0.18,-0.21,-0.07
38899,-1.26,-0.13,-0.68,-0.08,-0.11,-0.17
38900,-1.36,-0.23,0.16,-0.08,-0.21,-0.17
38901,-1.26,0.08,0.05,0.03,-0.11,-0.07
38902,-1.16,-0.13,-0.47,-0.08,-0.21,-0.07
38903,-1.47,-0.13,-0.05,-0.18,-0.21,-0.17
38904,-1.16,-0.02,0.05,0.03,-0.11,-0.17
38905,-1.16,-0.23,-0.47,-0.08,-0.11,-0.07
38906,-1.57,-0.13,-0.05,-0.08,-0.11,-0.07
38907,-1.16,-0.13,-0.05,0.03,-0.11,-0.17
38908,-1.16,-0.13,-0.47,-0.08,-0.11,-0.07
38909,-1.68,-0.02,-0.26,0.03,-0.21,-0.07
38910,-1.16,-0.02,0.16,-0.08,-0.11,-0.07
38911,-1.16,-0.13,-0.36,-0.08,-0.00,-0.07
38912,-1.47,0.19,-0.36,-0.08,-0.11,-0.17
38913,-1.16,-0.23,0.05,-0.08,-0.11,-0.07
38914,-1.26,-0.23,-0.26,0.03,-0.11,-0.07
38915,-1.57,0.19,-0.36,0.13,-0.00,-0.07
38916,-1.05,-0.13,0.05,-0.08,0.10,-0.07
38917,-1.36,-0.23,-0.05,-0.08,-0.21,-0.07
38918,-1.47,0.29,-0.36,0.03,-0.11,-0.07
38919,-1.16,-0.23,0.05,0.03,-0.00,-0.17
38920,-1.36,-0.13,-0.05,0.03,-0.11,-0.17
38921,-1.36,0.08,-0.47,-0.08,-0.11,-0.07
38922,-1.05,-0.23,-0.05,0.03,-0.11,-0.17
38923,-1.36,-0.13,0.05,-0.08,-0.00,0.04
38924,-1.26,-0.02,-0.36,-0.08,-0.11,-0.17
38925,-1.05,-0.13,-0.16,0.03,-0.11,-0.07
38926,-1.47,-0.13,0.16,-0.08,-0.21,-0.17
38927,-1.26,-0.02,-0.36,0.03,-0.00,-0.07
38928,-1.16,-0.13,-0.16,-0.08,-0.11,0.04
38929,-1.47,-0.23,0.16,0.03,-0.11,-0.17
38930,-1.36,-0.13,-0.47,0.03,-0.11,-0.07
38931,-1.05,0.08,-0.05,-0.08,-0.11,-0.07
38932,-1.47,-0.13,0.16,-0.08,-0.21,-0.07
38933,-1.36,-0.23,-0.36,0.03,-0.21,-0.07
38934,-1.26,-0.02,-0.26,-0.08,-0.11,0.04
38935,-1.47,-0.02,0.16,0.03,-0.11,-0.17
38936,-1.47,-0.13,-0.16,-0.08,-0.11,-0.17
38937,-1.26,-0.13,-0.26,-0.08,-0.00,-0.07
38938,-1.26,-0.13,0.05,-0.08,-0.11,-0.07
38939,-1.36,-0.13,0.05,0.03,-0.21,-0.17
38940,-1.36,-0.02,-0.26,0.03,-0.00,-0.17
38941,-1.26,-0.13,-0.16,-0.08,-0.11,-0.07
38942,-1.26,-0.13,0.05,0.03,-0.11,-0.07
38943,-1.36,-0.02,-0.26,-0.08,-0.11,-0.07
38944,-1.26,-0.13,-0.16,-0.08,-0.11,-0.07
38945,-1.36,-0.23,0.05,-0.08,-0.11,-0.07
38946,-1.36,-0.02,-0.26,0.03,-0.11,-0.07
38947,-1.05,-0.23,-0.26,-0.08,-0.11,-0.07
38948,-1.36,-0.13,0.16,0.03,-0.21,-0.07
38949,-1.36,-0.02,-0.26,0.03,-0.11,-0.17
38950,-1.16,-0.13,-0.57,0.03,-0.11,-0.17
38951,-1.36,-0.23,0.16,0.03,-0.11,-0.28
38952,-1.47,0.08,-0.16,0.03,-0.21,-0.07
38953,-1.16,-0.23,-0.57,-0.08,-0.21,0.04
38954,-1.36,-0.13,0.05,-0.08,-0.11,-0.07
38955,-1.47,0.08,0.05,0.03,-0.00,0.04
38956,-1.16,-0.02,-0.47,-0.08,-0.11,-0.17
38957,-1.36,-0.13,-0.05,0.03,-0.21,-0.07
38958,-1.26,0.08,-0.05,0.03,-0.21,-0.17
38959,-1.26,-0.13,-0.47,0.03,-0.11,-0.07
38960,-1.57,-0.13,-0.05,0.03,-0.11,-0.17
38961,-1.26,0.08,0.05,-0.08,-0.11,-0.07
38962,-0.95,-0.23,-0.47,0.03,-0.11,0.04
38963,-1.57,-0.02,-0.16,-0.08,-0.00,0.04
38964,-1.26,0.08,0.05,-0.08,-0.00,-0.07
38965,-0.95,-0.13,-0.26,-0.08,-0.21,-0.07
38966,-1.57,-0.02,-0.26,-0.08,-0.11,-0.17
38967,-1.36,-0.13,0.05,0.13,-0.11,-0.17
38968,-1.05,-0.13,-0.16,-0.08,-0.11,0.04
38969,-1.57,-0.02,-0.36,0.03,-0.21,-0.17
38970,-1.26,-0.13,-0.05,0.03,-0.11,-0.07
38971,-1.05,-0.02,-0.05,-0.18,-0.11,-0.07
38972,-1.57,-0.02,-0.36,0.03,-0.21,-0.07
38973,-1.26,-0.13,-0.05,-0.08,-0.11,-0.07
38974,-1.05,-0.02,0.26,-0.08,-0.11,-0.07
38975,-1.57,-0.23,-0.36,0.03,-0.11,-0.17
38976,-1.26,-0.02,-0.05,0.03,-0.00,-0.07
38977,-1.16,-0.23,0.05,0.03,-0.11,-0.07
38978,-1.47,-0.23,-0.26,0.03,-0.11,-0.28
38979,-1.16,0.29,-0.16,-0.08,-0.11,-0.17
38980,-1.26,-0.13,0.05,-0.08,-0.21,-0.07
38981,-1.47,-0.23,-0.26,-0.08,-0.11,-0.17
38982,-1.05,0.08,-0.16,-0.08,-0.11,-0.17
39113,-1.36,-0.23,0.05,-0.08,-0.11,-0.17
39114,-1.47,-0.23,-0.16,0.03,-0.11,0.04
39115,-1.16,0.08,-0.26,-0.08,-0.11,-0.17
39116,-1.36,-0.23,-0.05,-0.08,-0.11,-0.07
39117,-1.47,-0.13,-0.05,0.03,-0.00,-0.17
39118,-1.26,-0.02,-0.05,-0.08,-0.21,-0.17
39119,-1.26,-0.02,-0.36,-0.08,-0.11,-0.17
39120,-1.36,-0.13,0.05,-0.18,-0.21,-0.17
39121,-1.36,-0.13,-0.05,0.03,-0.11,-0.17
39122,-1.26,0.08,-0.26,0.13,-0.11,-0.17
39123,-1.16,-0.23,-0.16,0.03,-0.21,-0.17
39124,-1.26,-0.02,0.05,0.03,-0.00,-0.17
39125,-1.26,0.08,-0.16,-0.08,-0.11,-0.17
39126,-1.26,-0.23,-0.36,-0.08,-0.11,-0.07
39127,-1.26,-0.23,0.05,0.03,-0.11,-0.17
39128,-1.26,-0.02,-0.05,-0.08,-0.11,-0.17
39129,-1.16,-0.13,-0.16,0.03,-0.11,-0.07
39130,-1.36,-0.23,-0.05,0.03,-0.11,-0.28
39131,-1.36,-0.02,-0.05,0.03,-0.21,-0.07
39132,-1.16,-0.02,-0.05,-0.08,-0.11,-0.07
39133,-1.36,-0.33,-0.26,0.03,-0.21,-0.17
39134,-1.47,-0.13,-0.05,0.03,-0.11,-0.07
39135,-1.16,0.08,-0.05,0.03,-0.11,-0.07
39136,-1.16,-0.13,-0.36,0.03,-0.21,-0.28
39137,-1.57,-0.33,0.05,0.03,-0.00,-0.07
39138,-1.16,0.19,0.05,0.03,-0.21,0.04
39139,-1.16,-0.13,-0.36,-0.08,-0.11,-0.07
39140,-1.57,-0.23,-0.26,0.03,-0.11,-0.07
39141,-1.26,0.19,0.05,0.03,-0.21,-0.17
39142,-0.95,-0.23,-0.36,0.03,-0.11,-0.07
39143,-1.68,-0.13,-0.16,-0.08,-0.11,-0.07
39144,-1.57,-0.02,0.05,0.13,-0.11,-0.17
39145,-0.84,-0.13,-0.16,0.03,-0.21,-0.07
39146,-1.26,-0.02,-0.16,-0.08,-0.21,-0.07
39147,-1.78,-0.13,-0.05,0.03,-0.11,-0.07
39148,-0.95,-0.02,0.05,-0.08,-0.11,-0.17
39149,-1.05,-0.33,-0.36,0.03,-0.11,-0.17
39150,-1.78,0.08,-0.05,-0.08,-0.21,-0.17
39151,-1.26,0.08,0.16,-0.08,-0.11,-0.07
39152,-0.84,-0.23,-0.26,-0.08,-0.11,-0.17
39153,-1.68,-0.02,-0.26,-0.08,-0.11,-0.07
39154,-1.26,-0.02,0.05,0.03,-0.21,-0.07
39155,-1.05,0.08,-0.16,0.03,-0.21,-0.17
39156,-1.47,-0.44,-0.16,0.03,-0.11,-0.07
39157,-1.47,0.19,-0.16,-0.08,-0.11,0.04
39158,-0.95,-0.02,-0.05,0.03,-0.11,-0.07
39159,-1.36,-0.44,-0.05,-0.08,-0.21,-0.17
39160,-1.47,0.19,-0.16,0.03,-0.21,-0.17
39161,-1.05,-0.13,-0.16,0.03,-0.11,-0.07
39162,-1.47,-0.13,0.05,0.03,-0.11,-0.07
39163,-1.47,-0.13,-0.26,-0.08,-0.11,-0.28
39164,-1.05,0.08,-0.26,-0.18,-0.21,-0.17
39165,-1.26,-0.02,0.16,0.03,-0.11,-0.17
39166,-1.47,-0.33,-0.16,-0.08,-0.11,-0.07
39167,-1.16,0.08,-0.16,0.03,-0.21,-0.07
39168,-1.16,-0.13,-0.16,-0.08,-0.11,-0.07
39169,-1.57,-0.13,-0.05,-0.08,-0.21,-0.07
39170,-1.26,-0.02,-0.16,0.03,-0.11,-0.17
39171,-1.16,0.08,-0.36,-0.08,-0.11,-0.17
39172,-1.47,-0.23,-0.05,0.03,-0.11,-0.07
39173,-1.36,-0.23,0.05,0.03,-0.11,-0.07
39174,-1.16,0.08,-0.16,0.03,-0.11,-0.07
39175,-1.26,-0.23,-0.26,-0.18,-0.00,-0.17
39176,-1.47,-0.13,0.05,0.03,-0.11,0.04
39177,-1.26,-0.02,-0.16,0.03,-0.00,-0.17
39178,-1.16,-0.23,-0.36,0.03,-0.21,-0.07
39179,-1.36,-0.13,0.05,0.03,-0.21,-0.07
39180,-1.36,-0.33,-0.16,0.03,-0.11,-0.07
39181,-1.26,0.08,-0.26,-0.08,-0.11,-0.07
39182,-1.16,-0.13,-0.16,-0.08,-0.11,-0.07
39183,-1.36,-0.13,0.05,0.03,-0.11,-0.07
39184,-1.36,-0.02,-0.05,0.03,-0.11,-0.17
39185,-1.26,-0.13,-0.16,0.03,-0.21,-0.07
39186,-1.47,-0.23,0.05,-0.08,-0.11,-0.07
39187,-1.36,-0.02,-0.05,-0.18,-0.21,-0.07
39188,-1.16,-0.02,-0.16,-0.08,-0.11,0.04
39189,-1.16,-0.23,-0.26,0.03,-0.21,-0.07
39190,-1.36,-0.02,-0.05,-0.08,-0.21,0.04
39191,-1.26,-0.13,0.05,-0.08,-0.21,-0.17
39192,-1.16,-0.23,-0.36,-0.08,-0.11,-0.17
39193,-1.26,-0.33,-0.16,-0.08,-0.11,-0.17
39194,-1.26,-0.02,0.05,-0.08,-0.11,-0.17
39195,-1.26,0.08,-0.05,0.03,-0.21,-0.07
39196,-1.36,-0.23,-0.26,-0.08,-0.21,-0.07
39197,-1.36,-0.13,0.16,0.03,-0.11,-0.17
39198,-1.16,0.19,-0.16,-0.18,-0.21,-0.07
39199,-1.16,-0.23,-0.36,0.03,-0.11,-0.17
39200,-1.57,-0.13,0.05,0.03,-0.21,-0.07
39201,-1.05,0.08,-0.05,-0.08,-0.11,-0.07
39202,-1.05,-0.13,-0.47,0.03,-0.21,-0.07
39203,-1.78,-0.02,0.05,-0.08,-0.11,-0.07
39204,-1.36,0.08,0.05,-0.08,-0.11,-0.07
39205,-0.95,-0.13,-0.16,0.03,-0.11,-0.17
39206,-1.47,-0.02,-0.05,0.03,-0.21,-0.17
39207,-1.78,-0.02,-0.05,0.03,-0.11,-0.07
39208,-0.95,-0.02,-0.05,0.03,-0.11,-0.17
39209,-0.95,-0.13,-0.47,-0.08,-0.11,-0.07
39210,-1.88,-0.13,-0.26,-0.08,-0.21,-0.07
39211,-1.16,0.19,0.16,-0.08,-0.11,-0.07
39212,-0.74,-0.23,-0.47,-0.08,-0.11,-0.07
39213,-1.68,-0.13,-0.16,0.03,-0.11,-0.17
39214,-1.68,0.19,0.16,-0.08,-0.11,-0.07
39215,-0.84,-0.13,-0.05,-0.08,-0.11,-0.07
39216,-1.26,-0.33,-0.36,0.03,-0.11,-0.17
39217,-1.68,0.29,-0.05,-0.08,-0.11,-0.07
39218,-1.16,-0.02,0.05,0.03,-0.21,-0.07
39219,-1.05,-0.23,-0.36,-0.08,-0.11,-0.17
39220,-1.68,-0.02,-0.26,0.13,-0.11,-0.07
39221,-1.16,-0.02,-0.05,0.03,-0.11,-0.17
39222,-1.16,-0.02,0.05,-0.08,-0.21,-0.07
39223,-1.57,-0.44,-0.26,0.03,-0.11,-0.17
39224,-1.36,0.29,-0.16,0.03,-0.21,-0.07
39225,-0.95,-0.02,0.05,-0.08,-0.21,-0.07
39226,-1.57,-0.44,-0.16,-0.08,-0.11,-0.17
39227,-1.47,-0.02,-0.16,-0.08,-0.00,-0.07
39228,-1.05,0.08,-0.16,0.03,-0.11,0.04
39229,-1.26,-0.13,-0.05,0.03,0.10,-0.07
39230,-1.57,-0.23,-0.05,-0.08,-0.21,-0.17
39231,-1.05,0.08,-0.26,-0.08,-0.11,-0.17
39232,-1.16,0.08,-0.16,-0.08,-0.11,-0.17
39233,-1.78,-0.23,0.05,0.03,-0.11,-0.07
39234,-1.36,-0.13,-0.26,-0.08,-0.21,-0.07
39235,-0.95,0.19,-0.16,-0.18,-0.11,-0.17
39236,-1.47,-0.23,-0.05,-0.08,-0.21,-0.07
39237,-1.57,-0.23,-0.05,0.03,-0.11,-0.07
39238,-1.05,0.08,-0.05,0.03,-0.00,-0.07
39239,-1.05,-0.23,-0.16,0.03,-0.21,-0.17
39240,-1.68,-0.02,-0.05,-0.08,-0.21,-0.17
39241,-1.36,-0.13,-0.05,-0.08,-0.21,-0.17
39242,-0.95,-0.02,-0.36,0.03,-0.21,-0.07
39243,-1.47,-0.13,-0.16,-0.08,-0.21,-0.17
39244,-1.47,-0.13,0.05,-0.08,-0.11,-0.17
39245,-1.26,0.19,-0.05,0.03,-0.11,-0.17
39246,-1.16,-0.02,-0.47,-0.08,-0.31,-0.07
39247,-1.47,-0.23,-0.05,-0.08,-0.11,-0.07
39248,-1.36,0.08,0.05,0.03,-0.00,-0.17
39249,-1.16,-0.13,-0.26,0.03,-0.11,-0.07
39250,-1.16,-0.23,-0.26,0.03,-0.31,-0.07
39251,-1.36,-0.13,-0.05,0.13,-0.00,-0.07
39252,-1.36,-0.02,-0.16,0.03,-0.21,0.04
39253,-1.26,-0.02,-0.26,-0.08,-0.00,-0.07
39254,-1.26,-0.23,-0.26,0.03,-0.11,-0.07
39255,-1.36,-0.02,0.05,-0.08,-0.11,-0.17
39256,-1.26,0.08,-0.05,0.13,-0.11,-0.07
39257,-1.26,-0.33,-0.47,-0.08,-0.21,-0.17
39258,-1.36,-0.13,0.05,-0.08,-0.21,-0.07
39259,-1.26,0.08,0.05,-0.18,-0.21,-0.17
39260,-1.36,-0.02,-0.26,-0.08,-0.11,0.04
39261,-1.26,-0.13,-0.16,-0.18,-0.31,-0.07
39262,-1.26,-0.02,0.05,0.03,-0.00,-0.07
39263,-1.16,0.08,-0.05,0.03,-0.11,-0.07
39264,-1.36,-0.23,-0.26,-0.08,-0.11,-0.07
39265,-1.47,-0.23,-0.16,0.03,-0.11,-0.07
39266,-1.05,0.19,-0.05,-0.08,-0.21,0.04
39267,-1.26,-0.23,-0.36,-0.08,-0.11,-0.07
39268,-1.68,-0.23,-0.26,0.03,-0.21,-0.07
39269,-1.36,0.08,0.05,-0.08,-0.00,-0.17
39270,-0.84,-0.13,-0.26,0.03,-0.21,-0.07
39271,-1.47,-0.13,-0.26,-0.18,-0.11,-0.17
39272,-1.78,-0.13,0.05,-0.08,-0.11,-0.07
39273,-0.84,-0.02,-0.05,0.03,-0.00,-0.07
39274,-1.05,-0.33,-0.47,0.03,-0.00,-0.17
39275,-1.99,-0.23,-0.05,0.03,-0.11,0.04
39276,-1.36,0.29,0.26,-0.08,-0.11,-0.17
39277,-0.64,-0.23,-0.36,0.03,-0.21,-0.07
39278,-1.47,-0.33,-0.26,0.03,-0.21,-0.07
39279,-1.88,0.39,0.05,-0.18,-0.11,-0.07
39280,-0.84,-0.02,-0.05,-0.08,-0.11,0.04
39281,-0.95,-0.33,-0.36,-0.18,-0.11,-0.17
39282,-1.78,-0.13,-0.05,-0.08,-0.11,-0.17
39283,-1.36,0.29,0.16,-0.08,-0.11,-0.17
39284,-0.84,-0.23,-0.26,0.03,-0.11,-0.07
39285,-1.47,-0.65,-0.47,0.03,-0.21,-0.17
39286,-1.47,0.39,0.05,0.03,-0.21,0.04
39287,-1.05,0.08,0.05,0.03,-0.11,-0.17
39288,-1.26,-0.54,-0.26,0.03,-0.11,-0.17
39289,-1.57,-0.13,-0.16,-0.08,-0.00,-0.07
39290,-1.05,0.29,-0.05,-0.08,-0.11,-0.17
39291,-1.26,-0.13,0.05,-0.08,-0.21,-0.07
39292,-1.57,-0.54,-0.26,0.03,-0.11,-0.07
39293,-1.26,0.19,-0.16,-0.08,-0.21,-0.17
39294,-0.95,0.08,-0.05,0.03,-0.11,-0.07
39295,-1.68,-0.44,-0.05,-0.08,-0.11,-0.07
39296,-1.47,-0.02,-0.16,-0.08,-0.11,-0.07
39297,-0.74,0.08,-0.16,0.03,-0.11,-0.07
39298,-1.36,-0.23,-0.05,0.03,-0.11,-0.17
39299,-1.88,-0.02,-0.05,-0.18,-0.21,-0.17
39300,-1.05,-0.02,-0.16,0.03,-0.11,-0.07
39301,-0.95,0.29,-0.16,-0.08,-0.11,-0.07
39302,-1.78,-0.33,-0.05,0.03,-0.11,-0.17
39303,-1.57,-0.23,0.05,0.03,-0.00,-0.07
39304,-0.84,0.19,-0.05,-0.08,-0.11,-0.28
39305,-1.26,-0.33,-0.57,0.03,-0.11,-0.07
39306,-1.78,-0.13,0.16,0.03,-0.11,-0.17
39307,-1.26,-0.02,0.16,-0.08,-0.11,-0.17
39308,-0.84,-0.13,-0.68,0.03,-0.00,-0.07
39309,-1.47,-0.23,-0.16,0.03,-0.11,-0.28
39310,-1.57,-0.13,0.16,-0.08,-0.00,-0.17
39311,-1.26,0.08,-0.16,0.03,-0.11,-0.28
39312,-1.16,-0.13,-0.47,0.03,-0.00,-0.07
39313,-1.47,-0.33,-0.16,0.03,-0.11,-0.17
39314,-1.36,0.08,0.16,-0.08,-0.21,0.04
39315,-1.26,-0.13,-0.05,-0.08,-0.11,-0.28
39316,-1.16,-0.02,-0.47,0.03,-0.11,0.04
39317,-1.36,-0.33,-0.05,0.03,-0.00,0.04
39318,-1.36,-0.02,0.05,0.03,-0.00,-0.07
39319,-1.26,0.08,-0.16,0.03,-0.11,-0.07
39320,-1.05,-0.33,-0.36,-0.08,-0.21,-0.17
39321,-1.26,-0.02,0.16,-0.08,-0.21,0.04
39322,-1.47,-0.02,0.05,-0.08,-0.21,-0.07
39323,-1.26,-0.02,-0.36,-0.08,-0.21,-0.07
39324,-1.16,-0.23,-0.36,-0.08,-0.11,-0.07
39325,-1.36,-0.23,0.05,0.03,-0.11,-0.17
39326,-1.57,0.19,-0.05,0.03,-0.11,-0.07
39327,-1.26,-0.23,-0.36,0.03,-0.21,-0.07
39328,-1.16,-0.23,-0.16,-0.08,-0.21,-0.07
39329,-1.36,0.19,0.05,0.03,-0.21,-0.17
39330,-1.26,-0.13,-0.16,0.03,-0.00,0.04
39331,-1.36,-0.13,-0.26,-0.08,-0.11,0.04
39332,-1.16,-0.33,-0.05,-0.08,-0.11,-0.07
39333,-1.16,0.19,0.05,-0.08,-0.11,-0.07
39334,-1.26,-0.02,-0.26,-0.08,-0.11,-0.07
39335,-1.57,-0.33,-0.36,0.03,-0.00,-0.07
39336,-1.26,0.19,0.05,-0.08,-0.21,-0.07
39337,-1.05,-0.13,-0.26,-0.08,-0.11,-0.17
39338,-1.57,-0.02,-0.05,-0.08,-0.11,-0.17
39339,-1.68,-0.13,0.05,-0.08,-0.11,-0.07
39340,-0.84,-0.13,-0.16,-0.08,-0.11,-0.17
39341,-0.95,-0.13,-0.16,-0.08,-0.11,-0.07
39342,-1.88,-0.23,-0.05,0.03,-0.21,-0.17
39343,-1.36,0.19,0.05,-0.18,-0.21,-0.07
39344,-0.64,-0.23,-0.36,0.03,-0.11,-0.07
39345,-1.26,-0.33,-0.36,-0.08,-0.11,-0.17
39346,-1.99,0.19,0.26,-0.08,0.10,-0.17
39347,-1.05,-0.13,-0.05,0.03,-0.11,-0.07
39348,-0.74,-0.33,-0.57,-0.08,-0.00,-0.07
39349,-1.68,-0.23,-0.26,0.03,-0.21,-0.17
39350,-1.68,0.60,0.26,0.03,-0.11,-0.07
39351,-0.74,-0.02,-0.16,-0.08,-0.11,-0.07
39500,-0.84,-0.33,-0.57,0.03,-0.00,-0.17
39501,-1.47,-0.85,-0.26,0.03,-0.21,-0.28
39502,-1.68,0.39,0.16,-0.08,-0.11,-0.17
39503,-0.95,1.02,0.05,0.03,-0.11,-0.07
39504,-1.05,-0.54,-0.68,-0.08,-0.11,-0.07
39505,-1.68,-0.85,-0.05,0.03,-0.11,-0.17
39506,-1.36,0.39,0.16,0.03,-0.11,-0.17
39507,-0.95,0.71,-0.05,0.03,-0.11,-0.07
39508,-1.26,-0.65,-0.57,-0.08,-0.21,-0.07
39509,-1.78,-0.65,-0.05,-0.08,-0.11,-0.07
39510,-1.16,0.50,0.05,-0.08,-0.11,-0.17
39511,-0.84,0.50,-0.26,-0.08,-0.11,-0.07
39512,-1.36,-0.65,-0.47,-0.08,-0.21,-0.07
39513,-1.88,-0.44,0.05,-0.18,-0.11,0.04
39514,-0.95,0.39,-0.05,-0.08,-0.11,-0.17
39515,-0.84,0.19,-0.16,0.03,-0.00,0.04
39516,-1.68,-0.65,-0.26,-0.08,-0.21,0.04
39517,-1.68,-0.23,0.16,-0.08,-0.11,-0.07
39518,-0.84,0.29,-0.16,-0.08,-0.11,-0.17
39519,-1.05,0.08,-0.26,-0.08,-0.11,-0.07
39520,-1.68,-0.54,-0.26,-0.08,-0.00,0.04
39521,-1.57,-0.13,0.05,0.03,-0.00,-0.07
39522,-0.84,0.29,-0.16,-0.08,-0.00,-0.17
39523,-1.16,-0.13,-0.26,0.03,-0.21,-0.17
39524,-1.78,-0.33,-0.16,0.13,-0.21,-0.07
39525,-1.47,-0.02,-0.05,-0.08,-0.11,-0.28
39526,-0.84,0.29,0.05,-0.18,-0.11,-0.07
39527,-1.16,-0.23,-0.16,-0.08,-0.11,-0.07
39528,-1.57,-0.23,-0.16,-0.08,-0.11,-0.07
39529,-1.47,-0.02,-0.05,0.03,-0.11,-0.07
39530,-1.05,0.19,-0.05,-0.08,-0.11,-0.07
39531,-1.26,-0.13,-0.16,0.03,-0.21,-0.17
39532,-1.47,-0.33,-0.26,-0.08,-0.21,-0.07
39533,-1.26,-0.02,0.05,0.03,-0.11,-0.07
39534,-1.05,0.19,0.05,-0.18,-0.11,-0.17
39535,-1.47,-0.02,-0.05,-0.08,-0.21,-0.07
39536,-1.47,-0.44,-0.26,-0.08,-0.21,-0.17
39537,-1.26,-0.02,-0.16,-0.08,-0.11,-0.17
39538,-1.26,0.29,0.16,-0.08,-0.11,-0.07
39539,-1.47,-0.13,-0.05,0.03,-0.21,-0.17
39540,-1.36,-0.54,-0.36,-0.08,-0.00,-0.07
39541,-1.05,-0.13,-0.26,-0.18,-0.21,-0.07
39542,-1.36,0.29,0.16,-0.08,-0.21,-0.07
39543,-1.57,-0.13,-0.16,-0.08,-0.11,-0.17
39544,-1.16,-0.33,-0.26,-0.08,-0.11,-0.28
39545,-1.26,-0.02,-0.26,-0.08,-0.11,-0.17
39546,-1.36,0.39,0.16,-0.08,-0.11,-0.07
39547,-1.36,-0.13,-0.16,0.03,-0.21,-0.07
39548,-1.36,-0.44,-0.26,-0.08,-0.11,-0.17
39549,-1.36,-0.13,-0.26,-0.08,-0.11,-0.07
39550,-1.26,0.29,0.05,0.03,-0.00,-0.07
39551,-1.16,-0.23,-0.16,0.03,-0.11,0.04
39552,-1.36,-0.44,-0.26,-0.08,-0.11,-0.17
39553,-1.47,0.08,0.05,0.03,-0.11,-0.07
39554,-1.16,0.29,0.05,0.03,-0.11,-0.07
39555,-1.05,-0.23,-0.26,-0.08,-0.21,-0.07
39556,-1.26,-0.33,-0.26,0.03,-0.21,-0.17
39557,-1.78,0.19,0.05,0.03,-0.11,-0.07
39558,-1.26,0.29,-0.05,0.03,-0.11,-0.07
39559,-0.95,-0.44,-0.36,0.03,-0.11,-0.17
39560,-1.36,-0.44,-0.26,-0.08,-0.21,-0.07
39561,-1.78,0.39,0.26,0.03,-0.11,-0.17
39562,-1.16,0.19,-0.05,-0.08,-0.21,-0.17
39563,-0.84,-0.65,-0.57,-0.08,-0.11,-0.07
39564,-1.57,-0.54,-0.26,-0.08,-0.11,0.14
39565,-1.88,0.71,0.36,0.03,-0.00,0.04
39566,-1.05,0.19,-0.16,-0.08,-0.21,-0.07
39567,-0.74,-0.75,-0.78,-0.08,-0.11,-0.07
39568,-1.57,-0.44,-0.16,-0.18,-0.11,-0.17
39569,-1.68,0.91,0.47,-0.08,-0.21,-0.17
39570,-0.95,0.19,-0.26,0.03,-0.21,-0.07
39571,-0.84,-0.96,-0.78,-0.08,-0.31,-0.07
39572,-1.57,-0.33,-0.05,0.13,-0.21,-0.07
39573,-1.57,1.02,0.47,-0.08,-0.11,-0.17
39574,-1.05,0.19,-0.26,0.03,-0.11,-0.17
39575,-1.05,-1.06,-0.78,0.03,-0.11,-0.17
39576,-1.68,-0.33,0.05,0.03,-0.11,0.04
39577,-1.36,1.12,0.36,0.03,-0.00,-0.07
39578,-0.95,0.08,-0.26,0.03,-0.11,-0.07
39579,-1.36,-1.06,-0.78,-0.08,-0.00,-0.17
39580,-1.57,-0.23,0.05,-0.08,-0.11,-0.07
39581,-1.16,0.91,0.16,-0.08,-0.11,-0.07
39582,-1.16,0.08,-0.16,0.03,-0.11,-0.17
39583,-1.36,-1.06,-0.57,0.03,-0.00,0.04
39584,-1.57,-0.13,0.16,-0.08,-0.00,-0.07
39585,-0.95,0.81,0.05,0.03,-0.11,-0.17
39586,-1.16,-0.13,-0.26,-0.08,-0.21,0.04
39587,-1.47,-0.96,-0.47,0.03,-0.11,-0.07
39588,-1.57,-0.02,0.16,0.03,-0.21,-0.07
39589,-0.95,0.60,-0.16,0.03,-0.11,-0.17
39590,-1.16,-0.23,-0.26,0.03,-0.21,0.04
39591,-1.68,-0.54,-0.36,-0.08,-0.21,-0.07
39592,-1.47,0.08,0.05,-0.08,-0.11,-0.07
39593,-1.05,0.39,0.05,0.03,-0.00,-0.28
39594,-1.26,-0.33,-0.26,-0.08,-0.21,-0.17
39595,-1.57,-0.54,-0.26,0.03,-0.21,-0.07
39596,-1.26,0.08,-0.05,0.03,-0.11,-0.07
39597,-1.16,0.29,-0.05,0.13,-0.00,-0.07
39598,-1.36,-0.33,-0.16,0.03,-0.00,-0.17
39599,-1.36,-0.44,-0.16,0.03,-0.21,-0.17
39600,-1.26,0.19,-0.16,-0.08,-0.00,-0.07
39601,-1.26,0.19,0.05,0.03,-0.11,-0.07
39602,-1.47,-0.23,-0.05,-0.08,-0.21,-0.07
39603,-1.26,-0.33,-0.16,0.03,-0.11,-0.17
39604,-1.16,0.08,-0.26,0.03,-0.11,-0.17
39605,-1.47,0.19,0.16,0.03,-0.21,-0.28
39606,-1.47,-0.13,-0.16,-0.08,-0.11,-0.17
39607,-1.26,-0.33,-0.16,0.03,-0.11,-0.07
39608,-0.95,0.08,-0.36,0.03,-0.21,-0.07
39609,-1.47,-0.02,0.05,-0.08,-0.11,-0.17
39610,-1.57,-0.13,0.26,0.03,-0.11,-0.07
39611,-1.26,-0.13,-0.36,0.03,-0.11,-0.17
39612,-1.05,-0.02,-0.47,0.03,-0.11,-0.07
39613,-1.57,-0.13,0.05,-0.08,-0.11,0.04
39614,-1.57,0.08,0.05,-0.08,-0.11,-0.17
39615,-1.16,-0.02,-0.16,0.03,-0.21,-0.17
39616,-0.95,-0.23,-0.47,0.03,-0.11,-0.07
39617,-1.57,-0.13,-0.16,-0.08,-0.21,0.04
39618,-1.68,0.08,0.26,0.03,-0.21,-0.07
39619,-1.05,0.08,-0.16,-0.08,-0.00,-0.07
39620,-0.95,-0.54,-0.57,-0.18,-0.11,-0.17
39621,-1.68,-0.23,0.05,-0.08,-0.11,-0.17
39622,-1.57,0.29,0.16,-0.08,-0.21,-0.07
39623,-0.95,0.19,-0.16,0.03,-0.11,-0.17
39624,-0.95,-0.54,-0.36,-0.08,-0.11,-0.17
39625,-1.78,-0.23,-0.16,-0.08,-0.11,-0.17
39626,-1.57,0.19,0.05,0.03,-0.21,-0.07
39627,-0.84,0.29,-0.05,0.03,-0.21,-0.17
39628,-0.95,-0.54,-0.68,0.03,-0.21,0.04
39629,-1.88,-0.23,-0.05,-0.08,-0.11,-0.07
39630,-1.68,0.39,0.26,-0.08,-0.21,-0.17
39631,-0.74,0.08,-0.16,0.03,-0.11,-0.17
39632,-0.95,-0.65,-0.68,-0.08,-0.21,-0.17
39633,-1.78,-0.13,0.16,-0.08,-0.21,-0.07
39634,-1.68,0.50,0.16,-0.08,-0.11,-0.07
39635,-0.84,0.08,-0.36,-0.08,-0.21,-0.17
39636,-0.74,-0.65,-0.78,0.03,-0.11,0.04
39637,-1.68,-0.13,0.05,-0.08,-0.21,-0.17
39638,-1.78,0.71,0.47,0.03,-0.11,-0.17
39639,-0.84,0.08,-0.57,-0.08,-0.11,-0.07
39640,-0.74,-0.85,-0.68,-0.08,-0.11,-0.17
39641,-1.78,-0.23,-0.05,0.03,-0.00,-0.07
39642,-1.88,0.81,0.68,-0.08,-0.00,0.04
39643,-0.95,0.19,-0.47,0.03,-0.11,-0.07
39644,-0.64,-1.06,-0.78,0.03,-0.11,-0.17
39645,-1.68,-0.23,-0.16,-0.08,-0.11,-0.07
39646,-1.88,0.91,0.68,-0.08,-0.11,-0.17
39647,-0.95,0.19,-0.26,-0.08,-0.31,-0.07
39648,-0.84,-1.17,-1.09,0.03,-0.11,-0.17
39649,-1.57,-0.33,-0.05,-0.08,-0.00,-0.07
39650,-1.78,0.91,0.68,-0.08,-0.11,0.04
39651,-1.05,0.19,-0.36,0.03,-0.21,-0.07
39652,-0.74,-1.17,-1.09,0.03,-0.11,-0.17
39653,-1.57,-0.54,-0.05,0.03,-0.00,-0.17
39654,-1.78,0.91,0.47,0.03,-0.11,-0.07
39655,-1.16,0.29,0.05,0.03,-0.11,-0.07
39656,-0.95,-1.06,-0.99,0.03,-0.21,-0.07
39657,-1.57,-0.44,-0.36,-0.08,-0.11,-0.17
39658,-1.68,0.91,0.57,-0.08,-0.00,-0.07
39659,-1.16,0.08,-0.16,-0.08,-0.00,-0.17
39660,-0.95,-0.96,-0.99,-0.08,-0.21,-0.07
39661,-1.47,-0.44,-0.36,0.03,-0.21,-0.07
39662,-1.68,0.71,0.68,-0.08,-0.11,-0.17
39663,-1.05,0.19,-0.26,0.03,-0.21,-0.07
39664,-1.16,-0.75,-0.57,0.03,-0.11,-0.17
39665,-1.47,-0.33,-0.26,-0.08,-0.11,0.04
39666,-1.68,0.50,0.47,0.03,-0.31,-0.17
39667,-1.26,0.19,-0.05,-0.08,-0.21,-0.07
39668,-0.95,-0.75,-0.68,-0.08,-0.11,-0.17
39669,-1.26,-0.23,-0.26,0.03,-0.21,0.04
39670,-1.68,0.50,0.26,-0.08,-0.11,-0.07
39671,-1.36,0.08,0.05,0.03,-0.21,-0.17
39672,-0.95,-0.65,-0.68,0.03,-0.21,-0.07
39673,-1.26,-0.23,-0.26,-0.08,-0.21,-0.17
39674,-1.57,0.39,0.16,-0.08,-0.11,-0.17
39675,-1.47,-0.02,0.16,-0.08,-0.11,-0.07
39676,-1.16,-0.44,-0.36,-0.08,-0.11,-0.28
39677,-1.16,-0.23,-0.26,-0.08,-0.11,-0.17
39678,-1.57,0.39,0.16,-0.08,-0.11,-0.17
39679,-1.57,-0.02,-0.05,-0.08,-0.11,0.04
39680,-1.16,-0.33,-0.16,0.03,-0.00,-0.07
39681,-1.05,-0.23,-0.36,0.03,-0.11,-0.28
39682,-1.36,0.29,0.05,0.03,-0.00,-0.28
39683,-1.47,-0.23,-0.16,-0.08,-0.31,0.04
39684,-1.36,-0.33,-0.05,0.03,0.10,-0.17
39685,-0.95,-0.13,-0.36,0.03,-0.11,-0.07
39686,-1.47,0.29,0.05,-0.08,-0.21,-0.17
39687,-1.47,-0.13,-0.16,-0.08,-0.21,-0.07
39688,-1.26,-0.33,-0.05,0.03,-0.11,-0.17
39689,-1.16,-0.02,-0.16,0.03,-0.11,-0.07
39690,-1.36,0.08,0.05,0.03,-0.11,-0.17
39691,-1.47,-0.23,-0.05,0.03,-0.11,-0.17
39692,-1.36,-0.33,-0.26,-0.08,-0.21,-0.07
39693,-1.05,0.19,0.05,0.03,-0.11,-0.17
39694,-1.36,0.19,-0.05,0.03,-0.11,0.04
39695,-1.36,-0.23,-0.16,-0.08,-0.11,-0.17
39696,-1.36,-0.23,-0.36,0.03,-0.11,-0.17
39697,-1.05,0.08,-0.05,-0.08,-0.11,-0.07
39698,-1.47,0.19,0.05,0.03,-0.11,-0.17
39699,-1.36,-0.33,-0.26,0.03,-0.11,-0.17
39700,-1.26,-0.23,-0.26,0.03,-0.21,-0.17
39701,-1.26,-0.02,-0.26,0.03,-0.00,-0.07
39702,-1.26,0.29,0.05,0.03,-0.21,-0.17
39703,-1.26,-0.44,-0.36,0.03,-0.11,-0.07
39704,-1.26,-0.44,-0.26,-0.08,-0.11,-0.17
39705,-1.47,0.08,-0.05,0.03,-0.11,-0.07
39706,-1.26,0.19,0.16,-0.08,-0.21,-0.07
39707,-1.05,-0.33,-0.26,-0.08,-0.11,-0.07
39708,-1.26,-0.44,-0.36,-0.08,-0.21,-0.17
39709,-1.47,-0.02,0.05,-0.08,-0.21,-0.17
39710,-1.68,0.19,0.05,-0.08,-0.11,-0.07
39711,-1.05,-0.23,-0.26,0.03,-0.11,-0.17
39712,-1.05,-0.44,-0.57,0.03,-0.21,-0.07
39713,-1.57,0.08,0.16,0.03,-0.11,-0.07
39714,-1.78,0.39,0.16,-0.08,-0.11,-0.07
39715,-1.05,-0.23,-0.47,-0.08,-0.11,-0.07
39716,-0.74,-0.54,-0.57,0.03,-0.00,-0.17
39717,-1.68,0.08,0.05,-0.08,-0.11,-0.07
39718,-1.88,0.50,0.26,-0.08,-0.21,-0.07
39719,-0.95,-0.23,-0.47,-0.08,-0.21,-0.07
39720,-0.53,-0.54,-0.78,0.03,-0.11,-0.07
39721,-1.68,-0.13,-0.05,0.03,-0.11,-0.07
39722,-2.09,0.71,0.78,0.03,-0.21,-0.28
39723,-0.95,-0.02,-0.36,0.03,-0.11,-0.07
39724,-0.53,-0.65,-0.99,-0.08,-0.11,-0.07
39725,-1.57,-0.13,-0.05,-0.08,-0.11,-0.17
39726,-2.20,0.60,0.57,-0.08,-0.21,-0.07
39727,-1.16,0.19,-0.05,-0.08,-0.21,-0.17
39728,-0.43,-0.85,-1.20,0.03,-0.11,-0.07
39729,-1.26,-0.33,-0.16,-0.08,-0.21,-0.07
39730,-2.09,0.50,0.57,-0.08,-0.11,-0.07
39731,-1.26,0.29,0.05,-0.18,-0.11,-0.17
39732,-0.53,-0.75,-0.99,0.03,-0.00,-0.17
39733,-1.26,-0.54,-0.57,0.03,-0.11,0.04
39734,-1.99,0.29,0.68,-0.08,-0.11,-0.07
39735,-1.36,0.50,0.16,-0.08,-0.21,-0.07
39736,-0.64,-0.54,-0.78,-0.08,-0.21,-0.17
39737,-1.16,-0.54,-0.47,0.03,-0.11,-0.07
39738,-1.88,0.19,0.36,0.03,-0.11,-0.07
39739,-1.47,0.39,0.26,-0.08,-0.11,-0.17
39740,-0.74,-0.44,-0.68,0.03,-0.11,-0.07
39741,-1.16,-0.33,-0.47,0.03,-0.00,-0.28
39742,-1.88,0.08,0.16,-0.08,-0.00,0.04
39743,-1.57,0.39,0.47,-0.08,-0.21,-0.07
39744,-0.74,-0.44,-0.78,0.03,-0.11,-0.17
39745,-1.05,-0.33,-0.26,0.03,-0.21,-0.28
39746,-1.78,0.19,0.16,0.03,-0.11,-0.17
39747,-1.88,0.29,0.16,-0.08,-0.21,-0.17
39748,-1.05,-0.23,-0.26,0.03,-0.11,-0.07
39749,-0.95,-0.33,-0.57,0.03,-0.11,-0.17
39750,-1.57,0.19,0.16,-0.08,-0.11,-0.17
39751,-1.68,0.08,0.05,-0.08,-0.11,-0.07
39752,-1.16,-0.13,-0.05,0.03,-0.11,-0.17
39753,-0.95,-0.33,-0.47,0.03,-0.00,0.04
39754,-1.36,-0.02,0.05,0.03,-0.11,-0.07
39755,-1.68,0.19,0.05,0.03,-0.11,-0.17
39756,-1.26,-0.13,-0.47,0.03,-0.00,-0.07
39757,-0.95,-0.23,-0.05,-0.08,-0.21,-0.17
39758,-1.36,-0.02,-0.16,0.03,-0.11,-0.07
39759,-1.47,0.19,0.05,-0.08,-0.00,-0.17
39760,-1.26,-0.23,-0.36,0.03,-0.11,0.04
39761,-1.16,-0.23,-0.26,0.03,-0.00,-0.07
39762,-1.36,0.08,-0.05,0.03,-0.11,-0.17
39763,-1.47,0.08,-0.05,-0.08,-0.11,-0.17
39764,-1.26,-0.13,-0.26,-0.08,-0.11,-0.07
39765,-1.16,-0.44,-0.47,0.03,-0.11,0.04
39766,-1.36,0.08,0.05,0.03,-0.21,-0.17
39767,-1.36,0.08,-0.05,0.03,-0.11,-0.07
39768,-1.26,-0.13,-0.05,-0.18,-0.11,-0.17
39769,-1.05,-0.33,-0.68,0.03,-0.11,-0.17
39770,-1.47,-0.02,0.16,-0.08,-0.11,-0.17
39771,-1.47,0.19,0.16,-0.08,-0.11,-0.17
39772,-1.26,-0.13,-0.36,0.03,-0.11,-0.07
39773,-1.16,-0.44,-0.26,0.03,-0.11,-0.07
39774,-1.26,-0.13,-0.26,0.13,-0.11,-0.17
39775,-1.57,0.29,0.16,0.03,-0.11,-0.28
39776,-1.36,-0.02,-0.05,-0.18,-0.11,-0.07
39777,-1.05,-0.44,-0.36,0.03,-0.11,-0.07
39778,-1.16,-0.13,-0.26,-0.08,-0.21,-0.07
39779,-1.57,0.08,-0.05,0.03,-0.21,-0.17
39780,-1.47,0.08,0.05,-0.08,-0.21,-0.17
39781,-1.16,-0.33,-0.36,0.03,-0.11,-0.07
39782,-1.16,-0.23,-0.26,0.03,-0.21,-0.07
39783,-1.47,-0.02,-0.05,-0.08,-0.00,0.04
39784,-1.57,0.19,0.16,0.03,-0.11,-0.17
39785,-1.05,-0.13,-0.26,0.03,-0.21,0.04
39786,-1.05,-0.33,-0.36,0.03,-0.21,-0.07
39787,-1.57,-0.02,0.05,0.03,-0.11,-0.07
39788,-1.68,0.08,0.05,0.03,-0.11,-0.17
39789,-1.16,-0.02,-0.05,-0.08,-0.11,0.04
39790,-0.95,-0.44,-0.47,-0.18,-0.21,-0.07
39791,-1.47,-0.13,-0.16,-0.08,-0.11,-0.17
39792,-1.68,0.08,0.05,-0.08,-0.21,-0.07
39793,-1.26,-0.13,-0.16,0.03,-0.11,-0.07
39794,-0.74,-0.23,-0.26,0.03,-0.21,-0.07
39795,-1.26,-0.23,-0.26,0.03,-0.11,-0.17
39796,-1.68,0.08,0.16,-0.18,-0.11,-0.07
39797,-1.57,0.19,0.05,-0.08,-0.11,-0.07
39798,-0.84,-0.23,-0.57,-0.08,-0.21,-0.07
39799,-0.84,-0.33,-0.16,0.03,-0.21,-0.17
39800,-1.88,0.08,0.05,-0.08,-0.11,-0.07
39801,-1.68,0.19,0.26,0.03,-0.11,-0.17
39802,-1.16,-0.13,-0.16,0.13,-0.11,-0.07
39803,-0.84,-0.44,-0.57,-0.08,-0.11,-0.07
39804,-1.36,-0.13,-0.05,-0.08,-0.11,-0.17
39805,-1.88,0.29,0.26,0.03,-0.21,-0.07
39806,-1.36,-0.02,-0.05,-0.08,-0.11,-0.07
39807,-0.84,-0.54,-0.57,0.03,-0.00,-0.28
39808,-1.05,-0.23,-0.26,0.03,-0.11,-0.07
39809,-1.78,0.19,0.16,0.03,-0.11,-0.07
39810,-1.68,0.19,0.16,0.13,-0.21,-0.07
39811,-0.95,-0.13,-0.47,0.03,-0.11,-0.17
39812,-0.95,-0.33,-0.47,-0.08,-0.11,-0.07
39813,-1.57,0.08,0.16,-0.08,-0.21,-0.07
39814,-1.68,0.08,0.05,0.03,-0.11,-0.07
39815,-1.05,-0.13,-0.16,0.03,-0.21,-0.07
39816,-0.95,-0.23,-0.57,-0.08,-0.21,-0.07
39817,-1.47,-0.13,-0.16,-0.08,-0.00,-0.07
39818,-1.68,-0.02,0.36,0.03,-0.11,-0.07
39819,-1.26,-0.13,-0.26,-0.08,-0.11,-0.17
39820,-0.95,-0.23,-0.26,0.03,-0.11,-0.07
39821,-1.36,-0.13,-0.16,0.03,-0.11,0.04
39822,-1.68,-0.13,0.05,-0.08,-0.11,0.04
39823,-1.47,-0.02,0.05,0.03,-0.11,-0.07
39824,-0.95,-0.13,-0.47,0.03,-0.11,-0.07
39825,-0.95,-0.13,-0.05,-0.08,-0.11,-0.07
39826,-1.57,-0.13,-0.16,0.03,-0.11,-0.07
39827,-1.57,-0.02,0.05,0.03,-0.00,0.04
39828,-1.16,-0.02,-0.05,-0.08,-0.00,-0.07
39829,-0.95,-0.13,-0.47,0.13,-0.11,-0.07
39830,-1.36,-0.02,-0.05,-0.08,-0.11,-0.17
39831,-1.47,-0.13,-0.16,0.03,-0.11,-0.07
39832,-1.36,-0.02,-0.05,0.03,-0.11,-0.07
39833,-0.95,-0.23,-0.16,-0.08,-0.11,-0.07
39834,-1.16,-0.13,-0.16,-0.08,-0.11,-0.17
39835,-1.47,-0.13,-0.05,-0.08,-0.21,-0.07
39836,-1.36,-0.13,-0.16,-0.08,-0.11,-0.17
39837,-1.36,-0.13,0.05,-0.08,-0.11,-0.07
39838,-1.26,-0.23,-0.16,0.03,-0.11,-0.07
39839,-1.36,-0.13,-0.05,-0.08,-0.00,-0.17
39840,-1.47,-0.02,-0.05,-0.08,-0.11,-0.17
39841,-1.26,-0.02,-0.26,-0.08,-0.11,-0.07
39842,-1.26,-0.13,-0.05,0.03,-0.00,-0.07
39843,-1.26,-0.02,-0.26,0.03,-0.21,-0.07
39844,-1.36,-0.23,-0.05,0.03,-0.11,-0.07
39845,-1.36,-0.02,-0.16,0.03,-0.21,-0.17
39846,-1.36,-0.23,-0.26,0.03,-0.11,-0.17
39847,-1.47,-0.02,0.16,-0.08,-0.00,-0.07
39848,-1.26,-0.02,-0.26,-0.08,-0.11,-0.07
39849,-1.26,-0.13,-0.05,-0.18,-0.21,-0.07
39850,-1.16,-0.13,-0.26,-0.08,-0.21,-0.17
39851,-1.36,-0.02,-0.16,-0.18,-0.21,-0.07
39852,-1.36,-0.02,0.05,-0.08,-0.21,-0.07
39853,-1.26,-0.13,-0.26,-0.08,-0.11,-0.07
39854,-1.26,-0.02,-0.16,-0.08,-0.11,-0.07
39855,-1.26,-0.33,-0.16,0.03,-0.11,-0.07
39856,-1.47,0.08,0.05,0.03,-0.11,-0.07
39857,-1.16,-0.02,-0.05,-0.08,-0.21,-0.07
39858,-1.26,-0.13,-0.16,-0.08,-0.21,-0.17
39859,-1.26,-0.23,-0.16,-0.08,-0.11,-0.07
39860,-1.36,-0.13,-0.16,-0.08,-0.21,-0.17
39861,-1.36,0.08,0.05,-0.08,-0.11,-0.17
39862,-1.16,-0.02,-0.05,-0.08,-0.11,-0.17
39863,-1.05,-0.23,-0.16,0.03,-0.21,-0.07
39864,-1.16,-0.23,-0.16,0.03,-0.11,-0.17
39865,-1.36,-0.02,-0.16,0.03,-0.21,-0.17
39866,-1.36,0.08,0.05,-0.08,-0.21,-0.07
39867,-1.26,-0.13,-0.05,-0.08,-0.21,-0.07
39868,-1.16,-0.33,-0.36,0.03,-0.11,-0.07
39869,-1.36,-0.02,-0.05,0.03,-0.21,-0.07
39870,-1.57,-0.02,-0.16,-0.08,-0.21,-0.07
39871,-1.36,0.08,0.05,-0.08,-0.11,-0.17
39872,-1.05,-0.13,-0.36,0.03,-0.21,-0.17
39873,-1.26,-0.33,-0.36,-0.08,-0.11,-0.07
39874,-1.36,-0.02,0.05,0.03,-0.00,-0.17
39875,-1.47,0.08,-0.05,-0.08,-0.21,-0.17
39876,-0.95,-0.02,-0.05,-0.08,-0.11,-0.07
39877,-1.05,-0.33,-0.26,0.03,-0.21,-0.17
39878,-1.47,-0.13,-0.16,-0.08,-0.11,-0.17
39879,-1.57,0.08,0.05,0.03,-0.21,-0.17
39880,-1.26,-0.02,-0.16,-0.08,-0.11,-0.07
39881,-0.95,-0.23,-0.26,-0.08,-0.11,-0.07
39882,-1.16,-0.13,-0.16,-0.18,-0.11,-0.07
39883,-1.57,-0.13,0.16,-0.08,-0.11,-0.07
39884,-1.57,0.19,0.05,-0.08,-0.11,0.04
39885,-1.16,-0.02,-0.26,-0.08,-0.21,-0.07
39886,-0.84,-0.44,-0.26,0.03,-0.00,-0.17
39887,-1.47,-0.13,-0.05,-0.08,-0.00,-0.07
39888,-1.68,0.08,0.05,-0.08,-0.11,-0.17
39889,-1.36,-0.02,-0.16,0.13,-0.11,-0.17
39890,-0.95,-0.33,-0.68,-0.08,-0.21,-0.07
39891,-1.05,-0.13,-0.05,0.03,-0.11,-0.17
39892,-1.68,0.08,-0.05,-0.08,-0.21,0.04
39893,-1.47,0.08,0.16,0.03,-0.11,-0.07
39894,-1.16,-0.02,-0.16,0.03,-0.21,-0.07
39895,-1.16,-0.33,-0.78,-0.08,-0.11,-0.17
39896,-1.26,-0.13,0.16,0.03,-0.11,-0.07
39897,-1.68,0.08,0.05,-0.08,-0.00,-0.17
39898,-1.36,-0.02,-0.05,-0.08,-0.11,0.04
39899,-0.95,-0.23,-0.26,-0.08,-0.11,-0.07
39900,-1.16,-0.13,-0.36,-0.08,-0.11,-0.07
39901,-1.57,-0.02,0.16,-0.08,-0.11,-0.07
39902,-1.57,-0.13,-0.05,0.03,-0.00,0.04
39903,-1.05,-0.02,-0.26,-0.08,-0.11,-0.07
39904,-1.05,-0.02,-0.16,0.03,-0.21,-0.07
39905,-1.36,-0.13,-0.26,-0.08,-0.21,-0.17
39906,-1.57,-0.13,0.05,0.03,-0.11,-0.07
39907,-1.16,-0.02,-0.16,-0.08,-0.21,0.04
39908,-0.95,-0.02,-0.26,-0.08,-0.11,-0.07
39909,-1.36,-0.02,-0.05,0.03,-0.11,-0.07
39910,-1.47,-0.23,-0.16,0.03,-0.00,-0.07
39911,-1.36,0.08,0.05,-0.18,-0.11,-0.07
39912,-1.26,0.08,-0.16,-0.08,-0.21,-0.07
39913,-1.05,-0.23,-0.16,0.03,-0.21,-0.07
39914,-1.36,0.08,-0.05,-0.08,-0.21,-0.17
39915,-1.36,-0.23,-0.26,0.03,-0.21,-0.07
39916,-1.36,-0.02,0.16,0.03,-0.11,-0.17
39917,-1.16,-0.02,-0.36,-0.08,-0.11,-0.17
39918,-1.05,-0.13,-0.16,-0.08,-0.11,-0.17
39919,-1.36,-0.02,-0.05,0.03,-0.11,-0.17
39920,-1.47,-0.13,-0.26,0.03,-0.11,-0.07
39921,-1.36,-0.02,0.16,-0.08,-0.21,-0.17
39922,-1.16,-0.13,-0.36,-0.08,-0.11,-0.07
39923,-1.16,-0.13,-0.05,-0.08,-0.00,-0.17
39924,-1.36,-0.13,0.16,-0.08,-0.21,-0.07
39925,-1.47,-0.13,-0.26,0.03,-0.00,-0.07
39926,-1.26,-0.13,-0.05,-0.08,-0.11,-0.17
39927,-1.26,-0.13,-0.05,0.03,-0.21,-0.17
39928,-1.47,-0.02,-0.26,0.03,-0.21,-0.07
40088,-1.16,-0.13,0.05,-0.08,-0.11,-0.07
40089,-1.16,-0.23,-0.57,0.03,-0.21,-0.07
40090,-1.26,-0.23,-0.26,0.03,-0.11,-0.07
40091,-1.47,-0.13,0.26,-0.08,-0.11,0.04
40092,-1.36,-0.02,-0.36,0.03,-0.11,-0.07
40093,-1.05,0.08,-0.16,0.03,-0.11,0.04
40094,-1.16,-0.13,0.05,0.03,-0.21,-0.17
40095,-1.26,-0.13,-0.47,-0.08,-0.11,-0.07
40096,-1.36,-0.23,0.05,-0.08,-0.11,-0.07
40097,-1.36,-0.13,0.16,-0.08,-0.11,-0.17
40098,-1.26,0.08,-0.26,-0.08,-0.21,-0.07
40099,-1.05,-0.13,0.05,-0.08,-0.11,0.04
40100,-1.26,-0.02,-0.26,-0.08,-0.11,-0.07
40101,-1.36,-0.23,-0.47,0.03,-0.21,-0.17
40102,-1.36,-0.13,0.16,-0.08,-0.11,-0.07
40103,-1.36,0.19,-0.26,-0.08,-0.21,-0.07
40104,-1.16,-0.13,-0.47,-0.08,-0.00,-0.07
40105,-1.16,-0.02,0.16,-0.08,-0.11,-0.07
40106,-1.47,-0.13,-0.47,0.03,-0.21,0.04
40107,-1.47,-0.23,0.05,0.03,-0.21,-0.07
40108,-1.47,-0.02,0.05,-0.08,-0.00,-0.07
40109,-1.16,-0.13,-0.68,-0.08,-0.11,-0.17
40110,-1.16,-0.13,-0.05,0.03,-0.21,-0.07
40111,-1.47,-0.02,-0.05,-0.08,-0.21,-0.17
40112,-1.36,-0.13,-0.47,-0.08,-0.00,-0.07
40113,-1.26,-0.13,0.26,-0.08,-0.11,-0.07
40114,-1.36,-0.02,-0.26,-0.08,-0.11,-0.07
40115,-1.16,-0.13,-0.47,0.03,-0.00,-0.07
40116,-1.36,-0.23,0.16,0.03,-0.11,-0.17
40117,-1.47,-0.13,-0.47,0.03,-0.21,-0.07
40118,-1.26,-0.13,-0.16,-0.08,-0.00,-0.07
40119,-1.47,-0.02,0.16,-0.08,-0.11,-0.07
40120,-1.26,-0.02,-0.36,0.03,-0.11,-0.07
40121,-1.16,-0.33,-0.16,-0.08,-0.11,-0.17
40122,-1.36,0.08,0.16,-0.08,-0.11,-0.17
40123,-1.26,-0.02,-0.57,-0.08,-0.11,-0.07
40124,-1.16,-0.13,0.05,-0.08,-0.11,-0.17
40125,-1.36,-0.02,-0.05,0.03,-0.11,-0.17
40126,-1.26,-0.23,-0.47,0.13,-0.21,-0.07
40127,-1.26,-0.13,0.05,0.13,-0.11,-0.07
40128,-1.36,-0.13,-0.16,0.03,-0.11,-0.07
40129,-1.36,-0.02,-0.36,-0.08,-0.21,-0.17
40130,-1.26,-0.13,0.16,-0.08,-0.21,-0.17
40131,-1.36,-0.13,-0.16,0.03,0.10,-0.28
40132,-1.16,-0.13,-0.26,0.03,-0.11,0.04
40133,-1.36,-0.23,0.16,0.03,-0.21,-0.07
40134,-1.36,0.08,-0.36,-0.08,-0.21,-0.07
40135,-1.36,-0.23,-0.26,0.03,-0.11,-0.07
40136,-1.36,-0.02,0.16,-0.08,-0.11,-0.07
40137,-1.36,0.08,-0.26,-0.18,-0.21,-0.17
40138,-1.26,-0.23,-0.26,-0.08,-0.21,-0.17
40139,-1.36,-0.02,0.05,-0.18,-0.11,-0.17
40140,-1.36,-0.02,-0.68,-0.08,-0.00,-0.17
40141,-1.26,-0.13,0.05,-0.08,-0.00,0.04
40142,-1.47,-0.02,0.16,-0.08,-0.21,0.04
40143,-1.26,-0.02,-0.47,-0.08,-0.00,-0.17
40144,-1.16,-0.13,0.05,-0.08,-0.11,-0.07
40145,-1.36,-0.13,-0.16,-0.18,-0.00,0.04
40146,-1.26,-0.02,-0.47,-0.08,-0.11,-0.07
40147,-1.26,-0.13,0.16,-0.08,-0.11,-0.07
40148,-1.47,-0.02,-0.05,0.03,-0.11,-0.07
40149,-1.16,-0.13,-0.26,-0.08,-0.11,-0.07
40150,-1.26,-0.23,-0.05,0.03,-0.21,-0.07
40151,-1.36,-0.02,-0.26,0.13,-0.11,-0.17
40152,-1.36,-0.02,-0.16,-0.08,-0.00,0.04
40153,-1.36,-0.02,0.16,-0.08,-0.11,-0.17
40154,-1.26,-0.13,-0.36,-0.08,-0.21,-0.07
40155,-1.26,-0.23,-0.26,0.03,-0.21,-0.07
40156,-1.26,-0.13,0.16,-0.08,-0.21,-0.17
40157,-1.26,-0.02,-0.16,-0.08,-0.11,-0.17
40158,-1.36,-0.02,-0.26,0.03,-0.21,0.04
40159,-1.36,-0.13,0.16,0.03,-0.11,-0.07
40160,-1.16,-0.02,-0.26,-0.08,-0.11,-0.07
40161,-1.26,-0.23,-0.26,-0.08,-0.11,-0.07
40162,-1.26,-0.13,0.05,0.03,-0.11,-0.17
40163,-1.36,0.08,-0.36,-0.08,-0.21,0.04
40165,-1.36,-0.13,-0.05,-0.08,-0.11,-0.07
40165,-1.16,0.19,0.05,0.03,-0.21,-0.07
40166,-1.16,-0.33,-0.57,0.03,-0.21,-0.17
40167,-1.36,-0.23,0.05,-0.08,-0.00,-0.07
40168,-1.47,-0.02,0.16,0.03,-0.11,-0.07
40169,-1.26,0.08,-0.47,0.03,-0.00,-0.07
40170,-1.26,0.08,0.05,-0.08,-0.11,-0.17
40171,-1.16,-0.13,-0.16,-0.08,-0.11,-0.07
40172,-1.16,-0.02,-0.47,-0.08,-0.21,-0.07
40173,-1.47,-0.13,0.16,-0.18,-0.21,-0.07
40174,-1.47,-0.02,-0.05,0.03,-0.11,-0.07
40175,-1.26,-0.02,-0.36,-0.18,-0.21,-0.07
40176,-1.16,-0.02,0.05,-0.08,-0.11,-0.17
40177,-1.16,-0.02,-0.26,-0.08,-0.11,-0.17
40178,-1.36,-0.33,-0.16,0.03,-0.00,-0.07
40179,-1.57,-0.02,0.16,0.03,-0.00,-0.07
40180,-1.26,0.08,-0.16,-0.08,-0.21,-0.07
40181,-1.16,-0.13,-0.36,-0.08,-0.21,-0.07
40182,-1.16,-0.13,-0.05,0.03,-0.11,-0.17
40183,-1.16,-0.13,-0.16,-0.08,-0.11,0.04
40184,-1.47,-0.13,-0.16,0.03,-0.11,-0.07
40185,-1.36,-0.23,0.26,-0.08,-0.11,-0.07
40186,-1.26,0.08,-0.26,-0.08,-0.21,-0.17
40187,-1.16,-0.23,-0.36,-0.08,-0.11,-0.17
40188,-1.36,-0.23,0.16,0.03,-0.11,-0.07
40189,-1.36,-0.13,-0.16,0.03,-0.00,-0.07
40190,-1.47,-0.13,-0.16,0.03,-0.21,-0.07
40191,-1.26,-0.13,0.16,-0.08,-0.00,-0.07
40192,-1.16,-0.13,-0.26,-0.08,-0.21,0.04
40193,-1.26,-0.02,-0.26,0.03,-0.00,-0.07
40194,-1.26,-0.23,0.05,-0.18,-0.11,-0.07
40195,-1.47,-0.02,-0.16,-0.08,-0.21,-0.07
40196,-1.26,-0.13,-0.05,-0.08,-0.21,-0.07
40197,-1.16,-0.02,0.05,-0.08,-0.11,-0.07
40198,-1.26,-0.02,-0.26,-0.08,-0.11,-0.17
40199,-1.16,-0.23,-0.05,-0.08,-0.11,-0.07
40200,-1.36,-0.02,0.05,-0.18,-0.21,0.04
40201,-1.36,-0.13,-0.16,0.13,-0.21,-0.07
40202,-1.26,0.08,-0.05,-0.08,-0.11,-0.07
40203,-1.16,-0.02,-0.05,0.03,-0.11,-0.17
40204,-1.26,-0.13,-0.36,0.03,-0.11,0.04
40205,-1.36,-0.13,-0.05,0.03,-0.21,-0.07
40206,-1.47,-0.13,-0.05,0.03,-0.11,-0.17
40207,-1.36,-0.02,-0.16,0.03,-0.11,-0.17
40208,-1.26,-0.13,-0.05,0.03,-0.11,-0.17
40209,-1.16,-0.13,-0.05,-0.08,-0.11,-0.17
40210,-1.47,-0.23,-0.16,-0.08,-0.11,-0.07
40211,-1.36,-0.13,-0.16,-0.18,-0.21,0.04
40212,-1.26,-0.13,0.05,0.03,-0.11,-0.07
40213,-1.36,0.08,-0.05,-0.08,-0.11,-0.07
40214,-1.26,-0.13,-0.16,0.03,-0.11,-0.07
40215,-1.16,-0.13,-0.05,0.03,-0.21,0.04
40216,-1.47,-0.02,-0.16,-0.08,-0.11,-0.07
40217,-1.36,-0.13,-0.16,-0.08,-0.11,-0.07
40218,-1.36,0.08,0.05,-0.08,-0.11,-0.07
40219,-1.26,-0.02,-0.26,-0.08,-0.11,-0.07
40220,-1.05,-0.23,-0.16,0.03,-0.11,-0.07
40221,-1.26,-0.13,0.05,0.03,-0.11,-0.07
40222,-1.47,-0.02,-0.26,-0.18,-0.21,-0.17
40223,-1.26,-0.23,-0.16,0.03,-0.21,-0.17
40224,-1.26,-0.02,-0.05,-0.08,-0.21,-0.17
40225,-1.36,-0.02,-0.26,0.03,-0.21,-0.07
40226,-1.16,-0.23,-0.05,0.03,-0.11,-0.17
40227,-1.16,-0.13,-0.05,0.03,-0.11,-0.07
40228,-1.26,-0.13,-0.26,0.03,-0.11,0.04
40229,-1.26,0.08,-0.05,-0.08,-0.21,-0.07
40230,-1.26,-0.02,0.05,0.03,-0.11,-0.07
40231,-1.26,-0.13,-0.05,-0.08,-0.21,-0.17
40232,-1.16,-0.13,-0.16,-0.08,-0.00,-0.07
40233,-1.26,-0.13,-0.05,-0.08,-0.21,-0.17
40234,-1.26,-0.02,-0.16,-0.08,-0.21,-0.07
40235,-1.16,-0.02,-0.16,-0.08,-0.21,-0.07
40236,-1.26,-0.02,-0.05,0.03,-0.21,-0.17
40237,-1.36,-0.13,0.05,0.03,-0.11,-0.07
40238,-1.26,-0.02,-0.16,-0.18,-0.21,-0.17
40239,-1.16,-0.13,-0.05,0.03,-0.21,-0.07
40240,-1.26,0.08,-0.05,0.03,-0.11,-0.07
40241,-1.36,-0.02,-0.36,-0.08,-0.11,-0.07
40242,-1.26,-0.02,0.05,-0.08,-0.11,-0.17
40243,-1.36,-0.02,-0.16,0.03,-0.11,-0.17
40244,-1.26,-0.02,-0.26,-0.08,-0.21,-0.17
40245,-1.26,-0.13,0.05,0.03,-0.11,-0.07
40246,-1.36,-0.02,-0.26,-0.08,-0.11,-0.07
40247,-1.26,-0.02,-0.36,0.03,-0.11,-0.17
40248,-1.26,-0.13,0.05,0.03,-0.21,-0.07
40249,-1.47,0.08,-0.16,-0.08,-0.00,-0.07
40250,-1.26,-0.13,-0.16,-0.08,-0.11,-0.17
40251,-1.36,-0.13,0.05,-0.08,-0.11,-0.17
40252,-1.26,-0.13,-0.16,0.03,-0.11,-0.07
40253,-1.16,-0.02,-0.16,0.03,-0.21,-0.07
40254,-1.36,-0.13,0.05,0.03,-0.11,-0.07
40255,-1.26,0.08,-0.16,0.03,-0.00,0.04
40256,-1.26,-0.13,-0.16,0.03,-0.11,-0.07
40257,-1.26,-0.13,-0.16,-0.08,-0.11,-0.17
40258,-1.36,-0.02,-0.16,0.03,-0.21,-0.28
40259,-1.16,-0.02,-0.16,0.03,-0.11,0.04
40260,-1.36,-0.13,-0.05,0.03,-0.11,-0.07
40261,-1.36,-0.13,-0.05,0.03,-0.11,-0.07
40262,-1.16,-0.02,-0.26,-0.08,-0.11,-0.07
40263,-1.26,-0.13,-0.16,-0.08,-0.11,-0.17
40264,-1.26,-0.13,0.05,0.03,-0.00,-0.17
40265,-1.36,-0.02,-0.16,-0.08,-0.21,-0.07
40266,-1.36,-0.13,-0.16,0.03,-0.11,-0.17
40267,-1.26,-0.02,0.05,0.03,-0.11,-0.17
40268,-1.16,-0.02,-0.16,0.03,-0.21,-0.07
40269,-1.26,-0.23,-0.16,0.03,-0.21,-0.07
40270,-1.26,-0.13,0.05,-0.08,-0.11,-0.17
40271,-1.26,-0.13,-0.26,-0.08,-0.11,-0.07
40272,-1.36,-0.13,-0.26,-0.08,-0.11,-0.17
40273,-1.47,-0.02,0.05,-0.08,-0.11,-0.17
40274,-1.26,-0.02,-0.16,-0.08,-0.21,-0.07
40275,-1.26,-0.23,-0.26,0.03,-0.00,-0.07
40276,-1.36,-0.23,0.05,-0.08,-0.11,-0.07
40277,-1.47,-0.02,-0.16,0.03,-0.21,-0.07
40278,-1.16,0.08,-0.26,0.03,-0.21,0.04
40279,-1.26,-0.13,0.05,-0.08,-0.11,-0.07
40280,-1.26,-0.13,-0.26,0.03,-0.21,-0.07
40281,-1.16,-0.13,-0.16,-0.08,-0.11,-0.07
40282,-1.36,-0.13,0.05,-0.08,-0.11,-0.07
40283,-1.47,0.08,-0.16,0.03,-0.21,-0.07
40284,-1.26,-0.13,-0.16,-0.08,-0.21,-0.17
40285,-1.26,-0.02,-0.05,-0.08,-0.31,-0.07
40286,-1.26,-0.02,-0.26,-0.08,-0.11,-0.17
40287,-1.16,-0.13,-0.05,-0.08,-0.21,-0.07
40288,-1.47,-0.13,-0.05,0.03,-0.11,-0.07
40289,-1.47,-0.02,-0.05,0.03,-0.00,-0.07
40290,-1.26,-0.13,-0.05,-0.08,-0.11,-0.07
40291,-1.26,-0.13,-0.16,0.03,-0.21,-0.07
40292,-1.26,-0.13,-0.16,-0.08,-0.11,-0.07
40293,-1.26,-0.02,-0.05,-0.08,-0.00,-0.07
40294,-1.47,-0.02,-0.16,-0.08,-0.21,-0.07
40295,-1.26,-0.13,0.05,-0.18,-0.21,-0.07
40296,-1.26,0.08,-0.16,-0.08,-0.11,-0.17
40297,-1.26,-0.02,-0.47,-0.08,-0.11,0.04
40298,-1.26,-0.23,-0.05,0.03,-0.11,-0.07
40299,-1.26,-0.13,-0.05,0.13,-0.11,-0.07
40300,-1.36,-0.13,-0.26,0.03,-0.21,-0.17
40301,-1.36,-0.13,0.16,0.03,-0.00,-0.17
40302,-1.26,0.08,-0.16,-0.08,-0.11,-0.17
40303,-1.16,-0.13,-0.57,0.03,-0.00,-0.17
40304,-1.16,-0.13,0.05,0.03,-0.11,-0.07
40305,-1.26,-0.02,-0.05,-0.08,-0.21,-0.17
40306,-1.36,-0.13,-0.16,-0.08,-0.11,-0.07
40307,-1.26,-0.02,0.05,-0.08,-0.11,-0.17
40308,-1.26,-0.02,-0.16,-0.08,-0.21,-0.07
40309,-1.16,-0.13,-0.26,-0.08,-0.11,0.04
40310,-1.36,-0.13,-0.05,-0.08,-0.11,-0.07
40311,-1.36,-0.13,-0.05,0.03,-0.21,-0.07
40312,-1.36,-0.13,-0.05,-0.08,-0.11,-0.17
40313,-1.16,-0.02,-0.05,0.03,-0.31,-0.17
40314,-1.26,-0.02,-0.05,-0.08,-0.11,-0.07
40315,-1.16,-0.02,-0.16,0.03,-0.00,-0.17
40316,-1.36,-0.13,-0.26,-0.08,-0.00,-0.17
40317,-1.26,-0.13,-0.05,0.03,-0.11,-0.07
40318,-1.47,-0.02,-0.05,-0.08,-0.21,-0.07
40319,-1.36,-0.02,-0.16,0.03,-0.11,-0.17
40320,-1.26,-0.13,-0.16,-0.08,-0.00,-0.07
40321,-1.16,-0.23,-0.16,-0.08,-0.00,0.04
40322,-1.36,-0.13,-0.16,0.03,-0.11,-0.07
40323,-1.36,-0.02,-0.16,0.03,-0.21,-0.17
40324,-1.26,-0.13,0.05,-0.08,-0.21,-0.07
40325,-1.36,-0.02,-0.16,-0.08,-0.11,-0.07
40326,-1.16,-0.02,-0.05,0.03,-0.11,-0.07
40327,-1.16,-0.13,-0.05,-0.08,-0.11,-0.17
40328,-1.26,-0.13,-0.16,-0.08,-0.11,-0.17
40329,-1.47,-0.02,-0.16,-0.08,-0.00,-0.07
40330,-1.26,-0.13,0.05,-0.08,-0.21,-0.07
40331,-1.36,0.08,-0.16,0.03,-0.21,0.04
40332,-1.26,-0.13,-0.16,-0.08,-0.21,0.04
40333,-1.16,-0.13,-0.05,-0.08,-0.11,-0.07
40334,-1.26,-0.02,-0.05,-0.08,-0.11,-0.17
40335,-1.36,-0.02,-0.26,-0.08,-0.21,0.04
40336,-1.26,-0.13,-0.05,0.03,-0.11,-0.07
40337,-1.26,0.08,-0.05,0.03,-0.21,-0.17
40338,-1.36,-0.23,-0.16,-0.08,-0.11,-0.17
40339,-1.16,-0.02,0.05,0.03,-0.11,-0.17
40340,-1.26,-0.13,-0.05,-0.08,-0.11,-0.28
40483,-1.26,-0.13,-0.16,0.03,-0.11,-0.07
40484,-1.16,-0.23,-0.05,-0.08,-0.11,-0.07
40485,-1.26,-0.02,-0.05,-0.08,-0.21,-0.17
40486,-1.26,-0.02,-0.26,0.03,-0.21,-0.17
40487,-1.26,-0.23,-0.05,-0.18,-0.11,-0.17
40488,-1.36,-0.13,-0.05,-0.08,-0.11,-0.07
40489,-1.36,-0.02,-0.16,-0.18,-0.21,-0.07
40490,-1.16,-0.13,-0.05,-0.18,-0.11,-0.07
40491,-1.26,-0.13,-0.05,0.03,-0.11,-0.17
40492,-1.26,-0.23,-0.16,0.03,-0.00,-0.17
40493,-1.26,0.08,-0.05,-0.08,-0.21,-0.07
40494,-1.36,-0.13,-0.16,0.03,-0.00,-0.07
40495,-1.47,-0.13,-0.05,0.03,-0.11,-0.28
40496,-1.36,-0.13,-0.05,0.03,-0.11,-0.07
40497,-1.16,0.08,-0.05,-0.08,-0.21,-0.17
40498,-1.26,-0.13,-0.26,0.03,-0.00,-0.07
40499,-1.36,-0.23,-0.05,-0.08,-0.11,-0.07
40500,-1.16,-0.02,-0.16,0.03,-0.11,0.04
40501,-1.26,-0.02,-0.16,-0.08,-0.21,0.04
40502,-1.47,-0.23,0.05,0.03,-0.11,0.04
40503,-1.26,-0.02,-0.05,-0.08,-0.21,-0.17
40504,-1.05,-0.02,-0.16,0.03,-0.11,-0.17
40505,-1.36,-0.23,-0.05,-0.08,-0.11,-0.07
40506,-1.36,-0.13,0.05,-0.18,-0.21,-0.28
40507,-1.16,-0.02,-0.05,0.03,-0.11,-0.07
40508,-1.26,-0.02,-0.16,0.03,-0.11,-0.07
40509,-1.57,-0.13,-0.05,-0.08,-0.21,-0.28
40510,-1.16,-0.02,0.05,-0.08,-0.21,-0.07
40511,-1.16,0.08,-0.16,0.13,-0.21,-0.17
40512,-1.26,-0.13,-0.16,0.03,-0.11,-0.28
40513,-1.36,-0.23,-0.05,-0.08,-0.11,-0.17
40514,-1.26,-0.02,-0.05,-0.08,-0.11,-0.07
40515,-1.26,-0.02,-0.16,-0.08,-0.21,-0.17
40516,-1.47,-0.23,-0.16,0.03,-0.00,0.04
40517,-1.47,-0.13,0.05,-0.08,-0.21,-0.07
40518,-1.16,-0.02,-0.16,-0.08,-0.21,-0.17
40519,-1.26,-0.13,-0.26,-0.18,-0.21,-0.17
40520,-1.47,-0.13,-0.05,0.03,-0.11,0.04
40521,-1.36,-0.02,0.05,-0.08,-0.11,-0.07
40522,-1.16,-0.02,-0.16,0.03,-0.31,-0.07
40523,-1.36,-0.13,-0.26,-0.08,-0.11,-0.07
40524,-1.36,-0.13,-0.05,0.03,-0.11,-0.17
40525,-1.36,-0.02,-0.05,0.03,-0.11,-0.07
40526,-1.16,-0.13,-0.16,0.03,-0.11,-0.07
40527,-1.36,-0.13,-0.16,0.03,-0.21,-0.17
40528,-1.47,-0.02,-0.05,0.03,-0.21,-0.17
40529,-1.26,-0.02,-0.16,0.03,-0.21,-0.17
40530,-1.16,-0.02,-0.16,-0.08,-0.21,-0.07
40531,-1.26,-0.02,-0.05,-0.18,-0.11,-0.17
40532,-1.36,-0.02,0.05,-0.08,-0.11,-0.07
40533,-1.16,-0.02,-0.26,-0.18,-0.00,-0.07
40534,-1.16,-0.23,-0.05,-0.08,-0.21,-0.07
40535,-1.57,-0.13,-0.16,0.03,-0.11,-0.07
40536,-1.47,-0.02,0.05,-0.08,-0.11,-0.07
40537,-1.16,-0.02,-0.05,-0.08,-0.21,-0.17
40538,-1.26,-0.13,-0.36,0.03,-0.11,-0.17
40539,-1.36,-0.13,0.05,-0.08,-0.11,-0.07
40540,-1.26,0.08,-0.16,-0.08,-0.11,-0.07
40541,-1.16,-0.13,-0.26,-0.08,-0.11,-0.17
40542,-1.36,-0.13,-0.05,-0.08,-0.11,-0.17
40543,-1.36,-0.02,0.05,0.03,-0.11,-0.07
40544,-1.16,-0.13,-0.05,0.03,-0.00,-0.07
40545,-1.26,-0.13,-0.26,-0.08,-0.21,-0.17
40546,-1.36,-0.13,-0.05,-0.08,-0.11,-0.07
40547,-1.26,-0.02,-0.05,-0.18,-0.11,-0.07
40548,-1.26,-0.13,-0.16,-0.08,-0.21,-0.17
40549,-1.47,-0.13,-0.05,-0.08,-0.11,-0.07
40550,-1.47,-0.13,-0.05,0.03,-0.11,-0.07
40551,-1.16,-0.02,-0.05,-0.08,-0.00,-0.07
40552,-1.26,-0.13,-0.26,-0.08,-0.00,-0.07
40553,-1.36,-0.13,-0.26,0.03,-0.21,-0.07
40554,-1.26,0.08,-0.05,0.03,-0.11,-0.07
40555,-1.36,-0.02,-0.05,0.03,-0.21,-0.07
40556,-1.36,-0.23,-0.26,0.03,-0.21,-0.17
40557,-1.47,-0.13,0.05,0.03,-0.11,-0.07
40558,-1.26,0.08,-0.05,-0.08,-0.21,-0.07
40559,-1.16,-0.13,-0.05,-0.08,-0.11,-0.17
40560,-1.26,-0.23,-0.16,0.03,-0.11,-0.17
40561,-1.36,-0.13,-0.16,-0.08,-0.11,-0.17
40562,-1.26,0.08,0.05,0.03,-0.00,-0.07
40563,-1.36,-0.13,-0.16,-0.08,-0.11,-0.07
40564,-1.47,-0.13,-0.05,0.03,-0.11,-0.07
40565,-1.26,0.08,-0.05,-0.08,-0.21,-0.17
40566,-1.16,-0.13,-0.05,0.13,-0.11,-0.07
40567,-1.26,-0.13,-0.16,0.03,-0.31,-0.07
40568,-1.36,-0.13,-0.16,0.03,-0.11,-0.07
40569,-1.26,-0.02,-0.16,-0.08,-0.11,-0.07
40570,-1.36,0.08,-0.05,-0.08,-0.11,0.04
40571,-1.36,-0.23,-0.05,-0.08,-0.00,-0.07
40572,-1.26,-0.02,-0.05,-0.08,-0.11,-0.07
40573,-1.16,-0.02,-0.16,-0.08,-0.11,-0.07
40574,-1.16,-0.13,-0.16,0.03,-0.11,-0.17
40575,-1.36,-0.23,-0.05,0.03,-0.11,-0.17
40576,-1.47,-0.02,-0.16,-0.08,-0.11,-0.07
40577,-1.26,-0.02,-0.16,0.03,-0.11,-0.07
40578,-1.26,-0.13,-0.05,0.03,-0.00,0.04
40579,-1.47,-0.13,-0.16,0.03,-0.21,-0.17
40580,-1.36,-0.13,-0.05,-0.08,-0.11,-0.07
40581,-1.16,-0.02,-0.16,0.03,-0.21,-0.17
40582,-1.26,-0.23,-0.16,0.03,-0.21,-0.07
40583,-1.47,-0.13,0.05,-0.08,-0.11,-0.07
40584,-1.47,0.08,-0.05,-0.08,-0.11,-0.07
40585,-1.05,-0.02,-0.05,0.03,-0.11,-0.07
40586,-1.47,-0.13,-0.16,0.03,-0.11,-0.07
40587,-1.57,-0.13,0.05,0.03,-0.11,-0.07
40588,-1.16,-0.02,0.05,-0.18,-0.21,-0.07
40589,-1.05,-0.13,-0.26,-0.18,-0.11,-0.17
40590,-1.36,-0.23,-0.05,0.03,-0.21,-0.17
40591,-1.57,-0.02,-0.05,0.03,-0.11,-0.17
40592,-1.16,-0.13,-0.05,0.03,-0.11,-0.07
40593,-0.95,-0.13,-0.16,-0.08,-0.11,-0.07
40594,-1.57,-0.13,-0.05,-0.18,-0.21,-0.17
40595,-1.47,-0.02,0.05,0.03,-0.11,-0.07
40596,-1.05,-0.02,-0.16,-0.08,-0.11,-0.17
40597,-1.05,-0.23,-0.16,-0.08,-0.11,-0.28
40598,-1.36,-0.33,-0.05,0.03,-0.11,-0.28
40599,-1.36,0.19,0.05,0.03,-0.21,-0.07
40600,-1.16,-0.02,-0.36,0.03,-0.11,-0.07
40601,-1.26,-0.23,-0.16,-0.08,-0.21,-0.17
40602,-1.57,-0.13,0.05,-0.08,-0.21,-0.17
40603,-1.36,0.08,-0.05,-0.08,-0.11,0.14
40604,-1.16,-0.13,-0.16,0.03,-0.11,-0.07
40605,-1.26,-0.33,-0.16,0.03,-0.21,-0.07
40606,-1.26,-0.13,0.05,-0.08,-0.21,-0.07
40607,-1.26,0.19,0.05,-0.08,-0.21,-0.17
40608,-1.16,-0.23,-0.26,0.03,-0.11,-0.07
40609,-1.36,-0.33,-0.16,0.03,-0.00,-0.17
40610,-1.36,0.08,-0.05,0.03,-0.21,-0.17
40611,-1.47,0.29,0.05,0.03,-0.00,-0.17
40612,-1.16,-0.33,-0.26,0.03,-0.11,-0.07
40613,-1.16,-0.33,-0.26,0.03,-0.11,-0.17
40614,-1.36,0.08,-0.05,-0.08,-0.11,-0.07
40615,-1.47,0.19,-0.05,-0.08,-0.00,-0.17
40616,-1.26,-0.33,-0.16,-0.08,-0.00,-0.17
40617,-1.36,-0.33,-0.16,-0.08,-0.11,-0.17
40618,-1.47,0.19,0.16,-0.08,-0.21,-0.07
40619,-1.36,0.08,-0.05,0.13,-0.11,-0.17
40620,-1.16,-0.44,-0.26,-0.08,-0.21,-0.07
40621,-1.26,-0.33,-0.16,0.03,-0.00,-0.17
40622,-1.36,0.19,-0.05,0.03,-0.11,-0.07
40623,-1.36,0.08,-0.05,0.03,-0.11,-0.17
40624,-1.36,-0.44,-0.16,0.03,-0.21,-0.07
40625,-1.36,-0.13,-0.05,0.03,-0.21,-0.17
40626,-1.36,0.08,0.05,0.03,-0.11,-0.07
40627,-1.36,-0.02,0.05,-0.18,-0.11,-0.17
40628,-1.16,-0.44,-0.47,-0.08,-0.11,-0.07
40629,-1.16,-0.13,-0.16,-0.08,-0.11,-0.17
40630,-1.36,0.08,0.05,-0.08,-0.21,0.04
40631,-1.26,-0.02,-0.16,-0.08,-0.31,-0.07
40632,-1.26,-0.44,-0.26,0.03,-0.11,-0.07
40633,-1.26,-0.13,-0.05,0.03,-0.00,-0.17
40634,-1.26,0.08,-0.16,0.03,-0.00,-0.07
40635,-1.26,-0.02,0.05,-0.08,-0.00,-0.07
40636,-1.36,-0.44,-0.36,-0.08,-0.11,-0.07
40637,-1.26,-0.23,-0.16,-0.08,-0.11,-0.07
40638,-1.16,0.19,-0.05,-0.08,-0.11,-0.28
40639,-1.36,-0.02,-0.16,-0.18,-0.21,-0.07
40640,-1.26,-0.44,-0.26,0.03,-0.11,-0.28
40641,-1.26,-0.02,-0.16,-0.08,-0.00,0.04
40642,-1.26,0.08,0.05,-0.08,-0.00,-0.07
40643,-1.47,0.08,-0.05,-0.08,-0.11,-0.07
40644,-1.26,-0.44,-0.26,-0.08,-0.21,0.04
40645,-1.16,-0.13,-0.16,0.03,-0.21,-0.07
40646,-1.26,0.08,-0.05,-0.08,-0.21,-0.07
40647,-1.47,0.08,-0.05,0.03,-0.11,-0.07
40648,-1.47,-0.44,-0.26,0.03,-0.11,-0.07
40649,-1.26,-0.02,-0.05,-0.08,-0.11,-0.17
40650,-1.16,0.19,-0.16,-0.08,-0.11,-0.17
40651,-1.47,-0.02,-0.05,-0.08,-0.11,-0.07
40652,-1.26,-0.33,-0.05,0.03,-0.11,-0.07
40653,-1.16,-0.13,-0.26,-0.08,-0.11,-0.17
40654,-1.26,0.19,0.05,0.03,-0.11,-0.17
40655,-1.57,-0.02,-0.05,0.03,-0.21,0.04
40656,-1.36,-0.23,-0.47,-0.08,-0.11,-0.17
40657,-1.05,0.08,-0.05,-0.08,-0.21,-0.07
40658,-1.26,0.29,-0.05,0.13,-0.21,-0.17
40659,-1.47,-0.23,-0.16,-0.08,-0.11,0.04
40660,-1.36,-0.33,-0.05,0.03,-0.11,0.04
40661,-1.16,-0.13,-0.05,-0.08,-0.21,-0.17
40662,-1.26,0.19,-0.05,-0.08,-0.00,-0.17
40663,-1.36,-0.13,-0.16,-0.08,-0.00,-0.28
40664,-1.36,-0.23,-0.16,0.03,-0.11,-0.07
40665,-1.26,0.08,-0.05,-0.08,-0.00,-0.07
40666,-1.36,0.19,-0.05,0.03,-0.11,0.04
40667,-1.16,-0.33,-0.16,0.03,-0.21,-0.17
40668,-1.26,-0.33,-0.16,0.03,-0.11,-0.17
40669,-1.26,-0.02,-0.05,-0.08,-0.21,-0.07
40670,-1.36,0.08,0.05,-0.08,-0.11,-0.17
40671,-1.36,-0.23,-0.16,-0.08,-0.21,-0.07
40672,-1.16,-0.23,-0.16,-0.08,-0.21,-0.07
40673,-1.26,0.08,-0.05,-0.08,-0.11,0.04
40674,-1.36,-0.02,-0.05,0.03,-0.11,0.04
40675,-1.16,-0.33,-0.26,0.03,-0.21,-0.07
40676,-1.16,-0.23,-0.16,0.03,-0.21,-0.17
40677,-1.36,0.08,0.05,-0.08,-0.00,-0.07
40678,-1.47,0.08,0.05,-0.08,-0.11,-0.07
40679,-1.16,-0.23,0.05,-0.08,-0.21,-0.07
40680,-1.16,-0.13,-0.36,0.03,-0.21,-0.17
40681,-1.36,0.08,-0.16,0.03,-0.11,-0.28
40682,-1.47,0.08,0.16,-0.08,-0.00,-0.07
40683,-1.26,-0.13,-0.47,0.03,-0.11,-0.28
40684,-1.16,-0.23,-0.16,-0.08,-0.11,-0.07
40685,-1.47,0.08,-0.05,-0.08,-0.21,-0.17
40686,-1.57,-0.02,-0.05,0.03,-0.21,-0.07
40687,-1.05,-0.23,0.05,-0.08,-0.21,-0.17
40688,-1.16,-0.13,-0.26,0.03,-0.11,-0.07
40689,-1.47,-0.02,-0.26,-0.08,-0.11,0.04
40690,-1.36,-0.02,0.16,-0.08,-0.11,-0.07
40691,-1.26,-0.13,-0.26,-0.08,-0.21,0.04
40692,-1.16,-0.33,-0.36,0.03,-0.11,-0.17
40693,-1.47,-0.02,0.05,-0.08,-0.11,-0.17
40694,-1.47,0.08,-0.05,0.03,-0.21,-0.17
40695,-1.05,-0.23,-0.05,-0.08,-0.11,-0.17
40696,-1.16,-0.13,-0.26,0.03,-0.21,-0.07
40697,-1.47,-0.23,-0.16,-0.08,-0.11,-0.07
40698,-1.47,0.19,0.05,0.03,-0.00,-0.17
40699,-1.16,0.08,-0.16,0.03,-0.11,-0.17
40700,-1.05,-0.23,-0.26,-0.08,-0.11,-0.17
40701,-1.57,-0.13,-0.05,0.03,-0.11,-0.17
40702,-1.47,0.19,0.16,0.03,-0.00,-0.07
40703,-1.16,-0.02,-0.16,0.13,-0.21,-0.28
40704,-1.05,-0.33,-0.16,0.03,-0.11,-0.07
40705,-1.36,-0.13,-0.26,-0.08,-0.11,-0.17
40706,-1.36,0.08,-0.16,0.03,-0.11,-0.17
40707,-1.16,0.08,-0.05,-0.08,-0.11,-0.17
40708,-1.36,-0.23,-0.36,-0.08,-0.11,-0.17
40709,-1.47,-0.33,-0.16,0.13,-0.11,-0.07
40710,-1.26,0.29,0.26,0.03,-0.00,-0.17
40711,-1.16,0.08,-0.26,-0.08,-0.31,-0.17
40712,-1.16,-0.33,-0.26,-0.08,-0.21,-0.28
40713,-1.26,-0.33,-0.16,0.03,-0.00,0.04
40714,-1.36,0.08,-0.26,0.03,-0.11,-0.17
40715,-1.26,0.08,0.05,-0.08,-0.21,0.04
40716,-1.26,-0.23,-0.26,-0.08,-0.11,-0.17
40717,-1.36,-0.33,-0.36,-0.08,-0.21,-0.07
40718,-1.26,-0.02,0.16,-0.08,-0.11,-0.07
40719,-1.47,0.19,-0.26,-0.08,-0.11,-0.07
40720,-1.26,-0.33,-0.16,0.03,-0.21,-0.17
40721,-1.16,-0.33,-0.05,0.03,-0.11,-0.07
40722,-1.16,0.19,-0.16,0.03,-0.11,-0.17
40723,-1.47,0.08,-0.05,0.03,-0.11,-0.07
40724,-1.26,-0.23,-0.16,-0.08,-0.21,-0.17
40725,-1.26,-0.23,-0.36,-0.08,-0.11,-0.07
40726,-1.26,-0.02,0.05,-0.08,-0.00,-0.28
40727,-1.57,0.08,0.16,-0.08,-0.00,-0.07
40728,-1.26,-0.23,-0.36,0.03,-0.11,-0.07
40729,-1.05,-0.23,-0.36,0.13,-0.00,-0.07
40730,-1.26,0.08,0.05,-0.08,-0.21,-0.07
40731,-1.47,-0.13,-0.16,-0.08,-0.11,-0.07
40732,-1.36,-0.23,-0.36,-0.08,-0.11,-0.17
40733,-1.05,-0.23,-0.16,-0.08,-0.21,-0.17
40734,-1.36,-0.02,-0.16,-0.08,-0.11,-0.07
40735,-1.57,0.08,0.05,-0.08,-0.21,-0.17
40736,-1.26,-0.13,0.05,-0.08,-0.21,-0.07
40737,-0.95,-0.13,-0.68,-0.08,-0.21,-0.17
40738,-1.26,-0.13,-0.05,-0.08,-0.21,0.04
40739,-1.57,-0.02,0.05,-0.08,-0.21,-0.17
40740,-1.26,-0.13,-0.36,0.03,-0.11,-0.17
40741,-1.05,-0.23,-0.16,0.03,-0.21,-0.17
40742,-1.26,-0.02,-0.05,0.03,-0.11,-0.17
40743,-1.57,0.08,-0.16,-0.08,-0.21,-0.17
40744,-1.36,-0.13,0.05,-0.08,-0.21,-0.07
40745,-0.95,-0.13,-0.47,0.03,-0.11,-0.07
40746,-1.26,-0.23,-0.26,-0.08,-0.11,-0.07
40747,-1.57,-0.13,0.05,-0.08,-0.00,-0.07
40748,-1.36,-0.13,-0.26,0.03,-0.11,-0.17
40749,-1.05,-0.02,-0.26,0.03,-0.11,-0.17
40750,-1.26,-0.02,-0.26,0.03,-0.11,-0.17
40751,-1.57,-0.02,-0.16,0.03,-0.21,-0.17
40752,-1.36,-0.13,0.05,0.03,-0.11,-0.07
40753,-1.26,-0.02,-0.26,0.03,-0.11,0.04
40754,-1.26,-0.13,-0.16,-0.08,-0.11,-0.17
40755,-1.47,-0.23,-0.05,0.03,-0.11,-0.07
40756,-1.26,-0.13,-0.16,-0.08,-0.11,-0.17
40757,-1.16,-0.13,-0.05,0.13,-0.00,-0.17
40758,-1.26,-0.02,-0.16,0.03,-0.00,0.04
40759,-1.47,-0.13,-0.26,-0.08,-0.11,-0.07
40760,-1.26,-0.23,-0.05,0.03,-0.11,-0.07
40761,-1.26,0.08,-0.16,-0.08,-0.11,-0.17
40762,-1.47,-0.13,0.05,0.03,0.10,-0.17
40763,-1.36,-0.13,-0.05,-0.08,-0.21,-0.07
40764,-1.16,-0.23,-0.47,-0.08,-0.11,-0.07
40765,-1.16,-0.13,-0.05,0.03,-0.11,0.04
40766,-1.36,0.08,-0.05,-0.08,-0.11,-0.07
40767,-1.36,-0.02,-0.16,-0.08,-0.11,-0.17
40768,-1.16,-0.33,-0.16,0.03,-0.11,-0.17
40769,-1.26,-0.13,-0.16,-0.08,-0.11,0.04
40770,-1.57,0.19,-0.05,-0.08,-0.11,-0.17
40771,-1.47,-0.02,0.16,0.03,-0.11,-0.17
40884,-1.68,-0.33,0.05,-0.08,-0.11,0.04
40884,-1.47,-0.02,0.16,-0.28,-0.11,-0.17
40885,-1.26,-0.13,-0.05,-0.08,-0.21,-0.17
40886,-1.26,-0.13,-0.16,0.03,-0.11,-0.07
40887,-1.16,-0.23,-0.16,0.03,-0.11,-0.07
40888,-1.16,-0.13,-0.26,-0.08,-0.21,-0.17
40889,-1.26,-0.13,-0.16,0.03,-0.11,-0.07
40890,-1.26,-0.13,-0.05,0.03,-0.11,0.04
40891,-1.36,-0.02,-0.16,0.03,-0.21,-0.17
40892,-1.26,-0.02,-0.05,-0.08,-0.21,-0.17
40893,-1.36,-0.02,-0.05,0.03,-0.11,-0.07
40894,-1.36,-0.02,-0.05,-0.08,-0.11,0.04
40895,-1.36,-0.02,-0.16,0.03,-0.11,-0.07
40896,-1.16,-0.02,-0.05,0.03,-0.21,-0.17
40897,-1.16,-0.02,-0.26,0.03,-0.11,-0.17
40898,-1.26,-0.13,-0.16,0.03,-0.21,0.04
40899,-1.26,-0.02,0.05,0.03,-0.21,-0.17
40900,-1.36,-0.13,-0.16,0.03,-0.21,-0.17
40901,-1.26,-0.02,-0.16,-0.08,-0.11,-0.17
40902,-1.36,-0.13,-0.05,0.03,-0.21,-0.28
40903,-1.36,-0.02,-0.16,-0.08,-0.11,-0.17
40904,-1.26,-0.02,-0.16,0.03,-0.21,-0.07
40905,-1.47,-0.02,-0.05,-0.08,-0.21,-0.17
40906,-1.16,-0.02,-0.16,0.03,-0.21,-0.17
40907,-1.16,-0.13,-0.16,0.03,-0.11,-0.07
40908,-1.26,-0.23,-0.05,-0.18,-0.11,-0.17
40909,-1.36,-0.02,-0.05,-0.08,-0.11,-0.07
40910,-1.36,-0.23,-0.16,-0.18,-0.21,-0.17
40911,-1.36,-0.13,0.05,-0.08,-0.21,-0.07
40912,-1.36,-0.02,0.05,-0.08,-0.11,-0.07
40913,-1.36,-0.02,-0.16,-0.08,-0.21,-0.28
40914,-1.26,-0.13,-0.05,0.03,-0.11,-0.07
40915,-1.36,-0.13,-0.05,-0.18,-0.11,-0.07
40916,-1.26,-0.02,-0.16,0.03,-0.11,-0.17
40917,-1.26,-0.02,-0.05,0.03,-0.11,-0.07
40918,-1.26,-0.13,-0.16,0.03,-0.11,-0.07
40919,-1.36,-0.13,-0.05,-0.08,-0.00,-0.07
40920,-1.36,-0.02,-0.05,0.03,-0.21,-0.07
40921,-1.36,-0.02,-0.16,-0.08,-0.11,-0.07
40922,-1.26,-0.02,-0.16,-0.08,-0.00,-0.07
40923,-1.36,-0.13,-0.05,-0.08,-0.11,-0.07
40924,-1.36,-0.02,-0.16,-0.08,-0.11,-0.17
40925,-1.36,0.08,-0.05,-0.08,-0.11,-0.17
40926,-1.36,-0.02,-0.05,-0.18,-0.21,0.04
40927,-1.05,-0.13,-0.16,0.03,-0.21,0.04
40928,-1.36,-0.23,-0.16,0.03,-0.11,-0.07
40929,-1.36,-0.13,0.05,-0.08,-0.21,-0.17
40930,-1.26,-0.02,-0.05,0.03,-0.11,-0.17
40931,-1.26,-0.02,-0.16,-0.08,-0.11,-0.07
40932,-1.36,-0.02,-0.05,-0.08,-0.11,-0.17
40933,-1.36,-0.02,0.05,-0.08,-0.11,-0.17
40934,-1.36,-0.13,-0.16,-0.08,-0.11,-0.17
40935,-1.36,-0.02,-0.05,0.03,-0.21,-0.07
40936,-1.36,-0.02,-0.05,-0.08,-0.11,-0.17
40937,-1.36,-0.02,-0.05,-0.18,-0.11,-0.07
40938,-1.26,-0.23,-0.26,0.03,-0.11,-0.17
40939,-1.26,-0.23,-0.16,-0.08,-0.11,-0.07
40940,-1.47,-0.13,0.05,0.03,-0.11,-0.07
40941,-1.26,-0.02,-0.16,0.03,-0.00,0.04
40942,-1.16,-0.02,-0.26,0.03,-0.21,-0.07
40943,-1.16,-0.02,-0.05,-0.08,-0.11,-0.07
40944,-1.36,-0.02,-0.05,-0.08,-0.21,0.04
40945,-1.47,-0.02,0.05,-0.08,-0.11,-0.07
40946,-1.36,-0.13,-0.05,0.03,-0.21,-0.07
40947,-1.26,-0.13,-0.16,-0.08,-0.11,-0.07
40948,-1.36,-0.13,-0.16,0.03,-0.11,-0.07
40949,-1.36,-0.23,-0.05,-0.08,-0.11,-0.17
40950,-1.26,-0.13,-0.05,-0.08,-0.11,-0.07
40951,-1.26,-0.13,-0.16,0.03,-0.00,-0.07
40952,-1.26,-0.02,-0.05,-0.08,-0.11,-0.17
40953,-1.16,-0.02,-0.05,-0.18,-0.11,-0.28
40954,-1.36,0.08,-0.05,-0.08,-0.21,-0.07
40955,-1.47,-0.13,-0.05,-0.08,-0.00,-0.07
40956,-1.36,-0.02,-0.05,-0.08,-0.11,-0.07
40957,-1.26,-0.13,-0.05,-0.08,-0.11,-0.07
40958,-1.26,-0.23,-0.05,0.03,-0.11,-0.17
40959,-1.26,-0.13,-0.16,0.03,-0.11,-0.17
40960,-1.16,-0.13,-0.16,0.03,-0.11,-0.07
40961,-1.26,-0.13,-0.16,-0.08,-0.11,-0.17
40962,-1.26,-0.02,-0.05,0.03,-0.11,-0.07
40963,-1.26,-0.02,-0.16,-0.18,-0.21,-0.07
40964,-1.26,-0.13,-0.05,0.03,-0.11,-0.17
40965,-1.47,-0.13,0.05,-0.08,-0.11,-0.17
40966,-1.36,-0.02,-0.05,0.03,-0.21,-0.07
40967,-1.26,-0.02,-0.16,0.03,-0.11,-0.17
40968,-1.26,-0.02,-0.05,0.03,-0.11,-0.17
40969,-1.36,-0.13,-0.05,0.03,-0.21,-0.17
40970,-1.26,-0.23,-0.26,-0.08,-0.11,-0.07
40971,-1.16,-0.13,-0.05,0.03,-0.11,-0.17
40972,-1.26,-0.02,-0.05,-0.08,-0.11,-0.07
40973,-1.36,-0.02,-0.16,-0.08,-0.11,-0.07
40974,-1.26,-0.02,-0.05,0.03,-0.21,0.04
40975,-1.36,-0.13,-0.16,0.03,-0.11,-0.17
40976,-1.47,-0.13,-0.05,0.03,-0.21,-0.07
40977,-1.47,-0.02,0.05,-0.08,-0.11,0.04
40978,-1.26,0.08,-0.16,0.03,-0.21,-0.07
40979,-1.26,-0.23,-0.16,0.03,-0.11,-0.17
40980,-1.26,-0.23,-0.05,-0.08,-0.11,-0.17
40981,-1.36,-0.02,-0.16,-0.08,-0.21,-0.17
40982,-1.26,-0.13,-0.16,-0.08,-0.11,-0.17
40983,-1.16,-0.13,-0.16,0.03,-0.21,-0.17
40984,-1.36,-0.02,0.05,-0.18,-0.11,-0.17
40985,-1.36,-0.13,-0.05,0.03,-0.11,-0.07
40986,-1.16,-0.13,-0.16,-0.08,-0.21,-0.17
40987,-1.26,-0.13,-0.05,0.03,-0.11,-0.07
40988,-1.47,-0.13,-0.05,0.03,-0.21,0.04
40989,-1.36,-0.02,-0.05,-0.08,-0.21,-0.07
40990,-1.16,-0.23,-0.26,0.03,-0.21,-0.17
40991,-1.47,-0.23,-0.05,-0.08,-0.11,-0.07
40992,-1.47,-0.02,-0.05,-0.08,-0.21,-0.07
40993,-1.26,-0.13,-0.16,0.03,-0.11,-0.17
40994,-1.36,-0.02,-0.05,-0.08,-0.21,-0.17
40995,-1.26,-0.13,-0.05,0.03,-0.21,-0.17
40996,-1.36,-0.23,-0.16,-0.08,-0.11,-0.17
40997,-1.26,-0.02,-0.05,-0.18,-0.11,-0.17
40998,-1.26,-0.02,-0.05,0.03,-0.11,-0.07
40999,-1.36,-0.02,0.05,0.03,-0.11,-0.17
41000,-1.36,-0.13,-0.05,0.03,-0.21,-0.17
41001,-1.16,-0.13,-0.26,-0.08,-0.00,-0.28
41002,-1.36,-0.02,0.05,0.03,-0.11,-0.07
41003,-1.47,-0.13,-0.05,0.03,-0.11,-0.17
41004,-1.36,-0.13,-0.16,-0.08,-0.21,-0.07
41005,-1.16,-0.23,0.05,-0.08,-0.11,-0.17
41006,-1.16,-0.02,-0.16,-0.08,-0.11,-0.07
41007,-1.36,-0.13,-0.16,-0.08,-0.00,-0.17
41008,-1.36,-0.13,-0.05,-0.18,-0.11,-0.07
41009,-1.26,0.08,-0.16,-0.08,-0.11,-0.17
41010,-1.36,-0.02,-0.05,-0.18,-0.11,-0.07
41011,-1.57,-0.13,-0.05,0.13,-0.21,-0.17
41012,-1.26,-0.02,-0.16,0.03,-0.21,-0.07
41013,-1.16,-0.13,-0.16,-0.08,-0.21,-0.07
41014,-1.47,-0.13,0.05,0.03,-0.21,-0.07
41015,-1.36,-0.13,-0.16,0.03,-0.21,-0.17
41016,-1.16,-0.02,-0.05,-0.08,-0.11,-0.07
41017,-1.26,-0.13,-0.16,-0.18,-0.00,-0.07
41018,-1.47,-0.13,-0.05,0.13,-0.21,-0.07
41019,-1.47,-0.02,-0.05,-0.08,-0.11,0.04
41020,-1.26,-0.13,-0.05,0.03,-0.21,-0.17
41021,-1.36,-0.02,-0.26,-0.08,-0.11,-0.07
41022,-1.47,-0.02,-0.05,-0.08,-0.21,-0.17
41023,-1.26,-0.23,-0.16,-0.08,-0.11,-0.07
41024,-1.16,-0.13,-0.26,-0.08,-0.21,-0.17
41025,-1.36,-0.13,-0.05,-0.08,-0.11,-0.17
41026,-1.47,-0.02,-0.05,-0.18,-0.11,-0.17
41027,-1.26,-0.23,-0.16,-0.08,-0.11,-0.17
41028,-1.16,-0.13,-0.05,-0.08,-0.11,-0.07
41029,-1.26,-0.02,-0.05,-0.08,-0.11,-0.07
41030,-1.36,-0.02,-0.05,-0.08,-0.21,-0.07
41031,-1.36,-0.13,-0.16,0.03,-0.00,-0.07
41032,-1.26,-0.02,-0.05,0.03,-0.11,-0.07
41033,-1.36,-0.02,-0.05,-0.18,-0.11,-0.17
41034,-1.47,-0.02,-0.05,0.13,-0.21,-0.07
41035,-1.16,-0.23,-0.16,0.03,-0.11,-0.17
41036,-1.16,-0.13,-0.05,-0.08,-0.31,-0.17
41037,-1.36,-0.13,-0.05,-0.08,-0.21,-0.07
41038,-1.26,-0.23,-0.16,-0.08,-0.00,-0.17
41039,-1.16,-0.13,-0.05,-0.08,-0.21,-0.07
41040,-1.26,-0.02,-0.16,0.03,-0.21,-0.07
41041,-1.26,-0.13,-0.16,0.03,-0.21,-0.17
41042,-1.47,-0.02,-0.05,-0.08,-0.11,0.04
41043,-1.26,0.08,-0.05,-0.08,-0.11,-0.28
41044,-1.16,-0.13,-0.16,-0.08,-0.21,-0.07
41045,-1.26,-0.02,0.05,-0.18,-0.21,-0.17
41046,-1.36,-0.13,-0.05,0.03,-0.00,-0.17
41047,-1.16,-0.13,-0.16,0.03,-0.11,-0.17
41048,-1.26,-0.13,-0.05,-0.08,-0.00,-0.07
41049,-1.36,-0.13,-0.05,-0.08,-0.11,-0.17
41050,-1.26,-0.13,-0.05,0.03,-0.21,-0.07
41051,-1.16,-0.13,-0.16,0.03,-0.11,-0.07
41052,-1.16,-0.13,-0.26,0.03,-0.21,-0.17
41053,-1.36,-0.13,0.05,-0.08,-0.11,-0.17
41054,-1.36,-0.02,-0.05,-0.08,-0.21,-0.07
41055,-1.26,-0.13,-0.16,0.03,-0.00,-0.07
41056,-1.16,-0.13,-0.05,0.03,-0.11,-0.17
41057,-1.47,-0.02,-0.05,0.03,-0.21,-0.17
41058,-1.36,-0.13,-0.16,0.03,-0.11,-0.17
41059,-1.26,-0.23,-0.16,-0.08,-0.11,-0.17
41060,-1.26,-0.02,-0.05,-0.08,-0.21,-0.17
41061,-1.36,-0.02,-0.05,-0.08,-0.11,-0.17
41062,-1.16,-0.23,-0.05,-0.08,-0.11,-0.17
41063,-1.16,-0.23,-0.26,-0.08,-0.21,-0.07
41064,-1.26,-0.13,-0.16,0.03,-0.00,0.04
41065,-1.36,-0.02,-0.05,-0.18,-0.11,-0.17
41066,-1.36,-0.02,-0.16,-0.08,-0.21,-0.17
41067,-1.26,-0.13,-0.05,0.03,-0.21,-0.07
41068,-1.36,-0.02,-0.05,-0.08,-0.21,-0.17
41069,-1.47,-0.02,-0.05,-0.08,-0.11,-0.07
41070,-1.36,-0.13,-0.05,-0.08,-0.11,-0.07
41071,-1.16,-0.23,-0.16,-0.08,-0.11,-0.17
41072,-1.16,-0.13,-0.05,-0.08,-0.11,-0.07
41073,-1.26,-0.13,-0.16,-0.08,-0.11,-0.07
41074,-1.26,-0.13,-0.16,0.03,-0.31,-0.07
41075,-1.16,-0.23,-0.05,-0.08,-0.21,-0.07
41076,-1.26,-0.13,-0.26,0.03,-0.21,-0.28
41077,-1.36,-0.02,-0.05,0.03,-0.21,-0.07
41078,-1.36,-0.13,-0.05,0.03,-0.11,-0.17
41079,-1.26,-0.02,-0.16,0.03,-0.11,-0.17
41080,-1.26,-0.23,-0.05,-0.08,-0.11,-0.07
41081,-1.36,-0.02,-0.05,0.03,-0.11,-0.17
41082,-1.36,0.08,-0.05,0.03,-0.11,-0.07
41083,-1.26,-0.23,-0.05,0.03,-0.11,-0.07
41084,-1.26,-0.13,-0.26,-0.08,-0.00,-0.07
41085,-1.26,-0.02,-0.16,-0.08,-0.11,-0.07
41086,-1.36,-0.13,-0.05,0.03,-0.11,0.04
41087,-1.16,-0.23,-0.16,-0.08,-0.11,-0.07
41088,-1.05,-0.13,-0.16,0.03,-0.00,-0.28
41089,-1.26,-0.02,-0.05,0.03,-0.21,-0.28
41090,-1.47,-0.02,0.05,0.03,-0.11,-0.17
41091,-1.36,-0.02,-0.05,0.03,-0.11,-0.07
41092,-1.26,-0.13,-0.16,-0.08,-0.11,0.04
41093,-1.47,0.08,-0.05,0.03,-0.00,-0.07
41094,-1.47,-0.02,0.05,-0.08,-0.21,-0.17
41095,-1.26,-0.13,-0.26,0.03,-0.11,-0.17
41096,-1.05,-0.23,-0.26,-0.08,-0.21,-0.07
41097,-1.36,-0.02,-0.05,-0.08,-0.21,-0.07
41098,-1.36,0.08,-0.16,0.03,-0.21,-0.07
41099,-1.26,-0.23,-0.16,-0.08,-0.21,-0.07
41100,-1.16,-0.13,-0.05,-0.08,-0.21,-0.07
41101,-1.36,-0.13,-0.16,-0.08,-0.21,-0.07
41102,-1.47,-0.02,-0.05,0.03,-0.11,0.04
41103,-1.36,0.08,-0.05,-0.08,-0.31,-0.07
41229,-1.26,-0.13,-0.05,0.13,-0.00,0.04
41230,-1.36,-0.02,-0.16,-0.08,-0.00,-0.17
41231,-1.26,-0.13,-0.16,0.03,-0.11,-0.07
41232,-1.26,-0.13,-0.05,-0.08,-0.11,-0.07
41233,-1.36,-0.02,-0.05,-0.08,-0.00,-0.28
41234,-1.26,-0.13,-0.05,0.03,-0.11,-0.17
41235,-1.26,-0.13,-0.05,-0.08,-0.21,-0.07
41236,-1.26,-0.02,-0.05,-0.08,-0.11,-0.17
41237,-1.36,-0.02,-0.16,0.03,-0.11,-0.07
41238,-1.36,-0.13,-0.05,0.03,-0.11,-0.17
41239,-1.16,-0.13,-0.16,0.03,-0.21,-0.07
41240,-1.26,-0.02,-0.16,-0.18,-0.11,-0.17
41241,-1.36,-0.02,-0.05,-0.08,-0.11,-0.07
41242,-1.26,-0.02,-0.05,0.03,-0.21,-0.17
41243,-1.26,-0.13,-0.26,0.03,-0.11,-0.17
41244,-1.26,-0.13,0.05,-0.08,-0.21,-0.07
41245,-1.47,-0.13,-0.05,-0.08,-0.11,-0.17
41246,-1.26,-0.23,-0.16,-0.08,-0.11,-0.07
41247,-1.26,-0.13,-0.05,-0.08,-0.00,-0.17
41248,-1.36,-0.13,-0.16,-0.08,-0.11,-0.17
41249,-1.26,-0.13,-0.05,-0.08,-0.21,-0.07
41250,-1.26,-0.02,-0.05,0.03,-0.11,-0.17
41251,-1.26,-0.13,-0.05,0.03,-0.11,-0.28
41252,-1.36,-0.02,-0.05,0.03,-0.11,-0.07
41253,-1.16,-0.13,-0.16,-0.08,-0.21,-0.07
41254,-1.36,-0.13,-0.16,-0.08,-0.11,-0.07
41255,-1.36,-0.02,-0.05,-0.08,-0.11,-0.17
41256,-1.26,-0.13,-0.05,-0.08,-0.21,-0.07
41257,-1.26,-0.13,-0.26,0.03,-0.11,-0.17
41258,-1.26,-0.02,-0.05,-0.08,-0.21,-0.28
41259,-1.36,-0.02,-0.05,0.03,-0.21,-0.17
41260,-1.36,-0.13,-0.05,-0.08,-0.11,-0.07
41261,-1.16,-0.13,-0.16,-0.08,-0.11,-0.17
41262,-1.16,-0.13,-0.16,0.03,-0.21,-0.07
41263,-1.47,-0.13,-0.05,-0.08,-0.11,-0.07
41264,-1.47,-0.02,-0.05,-0.08,-0.21,0.04
41265,-1.16,-0.13,-0.16,0.03,-0.11,-0.17
41266,-1.26,-0.13,-0.16,0.03,-0.11,-0.28
41267,-1.36,0.08,0.05,0.03,-0.11,-0.28
41268,-1.36,-0.02,-0.05,-0.08,-0.21,-0.07
41269,-1.16,-0.02,-0.05,-0.08,-0.21,-0.07
41270,-1.26,-0.13,-0.16,-0.08,-0.11,-0.07
41271,-1.47,-0.13,-0.05,-0.08,-0.21,-0.17
41272,-1.36,-0.23,-0.05,-0.08,-0.11,-0.07
41273,-1.16,-0.23,-0.16,0.03,-0.21,-0.17
41274,-1.16,-0.02,-0.05,-0.08,-0.11,-0.07
41275,-1.36,-0.13,-0.05,0.03,-0.11,-0.17
41276,-1.26,-0.13,-0.05,-0.08,-0.11,-0.07
41277,-1.16,-0.13,-0.26,0.03,-0.11,-0.17
41278,-1.36,-0.13,-0.05,-0.08,-0.11,-0.17
41279,-1.47,0.08,-0.05,0.03,-0.11,-0.28
41280,-1.05,-0.23,-0.16,0.03,-0.11,-0.07
41281,-1.16,-0.13,-0.16,0.03,-0.11,-0.17
41282,-1.57,-0.02,-0.05,0.03,-0.11,-0.17
41283,-1.36,0.08,-0.05,0.03,-0.11,0.04
41284,-1.16,-0.13,-0.16,-0.08,-0.00,-0.17
41285,-1.26,-0.02,-0.16,0.03,-0.11,-0.17
41286,-1.47,-0.02,-0.05,0.03,-0.11,-0.07
41287,-1.36,0.08,-0.05,-0.08,-0.21,-0.07
41288,-1.16,-0.23,-0.16,0.03,-0.21,-0.17
41289,-1.16,-0.13,-0.16,-0.08,-0.11,-0.17
41290,-1.36,0.08,-0.05,-0.08,-0.11,-0.17
41291,-1.36,-0.13,-0.05,0.03,-0.11,-0.17
41292,-1.16,-0.23,-0.16,0.03,-0.11,-0.17
41293,-1.26,-0.13,-0.16,-0.08,-0.21,-0.07
41294,-1.36,-0.13,-0.05,0.03,-0.11,-0.17
41295,-1.36,-0.02,-0.05,-0.08,-0.11,-0.17
41296,-1.26,-0.23,-0.16,-0.08,-0.21,-0.17
41297,-1.26,-0.13,-0.16,-0.08,-0.11,-0.07
41298,-1.26,-0.02,-0.05,0.03,-0.11,-0.07
41299,-1.36,-0.13,-0.05,0.03,-0.11,-0.07
41300,-1.16,-0.13,-0.16,-0.08,-0.11,-0.07
41301,-1.26,-0.13,-0.05,-0.08,-0.11,-0.07
41302,-1.36,-0.13,-0.05,-0.08,-0.00,-0.07
41303,-1.36,-0.13,-0.05,-0.08,-0.11,-0.07
41304,-1.16,-0.13,-0.16,-0.08,-0.11,0.04
41305,-1.26,-0.13,-0.16,-0.08,-0.11,-0.07
41306,-1.57,0.08,0.05,0.13,-0.11,0.04
41307,-1.36,-0.02,-0.05,0.03,-0.21,-0.07
41308,-1.16,-0.23,-0.26,0.03,-0.21,-0.07
41309,-1.16,-0.02,-0.16,-0.08,-0.11,-0.17
41310,-1.36,-0.13,-0.05,0.03,-0.21,-0.07
41311,-1.26,-0.02,-0.05,0.03,-0.11,-0.07
41312,-1.16,-0.13,-0.16,-0.08,-0.11,-0.17
41313,-1.26,-0.13,-0.26,-0.08,-0.21,-0.07
41314,-1.36,0.08,0.05,-0.08,-0.11,-0.17
41315,-1.36,-0.02,-0.05,-0.08,-0.11,-0.17
41316,-1.05,-0.23,-0.16,0.03,-0.11,-0.07
41317,-1.26,-0.02,-0.05,0.03,-0.21,-0.07
41318,-1.47,-0.13,0.05,0.03,-0.11,0.04
41319,-1.26,-0.02,-0.16,0.03,-0.21,-0.28
41320,-1.16,-0.23,-0.26,-0.08,-0.11,-0.07
41321,-1.16,-0.23,-0.05,-0.08,-0.11,-0.28
41322,-1.36,0.08,0.05,-0.08,-0.11,0.04
41323,-1.26,-0.23,-0.16,-0.08,-0.21,0.04
41324,-1.26,-0.23,-0.16,-0.08,-0.21,-0.07
41325,-1.26,-0.02,-0.05,-0.08,-0.21,-0.07
41326,-1.26,-0.02,-0.05,-0.08,-0.11,0.04
41327,-1.26,-0.02,-0.16,-0.08,-0.11,-0.17
41328,-1.16,-0.23,-0.16,0.03,-0.11,-0.17
41329,-1.26,-0.13,-0.05,0.13,-0.11,-0.07
41330,-1.47,0.08,-0.05,0.03,-0.11,0.04
41331,-1.47,-0.13,-0.16,-0.08,-0.21,-0.07
41332,-1.26,-0.23,-0.26,0.03,-0.11,-0.17
41333,-1.26,-0.13,-0.16,0.03,-0.21,-0.17
41334,-1.47,-0.02,-0.05,-0.08,-0.11,-0.07
41335,-1.47,0.08,-0.05,-0.08,-0.21,-0.17
41336,-1.26,-0.33,-0.16,0.03,-0.11,-0.07
41337,-1.16,-0.13,-0.26,0.13,-0.21,-0.17
41338,-1.26,-0.02,-0.05,0.03,-0.11,-0.07
41339,-1.47,-0.02,-0.05,-0.18,-0.21,-0.07
41340,-1.26,-0.02,-0.16,-0.08,-0.00,0.04
41341,-1.16,-0.13,-0.16,0.03,-0.21,-0.17
41342,-1.26,-0.02,-0.05,-0.08,-0.21,-0.07
41343,-1.57,-0.02,-0.05,0.03,-0.11,-0.17
41344,-1.26,-0.33,-0.16,0.03,-0.11,0.04
41345,-1.26,0.08,-0.05,-0.08,-0.11,-0.07
41346,-1.36,-0.02,-0.05,-0.18,-0.21,-0.07
41347,-1.47,-0.13,-0.05,0.03,-0.11,-0.07
41348,-1.26,-0.13,-0.16,0.03,-0.21,-0.17
41349,-1.16,-0.13,-0.26,0.03,-0.11,0.04
41350,-1.47,0.08,0.05,-0.08,-0.11,-0.17
41351,-1.47,-0.13,-0.05,-0.08,-0.21,-0.17
41352,-1.26,-0.13,-0.26,-0.08,-0.11,-0.07
41353,-1.05,-0.02,-0.16,-0.08,-0.21,-0.07
41354,-1.36,-0.02,-0.05,0.03,-0.11,-0.17
41355,-1.47,-0.02,-0.05,-0.08,-0.31,-0.07
41356,-1.26,-0.23,-0.16,-0.08,-0.00,-0.07
41357,-1.16,-0.02,-0.16,-0.08,-0.11,-0.07
41358,-1.36,-0.13,-0.05,-0.08,-0.11,-0.07
41359,-1.36,-0.02,-0.05,0.03,-0.11,0.04
41360,-1.16,0.08,-0.05,-0.08,-0.21,-0.17
41361,-1.26,-0.23,-0.16,0.03,-0.21,-0.17
41362,-1.36,0.08,-0.05,0.03,-0.11,-0.07
41363,-1.36,-0.13,-0.16,0.03,-0.11,0.04
41364,-1.26,-0.02,-0.05,-0.08,-0.11,-0.17
41365,-1.26,-0.02,-0.16,0.03,-0.21,-0.07
41366,-1.47,-0.13,-0.16,-0.08,-0.00,-0.17
41367,-1.26,-0.02,0.05,-0.08,-0.11,-0.07
41368,-1.16,-0.23,-0.16,-0.08,-0.11,-0.17
41369,-1.16,-0.02,-0.05,0.03,-0.21,-0.17
41370,-1.57,-0.23,0.05,-0.08,-0.11,-0.17
41371,-1.36,-0.13,-0.05,-0.08,-0.11,-0.07
41372,-1.26,-0.02,-0.05,0.03,-0.11,-0.17
41373,-1.16,-0.23,-0.26,0.03,-0.11,-0.07
41374,-1.47,-0.02,-0.05,0.03,-0.00,-0.17
41375,-1.36,-0.13,-0.16,0.03,-0.11,-0.07
41376,-1.16,0.08,-0.16,-0.18,-0.11,-0.17
41377,-1.16,-0.13,-0.05,-0.08,-0.11,-0.17
41378,-1.47,-0.13,-0.05,-0.08,-0.11,-0.17
41379,-1.26,-0.02,-0.05,-0.08,-0.11,-0.17
41380,-1.16,-0.13,-0.16,-0.08,-0.21,-0.17
41381,-1.36,-0.13,-0.16,0.03,-0.11,-0.07
41382,-1.47,-0.02,0.16,0.03,-0.11,-0.17
41383,-1.26,-0.02,-0.16,0.03,-0.11,-0.07
41384,-1.05,-0.13,-0.16,-0.08,-0.11,-0.07
41385,-1.36,-0.13,-0.05,0.03,-0.00,-0.17
41386,-1.47,-0.02,-0.05,0.03,-0.11,-0.07
41387,-1.26,-0.13,-0.05,0.03,-0.11,-0.17
41388,-1.16,-0.13,-0.16,-0.18,-0.21,0.04
41389,-1.26,-0.23,-0.26,-0.08,-0.21,-0.17
41390,-1.47,0.08,0.05,-0.18,-0.21,-0.07
41391,-1.26,-0.13,-0.05,-0.08,-0.21,-0.17
41392,-1.16,-0.23,-0.16,-0.08,-0.11,-0.07
41393,-1.26,-0.02,-0.16,-0.08,-0.21,-0.17
41394,-1.36,-0.02,-0.05,-0.08,-0.11,0.04
41395,-1.26,0.08,-0.05,-0.08,-0.21,-0.17
41396,-1.36,-0.13,-0.16,-0.08,-0.21,-0.07
41397,-1.36,0.08,-0.05,0.03,-0.21,-0.17
41398,-1.36,-0.02,-0.05,0.03,-0.21,0.04
41399,-1.26,-0.02,-0.05,0.03,-0.11,-0.17
41400,-1.16,-0.13,-0.16,-0.18,-0.21,-0.17
41401,-1.47,-0.13,-0.05,-0.08,-0.11,-0.07
41402,-1.36,-0.02,-0.05,-0.18,-0.11,-0.07
41403,-1.16,-0.13,-0.16,-0.08,-0.11,-0.07
41404,-1.26,-0.13,-0.05,-0.08,-0.21,-0.17
41405,-1.36,-0.13,-0.16,-0.08,-0.11,-0.07
41406,-1.36,-0.02,-0.05,-0.08,-0.00,-0.17
41407,-1.36,-0.13,-0.26,-0.08,-0.21,-0.07
41408,-1.26,-0.13,-0.16,-0.08,-0.11,-0.07
41409,-1.26,-0.13,-0.05,-0.08,-0.11,-0.07
41410,-1.36,-0.02,-0.05,0.03,-0.21,-0.17
41411,-1.16,-0.33,-0.16,0.03,-0.21,-0.07
41412,-1.26,-0.13,-0.05,0.03,-0.21,-0.17
41413,-1.16,-0.13,-0.16,-0.08,-0.11,-0.17
41414,-1.36,-0.02,-0.05,-0.08,-0.21,-0.17
41415,-1.36,-0.02,0.05,-0.08,-0.21,-0.07
41416,-1.16,-0.13,-0.26,-0.08,-0.21,-0.07
41417,-1.16,-0.13,-0.05,-0.08,-0.11,0.04
41418,-1.47,-0.02,0.05,-0.08,-0.00,-0.17
41419,-1.47,-0.02,-0.16,0.03,-0.21,-0.17
41420,-1.16,-0.33,-0.05,-0.08,-0.11,-0.07
41421,-1.26,-0.13,-0.05,0.03,-0.11,-0.07
41422,-1.36,-0.13,-0.16,-0.08,-0.21,-0.07
41423,-1.36,-0.02,-0.05,-0.08,-0.21,-0.07
41424,-1.26,-0.23,-0.16,0.03,-0.11,-0.07
41425,-1.16,-0.23,-0.16,-0.08,-0.21,-0.07
41426,-1.26,-0.02,-0.05,0.03,-0.11,-0.28
41427,-1.26,-0.02,-0.16,-0.08,-0.21,-0.07
41428,-1.26,-0.13,-0.16,-0.08,-0.00,-0.17
41429,-1.36,-0.13,-0.16,0.03,-0.11,-0.17
41430,-1.26,-0.02,-0.16,0.03,-0.11,-0.07
41431,-1.36,-0.02,0.05,-0.08,-0.11,-0.07
41432,-1.26,-0.02,-0.05,-0.08,-0.21,-0.17
41433,-1.26,-0.13,-0.26,0.03,-0.21,-0.07
41434,-1.26,-0.13,0.05,0.03,-0.11,-0.17
41435,-1.36,-0.02,-0.05,0.03,-0.11,-0.17
41436,-1.26,-0.23,-0.16,-0.08,-0.11,0.04
41437,-1.36,-0.13,-0.05,0.03,-0.11,-0.07
41438,-1.47,-0.02,-0.05,-0.08,-0.21,0.04
41439,-1.26,-0.13,-0.05,-0.08,-0.21,-0.07
41440,-1.26,-0.02,-0.05,0.03,-0.11,-0.17
41441,-1.26,-0.23,-0.26,-0.08,-0.11,-0.07
41442,-1.26,-0.02,0.05,0.03,-0.11,-0.17
41443,-1.36,-0.13,-0.05,0.03,-0.21,-0.17
41444,-1.36,-0.23,-0.26,0.03,-0.00,-0.17
41445,-1.16,-0.23,-0.16,-0.18,-0.11,-0.07
41446,-1.26,-0.02,-0.05,-0.08,-0.11,-0.07
41447,-1.36,-0.13,-0.16,-0.08,-0.00,-0.28
41448,-1.26,-0.13,0.05,-0.08,-0.11,-0.07
41449,-1.26,-0.13,-0.05,-0.18,-0.11,-0.07
41450,-1.26,-0.02,-0.05,0.03,-0.21,-0.07
41451,-1.26,-0.13,-0.05,-0.08,-0.11,-0.07
41452,-1.26,-0.02,-0.05,0.03,-0.11,-0.17
41453,-1.36,-0.13,-0.16,-0.08,-0.11,0.04
41454,-1.26,-0.02,-0.05,0.03,-0.11,-0.17
41455,-1.26,-0.02,-0.16,-0.08,-0.11,-0.07
41456,-1.36,-0.13,-0.05,-0.08,-0.11,-0.17
41457,-1.26,-0.02,-0.05,-0.08,-0.21,-0.07
41458,-1.36,-0.02,-0.16,-0.08,-0.21,-0.17
41459,-1.36,-0.13,-0.16,-0.18,-0.11,-0.07
41460,-1.26,-0.13,-0.05,-0.08,-0.00,-0.17
41461,-1.16,-0.02,-0.05,-0.08,-0.21,-0.17
41462,-1.26,0.08,-0.16,0.03,-0.00,0.04
41463,-1.36,-0.23,-0.05,0.03,-0.00,-0.07
41464,-1.26,-0.13,-0.16,0.03,-0.00,-0.17
41465,-1.26,-0.13,-0.05,0.03,-0.00,-0.17
41466,-1.36,-0.02,-0.05,-0.08,-0.11,-0.07
41467,-1.26,-0.23,-0.05,0.03,-0.11,-0.07
41468,-1.16,-0.13,-0.16,-0.08,-0.11,-0.07
41469,-1.36,-0.13,-0.05,0.03,-0.11,-0.07
41470,-1.36,-0.13,-0.05,-0.08,-0.11,-0.07
41471,-1.36,-0.23,-0.16,0.03,-0.11,-0.17
41472,-1.16,-0.13,-0.05,-0.08,-0.11,-0.07
41473,-1.36,-0.02,0.05,0.03,-0.11,-0.17
41474,-1.26,-0.02,-0.05,-0.08,-0.11,-0.17
41475,-1.26,-0.13,-0.16,-0.08,-0.21,-0.17
41476,-1.26,-0.02,-0.05,-0.08,-0.21,-0.17
41477,-1.36,-0.13,-0.16,-0.08,-0.11,-0.07
41478,-1.26,-0.13,-0.05,-0.08,-0.21,-0.07
41479,-1.26,-0.13,-0.16,0.03,-0.00,-0.17
41480,-1.36,-0.13,-0.16,-0.08,-0.11,-0.07
41481,-1.26,-0.13,-0.05,0.03,-0.21,-0.07
41482,-1.26,-0.13,-0.05,0.03,-0.11,-0.07
41483,-1.36,-0.13,-0.16,0.03,-0.00,-0.07
41484,-1.36,-0.13,-0.05,-0.08,-0.11,-0.17
41485,-1.47,-0.13,-0.05,0.03,-0.11,-0.07
41486,-1.16,-0.13,-0.16,0.03,-0.11,-0.28
41487,-1.26,-0.13,-0.05,0.03,-0.21,-0.17
41488,-1.36,-0.02,-0.16,0.13,-0.11,-0.17
41489,-1.36,-0.02,-0.05,-0.08,-0.11,-0.07
41490,-1.26,-0.02,-0.05,0.03,-0.11,-0.17
41491,-1.26,-0.23,-0.16,0.03,-0.00,-0.28
41492,-1.36,-0.02,-0.16,-0.08,-0.11,-0.17
41493,-1.36,-0.02,-0.05,-0.08,-0.11,-0.07
41494,-1.26,0.08,0.05,0.03,-0.21,-0.17
41495,-1.26,-0.13,-0.16,-0.08,-0.11,-0.07
41496,-1.26,-0.13,-0.05,0.03,-0.11,-0.17
41497,-1.26,-0.13,-0.05,0.03,-0.21,-0.07
41498,-1.36,0.08,-0.05,0.03,-0.21,-0.07
41499,-1.26,-0.13,-0.05,-0.08,-0.11,0.04
41500,-1.26,-0.13,-0.16,0.03,-0.11,-0.07
41501,-1.26,-0.02,-0.05,-0.08,-0.11,-0.07
41502,-1.36,-0.13,-0.05,0.03,-0.11,-0.07
41503,-1.36,-0.13,-0.16,0.03,-0.11,-0.17
41504,-1.36,-0.13,-0.05,0.03,-0.00,-0.07
41505,-1.26,-0.02,-0.16,-0.08,-0.11,-0.07
41506,-1.26,-0.23,-0.05,-0.08,-0.11,-0.17
41507,-1.26,-0.13,-0.05,-0.08,-0.00,-0.17
41508,-1.47,-0.13,-0.16,0.13,-0.21,-0.07
41509,-1.16,-0.02,-0.05,-0.08,-0.11,-0.07
41510,-1.26,-0.02,-0.05,0.13,-0.11,-0.07
41511,-1.36,-0.02,-0.05,-0.08,-0.11,-0.17
41512,-1.16,-0.13,-0.16,-0.08,-0.11,-0.17
41513,-1.26,-0.13,-0.05,-0.08,-0.21,-0.17
41514,-1.16,-0.13,-0.05,-0.08,-0.21,-0.07
41515,-1.16,-0.13,-0.05,0.03,-0.11,-0.17
41516,-1.26,-0.13,-0.05,0.03,-0.11,-0.07
41517,-1.16,-0.23,-0.16,0.03,-0.00,-0.07
41518,-1.36,-0.13,-0.05,0.03,-0.11,-0.07
41519,-1.36,-0.13,-0.16,-0.08,-0.11,-0.07
41520,-1.26,-0.02,-0.16,-0.08,-0.11,-0.07
41521,-1.26,-0.13,-0.16,-0.08,-0.21,-0.07
41522,-1.36,-0.02,-0.16,0.03,-0.11,-0.17
41523,-1.36,-0.02,-0.05,0.03,-0.21,-0.07
41524,-1.26,-0.02,-0.16,-0.08,-0.11,-0.07
41525,-1.26,-0.02,-0.16,-0.08,-0.31,-0.17
41526,-1.36,-0.13,-0.05,-0.08,-0.11,-0.17
41527,-1.36,-0.02,-0.16,-0.08,-0.21,-0.17
41528,-1.36,-0.13,-0.16,-0.08,-0.00,-0.17
41529,-1.26,-0.02,-0.05,0.03,-0.11,-0.07
41530,-1.36,-0.13,-0.05,-0.08,-0.21,-0.07
41531,-1.36,-0.02,-0.05,-0.08,-0.21,-0.07
41532,-1.26,-0.02,-0.16,0.03,-0.00,-0.28
41533,-1.36,-0.02,-0.05,0.03,-0.21,-0.17
41534,-1.36,-0.23,-0.16,0.03,-0.21,-0.17
41535,-1.26,-0.13,-0.05,0.03,-0.11,-0.17
41536,-1.16,-0.02,-0.16,0.03,-0.11,-0.07
41537,-1.36,-0.13,-0.05,0.03,-0.11,-0.17
41538,-1.47,-0.13,-0.05,0.03,-0.21,-0.17
41539,-1.36,-0.23,-0.05,0.13,-0.11,-0.07
41540,-1.26,-0.02,-0.05,0.13,-0.21,-0.17
41541,-1.36,-0.13,-0.05,-0.08,-0.11,-0.07
41542,-1.36,-0.02,-0.05,-0.08,-0.11,0.04
41543,-1.36,-0.13,-0.05,0.03,-0.11,-0.17
41544,-1.26,-0.13,-0.16,-0.08,-0.00,-0.28
41545,-1.16,-0.13,-0.16,-0.08,-0.11,-0.07
41546,-1.16,-0.13,-0.05,0.03,-0.11,-0.17
41547,-1.26,-0.02,-0.16,0.03,-0.11,0.04
41548,-1.16,-0.13,-0.16,-0.08,-0.11,-0.17
41549,-1.26,-0.02,-0.16,-0.08,-0.21,-0.17
41550,-1.47,-0.02,0.05,-0.08,-0.21,-0.07
41551,-1.36,-0.02,-0.05,-0.08,-0.11,-0.07
41552,-1.26,-0.02,-0.05,0.03,-0.11,-0.07
41553,-1.36,-0.13,-0.16,0.03,-0.11,-0.07
41554,-1.26,-0.13,-0.05,0.03,-0.11,-0.17
41555,-1.26,-0.23,-0.05,0.03,-0.11,-0.17
41556,-1.16,-0.02,-0.05,0.03,-0.11,-0.07
41557,-1.26,-0.02,-0.05,0.03,-0.21,-0.07
41558,-1.26,-0.13,-0.16,0.03,-0.21,-0.17
41559,-1.16,-0.13,-0.05,0.03,-0.21,-0.07
41560,-1.36,-0.13,-0.16,-0.08,-0.11,-0.17
41561,-1.36,-0.13,-0.05,0.03,-0.11,-0.07
41562,-1.36,-0.02,-0.16,-0.08,-0.00,-0.07
41563,-1.36,-0.02,-0.16,-0.08,-0.11,0.04
41564,-1.36,-0.02,-0.16,0.03,-0.21,-0.17
41565,-1.26,-0.02,-0.05,0.03,-0.11,-0.17
41566,-1.26,-0.02,-0.05,0.03,-0.11,-0.07
41567,-1.26,-0.13,-0.16,0.03,-0.11,-0.17
41568,-1.36,-0.02,-0.05,-0.08,-0.11,-0.07
41569,-1.26,-0.13,-0.16,0.03,-0.21,-0.17
41570,-1.36,-0.13,-0.05,-0.08,-0.11,-0.07
41571,-1.16,-0.13,-0.05,0.03,-0.11,-0.07
41572,-1.26,-0.13,-0.05,-0.08,-0.21,0.04
41573,-1.36,-0.13,-0.05,-0.08,-0.11,-0.17
41574,-1.26,-0.13,-0.05,-0.08,-0.11,-0.17
41575,-1.26,-0.13,-0.05,0.03,-0.11,-0.17
41576,-1.36,-0.13,-0.16,0.03,-0.11,-0.07
41577,-1.26,-0.23,-0.05,0.03,-0.11,-0.17
41578,-1.16,-0.13,-0.16,-0.08,-0.00,-0.07
41579,-1.26,-0.13,-0.16,0.03,-0.21,-0.07
41580,-1.36,-0.13,-0.05,-0.08,-0.11,-0.17
41581,-1.26,-0.13,-0.05,0.03,-0.21,-0.17
41582,-1.26,-0.13,-0.05,0.03,-0.11,-0.07
41583,-1.26,-0.13,-0.16,0.03,-0.21,-0.07
41584,-1.36,-0.02,-0.05,-0.08,-0.11,-0.07
41585,-1.36,-0.13,-0.05,0.03,-0.00,-0.28
41586,-1.36,-0.02,-0.05,0.03,-0.21,-0.07
41587,-1.36,-0.02,-0.05,0.03,-0.11,-0.07
41588,-1.26,-0.13,-0.16,0.03,-0.11,-0.07
41589,-1.26,-0.02,-0.16,-0.08,-0.21,-0.07
41590,-1.26,-0.02,-0.05,0.03,-0.11,-0.07
41591,-1.26,-0.13,-0.16,-0.08,-0.11,-0.07
41592,-1.36,-0.02,-0.05,-0.08,-0.21,-0.17
41593,-1.16,-0.02,-0.05,-0.08,-0.21,-0.17
41594,-1.26,-0.13,-0.16,0.03,-0.00,-0.07
41595,-1.36,-0.13,-0.16,0.03,-0.11,-0.17
41596,-1.26,-0.13,-0.05,-0.08,-0.11,0.04
41597,-1.26,-0.13,-0.05,-0.08,-0.11,0.04
41598,-1.36,-0.13,-0.16,0.03,-0.00,-0.17
41599,-1.26,-0.13,-0.16,-0.08,-0.21,-0.17
41600,-1.26,-0.02,-0.05,-0.08,-0.11,-0.07
41601,-1.26,-0.02,-0.16,-0.08,-0.11,-0.07
41602,-1.36,-0.13,-0.05,0.03,-0.21,-0.28
41603,-1.26,-0.02,-0.16,-0.08,-0.21,-0.17
41604,-1.16,-0.02,-0.16,0.03,-0.11,-0.17
41605,-1.26,-0.13,-0.05,-0.08,-0.11,-0.07
41606,-1.36,-0.13,-0.16,0.03,-0.21,-0.17
41607,-1.36,-0.02,-0.05,-0.08,-0.11,-0.07
41608,-1.26,-0.13,-0.05,-0.08,-0.11,-0.17
41609,-1.36,-0.13,-0.05,0.03,-0.11,-0.17
41610,-1.16,-0.13,-0.05,0.03,-0.21,-0.17
41611,-1.16,-0.02,-0.05,-0.08,-0.21,-0.17
41612,-1.26,-0.13,-0.05,-0.08,-0.11,0.04
41613,-1.26,-0.02,-0.05,-0.08,-0.21,-0.07
41614,-1.36,-0.13,-0.05,-0.08,-0.11,-0.07
41615,-1.26,-0.02,-0.16,-0.08,-0.11,-0.07
41616,-1.36,-0.13,-0.05,0.03,-0.00,-0.07
41617,-1.47,-0.13,-0.05,-0.18,-0.11,-0.07
41618,-1.36,-0.13,-0.16,-0.08,-0.21,-0.07
41619,-1.26,-0.13,-0.05,-0.08,-0.21,-0.07
41620,-1.26,-0.02,-0.05,-0.08,-0.11,-0.07
41621,-1.47,-0.02,-0.05,-0.08,-0.11,-0.07
41622,-1.36,-0.13,-0.16,0.03,-0.21,-0.07
41623,-1.16,-0.02,-0.16,0.03,-0.21,-0.28
41624,-1.36,-0.02,-0.16,0.03,-0.21,-0.07
41625,-1.36,-0.13,-0.05,0.13,-0.11,-0.17
41626,-1.26,-0.23,-0.05,0.03,-0.00,-0.07
41627,-1.26,-0.13,-0.05,-0.08,-0.11,-0.17
41628,-1.36,-0.13,-0.05,-0.08,-0.11,-0.07
41629,-1.36,-0.02,-0.05,0.03,-0.21,-0.17
41630,-1.16,-0.13,-0.16,-0.08,-0.11,-0.17
41631,-1.26,-0.02,-0.16,0.03,-0.11,-0.07
41632,-1.36,-0.02,-0.05,0.03,-0.11,-0.07
41633,-1.26,-0.02,-0.05,0.03,-0.31,-0.07
41634,-1.26,-0.13,-0.16,-0.08,-0.21,-0.07
41635,-1.26,-0.13,-0.16,0.03,-0.11,-0.17
41636,-1.26,-0.13,-0.05,-0.08,-0.11,-0.07
41637,-1.36,-0.13,-0.05,0.03,-0.00,-0.07
41638,-1.26,-0.13,-0.16,-0.08,-0.11,-0.07
41639,-1.26,-0.13,-0.16,-0.08,-0.21,-0.07
41640,-1.36,-0.02,-0.05,0.03,-0.21,-0.07
41641,-1.36,-0.02,-0.05,-0.18,-0.21,-0.07
41642,-1.26,-0.13,-0.05,-0.08,-0.21,-0.07
41643,-1.26,-0.02,-0.16,-0.08,-0.21,-0.07
41644,-1.26,-0.13,-0.05,-0.08,-0.11,-0.07
41645,-1.36,-0.02,-0.05,-0.08,-0.11,-0.07
41646,-1.26,-0.13,-0.16,-0.08,-0.21,-0.17
41647,-1.26,-0.13,-0.05,0.03,-0.11,-0.07
41648,-1.26,-0.02,-0.05,0.03,-0.00,-0.17
41649,-1.26,-0.13,-0.05,-0.08,-0.11,-0.17
41650,-1.26,-0.23,-0.05,-0.08,-0.11,-0.17
41651,-1.36,-0.02,-0.16,-0.08,-0.11,-0.07
41652,-1.36,-0.13,-0.05,-0.08,-0.11,-0.17
41653,-1.26,-0.02,-0.05,0.03,-0.11,-0.17
41654,-1.16,-0.02,-0.05,-0.08,-0.11,-0.07
41655,-1.26,-0.13,-0.05,-0.08,-0.31,-0.17
41656,-1.36,-0.02,-0.05,0.03,-0.00,-0.17
41657,-1.36,-0.02,-0.05,-0.08,-0.11,-0.17
41658,-1.26,-0.02,-0.16,-0.08,-0.21,-0.07
41659,-1.16,-0.02,-0.16,0.03,-0.21,-0.17
41660,-1.26,-0.02,-0.05,-0.08,-0.11,-0.07
41661,-1.36,-0.13,-0.05,0.03,-0.21,-0.17
41662,-1.26,-0.13,-0.16,-0.08,-0.11,-0.07
41663,-1.26,-0.13,-0.05,-0.08,-0.11,-0.07
41664,-1.36,-0.13,-0.05,0.03,-0.21,-0.07
41665,-1.36,-0.13,-0.05,-0.08,-0.21,0.04
41666,-1.36,-0.02,-0.05,-0.08,-0.11,-0.17
41667,-1.36,-0.13,-0.05,0.03,-0.00,-0.07
41668,-1.36,-0.02,-0.16,-0.08,-0.21,-0.07
41669,-1.26,-0.02,-0.16,-0.08,-0.11,0.04
41670,-1.26,-0.13,-0.05,-0.08,-0.11,-0.17
41671,-1.26,-0.02,-0.16,-0.08,-0.11,-0.17
41672,-1.26,-0.13,-0.16,0.03,-0.11,-0.07
41673,-1.26,-0.23,-0.05,-0.08,-0.00,-0.07
41674,-1.26,-0.02,-0.16,-0.08,-0.11,-0.07
41675,-1.16,-0.13,-0.05,-0.18,-0.11,-0.17
41676,-1.36,-0.13,-0.05,0.03,-0.21,0.04
41677,-1.26,-0.02,-0.16,0.03,-0.11,-0.07
41678,-1.36,-0.02,-0.05,0.03,-0.11,-0.07
41679,-1.36,-0.13,-0.16,0.03,-0.11,-0.07
41680,-1.26,-0.02,-0.16,0.03,-0.11,-0.07
41681,-1.36,-0.13,-0.05,-0.08,-0.21,-0.17
41682,-1.36,-0.13,-0.16,0.03,-0.11,0.04
41683,-1.26,-0.02,-0.16,-0.08,-0.11,-0.07
41684,-1.26,-0.02,0.05,-0.08,-0.21,-0.17
41685,-1.26,-0.02,-0.05,0.03,-0.11,-0.17
41686,-1.26,-0.13,-0.05,0.03,-0.21,-0.17
41687,-1.26,-0.02,-0.05,0.03,-0.11,-0.17
41688,-1.26,-0.13,-0.05,0.03,-0.00,-0.07
41689,-1.36,-0.02,-0.05,-0.08,-0.11,-0.07
41690,-1.36,-0.13,-0.16,-0.08,-0.11,-0.17
41691,-1.26,-0.23,-0.16,0.03,-0.11,-0.07
41692,-1.36,-0.02,-0.05,-0.08,-0.00,-0.17
41693,-1.36,-0.13,-0.05,0.03,-0.21,-0.17
41694,-1.26,-0.02,-0.05,-0.18,-0.21,-0.17
41695,-1.26,-0.02,-0.16,-0.08,-0.21,-0.17
41696,-1.36,-0.13,-0.16,-0.08,-0.21,-0.07
41697,-1.26,-0.02,-0.05,-0.08,-0.21,-0.07
41698,-1.26,-0.02,-0.16,-0.08,-0.21,-0.17
41699,-1.26,-0.13,-0.16,-0.08,-0.00,-0.07
41700,-1.26,-0.02,-0.05,-0.08,-0.11,-0.07
41701,-1.36,-0.02,-0.05,-0.08,-0.21,-0.07
41702,-1.36,-0.13,-0.05,-0.08,-0.21,-0.17
41703,-1.26,-0.13,-0.16,0.03,-0.11,-0.07
41704,-1.26,-0.13,-0.05,0.03,-0.21,-0.07
41705,-1.26,-0.02,-0.05,-0.08,-0.11,0.04
41706,-1.26,-0.02,-0.05,-0.08,-0.21,-0.07
41707,-1.26,-0.02,-0.26,-0.18,-0.00,-0.17
41708,-1.36,-0.02,-0.05,0.03,-0.11,-0.28
41709,-1.36,-0.02,-0.05,0.03,-0.11,-0.07
41710,-1.36,-0.02,-0.16,-0.08,-0.21,-0.07
41711,-1.36,-0.13,-0.05,0.03,-0.21,-0.17
41712,-1.26,-0.02,-0.16,-0.08,-0.11,-0.07
41713,-1.26,-0.02,-0.16,-0.08,-0.21,-0.07
41714,-1.16,-0.13,0.05,0.03,-0.21,0.04
41715,-1.36,-0.13,-0.16,0.03,-0.21,-0.17
41716,-1.36,-0.02,-0.05,-0.08,-0.11,-0.17
41717,-1.26,-0.02,-0.05,0.03,-0.21,-0.17
41718,-1.26,-0.13,-0.16,-0.08,-0.11,-0.17
41719,-1.26,-0.02,-0.05,-0.18,-0.21,-0.17
41720,-1.36,-0.02,-0.05,0.03,-0.00,0.04
41721,-1.36,-0.13,-0.16,0.03,-0.21,-0.07
41722,-1.16,-0.13,-0.05,-0.18,-0.21,-0.17
41723,-1.36,-0.13,-0.05,-0.28,-0.11,-0.07
41724,-1.26,-0.13,-0.16,-0.08,-0.11,-0.07
41725,-1.26,-0.13,-0.16,0.03,-0.11,-0.07
41726,-1.26,-0.02,-0.16,-0.18,-0.21,-0.17
41727,-1.36,-0.02,-0.16,-0.08,-0.00,-0.17
41728,-1.36,-0.13,-0.05,-0.08,-0.11,-0.07
41729,-1.26,-0.13,-0.05,-0.08,-0.11,-0.07
41730,-1.36,-0.13,-0.05,-0.08,-0.21,-0.07
41731,-1.26,-0.13,-0.16,0.03,-0.11,-0.17
41732,-1.26,-0.02,-0.05,-0.08,-0.21,-0.17
41733,-1.36,-0.02,-0.16,0.03,-0.11,-0.07
41734,-1.36,-0.13,-0.05,0.03,-0.11,-0.17
41735,-1.26,-0.02,-0.05,-0.08,-0.31,-0.17
41736,-1.26,-0.02,-0.05,-0.08,-0.31,-0.17
41737,-1.26,-0.13,-0.16,0.03,-0.11,0.04
41738,-1.36,-0.13,-0.16,0.03,-0.00,0.04
41739,-1.36,-0.02,-0.16,0.03,-0.00,-0.17
41740,-1.36,-0.02,-0.05,0.03,-0.00,-0.07
41741,-1.26,-0.02,-0.16,-0.08,-0.11,0.04
41742,-1.26,-0.13,-0.16,0.03,-0.11,-0.07
41743,-1.36,-0.13,-0.05,0.03,-0.21,0.04
41744,-1.26,-0.13,-0.05,0.03,-0.00,-0.07
41745,-1.36,-0.13,-0.05,0.03,-0.21,-0.07
41746,-1.36,-0.13,-0.05,-0.08,-0.11,-0.07
41747,-1.36,-0.02,-0.05,0.03,-0.11,-0.07
41748,-1.36,-0.02,-0.05,0.13,-0.11,-0.17
41749,-1.26,-0.02,-0.16,-0.18,-0.11,-0.17
41750,-1.36,-0.02,-0.05,-0.08,-0.11,0.04
41751,-1.26,-0.02,-0.16,0.03,-0.11,0.04
41752,-1.26,-0.13,-0.05,0.03,-0.00,-0.07
41753,-1.36,-0.13,-0.05,-0.08,-0.11,-0.07
41754,-1.36,-0.13,-0.05,0.03,-0.21,-0.17
41755,-1.26,-0.23,-0.05,0.03,-0.21,-0.17
41756,-1.26,-0.13,-0.16,0.03,-0.00,-0.17
41757,-1.36,-0.02,-0.16,0.03,-0.00,-0.17
41758,-1.16,-0.02,-0.05,-0.08,-0.21,-0.17
41759,-1.16,-0.13,-0.05,0.03,-0.11,0.04
41893,-1.36,-0.02,-0.05,-0.08,-0.11,-0.17
41894,-1.26,0.08,-0.16,-0.08,-0.11,-0.07
41895,-1.36,-0.13,-0.05,-0.08,-0.11,-0.17
41896,-1.26,-0.02,-0.05,-0.08,-0.11,-0.07
41897,-1.36,0.08,-0.05,0.03,-0.11,-0.17
41898,-1.36,-0.13,-0.05,0.03,-0.21,-0.07
41899,-1.36,-0.13,-0.16,-0.08,-0.11,-0.07
41900,-1.36,-0.02,-0.05,-0.08,-0.00,-0.07
41901,-1.26,-0.13,-0.16,-0.08,-0.11,0.04
41902,-1.26,-0.13,-0.05,0.03,-0.11,0.04
41903,-1.26,-0.13,-0.05,-0.18,-0.21,-0.07
41904,-1.26,-0.23,-0.05,-0.08,-0.11,-0.17
41905,-1.26,-0.02,-0.16,-0.08,-0.11,-0.07
41906,-1.16,-0.02,-0.05,0.03,-0.31,-0.07
41907,-1.26,-0.02,-0.05,0.03,-0.21,-0.07
41908,-1.26,-0.02,-0.05,-0.08,-0.21,-0.17
41909,-1.26,-0.02,-0.05,-0.08,-0.11,-0.07
41910,-1.16,-0.02,-0.16,-0.08,-0.21,-0.07
41911,-1.16,-0.13,-0.16,-0.08,-0.21,-0.17
41912,-1.16,-0.13,-0.05,-0.08,-0.21,-0.17
41913,-1.26,-0.13,-0.05,-0.08,-0.11,-0.17
41914,-1.36,-0.13,-0.16,0.03,-0.00,-0.07
41915,-1.16,-0.02,-0.05,0.03,-0.11,-0.07
41916,-1.36,-0.02,-0.05,-0.08,-0.11,-0.17
41917,-1.36,0.08,-0.05,0.03,-0.11,-0.07
41918,-1.26,-0.13,-0.16,0.03,-0.11,-0.17
41919,-1.36,-0.02,-0.05,0.03,-0.11,-0.07
41920,-1.26,-0.02,-0.05,-0.08,-0.11,-0.07
41921,-1.26,-0.13,-0.05,0.03,-0.21,0.04
41922,-1.26,-0.13,-0.16,0.03,-0.11,-0.17
41923,-1.36,-0.02,-0.05,-0.08,-0.21,-0.17
41924,-1.36,-0.13,-0.16,0.03,-0.21,-0.07
41925,-1.36,-0.13,-0.16,0.03,-0.21,-0.17
41926,-1.26,-0.13,-0.05,-0.08,-0.11,-0.07
41927,-1.26,-0.02,-0.05,0.03,-0.11,-0.07
41928,-1.36,-0.13,-0.16,0.03,-0.11,-0.07
41929,-1.26,-0.02,-0.05,-0.18,-0.21,-0.28
41930,-1.26,-0.02,-0.05,-0.08,-0.11,-0.17
41931,-1.26,-0.02,-0.05,-0.08,-0.00,-0.17
41932,-1.36,-0.13,-0.16,0.13,-0.11,0.04
41933,-1.26,-0.13,-0.16,0.03,-0.11,-0.17
41934,-1.26,-0.02,-0.05,0.03,-0.11,-0.07
41935,-1.36,-0.13,-0.05,-0.08,-0.00,-0.07
41936,-1.26,-0.02,-0.16,0.03,-0.21,-0.07
41937,-1.36,-0.13,-0.16,-0.08,-0.11,-0.07
41938,-1.36,-0.02,-0.05,-0.08,-0.21,-0.17
41939,-1.36,-0.13,-0.05,0.03,-0.21,-0.17
41940,-1.26,0.08,-0.16,-0.08,-0.21,0.04
41941,-1.26,-0.02,-0.05,0.03,-0.11,-0.07
41942,-1.26,-0.13,-0.05,0.03,-0.00,-0.07
41943,-1.36,-0.02,-0.05,0.03,-0.11,-0.07
41944,-1.26,-0.02,-0.16,0.03,-0.00,0.04
41945,-1.36,-0.02,-0.05,-0.08,-0.21,-0.17
41946,-1.36,-0.13,-0.05,-0.08,-0.21,-0.17
41947,-1.36,-0.13,-0.05,0.03,-0.21,-0.17
41948,-1.26,-0.02,-0.05,-0.08,-0.11,-0.07
41949,-1.26,-0.13,-0.16,-0.08,-0.21,-0.17
41950,-1.26,-0.02,-0.05,-0.08,-0.11,-0.07
41951,-1.16,-0.13,-0.05,-0.08,-0.21,-0.07
41952,-1.26,-0.13,-0.05,0.03,-0.11,-0.07
41953,-1.26,-0.13,-0.05,-0.08,-0.11,-0.07
41954,-1.26,-0.13,-0.05,0.03,-0.11,-0.07
41955,-1.16,-0.13,-0.05,-0.08,-0.21,-0.07
41956,-1.16,-0.02,-0.05,0.03,-0.21,-0.17
41957,-1.26,-0.13,-0.05,-0.08,-0.11,-0.17
41958,-1.36,-0.13,-0.16,-0.08,-0.11,-0.07
41959,-1.26,-0.02,0.05,-0.08,-0.11,-0.17
41960,-1.36,-0.23,-0.16,0.03,-0.11,-0.07
41961,-1.36,-0.13,-0.05,0.03,-0.21,-0.17
41962,-1.36,-0.02,-0.05,-0.08,-0.21,-0.17
41963,-1.26,-0.02,-0.16,-0.08,-0.11,-0.28
41964,-1.26,-0.13,-0.05,-0.08,-0.00,-0.17
41965,-1.36,-0.02,-0.16,-0.08,-0.11,-0.07
41966,-1.26,-0.13,-0.05,0.03,-0.00,0.04
41967,-1.16,-0.23,-0.05,-0.08,-0.11,-0.07
41968,-1.16,-0.13,-0.05,-0.18,-0.21,-0.07
41969,-1.36,-0.02,-0.16,0.03,-0.21,-0.07
41970,-1.26,-0.13,-0.16,-0.18,-0.00,0.04
41971,-1.26,-0.13,-0.16,-0.08,-0.00,-0.17
41972,-1.26,-0.02,-0.05,0.03,-0.11,-0.07
41973,-1.26,-0.02,-0.05,-0.08,-0.11,-0.17
41974,-1.26,-0.13,-0.16,0.03,-0.00,0.04
41975,-1.26,-0.13,-0.16,0.03,-0.21,-0.07
41976,-1.26,-0.13,-0.05,-0.08,-0.00,-0.17
41977,-1.26,-0.02,-0.05,-0.08,-0.11,-0.17
41978,-1.26,-0.13,-0.05,0.03,-0.11,-0.07
41979,-1.16,-0.02,-0.05,-0.08,-0.11,0.04
41980,-1.36,-0.02,-0.16,-0.08,-0.21,0.04
41981,-1.36,-0.13,-0.16,-0.08,-0.11,-0.07
41982,-1.26,-0.02,-0.16,-0.08,-0.21,-0.28
41983,-1.26,-0.13,-0.05,-0.08,-0.11,-0.28
41984,-1.36,-0.13,-0.05,0.03,-0.11,-0.07
41985,-1.26,-0.02,-0.16,0.03,-0.31,0.04
41986,-1.36,-0.13,-0.16,0.03,-0.11,-0.07
41987,-1.36,-0.13,-0.05,0.03,-0.21,-0.07
41988,-1.26,-0.13,-0.16,0.13,-0.11,0.04
41989,-1.26,-0.02,-0.16,-0.08,-0.21,-0.07
41990,-1.26,-0.02,-0.16,-0.08,-0.00,0.04
41991,-1.26,-0.02,-0.16,-0.08,-0.11,-0.07
41992,-1.36,-0.02,-0.05,-0.08,-0.21,-0.07
41993,-1.26,-0.13,-0.05,0.03,-0.11,-0.07
41994,-1.26,-0.02,-0.05,0.03,-0.11,-0.17
41995,-1.36,-0.13,-0.05,-0.08,-0.21,-0.07
41996,-1.36,-0.13,-0.16,-0.08,-0.11,0.04
41997,-1.26,-0.13,-0.05,-0.18,-0.11,-0.07
41998,-1.26,-0.13,-0.05,0.03,-0.21,0.04
41999,-1.26,-0.13,-0.05,0.03,-0.21,0.04
42000,-1.36,-0.23,-0.05,-0.18,-0.21,-0.07
42001,-1.26,-0.13,-0.05,-0.08,-0.11,-0.07
42002,-1.47,-0.13,-0.16,-0.08,-0.11,-0.07
42003,-1.26,-0.13,-0.05,0.03,-0.11,-0.17
42004,-1.26,-0.02,-0.05,-0.08,-0.11,-0.28
42005,-1.36,-0.13,-0.05,-0.08,-0.21,-0.07
42006,-1.36,-0.13,-0.16,-0.08,-0.11,-0.07
42007,-1.36,-0.13,-0.16,-0.08,-0.11,-0.07
42008,-1.26,-0.13,-0.05,0.03,-0.11,-0.17
42009,-1.26,-0.23,-0.16,0.03,-0.11,-0.07
42010,-1.36,-0.13,-0.05,0.13,-0.11,-0.07
42011,-1.26,-0.13,-0.16,-0.08,-0.11,-0.07
42012,-1.36,-0.02,-0.05,0.03,-0.11,-0.17
42013,-1.36,-0.13,-0.05,-0.08,-0.21,-0.07
42014,-1.26,-0.02,-0.16,-0.08,-0.00,-0.17
42015,-1.36,-0.13,-0.05,-0.08,-0.11,-0.07
42016,-1.36,-0.13,-0.05,-0.08,-0.11,-0.17
42017,-1.36,-0.13,-0.05,0.03,-0.11,-0.17
42018,-1.36,-0.13,-0.05,-0.08,-0.00,0.04
42019,-1.36,-0.02,-0.05,-0.08,-0.11,-0.17
42020,-1.16,-0.02,-0.05,-0.08,-0.11,-0.17
42021,-1.36,-0.13,-0.05,0.03,-0.00,-0.17
42022,-1.26,-0.02,-0.16,-0.18,-0.21,0.04
42023,-1.36,-0.13,-0.05,0.03,-0.11,0.04
42024,-1.36,-0.13,-0.16,0.03,-0.21,-0.17
42025,-1.26,-0.13,-0.16,-0.08,-0.21,-0.07
42026,-1.26,-0.02,-0.05,0.03,-0.21,-0.07
42027,-1.26,-0.13,-0.05,-0.18,-0.11,-0.17
42028,-1.26,-0.13,-0.05,-0.08,-0.11,-0.07
42029,-1.26,-0.13,-0.16,0.03,0.10,0.04
42030,-1.26,-0.13,-0.05,-0.08,-0.11,0.04
42031,-1.26,-0.13,-0.05,-0.08,-0.21,0.04
42032,-1.36,-0.13,-0.05,-0.08,-0.11,-0.17
42033,-1.26,-0.13,-0.05,-0.08,-0.21,-0.07
42034,-1.26,-0.13,-0.16,0.03,-0.21,-0.07
42035,-1.26,-0.13,-0.16,0.03,-0.11,-0.07
42036,-1.36,-0.02,-0.05,-0.08,-0.21,-0.07
42037,-1.36,-0.13,-0.05,0.03,-0.21,-0.07
42038,-1.36,-0.02,-0.16,-0.08,-0.11,-0.07
42039,-1.36,-0.02,-0.16,0.03,-0.21,0.04
42040,-1.36,-0.13,-0.05,-0.08,-0.11,-0.17
42041,-1.26,-0.02,-0.16,0.03,-0.11,-0.17
42042,-1.26,-0.02,-0.16,0.03,-0.21,-0.07
42043,-1.26,-0.13,-0.05,0.03,-0.21,-0.17
42044,-1.26,-0.02,-0.05,-0.18,-0.21,0.04
42045,-1.36,-0.02,-0.05,-0.08,-0.11,0.04
42046,-1.36,-0.02,-0.05,0.03,-0.21,-0.17
42047,-1.36,-0.23,-0.05,0.03,-0.00,-0.07
42048,-1.26,-0.02,-0.16,-0.08,-0.21,0.04
42049,-1.26,-0.02,-0.05,0.03,-0.00,-0.07
42050,-1.26,-0.02,-0.05,-0.08,-0.21,-0.07
42051,-1.36,-0.13,-0.05,-0.08,-0.11,-0.17
42052,-1.36,-0.02,-0.16,-0.08,-0.00,-0.17
42053,-1.36,-0.13,-0.16,0.03,-0.11,-0.17
42054,-1.26,-0.13,-0.16,0.03,-0.21,-0.07
42055,-1.26,-0.02,-0.05,-0.08,-0.11,-0.07
42056,-1.16,-0.02,-0.05,-0.18,-0.21,-0.07
42057,-1.26,-0.02,-0.16,-0.08,-0.21,-0.07
42058,-1.36,-0.02,-0.16,-0.08,-0.00,0.04
42059,-1.36,-0.13,-0.05,-0.08,-0.21,-0.07
42060,-1.26,-0.02,-0.16,0.03,-0.11,-0.17
42061,-1.36,-0.02,-0.05,0.03,-0.11,-0.17
42062,-1.26,-0.13,-0.05,-0.08,-0.11,-0.07
42063,-1.16,-0.13,-0.05,0.03,-0.11,-0.07
42064,-1.36,-0.13,-0.16,0.03,-0.11,-0.07
42065,-1.26,-0.13,-0.05,0.03,-0.11,0.04
42066,-1.26,-0.02,-0.05,-0.08,-0.11,-0.07
42067,-1.26,-0.13,-0.05,-0.18,-0.21,-0.07
42068,-1.26,-0.13,-0.16,-0.18,-0.00,-0.17
42069,-1.36,-0.13,-0.05,-0.08,-0.11,-0.07
42070,-1.36,-0.13,-0.16,-0.08,-0.00,-0.17
42071,-1.26,-0.02,-0.16,-0.08,-0.21,-0.17
42072,-1.36,-0.02,-0.05,0.03,-0.11,-0.17
42073,-1.26,-0.02,-0.05,0.03,-0.21,-0.07
42074,-1.36,-0.02,-0.05,-0.08,-0.21,-0.07
42075,-1.26,-0.13,-0.05,-0.08,-0.11,-0.17
42076,-1.26,-0.13,-0.16,0.03,-0.11,-0.07
42077,-1.26,-0.13,-0.05,-0.08,-0.21,-0.17
42078,-1.26,-0.13,-0.05,-0.18,-0.31,-0.07
42079,-1.26,-0.02,-0.05,-0.08,-0.11,0.04
42080,-1.36,-0.13,-0.05,0.03,-0.00,-0.07
42081,-1.47,-0.13,-0.05,0.03,-0.11,-0.07
42082,-1.36,-0.13,-0.05,-0.08,-0.21,-0.17
42083,-1.36,-0.13,-0.16,0.13,-0.11,-0.17
42084,-1.36,-0.02,-0.16,0.03,-0.00,-0.07
42085,-1.36,-0.02,-0.16,-0.18,-0.11,-0.17
42086,-1.26,-0.13,-0.05,-0.18,-0.21,-0.07
42087,-1.36,-0.13,-0.05,0.03,-0.21,-0.07
42088,-1.26,-0.02,-0.16,0.03,-0.21,-0.17
42089,-1.26,-0.13,-0.16,-0.18,-0.11,-0.17
42090,-1.36,-0.13,-0.16,0.03,-0.21,-0.17
42091,-1.26,-0.13,-0.16,-0.08,-0.11,0.04
42092,-1.26,-0.13,-0.05,0.03,-0.21,-0.07
42093,-1.26,-0.02,-0.05,-0.08,-0.21,-0.17
42094,-1.36,-0.02,-0.05,-0.08,-0.11,-0.07
42095,-1.26,-0.13,-0.05,0.03,-0.21,-0.17
42096,-1.26,-0.02,-0.16,0.03,-0.21,-0.17
42097,-1.36,-0.13,-0.05,-0.08,-0.11,-0.07
42098,-1.26,-0.02,-0.16,0.03,-0.11,-0.07
42099,-1.36,-0.13,-0.16,-0.08,-0.11,-0.17
42100,-1.36,0.08,-0.16,0.13,-0.21,-0.07
42101,-1.26,0.08,-0.05,-0.08,-0.21,-0.17
42102,-1.26,-0.02,-0.16,0.13,-0.11,-0.17
42103,-1.26,-0.13,-0.05,-0.08,-0.21,-0.17
42104,-1.36,-0.13,-0.05,0.03,-0.21,-0.07
42105,-1.26,-0.13,-0.05,0.03,-0.11,0.04
42106,-1.26,-0.13,-0.16,-0.08,-0.11,-0.07
42107,-1.36,-0.02,-0.16,-0.08,-0.00,-0.28
42108,-1.16,-0.02,-0.05,0.03,-0.21,-0.17
42109,-1.26,-0.02,-0.16,0.03,-0.11,-0.17
42110,-1.26,-0.13,-0.16,-0.08,-0.11,-0.07
42111,-1.26,-0.02,-0.16,-0.08,-0.11,-0.07
42112,-1.26,-0.02,-0.16,-0.18,-0.00,-0.17
42113,-1.26,-0.13,-0.05,0.03,-0.11,-0.07
42114,-1.26,-0.02,-0.05,0.03,-0.00,-0.17
42115,-1.26,-0.02,-0.16,0.13,-0.21,0.04
42116,-1.36,-0.02,-0.16,-0.08,-0.21,-0.17
42117,-1.36,-0.13,-0.05,-0.08,-0.11,-0.17
42118,-1.36,-0.02,-0.05,-0.08,-0.21,-0.07
42119,-1.26,-0.02,-0.05,-0.08,-0.00,-0.28
42120,-1.36,-0.13,-0.05,-0.08,-0.00,-0.07
42121,-1.36,-0.13,-0.05,0.03,-0.11,-0.07
42122,-1.36,-0.13,-0.05,-0.08,-0.11,-0.17
42123,-1.26,-0.02,-0.05,-0.08,-0.21,-0.17
42124,-1.26,-0.13,-0.05,-0.08,-0.11,-0.17
42125,-1.36,-0.13,-0.05,0.03,-0.21,-0.17
42126,-1.36,-0.13,-0.16,-0.08,-0.11,-0.17
42127,-1.26,-0.02,-0.16,-0.18,-0.21,-0.07
42128,-1.26,-0.13,-0.05,-0.08,-0.21,-0.07
42129,-1.26,-0.13,-0.05,0.03,-0.21,-0.17
42130,-1.26,-0.13,-0.05,-0.08,-0.11,-0.07
42131,-1.36,-0.13,-0.16,0.03,-0.11,0.04
42132,-1.36,-0.13,-0.16,0.03,-0.11,-0.07
42133,-1.26,-0.13,-0.16,0.03,-0.11,-0.17
42134,-1.16,-0.02,-0.05,0.03,-0.00,-0.07
42135,-1.26,-0.02,-0.16,-0.08,-0.11,-0.17
42136,-1.36,-0.13,-0.05,0.03,-0.11,-0.07
42137,-1.36,0.08,-0.05,0.03,-0.00,0.04
42138,-1.26,-0.02,-0.05,0.13,-0.21,-0.17
42139,-1.36,-0.02,-0.05,-0.08,-0.11,-0.07
42140,-1.26,-0.13,-0.05,-0.08,-0.21,-0.07
42141,-1.36,-0.02,-0.05,-0.08,-0.00,-0.17
42142,-1.26,-0.02,-0.16,-0.08,-0.11,-0.17
42143,-1.26,-0.02,-0.16,0.03,-0.21,0.04
42144,-1.26,-0.23,-0.05,0.03,-0.00,-0.07
42145,-1.26,-0.13,-0.05,-0.08,-0.11,-0.07
42146,-1.36,-0.23,-0.05,0.03,-0.11,-0.07
42147,-1.26,-0.13,-0.16,0.13,-0.11,-0.17
42148,-1.26,-0.02,-0.05,-0.18,-0.11,-0.07
42149,-1.16,-0.23,-0.05,-0.08,-0.11,-0.07
42150,-1.36,-0.02,-0.05,0.03,-0.21,-0.07
42151,-1.36,-0.02,-0.16,0.03,-0.11,-0.17
42152,-1.16,-0.02,-0.16,-0.08,-0.11,-0.17
42153,-1.26,-0.02,-0.16,-0.08,-0.21,-0.17
42154,-1.26,-0.13,-0.16,-0.08,-0.11,-0.07
42155,-1.26,-0.02,-0.05,-0.08,-0.21,-0.17
42156,-1.26,-0.13,-0.05,0.03,-0.11,-0.17
42157,-1.26,-0.02,-0.05,0.03,-0.00,-0.17
42158,-1.26,-0.13,-0.16,-0.08,-0.21,-0.17
42159,-1.26,-0.13,-0.05,0.03,-0.11,-0.07
42160,-1.26,-0.13,-0.05,0.03,-0.21,-0.28
42161,-1.26,-0.23,-0.16,0.03,-0.21,-0.07
42162,-1.26,-0.13,-0.05,0.03,-0.21,-0.07
42163,-1.36,-0.02,-0.16,-0.18,-0.21,-0.17
42164,-1.26,-0.02,-0.16,-0.18,-0.11,0.04
42165,-1.26,-0.02,-0.16,-0.08,-0.11,-0.07
42166,-1.26,-0.02,-0.05,-0.08,-0.21,-0.07
42167,-1.26,-0.13,-0.05,0.03,-0.11,-0.07
42168,-1.26,-0.13,-0.16,0.13,-0.11,-0.07
42169,-1.36,-0.02,-0.16,0.03,-0.11,0.04
42170,-1.36,-0.13,-0.05,-0.08,-0.11,-0.07
42171,-1.16,-0.02,-0.16,-0.08,-0.21,-0.07
42172,-1.26,-0.02,-0.16,-0.08,-0.00,-0.07
42173,-1.36,-0.13,-0.16,-0.08,-0.11,-0.07
42174,-1.36,-0.02,-0.16,0.03,-0.00,-0.17
42175,-1.16,-0.02,-0.05,0.03,-0.21,-0.07
42176,-1.16,-0.02,-0.05,0.03,-0.21,-0.07
42177,-1.36,-0.13,-0.16,-0.08,-0.31,-0.07
42178,-1.26,-0.13,-0.16,0.03,-0.11,-0.17
42179,-1.26,-0.13,-0.16,0.03,-0.11,-0.07
42180,-1.26,-0.13,-0.05,0.03,-0.11,0.04
42181,-1.26,-0.02,-0.05,-0.08,-0.00,-0.07
42182,-1.26,-0.13,-0.16,-0.08,-0.11,-0.07
42183,-1.16,-0.13,-0.05,0.03,-0.11,-0.28
42184,-1.26,-0.13,-0.05,0.03,-0.11,-0.17
42185,-1.26,-0.13,-0.05,0.13,-0.00,-0.17
42186,-1.26,-0.02,-0.05,0.03,-0.21,-0.07
42187,-1.26,-0.02,-0.05,-0.08,-0.11,-0.17
42188,-1.26,-0.02,-0.05,-0.08,-0.21,-0.07
42189,-1.26,-0.13,-0.16,-0.08,-0.11,-0.07
42190,-1.36,-0.13,-0.05,0.03,-0.11,-0.17
42191,-1.26,-0.13,-0.16,0.03,-0.21,0.04
42192,-1.36,-0.13,-0.05,-0.08,-0.21,-0.17
42193,-1.36,-0.13,-0.05,-0.08,-0.11,0.04
42303,-1.68,-0.44,0.05,0.03,0.10,-0.17
42303,-1.47,-0.23,-0.05,0.23,0.10,0.04
42304,-1.26,-0.13,-0.05,0.03,-0.21,-0.07
42305,-1.26,-0.13,-0.05,-0.08,-0.11,0.04
42306,-1.16,-0.02,-0.16,0.03,-0.21,-0.07
42307,-1.16,-0.13,-0.05,-0.08,-0.21,-0.07
42308,-1.26,-0.13,0.05,-0.08,-0.21,-0.07
42309,-1.26,-0.02,-0.05,0.03,-0.11,-0.07
42310,-1.26,-0.13,-0.05,-0.08,-0.21,-0.07
42311,-1.26,-0.02,-0.16,-0.08,-0.11,-0.07
42312,-1.26,-0.02,-0.05,0.03,-0.21,-0.17
42313,-1.36,-0.02,-0.05,0.03,-0.11,-0.07
42314,-1.36,-0.13,-0.16,-0.08,-0.11,-0.28
42315,-1.26,-0.13,-0.16,0.03,-0.11,-0.07
42316,-1.26,-0.13,-0.05,-0.08,-0.11,-0.17
42317,-1.36,-0.13,-0.05,-0.08,-0.11,-0.07
42318,-1.16,-0.13,-0.05,0.03,-0.11,-0.07
42319,-1.26,-0.02,-0.16,0.03,-0.11,-0.17
42320,-1.36,-0.02,-0.16,0.03,-0.21,-0.07
42321,-1.36,-0.02,-0.05,-0.08,-0.11,-0.17
42322,-1.26,-0.13,-0.05,0.03,-0.11,0.04
42323,-1.36,-0.13,-0.16,0.03,-0.11,-0.07
42324,-1.26,-0.13,-0.16,-0.18,-0.11,-0.07
42325,-1.26,-0.02,-0.16,-0.08,-0.21,-0.07
42326,-1.26,0.08,-0.05,-0.08,-0.21,-0.28
42327,-1.36,-0.13,-0.16,0.03,-0.00,0.04
42328,-1.26,-0.02,-0.05,0.03,-0.21,-0.07
42329,-1.26,-0.13,-0.16,-0.08,-0.11,-0.17
42330,-1.36,-0.13,-0.05,-0.18,-0.00,-0.17
42331,-1.26,-0.13,-0.05,-0.08,-0.21,-0.17
42332,-1.36,-0.13,-0.16,-0.08,-0.11,0.04
42333,-1.26,-0.13,-0.16,-0.08,-0.21,-0.17
42334,-1.16,0.08,-0.05,-0.18,-0.11,-0.07
42335,-1.26,-0.02,-0.05,0.03,-0.21,-0.07
42336,-1.26,-0.13,-0.05,0.03,-0.00,-0.07
42337,-1.36,-0.13,-0.16,-0.08,-0.11,-0.17
42338,-1.26,-0.02,-0.16,-0.08,-0.11,-0.07
42339,-1.36,-0.13,-0.05,-0.08,-0.11,-0.07
42340,-1.36,-0.02,-0.05,-0.08,-0.11,0.04
42341,-1.26,-0.02,-0.16,-0.08,-0.11,-0.07
42342,-1.26,-0.02,-0.05,-0.08,-0.11,-0.07
42343,-1.26,-0.02,-0.05,0.03,-0.21,-0.17
42344,-1.26,-0.13,-0.05,0.03,-0.11,0.04
42345,-1.26,-0.13,-0.05,0.03,-0.11,-0.17
42346,-1.36,-0.13,-0.05,-0.08,-0.11,-0.17
42347,-1.36,-0.02,-0.05,0.13,-0.11,0.04
42348,-1.36,-0.23,-0.16,0.03,-0.11,-0.17
42349,-1.26,-0.02,-0.16,-0.08,-0.11,-0.07
42350,-1.36,-0.02,-0.05,-0.08,-0.11,0.04
42351,-1.26,-0.13,-0.05,0.03,-0.11,0.04
42352,-1.36,-0.02,-0.05,-0.08,-0.00,0.04
42353,-1.36,-0.02,-0.05,-0.08,-0.21,-0.17
42354,-1.26,-0.02,-0.16,0.03,-0.00,-0.17
42355,-1.36,-0.13,-0.05,-0.08,-0.00,-0.07
42356,-1.36,-0.13,-0.05,0.13,-0.00,-0.07
42357,-1.36,-0.02,-0.05,-0.08,-0.11,-0.07
42358,-1.36,-0.02,-0.16,-0.18,-0.11,-0.07
42359,-1.26,-0.13,-0.05,0.03,-0.11,-0.28
42360,-1.26,-0.13,-0.16,0.03,-0.11,-0.17
42361,-1.36,-0.13,-0.05,0.03,-0.11,-0.07
42362,-1.26,-0.02,-0.16,-0.08,-0.21,-0.07
42363,-1.26,-0.02,-0.05,-0.08,-0.00,-0.17
42364,-1.26,-0.23,-0.05,0.03,-0.11,-0.07
42365,-1.16,-0.02,-0.05,-0.08,-0.11,-0.28
42366,-1.26,-0.02,-0.05,-0.08,-0.11,-0.17
42367,-1.26,-0.13,-0.16,0.03,-0.11,-0.07
42368,-1.36,-0.02,-0.05,-0.08,-0.21,-0.17
42369,-1.36,-0.02,-0.16,0.03,-0.00,-0.17
42370,-1.36,-0.13,-0.05,-0.08,-0.11,-0.07
42371,-1.36,-0.02,-0.05,-0.08,-0.11,-0.07
42372,-1.26,-0.13,-0.16,0.03,-0.11,-0.17
42373,-1.26,-0.02,-0.16,-0.08,-0.21,-0.07
42374,-1.36,-0.13,-0.16,0.03,-0.00,-0.07
42375,-1.36,0.08,-0.16,-0.08,-0.00,-0.07
42376,-1.36,-0.13,-0.05,-0.08,-0.11,-0.07
42377,-1.26,-0.13,-0.16,-0.08,-0.11,-0.07
42378,-1.36,-0.13,-0.16,-0.08,-0.00,-0.07
42379,-1.36,-0.13,-0.05,0.03,-0.11,-0.07
42380,-1.26,-0.02,-0.05,0.03,-0.21,-0.17
42381,-1.26,-0.13,-0.05,-0.08,-0.00,-0.17
42382,-1.36,-0.02,-0.05,0.03,-0.21,-0.07
42383,-1.26,-0.02,-0.05,-0.08,-0.11,-0.07
42384,-1.26,-0.13,-0.05,0.03,-0.11,-0.07
42385,-1.26,-0.13,-0.05,-0.08,-0.11,-0.07
42386,-1.26,-0.13,-0.16,0.03,-0.11,-0.07
42387,-1.26,-0.02,-0.05,0.03,-0.11,-0.07
42388,-1.26,-0.02,-0.16,0.03,-0.21,-0.17
42389,-1.26,-0.02,-0.05,-0.08,-0.21,-0.17
42390,-1.36,-0.13,-0.16,-0.08,-0.11,-0.07
42391,-1.26,-0.02,-0.05,-0.08,-0.21,-0.17
42392,-1.26,-0.13,-0.05,0.03,-0.21,-0.17
42393,-1.26,-0.02,-0.05,-0.08,-0.11,0.04
42394,-1.26,-0.13,-0.16,-0.08,-0.11,-0.07
42395,-1.26,-0.13,-0.05,-0.08,-0.11,-0.17
42396,-1.26,-0.13,-0.05,-0.08,-0.21,-0.17
42397,-1.26,-0.02,-0.05,-0.08,-0.11,-0.07
42398,-1.36,-0.13,-0.05,0.03,-0.21,-0.17
42399,-1.36,-0.02,-0.16,0.03,-0.11,-0.17
42400,-1.26,-0.02,-0.16,0.03,-0.00,-0.07
42401,-1.26,-0.02,-0.05,-0.08,-0.11,-0.07
42402,-1.26,-0.02,-0.16,-0.08,-0.00,-0.07
42403,-1.26,-0.13,-0.16,0.13,-0.11,-0.17
42404,-1.36,-0.02,-0.05,-0.08,-0.21,-0.07
42405,-1.26,-0.13,-0.05,0.03,-0.11,-0.07
42406,-1.26,-0.02,-0.05,-0.08,-0.11,-0.17
42407,-1.36,-0.13,-0.05,-0.08,-0.11,-0.07
42408,-1.26,-0.02,-0.16,-0.08,-0.00,-0.28
42409,-1.36,-0.13,-0.16,0.03,-0.11,-0.07
42410,-1.36,-0.02,-0.16,0.03,-0.11,0.04
42411,-1.26,-0.02,-0.16,0.03,-0.00,-0.07
42412,-1.26,-0.13,-0.16,-0.08,-0.11,-0.07
42413,-1.36,-0.13,-0.05,0.03,-0.11,-0.07
42414,-1.26,-0.02,-0.05,0.03,-0.11,-0.07
42415,-1.26,-0.13,-0.05,0.03,-0.11,-0.17
42416,-1.26,-0.13,-0.16,-0.08,-0.00,0.04
42417,-1.36,-0.13,-0.16,0.03,-0.11,-0.07
42418,-1.26,-0.02,-0.05,-0.08,-0.21,-0.17
42419,-1.26,-0.13,-0.05,0.03,-0.21,-0.07
42420,-1.26,-0.13,-0.05,-0.18,-0.11,-0.07
42421,-1.26,-0.13,-0.05,-0.08,-0.11,-0.17
42422,-1.36,-0.02,-0.05,0.03,-0.11,-0.17
42423,-1.26,-0.13,-0.16,0.03,-0.11,0.04
42424,-1.16,-0.13,-0.16,0.03,-0.11,0.04
42425,-1.36,-0.13,-0.16,0.03,-0.00,-0.07
42426,-1.36,-0.13,-0.05,0.03,-0.21,-0.17
42427,-1.26,-0.02,-0.05,0.03,-0.21,-0.07
42428,-1.26,-0.02,-0.16,-0.08,-0.11,-0.07
42429,-1.26,-0.02,-0.05,-0.08,-0.21,-0.07
42430,-1.36,-0.13,-0.16,0.03,-0.00,-0.07
42431,-1.36,-0.02,-0.05,-0.08,-0.21,-0.07
42432,-1.26,-0.02,-0.16,0.03,-0.21,-0.17
42433,-1.26,-0.02,-0.05,0.03,-0.21,-0.07
42434,-1.26,-0.02,-0.16,-0.08,-0.11,-0.07
42435,-1.36,-0.02,-0.05,-0.08,-0.00,0.04
42436,-1.26,-0.02,-0.05,-0.08,-0.21,-0.07
42437,-1.36,-0.02,-0.16,-0.08,-0.11,-0.17
42438,-1.36,-0.13,-0.05,-0.08,-0.21,-0.17
42439,-1.26,-0.13,-0.16,0.03,-0.00,-0.07
42440,-1.36,-0.13,-0.05,-0.08,-0.11,-0.17
42441,-1.36,-0.02,-0.16,-0.08,-0.00,-0.17
42442,-1.16,-0.13,-0.16,-0.08,-0.21,-0.07
42443,-1.26,-0.02,-0.05,0.03,-0.11,-0.28
42444,-1.26,-0.02,-0.05,0.03,-0.21,-0.07
42445,-1.26,-0.02,-0.05,-0.08,-0.11,-0.17
42446,-1.26,-0.02,-0.16,0.03,-0.11,-0.07
42447,-1.26,-0.02,-0.05,-0.08,-0.11,-0.07
42448,-1.26,-0.13,-0.16,0.03,-0.11,-0.07
42449,-1.26,-0.13,-0.05,0.03,-0.11,-0.17
42450,-1.26,-0.13,-0.05,0.03,-0.11,-0.17
42451,-1.26,-0.02,-0.05,-0.08,-0.11,-0.07
42452,-1.36,-0.02,-0.16,-0.08,-0.11,-0.07
42453,-1.26,-0.13,-0.16,0.03,-0.11,-0.17
42454,-1.36,-0.02,-0.05,0.03,-0.21,-0.17
42455,-1.26,-0.02,-0.05,-0.08,-0.11,-0.07
42456,-1.36,-0.13,-0.16,0.03,-0.11,-0.17
42457,-1.26,-0.02,-0.16,-0.08,-0.11,-0.07
42458,-1.16,-0.13,-0.05,0.03,-0.21,-0.07
42459,-1.26,-0.13,-0.05,0.03,-0.21,-0.07
42460,-1.16,-0.13,-0.16,0.03,-0.11,0.04
42461,-1.26,-0.02,-0.05,0.03,-0.21,-0.17
42462,-1.36,-0.02,-0.05,-0.08,-0.21,-0.07
42463,-1.26,-0.02,-0.05,-0.08,-0.21,0.04
42464,-1.16,-0.02,-0.05,-0.08,-0.11,-0.17
42465,-1.26,-0.02,-0.16,0.03,-0.11,-0.17
42466,-1.26,-0.13,-0.16,0.03,-0.21,-0.07
42467,-1.26,-0.02,-0.16,-0.18,-0.11,-0.17
42468,-1.26,-0.13,-0.05,-0.08,-0.11,-0.07
42469,-1.16,-0.02,-0.05,-0.08,-0.11,-0.07
42470,-1.26,-0.13,-0.05,-0.08,-0.11,-0.07
42471,-1.26,-0.02,-0.16,-0.08,-0.21,-0.17
42472,-1.26,-0.02,-0.05,0.03,-0.11,-0.17
42473,-1.26,-0.13,-0.05,0.03,-0.11,-0.17
42474,-1.36,-0.13,-0.05,0.03,-0.11,-0.07
42475,-1.36,-0.02,-0.05,0.03,-0.21,-0.17
42476,-1.26,-0.13,-0.05,0.03,-0.11,-0.07
42477,-1.26,-0.02,-0.05,0.03,-0.21,-0.28
42478,-1.26,-0.02,-0.16,-0.08,-0.11,-0.07
42479,-1.26,-0.13,-0.05,-0.08,-0.00,-0.07
42480,-1.36,-0.13,-0.05,0.03,-0.21,0.04
42481,-1.36,-0.13,-0.05,0.03,-0.00,-0.07
42482,-1.26,-0.02,-0.16,0.03,-0.21,-0.17
42483,-1.26,-0.02,-0.05,0.03,-0.21,0.04
42484,-1.26,-0.13,-0.05,0.03,-0.11,0.04
42485,-1.36,-0.13,-0.16,-0.08,-0.11,-0.07
42486,-1.26,-0.13,0.05,-0.08,-0.11,-0.17
42487,-1.26,-0.13,-0.16,0.03,-0.00,-0.07
42488,-1.26,-0.13,-0.05,-0.08,-0.11,-0.17
42489,-1.26,-0.02,-0.05,-0.08,-0.21,-0.17
42490,-1.26,-0.02,-0.05,-0.08,-0.11,-0.07
42491,-1.26,-0.13,-0.05,-0.08,-0.11,-0.17
42492,-1.26,-0.02,-0.05,-0.08,-0.21,-0.07
42493,-1.26,-0.02,-0.05,-0.08,-0.21,-0.17
42494,-1.26,-0.13,-0.16,-0.08,-0.11,-0.07
42495,-1.26,-0.02,-0.05,-0.08,-0.21,-0.07
42496,-1.26,-0.02,-0.05,-0.08,-0.21,-0.07
42497,-1.26,-0.02,-0.05,0.03,-0.21,-0.07
42498,-1.26,-0.02,-0.05,0.03,-0.11,-0.17
42499,-1.26,-0.02,-0.16,0.03,-0.00,-0.17
42500,-1.36,-0.13,-0.05,0.03,-0.00,-0.28
42501,-1.26,-0.02,-0.05,-0.08,-0.11,-0.17
42502,-1.36,-0.13,-0.16,-0.08,-0.21,-0.07
42503,-1.26,-0.13,-0.05,0.03,-0.21,-0.07
42504,-1.26,-0.13,-0.05,-0.08,-0.21,-0.17
42505,-1.26,-0.13,-0.05,-0.08,-0.21,-0.07
42506,-1.26,-0.02,-0.05,-0.08,-0.11,-0.07
42507,-1.26,-0.13,-0.05,-0.08,-0.11,-0.17
42508,-1.26,-0.13,-0.05,-0.08,-0.21,-0.17
42509,-1.26,-0.13,-0.05,-0.08,-0.21,-0.17
42510,-1.26,-0.02,-0.16,-0.08,-0.00,-0.07
42511,-1.36,-0.02,-0.05,0.03,-0.11,-0.28
42512,-1.26,-0.02,-0.05,-0.08,-0.11,-0.17
42513,-1.26,-0.02,-0.05,-0.18,-0.11,-0.17
42514,-1.26,-0.02,-0.05,-0.08,-0.11,-0.07
42515,-1.26,-0.13,-0.16,-0.08,-0.11,-0.07
42516,-1.26,-0.02,-0.05,-0.08,-0.21,0.04
42517,-1.36,-0.13,-0.05,0.03,-0.21,-0.07
42518,-1.36,-0.02,-0.05,-0.08,-0.11,-0.07
42519,-1.36,-0.02,-0.05,0.03,-0.21,-0.17
42520,-1.26,-0.02,-0.05,-0.08,-0.11,-0.17
42521,-1.36,-0.02,-0.16,0.03,-0.11,-0.17
42522,-1.26,-0.13,-0.16,0.03,-0.00,-0.17
42523,-1.36,-0.13,-0.16,0.03,-0.00,-0.07
42524,-1.36,-0.02,-0.05,0.03,-0.00,0.04
42525,-1.36,-0.13,-0.16,0.03,-0.11,-0.17
42526,-1.26,-0.13,-0.16,-0.08,-0.11,-0.07
42527,-1.26,-0.13,-0.16,-0.08,-0.11,0.04
42528,-1.47,-0.13,-0.05,-0.08,-0.11,-0.17
42529,-1.36,-0.13,-0.16,0.03,-0.11,-0.07
42530,-1.36,-0.13,-0.05,0.03,-0.11,-0.07
42531,-1.26,-0.02,-0.16,-0.08,-0.11,-0.17
42532,-1.36,-0.02,-0.16,0.03,-0.21,-0.07
42533,-1.26,-0.02,-0.05,-0.08,-0.21,-0.07
42534,-1.26,-0.02,-0.05,0.03,-0.21,-0.17
42535,-1.36,-0.13,-0.05,0.13,-0.11,-0.07
42536,-1.36,-0.02,-0.05,-0.08,-0.00,-0.07
42537,-1.26,-0.02,-0.05,-0.08,-0.11,-0.07
42538,-1.26,-0.02,-0.05,-0.08,-0.11,-0.07
42539,-1.36,-0.13,-0.05,0.03,-0.11,-0.17
42540,-1.26,-0.13,-0.05,-0.08,-0.11,-0.17
42541,-1.26,-0.02,-0.05,-0.08,-0.21,-0.17
42542,-1.16,-0.13,-0.05,-0.08,-0.11,-0.07
42543,-1.26,-0.13,-0.05,0.03,-0.11,-0.07
42544,-1.36,-0.13,-0.05,-0.08,-0.00,-0.07
42545,-1.26,-0.02,-0.16,0.03,-0.11,-0.07
42546,-1.26,-0.13,-0.05,-0.08,-0.21,-0.07
42547,-1.36,-0.13,-0.16,0.13,-0.21,-0.07
42548,-1.26,-0.13,-0.16,-0.08,-0.21,-0.07
42549,-1.26,-0.02,-0.16,0.03,-0.11,-0.17
42550,-1.36,-0.02,-0.16,0.03,-0.00,-0.07
42551,-1.36,-0.13,-0.05,0.03,-0.21,-0.07
42552,-1.36,-0.13,-0.05,0.03,-0.11,-0.17
42553,-1.36,-0.13,-0.16,0.03,-0.11,-0.07
42554,-1.26,-0.13,-0.16,0.03,-0.21,-0.07
42555,-1.26,-0.13,-0.16,0.03,-0.11,-0.07
42556,-1.26,-0.02,-0.16,0.03,-0.00,0.04
42557,-1.36,-0.13,-0.05,-0.08,-0.21,-0.17
42559,-1.36,-0.02,-0.16,0.03,-0.21,-0.17
42559,-1.36,-0.13,-0.16,0.03,-0.00,-0.28
42560,-1.26,-0.13,-0.05,0.03,-0.11,-0.17
42561,-1.26,-0.13,-0.05,-0.08,-0.21,-0.28
42562,-1.36,-0.02,-0.05,-0.08,-0.11,-0.07
42563,-1.36,-0.13,-0.05,-0.18,-0.21,-0.17
42564,-1.26,-0.13,-0.05,0.03,-0.11,-0.07
42565,-1.36,-0.23,-0.16,0.03,-0.00,-0.07
42566,-1.26,-0.02,-0.05,-0.08,-0.21,-0.17
42567,-1.36,-0.13,-0.05,-0.08,-0.00,-0.17
42568,-1.26,-0.02,-0.05,-0.18,-0.11,-0.28
42569,-1.26,-0.02,-0.05,0.03,-0.11,-0.28
42570,-1.36,-0.13,-0.16,0.03,-0.11,0.04
42571,-1.26,-0.02,-0.05,0.03,-0.11,-0.17
42572,-1.26,-0.02,-0.05,-0.08,-0.11,-0.07
42573,-1.26,-0.13,-0.16,-0.08,-0.11,-0.07
42574,-1.26,-0.02,-0.05,-0.08,-0.21,-0.17
42575,-1.36,-0.02,-0.16,-0.08,-0.21,-0.07
42576,-1.36,-0.13,-0.16,0.03,-0.11,-0.07
42577,-1.26,-0.02,-0.05,0.03,-0.11,-0.07
42578,-1.26,-0.13,-0.05,0.03,-0.11,0.04
42579,-1.26,-0.02,-0.05,-0.08,-0.11,-0.07
42580,-1.26,-0.02,-0.05,0.13,-0.11,-0.17
42581,-1.26,-0.13,-0.16,-0.18,-0.11,-0.17
42582,-1.26,-0.13,-0.16,-0.08,-0.11,-0.07
42583,-1.26,-0.13,-0.05,-0.08,-0.11,-0.07
42584,-1.26,-0.02,-0.05,0.03,-0.11,-0.07
42585,-1.36,-0.13,-0.16,0.03,-0.11,-0.17
42586,-1.26,-0.13,-0.16,-0.08,-0.11,-0.07
42587,-1.26,-0.02,-0.16,-0.08,-0.00,-0.17
42588,-1.26,-0.13,-0.05,0.03,-0.11,-0.07
42589,-1.26,-0.02,-0.16,-0.08,-0.11,-0.17
42590,-1.36,-0.02,-0.05,0.03,-0.11,-0.17
42591,-1.26,-0.02,-0.05,-0.08,-0.21,-0.17
42592,-1.26,-0.02,-0.16,0.03,-0.11,-0.17
42593,-1.26,-0.02,-0.05,0.03,-0.11,-0.17
42594,-1.26,-0.13,-0.16,-0.08,-0.11,-0.17
42595,-1.26,-0.02,-0.05,-0.08,-0.11,-0.17
42596,-1.26,-0.13,-0.16,-0.18,-0.11,-0.28
42597,-1.26,-0.02,-0.16,-0.08,-0.11,-0.07
42598,-1.36,-0.13,-0.05,0.03,-0.11,-0.07
42599,-1.36,-0.13,-0.05,0.03,-0.11,-0.17
42600,-1.26,-0.13,-0.05,0.03,-0.11,-0.07
42601,-1.36,-0.13,-0.05,-0.18,-0.11,0.04
42602,-1.36,-0.02,-0.05,-0.08,-0.11,-0.17
42603,-1.26,-0.13,-0.05,-0.08,-0.11,0.04
42604,-1.26,-0.02,-0.16,0.03,-0.21,-0.07
42605,-1.26,-0.13,-0.05,0.13,-0.21,-0.07
42606,-1.26,-0.02,-0.05,-0.08,-0.11,-0.17
42607,-1.26,-0.13,-0.16,-0.08,-0.21,-0.17
42608,-1.26,-0.13,-0.16,0.03,-0.11,-0.07
42609,-1.26,-0.13,-0.05,-0.08,-0.11,0.04
42610,-1.26,-0.13,-0.05,0.03,-0.00,-0.07
42611,-1.26,-0.13,-0.05,-0.08,-0.21,-0.07
42612,-1.36,-0.13,-0.05,-0.08,-0.21,-0.07
42613,-1.36,-0.13,-0.05,-0.08,-0.21,-0.17
42614,-1.36,-0.23,-0.05,-0.08,-0.11,-0.07
42615,-1.26,-0.02,-0.16,0.03,-0.11,-0.07
42616,-1.26,-0.02,-0.05,0.03,-0.11,-0.17
42617,-1.36,-0.02,-0.05,0.03,-0.11,-0.17
42618,-1.36,-0.02,-0.16,-0.08,-0.11,-0.07
42619,-1.26,-0.13,-0.16,-0.08,-0.00,-0.17
42620,-1.26,-0.13,-0.05,0.03,-0.00,-0.17
42621,-1.36,-0.02,-0.05,-0.08,-0.11,-0.28
42622,-1.26,-0.13,-0.05,-0.08,-0.00,-0.17
42623,-1.26,-0.02,-0.05,-0.08,-0.21,-0.17
42624,-1.26,-0.13,-0.16,-0.08,-0.21,-0.07
42625,-1.26,-0.13,-0.16,0.03,-0.21,0.04
42626,-1.36,-0.13,-0.16,0.03,-0.11,-0.17
42627,-1.26,0.08,-0.05,0.13,-0.21,-0.17
42628,-1.36,-0.02,-0.16,0.03,-0.00,-0.07
42629,-1.36,-0.13,-0.05,-0.08,-0.21,-0.07
42630,-1.26,-0.02,-0.16,0.03,-0.21,-0.07
42631,-1.26,-0.13,-0.05,-0.08,-0.11,-0.07
42632,-1.26,-0.02,-0.05,-0.08,-0.21,-0.07
42633,-1.26,-0.13,-0.16,0.03,-0.11,-0.07
42634,-1.36,-0.13,-0.16,0.03,-0.11,-0.07
42635,-1.26,-0.02,-0.05,-0.08,-0.21,-0.07
42636,-1.36,-0.02,-0.16,-0.08,-0.11,-0.07
42637,-1.26,-0.13,-0.16,0.03,-0.11,-0.07
42638,-1.36,-0.02,-0.16,0.03,-0.11,0.04
42639,-1.36,-0.13,-0.05,-0.08,-0.21,-0.17
42640,-1.36,-0.13,-0.16,0.03,-0.11,-0.07
42641,-1.36,-0.02,-0.05,-0.08,-0.11,-0.07
42642,-1.36,-0.13,-0.05,0.03,-0.11,-0.17
42643,-1.26,-0.13,-0.16,0.03,-0.21,-0.17
42644,-1.26,-0.13,-0.16,-0.08,-0.11,-0.07
42645,-1.36,-0.13,-0.05,0.03,-0.11,-0.07
42646,-1.26,-0.02,-0.16,0.03,-0.11,-0.17
42647,-1.26,-0.13,-0.16,0.03,-0.21,-0.07
42648,-1.26,-0.13,-0.05,0.03,-0.00,-0.07
42649,-1.26,-0.23,-0.05,0.03,-0.11,-0.17
42650,-1.26,-0.02,-0.16,0.03,-0.11,-0.07
42651,-1.36,-0.02,-0.05,-0.08,-0.21,-0.17
42652,-1.26,-0.13,-0.16,-0.08,-0.11,-0.17
42653,-1.36,-0.02,-0.05,0.03,-0.11,-0.07
42654,-1.36,-0.13,-0.05,-0.08,-0.11,-0.07
42655,-1.26,-0.02,-0.05,-0.08,-0.21,-0.17
42656,-1.26,-0.02,-0.16,0.03,-0.21,-0.17
42657,-1.26,-0.02,-0.16,0.03,-0.11,-0.07
42658,-1.26,-0.02,-0.05,0.03,-0.11,-0.07
42659,-1.36,-0.02,-0.16,-0.08,-0.11,-0.07
42660,-1.36,-0.13,-0.16,0.03,-0.11,-0.07
42661,-1.16,-0.13,-0.05,0.03,-0.11,-0.07
42662,-1.26,-0.02,-0.16,0.03,-0.11,0.04
42663,-1.26,-0.02,-0.05,0.03,-0.11,-0.07
42664,-1.26,-0.13,-0.16,-0.08,-0.11,0.04
42665,-1.26,-0.02,-0.05,0.03,-0.11,0.04
42666,-1.16,-0.02,-0.05,-0.08,-0.21,-0.07
42667,-1.26,-0.02,-0.05,-0.08,-0.21,-0.17
42668,-1.36,-0.02,-0.05,0.03,-0.21,-0.17
42669,-1.26,-0.13,-0.05,-0.18,-0.11,-0.17
42670,-1.26,-0.02,-0.16,0.03,-0.11,-0.17
42671,-1.26,-0.13,-0.16,-0.08,-0.11,0.04
42672,-1.26,-0.02,-0.05,-0.08,-0.11,-0.07
42673,-1.26,-0.02,-0.16,-0.18,-0.11,-0.07
42674,-1.26,-0.13,-0.05,-0.08,-0.11,-0.07
42675,-1.26,-0.13,-0.05,-0.08,-0.11,-0.17
42676,-1.16,-0.13,-0.05,-0.08,-0.11,-0.17
42677,-1.36,-0.02,-0.16,0.03,-0.11,-0.07
42678,-1.36,-0.13,-0.05,-0.08,-0.21,-0.17
42679,-1.36,-0.02,-0.16,-0.08,-0.21,-0.17
42680,-1.36,-0.02,-0.05,-0.08,-0.21,-0.17
42681,-1.26,-0.13,-0.05,-0.08,-0.21,-0.07
42682,-1.26,-0.02,-0.16,-0.08,-0.11,0.04
42683,-1.26,-0.02,-0.05,-0.08,-0.00,0.04
42684,-1.26,-0.13,-0.16,0.03,-0.00,0.04
42685,-1.16,-0.02,-0.05,-0.18,-0.11,-0.17
42686,-1.36,-0.13,-0.16,0.03,-0.00,-0.17
42687,-1.26,-0.02,-0.05,0.03,-0.21,-0.07
42688,-1.26,-0.02,-0.16,-0.08,-0.11,-0.07
42689,-1.36,-0.02,-0.16,-0.08,-0.11,-0.07
42690,-1.26,-0.02,-0.05,-0.08,-0.11,-0.17
42691,-1.26,-0.02,-0.16,-0.08,-0.11,-0.17
42692,-1.26,-0.13,-0.16,-0.08,-0.11,0.04
42693,-1.36,-0.13,-0.05,0.03,-0.11,-0.17
42694,-1.26,-0.13,-0.05,0.03,-0.11,-0.07
42695,-1.26,-0.02,-0.05,0.03,-0.11,-0.17
42696,-1.26,-0.13,-0.16,-0.08,-0.11,0.04
42697,-1.36,-0.02,-0.05,-0.08,-0.11,-0.17
42698,-1.36,-0.13,-0.16,0.03,-0.21,-0.07
42699,-1.26,-0.02,-0.05,0.13,-0.00,-0.17
42700,-1.26,-0.02,-0.16,-0.08,-0.11,-0.07
42701,-1.36,-0.13,-0.05,-0.08,-0.21,-0.07
42702,-1.26,-0.13,-0.05,0.03,-0.11,-0.07
42703,-1.26,-0.13,-0.05,0.03,-0.11,-0.17
42704,-1.26,-0.13,-0.05,-0.18,-0.00,-0.07
42705,-1.26,-0.13,-0.16,0.03,-0.11,-0.07
42706,-1.26,-0.13,-0.16,0.03,-0.00,-0.07
42707,-1.26,-0.02,-0.16,0.03,-0.00,-0.07
42708,-1.26,-0.02,-0.05,-0.08,-0.11,-0.07
42709,-1.36,-0.13,-0.05,0.03,-0.11,-0.07
42710,-1.26,-0.02,-0.05,-0.08,-0.11,-0.07
42711,-1.36,-0.13,-0.16,-0.08,-0.11,-0.07
42712,-1.36,-0.13,-0.05,-0.08,-0.21,-0.17
42713,-1.36,-0.13,-0.05,-0.08,-0.11,-0.07
42714,-1.36,-0.13,-0.16,-0.18,-0.21,-0.07
42715,-1.26,-0.02,-0.05,-0.08,-0.21,-0.07
42716,-1.26,-0.02,-0.05,0.03,-0.11,-0.07
42717,-1.26,-0.02,-0.05,0.03,-0.11,-0.07
42718,-1.36,-0.13,-0.16,-0.08,-0.00,0.04
42719,-1.36,-0.23,-0.16,0.03,-0.11,-0.07
42720,-1.16,-0.13,-0.05,-0.08,-0.11,-0.17
42721,-1.26,-0.13,-0.05,-0.08,-0.11,-0.17
42722,-1.26,-0.13,-0.05,0.03,0.10,-0.07
42723,-1.26,-0.02,-0.05,-0.08,-0.21,-0.07
42724,-1.36,-0.13,-0.16,-0.08,-0.11,-0.07
42725,-1.26,-0.13,-0.05,-0.08,-0.11,-0.07
42726,-1.26,-0.13,-0.16,0.03,-0.11,-0.07
42727,-1.36,-0.13,-0.16,-0.08,-0.11,-0.17
42728,-1.26,-0.13,-0.05,0.03,-0.11,-0.07
42729,-1.36,-0.02,-0.05,-0.08,-0.00,-0.07
42730,-1.26,-0.13,-0.05,0.03,-0.00,-0.17
42731,-1.26,-0.02,-0.05,-0.08,-0.11,-0.17
42732,-1.36,-0.13,-0.16,0.03,-0.21,-0.07
42733,-1.26,-0.13,-0.05,0.03,-0.00,0.04
42734,-1.36,-0.02,-0.05,0.03,-0.11,-0.17
42735,-1.36,-0.13,-0.05,0.03,-0.11,-0.17
42736,-1.26,-0.02,-0.05,-0.08,-0.21,-0.07
42737,-1.36,-0.02,-0.16,0.03,-0.11,-0.07
42738,-1.36,-0.13,-0.05,-0.08,-0.11,-0.17
42739,-1.26,-0.13,-0.05,0.03,-0.11,-0.17
42740,-1.26,-0.13,-0.16,-0.08,-0.21,-0.17
42741,-1.16,-0.13,-0.05,0.03,-0.11,-0.07
42742,-1.36,-0.13,-0.16,0.03,-0.00,-0.07
42743,-1.36,-0.13,-0.16,-0.08,-0.11,-0.07
42744,-1.36,-0.02,-0.16,-0.18,-0.11,-0.07
42745,-1.26,-0.02,-0.16,0.03,-0.00,-0.07
42746,-1.26,-0.13,-0.16,0.03,-0.21,-0.17
42747,-1.26,-0.13,-0.16,-0.08,-0.11,-0.17
42748,-1.26,-0.13,-0.05,-0.08,-0.11,-0.28
42749,-1.26,-0.13,-0.16,0.03,-0.11,-0.07
42750,-1.36,-0.02,-0.05,0.03,-0.21,-0.17
42751,-1.36,-0.02,-0.05,-0.08,-0.00,-0.17
42752,-1.26,-0.13,-0.05,0.03,-0.21,-0.17
42753,-1.36,-0.13,-0.05,-0.08,-0.11,-0.07
42754,-1.26,-0.13,-0.05,0.03,-0.00,-0.07
42755,-1.36,-0.02,-0.05,-0.08,-0.00,-0.07
42756,-1.36,-0.13,-0.16,-0.08,-0.11,-0.17
42757,-1.36,-0.02,-0.16,0.03,-0.21,-0.17
42758,-1.16,-0.02,-0.05,-0.08,-0.21,-0.17
42759,-1.26,-0.02,-0.16,-0.08,-0.11,-0.17
42760,-1.26,-0.02,-0.05,-0.08,-0.11,-0.17
42761,-1.36,-0.13,-0.05,-0.08,-0.11,-0.07
42762,-1.26,-0.02,-0.05,-0.18,-0.21,-0.07
42763,-1.26,-0.02,-0.05,-0.08,-0.11,-0.17
42764,-1.36,-0.02,-0.05,-0.08,-0.00,-0.07
42765,-1.36,-0.13,-0.16,0.03,-0.21,-0.07
42766,-1.26,-0.02,-0.05,0.03,-0.21,-0.07
42767,-1.26,-0.13,-0.16,-0.08,-0.11,-0.07
42768,-1.36,-0.02,-0.05,0.03,-0.11,-0.07
42769,-1.16,-0.02,-0.05,0.03,-0.11,-0.07
42770,-1.26,-0.13,-0.16,-0.18,-0.00,-0.17
42771,-1.26,-0.13,-0.05,-0.08,-0.11,-0.07
42772,-1.26,-0.13,-0.16,0.03,-0.11,-0.17
42773,-1.26,-0.02,-0.16,-0.08,-0.11,-0.17
42774,-1.26,-0.02,-0.05,0.03,-0.21,-0.17
42775,-1.26,-0.02,-0.05,0.03,-0.11,-0.07
42776,-1.26,-0.02,-0.05,0.03,-0.21,-0.07
42777,-1.36,-0.02,-0.05,0.03,-0.21,-0.07
42778,-1.26,-0.02,-0.05,-0.08,-0.11,-0.17
42779,-1.26,-0.02,-0.05,-0.08,-0.21,-0.07
42780,-1.26,-0.02,-0.05,0.03,-0.11,-0.17
42781,-1.26,-0.13,-0.05,-0.08,-0.11,-0.17
42782,-1.26,-0.02,-0.05,-0.08,-0.21,-0.17
42783,-1.26,-0.02,-0.05,0.13,-0.21,-0.07
42784,-1.26,-0.13,-0.05,-0.18,-0.21,-0.07
42785,-1.26,-0.13,-0.05,0.03,-0.00,-0.07
42786,-1.36,-0.13,-0.16,0.03,-0.11,-0.07
42787,-1.36,-0.02,-0.16,-0.08,-0.11,-0.28
42788,-1.36,-0.02,-0.05,-0.08,-0.11,-0.17
42789,-1.26,-0.02,-0.05,-0.08,-0.11,-0.07
42790,-1.26,-0.02,-0.05,0.03,-0.11,-0.07
42791,-1.26,-0.02,-0.05,0.03,-0.11,-0.17
42792,-1.26,-0.02,-0.05,0.03,-0.31,-0.17
42793,-1.26,-0.13,-0.05,-0.08,-0.11,-0.17
42794,-1.36,-0.13,-0.05,0.03,-0.11,-0.07
42795,-1.26,-0.02,-0.05,-0.08,-0.21,0.04
42796,-1.26,-0.02,-0.16,-0.18,-0.11,0.04
42797,-1.26,-0.13,-0.16,-0.08,-0.11,-0.07
42798,-1.26,-0.13,-0.05,0.03,-0.11,-0.17
42799,-1.26,-0.02,-0.05,-0.08,-0.11,-0.17
42800,-1.26,-0.13,-0.16,-0.08,-0.11,-0.07
42801,-1.36,-0.02,-0.16,-0.08,-0.11,-0.17
42802,-1.26,-0.02,-0.05,0.03,-0.21,-0.07
42803,-1.47,-0.13,-0.16,0.03,-0.21,-0.07
42804,-1.36,-0.23,-0.05,-0.08,-0.21,-0.07
42805,-1.36,-0.13,-0.05,0.13,-0.21,-0.17
42806,-1.26,-0.13,-0.16,-0.08,-0.00,-0.17
42807,-1.26,-0.13,-0.05,-0.08,-0.11,-0.07
42808,-1.26,-0.13,-0.05,-0.08,-0.11,-0.17
42809,-1.36,-0.02,-0.05,-0.18,-0.11,-0.17
42810,-1.26,-0.13,-0.05,-0.08,-0.00,-0.17
42811,-1.36,-0.13,-0.05,-0.08,-0.11,-0.07
42812,-1.36,-0.13,-0.05,-0.08,-0.11,-0.17
42813,-1.26,-0.02,-0.05,-0.08,-0.21,-0.17
42814,-1.36,-0.13,-0.05,-0.08,-0.00,-0.07
42815,-1.26,-0.02,-0.05,-0.08,-0.11,-0.17
42816,-1.36,-0.02,-0.16,-0.08,-0.11,-0.17
42817,-1.36,-0.02,-0.16,-0.08,-0.21,-0.07
42818,-1.36,-0.02,-0.05,-0.08,-0.11,-0.17
42819,-1.26,-0.02,-0.05,0.03,-0.11,-0.17
42820,-1.26,-0.13,-0.05,0.03,-0.11,-0.17
42821,-1.36,-0.02,-0.16,0.03,-0.11,-0.07
42822,-1.26,-0.13,-0.05,0.03,-0.11,-0.17
42823,-1.36,-0.13,-0.05,0.03,-0.11,-0.07
42824,-1.26,-0.02,-0.05,-0.18,-0.11,-0.07
42825,-1.36,-0.02,-0.05,0.03,-0.11,-0.07
42826,-1.16,-0.13,-0.05,-0.08,-0.11,-0.07
42827,-1.26,-0.13,-0.16,-0.08,-0.21,-0.17
42828,-1.26,-0.02,-0.05,0.03,-0.11,-0.07
42829,-1.36,-0.13,-0.16,-0.08,-0.11,-0.07
42830,-1.26,-0.13,-0.05,-0.08,-0.00,-0.07
42831,-1.26,-0.13,-0.05,-0.08,-0.00,-0.17
42832,-1.36,-0.02,-0.16,0.03,-0.21,-0.07
42833,-1.26,-0.13,-0.05,0.03,-0.11,-0.07
42834,-1.36,-0.02,-0.05,-0.08,-0.21,0.04
42835,-1.26,-0.13,-0.05,-0.08,-0.21,-0.07
42836,-1.26,0.08,-0.16,0.03,-0.21,0.04
42837,-1.26,-0.13,-0.16,-0.08,-0.21,0.04
42838,-1.26,-0.13,-0.16,-0.08,-0.00,-0.17
42839,-1.36,-0.02,-0.05,-0.08,-0.11,-0.07
42840,-1.26,-0.13,-0.16,0.03,-0.11,-0.07
42841,-1.36,-0.02,-0.05,-0.08,-0.11,-0.17
42842,-1.26,-0.23,-0.05,0.03,-0.00,-0.07
42843,-1.26,-0.02,-0.05,-0.08,-0.11,-0.17
42844,-1.26,-0.13,-0.05,0.03,-0.11,-0.07
42845,-1.36,-0.13,-0.16,0.03,-0.00,-0.07
42846,-1.36,-0.13,-0.16,-0.08,-0.11,-0.07
42847,-1.26,-0.13,-0.05,0.03,-0.00,-0.07
42848,-1.26,-0.02,-0.16,-0.18,-0.21,0.04
42849,-1.26,-0.13,-0.05,0.03,-0.21,-0.07
42850,-1.26,-0.13,-0.16,-0.08,-0.00,-0.07
42851,-1.26,-0.02,-0.05,0.03,-0.21,-0.07
42852,-1.26,-0.13,-0.16,-0.08,-0.00,-0.17
42853,-1.16,-0.02,-0.05,-0.18,-0.21,-0.17
42854,-1.26,-0.13,-0.05,-0.08,-0.11,-0.07
42855,-1.36,-0.13,-0.05,0.03,-0.11,-0.07
42856,-1.36,-0.13,-0.05,0.03,-0.11,-0.07
42857,-1.26,-0.13,-0.05,-0.08,-0.11,-0.07
42858,-1.26,-0.02,-0.05,-0.08,-0.21,-0.07
42859,-1.26,-0.13,-0.05,-0.08,-0.11,-0.17
42860,-1.26,-0.13,-0.05,-0.08,-0.11,-0.17
42861,-1.26,-0.02,-0.05,0.03,-0.11,-0.17
42862,-1.36,-0.13,-0.16,-0.08,-0.11,-0.17
42863,-1.26,-0.02,-0.05,0.03,-0.11,-0.07
42864,-1.26,-0.13,-0.16,-0.08,-0.00,-0.07
42865,-1.26,-0.13,-0.05,0.03,-0.11,-0.07
42866,-1.26,-0.13,-0.16,-0.08,-0.11,-0.07
42867,-1.26,-0.13,-0.05,-0.08,-0.11,-0.17
42868,-1.36,-0.13,-0.05,-0.08,-0.00,-0.07
42869,-1.26,-0.02,-0.05,-0.08,-0.21,-0.07
42870,-1.36,-0.13,-0.16,0.03,-0.11,0.04
42871,-1.26,-0.13,-0.16,0.03,-0.11,-0.07
42872,-1.36,-0.02,-0.05,-0.08,-0.11,-0.07
42873,-1.26,-0.13,-0.05,0.03,-0.11,-0.07
42983,-1.05,0.60,-0.78,-0.08,-0.00,-0.28
42984,-1.26,-0.13,-0.05,0.03,-0.00,-0.17
42985,-1.36,-0.02,0.05,0.03,-0.00,-0.07
42986,-1.16,-0.13,-0.05,-0.08,-0.11,-0.07
42987,-1.26,-0.13,-0.16,-0.08,-0.11,-0.07
42988,-1.36,-0.13,-0.05,0.03,-0.11,-0.17
42989,-1.36,-0.13,-0.05,-0.08,-0.11,-0.07
42990,-1.36,-0.02,-0.05,0.03,-0.11,-0.07
42991,-1.36,-0.13,-0.16,-0.08,-0.11,-0.17
42992,-1.26,-0.02,-0.05,0.03,-0.11,-0.07
42993,-1.36,-0.13,-0.05,-0.18,-0.21,-0.17
42994,-1.26,-0.13,-0.05,-0.08,-0.11,0.04
42995,-1.36,-0.13,-0.05,-0.08,-0.11,-0.07
42996,-1.36,-0.13,-0.05,-0.08,-0.11,-0.17
42997,-1.26,-0.02,-0.05,-0.08,-0.11,-0.07
42998,-1.26,-0.02,-0.05,-0.18,-0.11,-0.07
42999,-1.26,-0.02,-0.16,-0.08,-0.00,-0.28
43000,-1.26,-0.02,-0.05,-0.08,-0.11,-0.07
43001,-1.26,-0.13,-0.05,-0.18,-0.21,-0.17
43002,-1.26,-0.13,-0.16,-0.08,-0.21,-0.17
43003,-1.36,-0.13,-0.05,0.03,-0.21,-0.07
43004,-1.36,-0.13,-0.05,0.03,-0.21,-0.07
43005,-1.36,-0.02,-0.05,0.03,-0.11,-0.07
43006,-1.26,-0.13,-0.05,-0.08,-0.11,-0.07
43007,-1.36,-0.13,-0.05,-0.08,-0.00,-0.17
43008,-1.36,-0.02,-0.16,0.03,-0.11,-0.07
43009,-1.16,-0.13,-0.05,0.03,-0.11,-0.17
43010,-1.26,-0.02,-0.05,-0.08,-0.11,-0.17
43011,-1.36,-0.02,-0.05,-0.08,-0.21,-0.07
43012,-1.47,-0.13,-0.05,0.03,-0.11,-0.07
43013,-1.26,-0.02,-0.05,0.03,-0.11,-0.17
43014,-1.36,-0.02,-0.16,-0.08,-0.11,-0.17
43015,-1.36,-0.02,-0.16,0.03,-0.21,-0.07
43016,-1.26,-0.02,-0.05,0.03,-0.11,-0.07
43017,-1.16,-0.13,-0.05,-0.08,-0.11,-0.07
43018,-1.36,-0.13,-0.05,-0.08,-0.11,0.04
43019,-1.36,-0.13,-0.16,0.03,-0.11,-0.07
43020,-1.26,-0.02,-0.05,0.03,-0.11,-0.28
43021,-1.36,-0.02,-0.05,0.13,-0.11,0.04
43022,-1.26,-0.02,0.05,-0.08,-0.21,-0.07
43023,-1.36,-0.13,-0.16,-0.08,-0.00,-0.17
43024,-1.36,-0.13,-0.16,0.03,-0.00,-0.07
43025,-1.26,-0.13,-0.05,-0.08,-0.00,-0.07
43026,-1.26,-0.02,-0.05,0.03,-0.21,-0.07
43027,-1.26,-0.13,-0.16,0.03,-0.21,-0.17
43028,-1.26,-0.02,-0.05,0.03,-0.11,-0.07
43029,-1.26,-0.02,-0.05,-0.08,-0.00,-0.17
43030,-1.26,-0.13,-0.05,-0.28,-0.11,-0.17
43031,-1.26,-0.02,-0.16,-0.08,-0.11,-0.07
43032,-1.26,-0.13,-0.05,-0.08,-0.11,-0.07
43033,-1.26,-0.13,-0.05,-0.08,-0.11,-0.17
43034,-1.36,-0.13,-0.05,0.03,-0.11,-0.07
43035,-1.36,-0.13,-0.16,0.03,-0.11,0.04
43036,-1.26,-0.02,-0.16,-0.08,-0.21,-0.07
43037,-1.26,-0.02,-0.05,-0.08,-0.11,-0.17
43038,-1.26,-0.02,-0.05,-0.08,-0.11,-0.17
43039,-1.36,-0.13,-0.05,0.03,-0.21,-0.07
43040,-1.36,-0.02,-0.05,0.03,-0.11,0.04
43041,-1.36,-0.13,-0.05,0.03,-0.11,-0.07
43042,-1.26,-0.02,-0.05,0.13,-0.11,-0.17
43043,-1.26,-0.02,-0.16,0.03,-0.11,-0.07
43044,-1.26,-0.13,-0.05,-0.18,-0.11,-0.07
43045,-1.26,-0.02,-0.16,-0.08,-0.00,-0.07
43046,-1.26,-0.02,-0.05,0.03,-0.21,-0.17
43047,-1.26,-0.02,-0.16,0.03,-0.00,-0.07
43048,-1.36,-0.02,-0.16,0.03,-0.00,-0.07
43049,-1.36,-0.02,-0.05,0.03,-0.21,-0.07
43050,-1.26,-0.02,-0.05,-0.08,-0.11,-0.07
43051,-1.36,-0.13,-0.05,-0.08,-0.11,-0.17
43052,-1.26,-0.13,-0.05,0.03,-0.11,-0.07
43053,-1.26,-0.02,-0.05,-0.08,-0.21,-0.07
43054,-1.36,-0.02,-0.05,-0.08,-0.21,-0.17
43055,-1.26,-0.02,-0.05,0.03,-0.11,-0.07
43056,-1.26,-0.13,-0.16,0.03,-0.00,0.04
43057,-1.16,-0.13,-0.05,0.03,-0.21,-0.17
43058,-1.26,-0.02,-0.05,0.03,-0.21,-0.07
43059,-1.36,-0.02,-0.05,-0.08,-0.11,-0.17
43060,-1.16,-0.02,-0.16,-0.08,-0.21,-0.17
43061,-1.26,-0.02,-0.05,-0.08,-0.11,-0.17
43062,-1.26,-0.02,-0.16,0.03,-0.00,0.04
43063,-1.36,-0.13,-0.05,-0.08,-0.00,-0.17
43064,-1.36,-0.13,-0.05,0.03,-0.21,-0.07
43065,-1.26,-0.13,-0.05,0.03,-0.21,-0.07
43066,-1.26,-0.13,-0.05,0.03,-0.11,-0.07
43067,-1.36,-0.02,-0.16,0.03,-0.11,-0.17
43068,-1.16,-0.13,-0.05,0.03,-0.11,-0.17
43069,-1.16,-0.13,-0.05,-0.08,-0.21,-0.07
43070,-1.36,-0.02,-0.16,-0.08,-0.11,-0.07
43071,-1.36,-0.13,-0.05,0.03,-0.00,-0.28
43072,-1.26,-0.13,-0.16,0.03,-0.11,-0.07
43073,-1.26,-0.02,-0.05,0.03,-0.11,0.04
43074,-1.36,-0.13,-0.05,0.03,-0.11,-0.17
43075,-1.26,-0.02,-0.16,0.03,-0.11,-0.07
43076,-1.26,-0.13,-0.16,-0.08,-0.21,-0.17
43077,-1.36,-0.02,-0.05,0.03,-0.21,-0.07
43078,-1.26,-0.13,-0.05,0.03,-0.21,-0.07
43079,-1.26,-0.13,-0.05,-0.08,-0.00,-0.17
43080,-1.26,-0.23,-0.05,-0.08,-0.11,-0.17
43081,-1.26,-0.13,-0.05,-0.08,-0.00,-0.17
43082,-1.26,-0.13,-0.05,-0.08,-0.21,-0.17
43083,-1.26,-0.02,-0.05,0.03,-0.21,-0.17
43084,-1.36,-0.13,-0.05,0.03,-0.11,-0.07
43085,-1.26,-0.13,-0.05,-0.08,-0.11,-0.17
43086,-1.16,-0.13,-0.05,-0.18,-0.11,-0.07
43087,-1.26,-0.02,-0.05,-0.08,-0.11,-0.17
43088,-1.26,-0.13,-0.16,-0.08,-0.11,-0.07
43089,-1.36,-0.02,-0.16,-0.08,-0.11,-0.17
43090,-1.26,-0.02,-0.05,0.03,-0.11,-0.07
43091,-1.26,-0.13,-0.05,-0.18,-0.21,-0.07
43092,-1.26,-0.13,-0.05,-0.08,-0.11,-0.07
43093,-1.26,-0.13,-0.16,-0.08,-0.11,-0.17
43094,-1.36,-0.02,-0.05,-0.08,-0.11,-0.07
43095,-1.26,-0.13,-0.16,-0.08,-0.00,0.04
43096,-1.26,-0.02,-0.16,-0.08,-0.11,-0.07
43097,-1.26,-0.02,-0.05,0.03,-0.11,-0.28
43098,-1.26,-0.02,-0.05,-0.18,-0.21,-0.07
43099,-1.36,-0.13,-0.16,0.03,-0.11,-0.17
43100,-1.36,-0.02,-0.16,-0.08,-0.21,-0.07
43101,-1.26,-0.02,-0.05,-0.08,-0.11,-0.07
43102,-1.36,-0.13,-0.05,0.03,-0.21,0.04
43103,-1.16,-0.02,-0.16,0.03,-0.00,-0.07
43104,-1.26,-0.13,-0.05,0.03,-0.11,-0.07
43105,-1.26,-0.13,-0.05,-0.08,-0.11,-0.07
43106,-1.36,-0.02,-0.16,-0.08,-0.21,-0.17
43107,-1.26,-0.02,-0.16,-0.08,-0.00,-0.07
43108,-1.26,-0.02,-0.05,0.03,-0.21,-0.17
43109,-1.36,-0.13,-0.05,0.03,-0.11,-0.07
43110,-1.36,-0.13,-0.16,0.03,-0.11,-0.07
43111,-1.26,-0.13,-0.05,0.03,-0.21,-0.07
43112,-1.36,-0.13,-0.05,-0.08,-0.11,-0.17
43113,-1.36,-0.02,-0.05,0.03,-0.11,-0.17
43114,-1.26,-0.02,-0.05,0.03,-0.21,-0.07
43115,-1.26,-0.13,-0.05,0.03,-0.11,0.04
43116,-1.26,-0.02,-0.05,-0.18,-0.11,-0.07
43117,-1.36,-0.13,-0.05,-0.08,-0.11,-0.17
43118,-1.26,-0.13,-0.16,0.03,-0.11,-0.07
43119,-1.36,-0.02,-0.05,-0.08,-0.21,-0.07
43120,-1.36,-0.02,-0.05,-0.08,-0.21,-0.07
43121,-1.26,-0.02,-0.05,0.13,-0.11,-0.17
43122,-1.26,-0.13,-0.05,0.03,-0.11,0.04
43123,-1.36,-0.02,-0.05,-0.18,-0.11,-0.07
43124,-1.26,-0.02,-0.05,-0.08,-0.21,-0.17
43125,-1.36,-0.13,-0.16,-0.08,-0.00,-0.07
43126,-1.36,-0.13,-0.16,0.03,-0.00,-0.07
43127,-1.26,-0.13,-0.05,-0.08,-0.11,0.04
43128,-1.26,-0.13,-0.16,-0.08,-0.11,-0.07
43129,-1.36,-0.13,-0.05,0.03,-0.11,-0.17
43130,-1.26,-0.02,-0.05,0.03,-0.21,-0.17
43131,-1.36,-0.02,-0.16,0.03,-0.11,-0.07
43132,-1.36,-0.13,-0.05,0.03,-0.11,-0.07
43133,-1.26,-0.13,-0.16,0.03,-0.21,-0.07
43134,-1.36,-0.02,-0.16,0.03,-0.11,-0.07
43135,-1.26,-0.13,-0.05,-0.08,-0.11,-0.17
43136,-1.26,-0.13,-0.05,0.03,-0.21,-0.07
43137,-1.36,-0.13,-0.16,0.03,-0.00,-0.07
43138,-1.26,-0.13,-0.05,-0.08,-0.21,-0.07
43139,-1.26,-0.02,-0.16,-0.08,-0.11,-0.28
43140,-1.36,-0.13,-0.05,0.03,-0.21,-0.07
43141,-1.26,-0.13,-0.05,0.03,-0.11,-0.17
43142,-1.36,-0.02,-0.05,-0.08,-0.11,-0.17
43143,-1.36,-0.13,-0.05,-0.08,-0.00,-0.17
43144,-1.26,-0.02,-0.05,-0.08,-0.00,-0.17
43145,-1.36,-0.02,-0.16,-0.08,-0.21,-0.17
43146,-1.26,-0.02,-0.05,0.03,-0.21,-0.07
43147,-1.36,-0.13,-0.16,0.13,-0.00,-0.17
43148,-1.26,-0.13,-0.16,0.03,-0.11,-0.07
43149,-1.26,-0.02,-0.05,-0.18,-0.11,-0.17
43150,-1.36,-0.13,-0.05,-0.08,-0.11,-0.17
43151,-1.36,-0.02,-0.05,-0.08,-0.11,-0.07
43152,-1.36,-0.02,-0.05,-0.08,-0.21,-0.07
43153,-1.26,-0.02,-0.05,-0.08,-0.11,-0.07
43154,-1.26,-0.13,-0.16,-0.08,-0.11,-0.07
43155,-1.36,-0.13,-0.16,-0.08,-0.11,-0.17
43156,-1.36,-0.13,-0.16,0.13,-0.11,-0.07
43157,-1.26,-0.13,-0.05,0.03,-0.11,-0.07
43158,-1.26,-0.13,-0.16,-0.08,-0.11,-0.07
43159,-1.26,-0.02,-0.16,-0.08,-0.11,-0.07
43160,-1.36,-0.13,-0.05,0.03,-0.21,-0.17
43161,-1.36,-0.13,-0.16,-0.18,-0.11,-0.07
43162,-1.36,-0.13,-0.05,-0.08,-0.21,-0.07
43163,-1.36,-0.13,-0.16,0.03,-0.00,0.04
43164,-1.36,-0.13,-0.05,0.03,-0.21,0.04
43165,-1.36,-0.13,-0.16,0.03,-0.00,-0.07
43166,-1.26,-0.13,-0.05,0.03,-0.21,-0.07
43167,-1.26,-0.13,-0.05,0.03,-0.21,-0.07
43168,-1.36,-0.13,-0.05,-0.08,-0.11,-0.17
43169,-1.36,-0.13,-0.05,0.03,-0.11,-0.07
43170,-1.26,-0.02,-0.05,0.03,-0.00,-0.28
43171,-1.26,-0.02,-0.05,-0.08,-0.11,-0.17
43172,-1.26,-0.02,-0.16,0.03,-0.11,-0.07
43173,-1.26,-0.02,-0.16,0.03,-0.11,-0.07
43174,-1.26,-0.02,-0.16,-0.08,-0.21,-0.07
43175,-1.16,-0.02,-0.16,-0.08,-0.21,-0.07
43176,-1.26,-0.02,-0.16,-0.08,-0.21,-0.07
43177,-1.36,-0.13,-0.05,-0.08,-0.11,-0.17
43178,-1.26,-0.02,-0.05,-0.08,-0.11,0.04
43179,-1.36,-0.13,-0.05,0.03,-0.21,-0.17
43180,-1.26,-0.02,-0.05,-0.18,-0.21,-0.17
43181,-1.26,-0.13,-0.05,0.03,-0.21,-0.07
43182,-1.36,-0.02,-0.05,-0.08,-0.11,-0.07
43183,-1.26,-0.13,-0.05,0.03,-0.11,0.04
43184,-1.36,-0.13,-0.16,0.03,-0.11,0.04
43185,-1.26,-0.02,-0.05,0.03,-0.11,-0.17
43186,-1.26,-0.02,-0.05,-0.08,-0.11,-0.07
43187,-1.26,-0.23,-0.05,-0.08,-0.00,-0.07
43188,-1.36,-0.02,-0.05,0.03,-0.21,-0.07
43189,-1.36,-0.13,0.05,0.03,-0.21,-0.07
43190,-1.36,-0.02,-0.05,0.03,-0.11,-0.07
43191,-1.26,-0.02,-0.05,0.03,-0.11,-0.07
43192,-1.26,-0.02,-0.16,-0.08,-0.11,-0.17
43193,-1.26,-0.02,-0.05,-0.08,-0.11,-0.07
43194,-1.26,-0.02,-0.16,-0.08,-0.11,-0.07
43195,-1.36,-0.13,-0.16,-0.08,-0.11,-0.07
43196,-1.36,-0.02,-0.16,-0.08,-0.11,0.04
43197,-1.26,-0.02,-0.05,0.03,-0.11,-0.07
43198,-1.36,-0.13,-0.05,-0.08,-0.21,-0.07
43199,-1.36,-0.02,-0.05,0.03,-0.21,-0.07
43200,-1.36,-0.02,-0.05,0.03,-0.11,-0.07
43201,-1.26,-0.02,-0.05,-0.08,-0.21,-0.17
43202,-1.26,-0.13,-0.05,0.03,-0.11,-0.07
43203,-1.36,-0.02,-0.05,0.03,-0.00,-0.17
43204,-1.26,-0.02,-0.05,-0.08,-0.11,-0.17
43205,-1.26,-0.13,-0.16,-0.08,-0.11,-0.28
43206,-1.26,-0.02,-0.05,-0.08,-0.11,-0.17
43207,-1.36,-0.02,-0.16,-0.08,-0.11,-0.07
43208,-1.26,-0.13,-0.05,0.03,-0.00,-0.07
43209,-1.36,-0.13,-0.05,0.03,-0.11,-0.17
43210,-1.36,-0.13,-0.05,0.03,-0.11,-0.17
43211,-1.26,-0.02,-0.05,0.03,-0.11,-0.17
43212,-1.36,-0.02,-0.05,0.03,-0.11,-0.07
43213,-1.26,-0.13,-0.05,-0.08,-0.11,-0.07
43214,-1.26,-0.02,-0.05,-0.08,-0.11,-0.07
43215,-1.36,-0.13,-0.16,-0.08,-0.11,-0.17
43216,-1.36,-0.02,-0.05,-0.08,-0.11,-0.07
43217,-1.26,-0.13,-0.05,0.03,-0.00,-0.17
43218,-1.36,-0.13,-0.05,0.03,-0.21,-0.07
43219,-1.26,-0.02,-0.16,-0.08,-0.21,-0.17
43220,-1.36,-0.13,-0.05,0.03,-0.21,0.04
43221,-1.36,-0.02,-0.05,0.03,-0.21,-0.28
43222,-1.26,-0.13,-0.16,-0.08,-0.21,-0.07
43223,-1.26,-0.13,-0.16,0.03,-0.11,-0.07
43224,-1.26,-0.13,-0.05,-0.08,-0.11,-0.07
43225,-1.36,-0.02,-0.16,0.03,-0.00,-0.17
43226,-1.26,-0.13,-0.16,0.03,-0.11,-0.17
43227,-1.36,-0.02,-0.05,-0.08,-0.11,-0.07
43228,-1.26,-0.13,-0.05,0.03,-0.11,0.04
43229,-1.36,-0.02,-0.05,0.03,-0.21,-0.17
43230,-1.26,-0.02,-0.05,0.03,-0.11,-0.07
43231,-1.26,-0.02,-0.05,0.03,-0.00,-0.07
43232,-1.36,-0.02,-0.05,0.03,-0.21,-0.17
43233,-1.36,-0.13,-0.05,-0.08,-0.11,-0.17
43234,-1.36,-0.13,-0.05,0.03,-0.00,-0.17
43235,-1.36,-0.13,-0.16,0.03,-0.11,-0.07
43236,-1.26,-0.13,-0.05,-0.08,-0.21,-0.07
43237,-1.26,-0.13,-0.05,-0.08,-0.11,-0.17
43238,-1.36,-0.13,-0.16,0.13,-0.11,0.04
43239,-1.36,-0.13,-0.05,0.03,-0.21,-0.07
43240,-1.26,-0.13,-0.16,0.03,-0.11,-0.07
43241,-1.26,-0.02,-0.05,-0.08,-0.21,-0.17
43242,-1.26,-0.02,-0.05,-0.08,-0.11,-0.17
43243,-1.36,-0.02,-0.05,0.03,-0.21,-0.17
43244,-1.26,-0.02,-0.05,-0.08,-0.11,-0.07
43245,-1.36,-0.02,-0.05,-0.08,-0.11,-0.17
43246,-1.36,-0.13,-0.05,0.03,-0.11,-0.07
43247,-1.26,-0.13,-0.16,0.03,-0.21,-0.17
43248,-1.36,-0.13,-0.16,0.03,-0.11,-0.07
43249,-1.26,-0.02,-0.16,0.03,-0.11,-0.17
43250,-1.36,-0.02,-0.16,0.03,-0.11,-0.07
43251,-1.36,-0.02,-0.16,0.03,-0.11,-0.17
43252,-1.26,-0.13,-0.16,-0.08,-0.11,-0.28
43253,-1.26,-0.02,-0.05,-0.08,-0.11,-0.07
43254,-1.26,-0.13,-0.16,0.03,-0.11,-0.07
43255,-1.26,-0.02,-0.05,0.03,-0.11,-0.17
43256,-1.16,-0.13,-0.05,0.03,-0.11,-0.07
43257,-1.36,-0.13,-0.05,-0.08,-0.11,-0.07
43258,-1.26,-0.02,-0.16,0.03,-0.11,-0.07
43259,-1.26,-0.13,-0.05,0.03,-0.11,-0.17
43260,-1.16,-0.02,-0.05,0.03,-0.21,-0.07
43261,-1.26,-0.13,-0.05,0.03,-0.00,-0.07
43262,-1.36,-0.02,-0.05,0.03,-0.21,-0.17
43263,-1.36,-0.13,-0.05,-0.08,-0.00,-0.17
43264,-1.26,-0.02,-0.05,-0.08,-0.11,-0.28
43265,-1.26,-0.13,-0.05,-0.08,-0.11,-0.17
43266,-1.26,-0.13,-0.16,-0.08,-0.00,-0.17
43267,-1.26,-0.02,-0.16,0.03,-0.11,-0.07
43268,-1.26,-0.02,-0.05,0.03,-0.11,-0.17
43269,-1.26,-0.02,-0.16,-0.08,-0.11,-0.07
43270,-1.26,-0.02,-0.16,-0.08,-0.11,-0.17
43271,-1.36,-0.02,-0.16,-0.08,-0.00,-0.17
43272,-1.26,-0.13,-0.05,0.03,-0.11,-0.07
43273,-1.26,-0.13,-0.16,-0.08,-0.21,-0.17
43274,-1.26,-0.02,-0.05,0.03,-0.11,-0.17
43275,-1.26,-0.02,-0.05,-0.08,-0.11,-0.07
43276,-1.26,-0.02,-0.05,0.03,-0.11,-0.17
43277,-1.36,-0.13,-0.05,0.03,-0.11,-0.07
43278,-1.26,-0.02,-0.05,-0.08,-0.21,-0.17
43279,-1.36,-0.02,-0.05,-0.08,-0.11,-0.07
43280,-1.36,-0.13,-0.16,-0.08,-0.00,-0.07
43281,-1.26,-0.02,-0.05,-0.08,-0.21,-0.07
43282,-1.26,-0.02,-0.05,0.03,-0.11,-0.17
43283,-1.26,-0.02,-0.16,0.03,-0.21,-0.07
43284,-1.36,-0.13,-0.16,-0.08,-0.00,-0.07
43285,-1.36,-0.13,-0.05,-0.08,-0.11,-0.17
43286,-1.26,-0.13,-0.05,0.03,-0.21,-0.17
43287,-1.26,-0.13,-0.16,0.03,-0.31,0.04
43288,-1.26,-0.13,-0.05,-0.08,-0.11,-0.17
43289,-1.36,-0.02,-0.05,0.03,-0.21,-0.07
43290,-1.26,-0.02,-0.05,-0.08,-0.11,-0.07
43291,-1.26,-0.13,-0.05,0.03,-0.11,-0.07
43292,-1.26,-0.13,-0.05,-0.08,-0.21,0.04
43293,-1.26,-0.02,-0.05,-0.08,-0.21,-0.07
43294,-1.26,-0.02,-0.05,-0.08,-0.11,-0.07
43295,-1.26,-0.13,-0.16,0.03,-0.11,-0.17
43296,-1.26,-0.13,-0.05,0.03,-0.31,-0.17
43298,-1.36,-0.02,-0.05,0.03,-0.21,-0.17
43298,-1.16,-0.13,-0.16,-0.08,-0.11,-0.17
43299,-1.26,-0.13,-0.05,-0.08,-0.11,-0.07
43300,-1.26,-0.13,-0.05,0.03,-0.11,-0.07
43301,-1.36,-0.13,-0.05,0.03,-0.21,-0.07
43302,-1.36,-0.13,-0.16,0.03,-0.11,-0.17
43303,-1.26,-0.13,-0.05,-0.08,-0.21,-0.07
43304,-1.16,-0.02,-0.16,-0.08,-0.00,-0.07
43305,-1.26,-0.02,-0.16,-0.08,-0.11,-0.17
43306,-1.36,-0.13,-0.05,0.03,-0.11,-0.07
43307,-1.36,-0.13,-0.05,-0.18,-0.21,-0.17
43308,-1.36,-0.13,-0.05,0.03,-0.11,-0.07
43309,-1.26,-0.02,-0.05,-0.08,-0.21,-0.07
43310,-1.26,-0.02,-0.05,-0.08,-0.11,-0.17
43311,-1.36,-0.02,-0.05,0.03,-0.11,-0.07
43312,-1.26,-0.02,-0.16,0.03,-0.00,-0.07
43313,-1.16,-0.13,-0.05,-0.08,-0.11,-0.07
43314,-1.16,-0.02,-0.05,0.03,-0.11,-0.17
43315,-1.36,-0.13,-0.16,-0.08,-0.11,-0.07
43316,-1.26,-0.13,-0.05,-0.08,-0.21,0.04
43317,-1.26,-0.13,-0.05,-0.08,-0.11,-0.17
43318,-1.36,-0.13,-0.05,-0.08,-0.11,-0.17
43319,-1.26,-0.13,-0.05,-0.08,-0.11,-0.07
43320,-1.26,-0.02,-0.16,0.03,-0.21,-0.17
43321,-1.36,-0.13,-0.05,0.03,-0.00,-0.07
43322,-1.26,-0.13,-0.05,0.03,-0.21,-0.17
43323,-1.26,-0.13,-0.05,-0.08,-0.11,-0.07
43324,-1.36,-0.13,-0.16,0.03,-0.11,-0.07
43325,-1.36,-0.13,-0.16,0.03,-0.11,0.04
43326,-1.26,-0.02,-0.16,-0.08,-0.11,-0.07
43327,-1.26,-0.02,-0.16,0.03,-0.11,-0.07
43328,-1.36,-0.13,-0.16,0.03,-0.00,0.04
43329,-1.26,-0.02,-0.05,-0.08,-0.11,-0.07
43330,-1.36,-0.13,-0.16,0.03,-0.11,-0.07
43331,-1.36,-0.02,-0.05,-0.08,-0.00,-0.07
43332,-1.26,-0.13,-0.05,-0.08,-0.11,-0.07
43334,-1.26,-0.02,-0.05,0.03,-0.21,-0.17
43334,-1.26,-0.13,-0.05,0.03,-0.21,-0.07
43335,-1.26,-0.02,-0.16,-0.08,-0.11,-0.07
43336,-1.26,-0.13,-0.16,0.03,-0.11,-0.07
43337,-1.26,-0.13,-0.05,0.03,-0.11,-0.07
43338,-1.36,-0.13,-0.05,-0.08,-0.00,-0.07
43339,-1.36,-0.13,-0.16,-0.08,-0.11,-0.07
43340,-1.26,-0.13,-0.05,-0.08,-0.00,-0.17
43341,-1.36,-0.13,-0.05,0.03,-0.11,-0.17
43342,-1.36,-0.13,-0.16,0.03,-0.11,-0.17
43343,-1.36,-0.13,-0.05,-0.08,-0.11,-0.07
43344,-1.26,-0.13,-0.16,0.03,-0.21,-0.17
43345,-1.26,-0.13,-0.05,0.03,-0.11,-0.17
43346,-1.36,-0.13,-0.16,-0.08,-0.11,-0.07
43347,-1.26,-0.13,-0.05,0.03,-0.11,-0.07
43348,-1.36,-0.02,-0.05,-0.08,-0.11,-0.07
43349,-1.36,-0.13,-0.05,0.03,-0.11,-0.28
43350,-1.26,-0.02,-0.16,-0.08,-0.00,-0.17
43351,-1.36,-0.13,-0.05,-0.08,-0.21,-0.07
43352,-1.26,-0.13,-0.16,-0.08,-0.11,-0.17
43353,-1.26,-0.02,-0.16,-0.08,-0.21,-0.07
43354,-1.26,-0.23,-0.16,0.03,-0.21,-0.07
43355,-1.26,-0.13,-0.16,0.13,-0.11,-0.07
43356,-1.26,-0.13,-0.05,0.03,-0.31,0.04
43357,-1.26,-0.13,-0.05,-0.08,-0.11,-0.17
43358,-1.26,-0.23,-0.05,-0.08,-0.21,-0.07
43359,-1.36,-0.02,-0.05,-0.08,-0.21,-0.17
43360,-1.26,-0.02,-0.05,-0.08,-0.11,-0.07
43361,-1.26,-0.13,-0.16,-0.08,-0.11,-0.07
43362,-1.26,-0.02,-0.16,-0.08,-0.21,-0.17
43363,-1.16,-0.02,-0.05,0.03,-0.21,-0.07
43364,-1.36,-0.02,-0.05,-0.08,-0.21,-0.28
43365,-1.26,-0.13,-0.05,0.03,-0.11,-0.17
43366,-1.36,-0.02,-0.05,-0.08,-0.00,-0.07
43367,-1.26,-0.02,-0.05,-0.08,-0.21,-0.07
43368,-1.26,-0.02,-0.05,-0.08,-0.21,-0.17
43369,-1.26,-0.13,-0.05,0.03,-0.00,0.04
43370,-1.26,-0.02,-0.05,0.03,-0.11,-0.07
43371,-1.26,-0.02,-0.16,-0.08,-0.21,-0.17
43372,-1.26,-0.02,-0.16,0.03,-0.21,-0.07
43373,-1.26,-0.02,-0.26,0.03,-0.11,-0.17
43374,-1.36,-0.13,-0.16,0.03,-0.11,-0.07
43375,-1.26,-0.13,-0.05,0.03,-0.21,-0.17
43376,-1.26,-0.13,-0.16,0.03,-0.11,-0.07
43377,-1.26,-0.13,-0.05,-0.08,-0.21,-0.17
43378,-1.36,-0.02,-0.05,-0.08,-0.00,-0.07
43379,-1.36,-0.02,0.05,-0.08,-0.21,-0.07
43380,-1.26,-0.02,-0.05,0.03,-0.21,-0.07
43381,-1.26,-0.02,-0.05,-0.08,-0.11,-0.17
43382,-1.16,-0.13,-0.05,0.03,-0.00,-0.07
43383,-1.26,-0.13,-0.05,0.03,-0.21,-0.17
43384,-1.26,-0.02,-0.05,0.03,-0.11,-0.07
43385,-1.36,-0.02,-0.05,0.03,-0.11,-0.07
43386,-1.36,0.08,-0.05,-0.08,-0.11,-0.17
43387,-1.26,-0.13,-0.05,0.13,-0.11,-0.17
43388,-1.26,-0.13,-0.05,0.03,-0.21,0.04
43389,-1.26,-0.13,-0.05,0.03,-0.11,-0.07
43390,-1.26,-0.02,-0.05,-0.08,-0.11,-0.17
43391,-1.26,-0.02,-0.05,0.03,-0.11,-0.17
43392,-1.26,-0.13,-0.05,0.03,-0.11,-0.17
43393,-1.36,-0.13,-0.05,-0.08,-0.11,-0.17
43394,-1.26,-0.02,-0.05,0.03,-0.11,-0.17
43395,-1.47,-0.02,-0.16,0.03,-0.11,-0.07
43396,-1.47,-0.02,-0.16,-0.08,-0.11,0.04
43397,-1.36,-0.02,-0.16,-0.08,-0.11,0.04
43398,-1.36,-0.02,-0.16,0.03,-0.11,-0.07
43399,-1.26,-0.13,-0.16,0.13,-0.11,-0.07
43400,-1.26,-0.13,-0.05,-0.08,-0.21,-0.28
43401,-1.26,-0.13,-0.05,-0.08,-0.11,0.04
43402,-1.36,-0.02,-0.05,-0.08,-0.11,0.04
43403,-1.26,-0.13,-0.05,-0.18,-0.11,-0.07
43404,-1.36,-0.02,-0.16,0.03,-0.11,-0.07
43405,-1.26,-0.02,-0.05,0.03,-0.11,-0.17
43406,-1.26,-0.02,-0.05,0.03,-0.21,-0.07
43407,-1.36,-0.13,-0.16,0.03,-0.00,-0.07
43408,-1.26,-0.02,-0.05,-0.08,-0.21,-0.07
43409,-1.26,-0.02,-0.05,0.03,-0.00,-0.07
43410,-1.26,-0.02,-0.05,-0.08,-0.21,-0.07
43411,-1.26,-0.02,-0.16,0.03,-0.00,-0.07
43412,-1.26,-0.13,-0.16,-0.08,-0.00,-0.07
43413,-1.26,-0.02,-0.05,-0.08,-0.11,-0.07
43414,-1.26,-0.13,-0.05,0.03,-0.11,-0.17
43415,-1.36,-0.13,-0.16,0.03,-0.00,-0.07
43416,-1.36,-0.13,-0.16,-0.08,-0.11,-0.07
43417,-1.26,-0.13,-0.05,0.03,-0.11,-0.07
43418,-1.26,-0.13,-0.16,0.03,-0.00,-0.17
43419,-1.36,-0.02,-0.16,0.03,-0.11,-0.07
43420,-1.26,-0.02,-0.05,-0.08,-0.11,-0.07
43421,-1.26,-0.02,-0.05,-0.08,-0.00,-0.17
43577,-1.26,-0.02,-0.16,-0.08,-0.11,-0.17
43578,-1.16,-0.13,-0.16,-0.18,-0.11,0.04
43579,-1.26,-0.02,-0.05,0.03,-0.00,-0.07
43580,-1.16,-0.13,-0.16,-0.08,-0.00,-0.07
43581,-1.36,-0.13,-0.16,-0.08,-0.11,-0.07
43582,-1.26,-0.13,-0.16,-0.08,-0.11,-0.07
43583,-1.36,-0.13,-0.05,-0.08,-0.21,-0.17
43584,-1.36,-0.13,-0.16,-0.18,-0.11,-0.07
43585,-1.26,-0.13,-0.05,0.03,-0.11,-0.07
43586,-1.26,-0.13,-0.05,-0.08,-0.11,-0.17
43587,-1.26,-0.02,-0.05,-0.08,-0.11,-0.17
43588,-1.26,-0.02,-0.05,0.03,-0.11,-0.07
43589,-1.36,-0.13,-0.05,-0.08,-0.11,0.04
43590,-1.36,-0.02,-0.05,-0.08,-0.11,-0.07
43591,-1.26,-0.13,-0.05,-0.08,-0.00,-0.28
43592,-1.26,-0.23,-0.05,0.03,-0.11,-0.07
43593,-1.26,-0.02,-0.05,0.03,-0.21,-0.07
43594,-1.26,-0.02,-0.05,0.03,-0.21,-0.07
43595,-1.26,-0.02,-0.05,-0.08,-0.21,-0.07
43596,-1.36,-0.13,-0.05,-0.08,-0.11,-0.07
43597,-1.26,-0.02,-0.05,0.03,-0.11,-0.17
43598,-1.36,-0.13,-0.05,0.03,-0.11,-0.17
43599,-1.36,-0.02,-0.05,0.03,-0.21,-0.28
43600,-1.16,-0.13,-0.16,0.03,-0.11,-0.07
43601,-1.26,-0.02,-0.05,0.03,-0.11,-0.07
43602,-1.36,-0.02,-0.16,-0.08,-0.11,-0.07
43603,-1.36,-0.02,-0.05,-0.08,-0.11,-0.07
43604,-1.26,-0.13,-0.05,-0.08,-0.00,0.04
43605,-1.26,-0.02,-0.16,-0.08,-0.21,-0.07
43606,-1.26,-0.02,-0.16,0.03,-0.11,-0.07
43607,-1.26,-0.13,-0.16,-0.08,-0.11,0.04
43608,-1.36,-0.13,-0.05,-0.08,-0.11,-0.07
43609,-1.26,-0.13,-0.16,0.03,-0.11,-0.07
43610,-1.26,-0.13,-0.16,0.03,-0.11,-0.07
43611,-1.16,-0.13,-0.05,-0.08,-0.11,-0.07
43612,-1.26,-0.13,-0.05,-0.08,-0.21,-0.17
43613,-1.26,-0.02,-0.05,0.03,-0.11,-0.17
43614,-1.36,-0.02,-0.16,-0.08,-0.21,-0.07
43615,-1.26,-0.13,-0.16,0.03,-0.11,-0.07
43616,-1.26,-0.13,-0.05,-0.18,-0.11,-0.07
43617,-1.26,-0.02,-0.05,-0.18,-0.11,-0.07
43618,-1.26,0.08,-0.05,-0.08,-0.21,-0.17
43619,-1.16,-0.02,-0.05,-0.08,-0.21,-0.17
43620,-1.26,-0.13,-0.16,-0.08,-0.21,-0.17
43621,-1.36,-0.13,-0.05,0.03,-0.11,-0.17
43622,-1.26,-0.02,-0.05,-0.08,-0.21,-0.07
43623,-1.26,-0.13,-0.16,-0.08,-0.11,0.04
43624,-1.36,-0.13,-0.05,0.03,-0.11,-0.07
43625,-1.26,-0.13,-0.16,-0.08,-0.11,-0.17
43626,-1.36,-0.02,-0.16,0.03,-0.00,-0.07
43627,-1.36,-0.02,-0.16,-0.08,-0.11,-0.07
43628,-1.26,-0.02,-0.16,0.03,-0.00,-0.07
43629,-1.26,-0.13,-0.05,-0.08,-0.11,-0.17
43630,-1.36,-0.02,-0.05,-0.08,-0.21,-0.17
43631,-1.26,-0.23,-0.05,-0.08,-0.11,-0.17
43632,-1.26,-0.13,-0.16,-0.08,-0.11,-0.17
43633,-1.26,-0.13,-0.05,0.03,-0.11,-0.07
43634,-1.36,-0.02,-0.05,-0.08,-0.21,-0.07
43635,-1.26,-0.13,-0.16,0.03,-0.00,-0.17
43636,-1.26,-0.02,-0.05,-0.08,-0.11,-0.07
43637,-1.36,-0.02,-0.05,-0.08,-0.11,-0.17
43638,-1.26,-0.02,-0.05,-0.08,-0.21,-0.17
43639,-1.36,-0.13,-0.05,0.03,-0.11,-0.28
43640,-1.26,-0.02,-0.05,-0.18,-0.11,-0.07
43641,-1.36,-0.13,-0.16,-0.18,-0.11,-0.07
43642,-1.26,-0.02,-0.05,-0.08,-0.11,-0.07
43643,-1.26,-0.02,-0.05,-0.18,-0.11,-0.07
43644,-1.36,0.08,-0.16,-0.08,-0.21,-0.17
43645,-1.26,-0.13,-0.16,-0.08,-0.11,-0.07
43646,-1.36,-0.13,-0.05,0.03,-0.11,-0.17
43647,-1.36,-0.13,-0.05,-0.08,-0.31,-0.07
43648,-1.26,-0.02,-0.05,0.03,-0.11,0.04
43649,-1.26,-0.13,-0.16,-0.08,-0.11,-0.17
43650,-1.26,-0.02,-0.05,0.03,-0.11,-0.07
43651,-1.36,-0.02,-0.05,-0.08,-0.21,-0.07
43652,-1.36,-0.02,-0.05,-0.08,-0.21,-0.17
43653,-1.26,-0.13,-0.16,0.03,-0.11,0.04
43654,-1.16,-0.02,-0.05,0.03,-0.21,-0.17
43655,-1.36,-0.02,-0.05,-0.08,-0.31,-0.17
43656,-1.26,-0.13,-0.16,-0.08,-0.21,-0.07
43657,-1.26,-0.13,-0.16,-0.08,-0.11,-0.07
43658,-1.36,-0.13,-0.16,-0.08,-0.11,-0.07
43659,-1.26,-0.13,-0.05,-0.08,-0.21,0.04
43660,-1.36,-0.13,-0.16,0.03,-0.00,0.04
43661,-1.26,-0.02,-0.05,-0.08,-0.11,-0.07
43662,-1.26,-0.02,-0.16,-0.08,-0.11,-0.07
43663,-1.36,-0.13,-0.05,0.03,-0.11,-0.07
43664,-1.26,-0.02,-0.05,-0.18,-0.11,-0.07
43665,-1.16,-0.02,-0.05,-0.08,-0.11,-0.07
43666,-1.26,0.08,-0.05,-0.08,-0.11,-0.07
43667,-1.26,-0.02,0.05,-0.08,-0.11,-0.17
43669,-1.26,-0.13,-0.05,0.03,-0.21,-0.07
43669,-1.26,-0.02,-0.16,0.03,-0.21,-0.07
43670,-1.36,-0.13,-0.05,0.03,-0.11,-0.07
43671,-1.36,-0.13,-0.05,-0.08,-0.11,-0.07
43672,-1.36,-0.13,-0.16,0.03,-0.11,-0.17
43673,-1.26,-0.02,-0.05,0.13,-0.11,-0.17
43674,-1.36,-0.13,-0.05,0.03,-0.11,-0.17
43675,-1.36,-0.13,-0.05,0.13,-0.11,-0.07
43676,-1.36,-0.13,-0.16,0.03,-0.11,0.14
43677,-1.26,-0.13,-0.16,-0.08,-0.00,0.04
43678,-1.36,-0.02,-0.05,-0.18,-0.11,-0.07
43679,-1.36,-0.02,-0.16,0.03,-0.21,-0.17
43680,-1.26,-0.13,-0.05,0.03,-0.00,-0.17
43681,-1.26,-0.13,-0.16,0.03,-0.11,-0.07
43682,-1.26,-0.13,-0.16,0.03,-0.21,-0.07
43683,-1.26,-0.02,-0.05,0.03,-0.21,-0.07
43684,-1.36,-0.02,-0.05,-0.08,-0.21,-0.07
43685,-1.26,-0.13,-0.05,0.03,-0.21,-0.07
43686,-1.26,-0.02,-0.05,0.03,-0.11,-0.07
43687,-1.36,-0.02,-0.05,0.03,-0.11,-0.28
43688,-1.26,-0.13,-0.05,0.03,-0.21,-0.07
43689,-1.36,-0.02,-0.16,-0.08,-0.00,-0.17
43690,-1.26,-0.02,-0.05,-0.08,-0.21,-0.07
43691,-1.26,-0.02,-0.16,0.03,-0.00,-0.17
43692,-1.26,-0.02,-0.16,-0.08,-0.21,-0.07
43693,-1.26,-0.13,-0.05,0.03,-0.21,-0.07
43694,-1.16,-0.02,-0.05,-0.08,-0.21,-0.17
43695,-1.36,-0.02,-0.05,-0.08,-0.21,-0.07
43696,-1.26,-0.13,-0.05,-0.08,-0.00,-0.07
43697,-1.26,-0.13,-0.05,-0.08,-0.11,-0.17
43698,-1.26,-0.02,-0.16,-0.08,-0.11,0.04
43699,-1.36,-0.02,-0.05,-0.08,-0.11,-0.07
43700,-1.26,-0.02,-0.05,-0.18,-0.11,-0.17
43701,-1.26,-0.02,-0.05,-0.08,-0.11,-0.17
43702,-1.26,-0.13,-0.05,0.03,-0.11,-0.17
43703,-1.36,-0.02,-0.16,-0.08,-0.11,-0.17
43704,-1.36,-0.02,-0.05,-0.08,-0.11,-0.17
43705,-1.47,-0.02,-0.16,0.03,-0.11,-0.07
43706,-1.36,-0.02,-0.16,0.03,-0.21,-0.07
43707,-1.36,-0.13,-0.05,-0.08,-0.21,0.04
43708,-1.36,-0.13,-0.16,0.03,-0.11,-0.17
43709,-1.26,-0.13,-0.05,-0.18,-0.00,-0.07
43710,-1.36,-0.13,-0.05,-0.08,-0.11,-0.17
43711,-1.16,-0.13,-0.05,0.03,-0.21,-0.07
43712,-1.36,-0.13,-0.05,0.03,-0.11,-0.07
43713,-1.26,-0.02,-0.05,0.03,-0.00,-0.07
43714,-1.26,-0.02,-0.05,-0.08,-0.11,-0.17
43715,-1.26,-0.13,-0.05,0.03,-0.11,-0.17
43716,-1.36,-0.02,-0.16,-0.08,-0.21,-0.07
43717,-1.26,-0.02,-0.16,-0.18,-0.11,-0.17
43718,-1.26,-0.13,-0.05,0.03,-0.11,-0.17
43719,-1.16,-0.13,-0.05,-0.08,-0.11,-0.17
43720,-1.36,-0.02,-0.05,-0.18,-0.11,-0.17
43721,-1.26,-0.02,-0.05,-0.08,-0.21,-0.07
43722,-1.26,-0.13,-0.05,0.03,-0.00,0.04
43723,-1.26,-0.13,-0.16,0.03,-0.00,-0.17
43724,-1.36,-0.13,-0.05,0.03,-0.11,0.04
43725,-1.36,-0.02,-0.05,0.03,-0.11,-0.28
43726,-1.26,-0.02,-0.05,0.03,-0.11,-0.17
43727,-1.26,-0.13,-0.05,-0.08,-0.00,-0.07
43728,-1.36,-0.02,-0.16,-0.08,-0.11,-0.07
43729,-1.26,-0.13,-0.16,-0.08,-0.11,-0.07
43730,-1.26,-0.02,-0.05,0.03,-0.00,0.04
43731,-1.36,-0.13,-0.05,-0.08,-0.11,0.04
43732,-1.26,-0.02,-0.05,-0.08,-0.21,-0.17
43733,-1.36,-0.13,-0.16,0.03,-0.00,0.04
43734,-1.26,-0.13,-0.05,0.03,-0.00,-0.07
43735,-1.26,-0.02,-0.16,0.03,-0.11,-0.28
43736,-1.26,-0.02,-0.05,0.03,-0.21,-0.28
43737,-1.26,-0.02,-0.16,0.03,-0.11,-0.17
43738,-1.36,-0.13,-0.16,-0.08,-0.11,0.04
43739,-1.36,-0.02,-0.05,0.03,-0.11,-0.07
43740,-1.26,-0.02,-0.05,-0.18,-0.00,-0.17
43741,-1.36,-0.13,-0.05,-0.08,-0.00,-0.17
43742,-1.36,-0.02,-0.16,0.03,-0.11,-0.07
43743,-1.26,-0.02,-0.05,-0.08,-0.21,-0.17
43744,-1.26,-0.13,-0.05,0.03,-0.11,-0.07
43745,-1.26,-0.13,-0.05,0.03,-0.11,-0.17
43746,-1.26,-0.13,-0.05,-0.08,-0.00,-0.17
43747,-1.36,-0.02,-0.16,0.03,-0.21,-0.17
43748,-1.26,-0.13,-0.16,0.03,-0.00,-0.07
43749,-1.36,-0.13,-0.16,0.03,-0.21,-0.17
43750,-1.26,-0.13,-0.16,0.03,-0.21,-0.07
43751,-1.26,-0.02,-0.05,-0.08,-0.00,-0.07
43752,-1.26,-0.02,-0.05,0.03,-0.11,-0.17
43753,-1.26,-0.13,-0.05,0.03,-0.11,-0.17
43754,-1.26,-0.13,-0.16,0.03,-0.11,-0.07
43755,-1.36,-0.13,-0.16,-0.08,-0.11,-0.07
43756,-1.36,-0.13,-0.16,-0.08,-0.11,-0.07
43757,-1.36,-0.13,-0.05,0.03,-0.21,-0.07
43758,-1.36,-0.13,-0.16,-0.08,-0.11,-0.07
43759,-1.36,-0.13,-0.05,0.03,-0.11,-0.07
43760,-1.26,-0.13,-0.16,-0.08,-0.00,-0.07
43761,-1.26,-0.13,-0.05,-0.08,-0.21,-0.17
43762,-1.36,-0.02,-0.05,0.03,-0.11,-0.07
43763,-1.36,-0.02,-0.16,0.13,-0.11,-0.07
43764,-1.26,-0.02,-0.16,-0.18,-0.00,-0.07
43765,-1.36,-0.13,-0.05,-0.08,-0.11,0.14
43766,-1.16,-0.13,-0.16,0.03,-0.21,-0.28
43767,-1.36,-0.13,-0.05,0.03,-0.11,-0.17
43768,-1.36,-0.02,-0.05,-0.18,-0.11,-0.07
43769,-1.36,-0.02,-0.05,0.03,-0.11,-0.07
43770,-1.26,-0.02,-0.05,-0.08,-0.11,0.04
43771,-1.26,-0.13,-0.05,0.03,-0.11,-0.07
43772,-1.36,-0.02,-0.16,-0.08,-0.11,-0.07
43773,-1.36,-0.13,-0.05,0.03,-0.11,-0.17
43774,-1.36,-0.13,-0.05,0.03,-0.00,-0.07
43775,-1.36,-0.02,-0.16,0.03,-0.11,-0.17
43776,-1.26,-0.23,-0.05,0.03,-0.11,-0.07
43777,-1.26,-0.13,-0.05,-0.08,-0.00,-0.07
43778,-1.26,-0.13,-0.05,-0.08,-0.11,-0.07
43779,-1.26,-0.13,-0.05,0.03,-0.11,-0.17
43780,-1.36,-0.02,-0.16,-0.08,-0.11,-0.28
43781,-1.36,-0.02,-0.05,0.03,-0.21,-0.07
43782,-1.36,-0.02,-0.16,-0.08,-0.11,-0.07
43783,-1.26,-0.02,-0.05,0.03,-0.21,-0.07
43784,-1.36,-0.13,-0.05,-0.08,-0.11,-0.07
43785,-1.26,-0.02,-0.05,-0.08,-0.11,-0.17
43786,-1.26,-0.13,-0.05,0.13,-0.11,-0.07
43787,-1.26,-0.02,-0.05,-0.08,-0.21,-0.17
43788,-1.36,-0.13,-0.05,0.03,-0.21,-0.07
43789,-1.26,-0.02,-0.05,0.03,-0.21,-0.07
43790,-1.36,-0.02,-0.16,-0.08,-0.11,-0.07
43791,-1.36,-0.13,-0.05,0.03,-0.11,-0.17
43792,-1.26,-0.02,-0.16,-0.08,-0.11,-0.07
43793,-1.36,-0.02,-0.05,0.13,-0.11,0.04
43794,-1.36,-0.02,-0.16,-0.08,-0.00,-0.07
43795,-1.36,-0.13,-0.16,-0.08,-0.11,-0.07
43796,-1.36,-0.23,-0.16,0.03,-0.21,0.04
43797,-1.36,-0.02,-0.05,0.03,-0.21,-0.07
43798,-1.26,-0.13,-0.16,0.13,-0.21,-0.17
43799,-1.36,-0.13,-0.16,-0.08,-0.11,-0.17
43800,-1.26,-0.02,-0.16,-0.08,-0.21,-0.07
43801,-1.26,-0.13,-0.05,-0.08,-0.11,-0.07
43802,-1.26,-0.13,-0.16,0.03,-0.11,-0.07
43803,-1.26,-0.13,-0.16,0.03,-0.11,-0.17
43804,-1.26,-0.13,-0.05,0.03,-0.11,-0.17
43805,-1.26,-0.13,-0.05,-0.08,-0.00,0.04
43806,-1.36,-0.13,-0.05,-0.08,-0.21,-0.07
43807,-1.36,-0.13,-0.05,-0.08,-0.21,-0.07
43808,-1.26,-0.02,-0.16,-0.08,-0.21,-0.07
43809,-1.36,-0.13,-0.05,0.03,-0.21,-0.07
43810,-1.26,-0.13,-0.05,0.03,-0.21,-0.07
43811,-1.36,-0.13,-0.16,0.03,-0.11,-0.07
43812,-1.36,-0.02,-0.16,0.03,-0.11,-0.07
43813,-1.26,-0.13,-0.16,-0.08,-0.11,-0.17
43814,-1.36,-0.13,-0.16,0.03,-0.11,-0.17
43815,-1.26,-0.02,-0.05,0.03,-0.21,-0.07
43816,-1.26,-0.02,-0.05,0.03,-0.11,-0.07
43817,-1.36,-0.13,-0.05,0.03,-0.11,-0.17
43818,-1.26,-0.13,-0.05,-0.08,-0.21,-0.07
43819,-1.36,-0.13,-0.05,-0.08,-0.21,-0.17
43820,-1.26,-0.13,-0.05,0.03,-0.11,-0.07
43821,-1.26,-0.02,-0.05,0.03,-0.21,-0.28
43822,-1.26,-0.02,-0.05,0.03,-0.11,-0.17
43823,-1.36,-0.13,-0.16,0.03,-0.21,-0.07
43824,-1.26,-0.02,-0.05,0.03,-0.00,-0.07
43825,-1.26,-0.13,-0.05,-0.08,-0.21,-0.17
43826,-1.26,-0.02,-0.05,0.03,-0.21,-0.07
43827,-1.36,-0.02,-0.16,-0.08,-0.00,0.04
43828,-1.36,-0.02,-0.05,-0.08,-0.11,-0.07
43829,-1.36,-0.13,-0.05,0.03,-0.11,-0.07
43830,-1.26,-0.02,-0.05,-0.08,-0.11,-0.17
43831,-1.36,-0.02,-0.16,-0.08,-0.11,-0.07
43832,-1.26,-0.02,-0.16,-0.08,-0.21,-0.17
43833,-1.26,-0.13,-0.05,-0.08,-0.21,0.04
43834,-1.26,-0.02,-0.05,0.03,-0.21,-0.07
43835,-1.26,-0.02,-0.05,0.03,-0.21,-0.07
43836,-1.16,-0.02,-0.05,0.03,-0.11,-0.07
43837,-1.26,-0.13,-0.05,0.03,-0.11,-0.07
43838,-1.36,-0.13,-0.16,0.03,-0.00,-0.17
43839,-1.26,-0.02,-0.05,0.03,-0.21,-0.17
43840,-1.36,-0.13,-0.16,-0.08,-0.11,-0.07
43841,-1.26,-0.02,-0.05,-0.08,-0.21,-0.17
43842,-1.26,-0.02,-0.05,-0.08,-0.21,-0.17
43843,-1.26,-0.13,-0.16,-0.18,-0.11,-0.07
43844,-1.26,-0.13,-0.05,0.03,-0.21,0.04
43845,-1.36,-0.13,-0.16,-0.08,-0.11,-0.07
43846,-1.36,-0.02,-0.05,-0.08,-0.21,-0.07
43847,-1.36,-0.13,-0.05,-0.08,-0.21,0.04
43848,-1.26,-0.02,-0.16,-0.08,-0.21,-0.07
43849,-1.26,-0.13,-0.16,0.03,-0.11,-0.07
43850,-1.36,-0.02,-0.05,-0.08,-0.21,-0.28
43851,-1.26,-0.23,-0.05,0.03,-0.00,-0.07
43852,-1.36,-0.23,-0.16,-0.08,-0.00,-0.07
43853,-1.36,-0.13,-0.05,0.03,-0.00,-0.28
43854,-1.26,-0.02,-0.16,-0.08,-0.11,-0.07
43855,-1.16,-0.02,-0.05,-0.18,-0.21,0.04
43856,-1.36,-0.13,-0.05,-0.08,-0.11,-0.17
43857,-1.26,-0.13,-0.05,-0.08,-0.11,-0.17
43858,-1.26,-0.13,-0.05,-0.18,-0.21,-0.07
43859,-1.26,-0.02,-0.16,0.03,-0.00,-0.07
43860,-1.26,-0.02,-0.05,0.03,-0.21,-0.17
43861,-1.36,-0.13,-0.05,0.13,-0.00,-0.07
43862,-1.16,-0.02,-0.05,0.03,-0.11,-0.17
43863,-1.36,-0.13,-0.16,0.03,-0.11,-0.07
43864,-1.36,-0.13,-0.16,0.03,-0.11,-0.07
43865,-1.16,-0.13,-0.05,0.03,-0.11,-0.07
43866,-1.36,-0.13,-0.16,0.03,-0.21,-0.07
43867,-1.36,-0.02,-0.05,-0.08,-0.21,-0.07
43868,-1.36,-0.02,-0.16,0.03,-0.11,-0.07
43869,-1.36,-0.02,-0.05,-0.08,-0.11,-0.17
43870,-1.26,-0.13,-0.05,-0.08,-0.11,-0.07
43871,-1.26,-0.13,-0.16,-0.08,-0.00,-0.07
43872,-1.36,-0.13,-0.05,0.03,-0.11,-0.17
43873,-1.26,-0.13,-0.05,-0.08,-0.21,-0.17
43874,-1.26,-0.02,-0.05,-0.08,-0.21,-0.17
43875,-1.36,-0.13,-0.16,-0.08,-0.11,-0.07
43876,-1.16,-0.13,-0.05,-0.08,-0.21,-0.07
43877,-1.16,-0.02,-0.05,-0.08,-0.00,-0.28
43878,-1.26,-0.13,-0.16,-0.08,-0.31,-0.07
43879,-1.26,-0.02,-0.05,-0.08,-0.21,-0.17
43880,-1.36,-0.13,-0.05,0.03,-0.00,-0.17
43881,-1.26,-0.13,-0.16,-0.08,-0.11,-0.07
43882,-1.26,-0.02,-0.05,-0.08,-0.21,-0.07
43883,-1.26,-0.02,-0.16,-0.08,-0.11,-0.07
43884,-1.36,-0.02,-0.05,-0.08,-0.11,-0.07
43885,-1.26,-0.02,-0.05,0.03,-0.11,-0.17
43886,-1.26,-0.13,-0.16,0.03,-0.11,-0.17
43887,-1.36,-0.13,-0.05,0.03,-0.00,-0.07
43888,-1.26,-0.13,-0.16,-0.08,-0.11,0.04
43889,-1.26,-0.13,-0.16,-0.08,-0.11,-0.17
43890,-1.36,-0.13,-0.05,-0.08,-0.11,-0.17
43891,-1.36,-0.02,-0.05,0.03,-0.11,-0.17
43892,-1.16,-0.02,-0.16,-0.08,-0.11,-0.17
43893,-1.26,-0.02,-0.16,-0.08,-0.11,-0.07
43894,-1.26,-0.02,-0.05,-0.08,-0.31,-0.07
43895,-1.36,-0.13,-0.16,-0.08,-0.11,-0.07
43896,-1.26,-0.02,-0.16,-0.18,-0.00,-0.07
43897,-1.26,-0.02,-0.05,0.03,-0.11,-0.17
43898,-1.36,-0.13,-0.16,0.03,-0.11,-0.07
43899,-1.36,-0.13,-0.16,-0.08,-0.00,-0.07
43900,-1.36,-0.02,-0.05,0.03,-0.11,-0.07
43901,-1.36,-0.13,-0.05,0.03,-0.21,-0.07
43902,-1.26,-0.13,-0.05,-0.08,-0.11,-0.07
43903,-1.26,-0.23,-0.16,-0.08,-0.00,-0.07
43904,-1.26,-0.13,-0.05,-0.08,-0.11,-0.07
43905,-1.26,-0.13,-0.05,-0.08,-0.21,-0.07
43906,-1.36,-0.02,-0.16,-0.08,-0.00,-0.17
43907,-1.26,-0.02,-0.16,0.03,-0.21,-0.07
43908,-1.36,-0.13,-0.05,0.03,-0.21,-0.17
43909,-1.26,-0.02,-0.05,-0.08,-0.21,-0.17
43910,-1.36,-0.23,-0.16,-0.08,-0.11,-0.07
43911,-1.26,-0.13,-0.05,0.03,-0.11,-0.17
43912,-1.26,-0.13,-0.05,-0.08,-0.11,-0.17
43913,-1.26,-0.02,-0.05,0.03,-0.11,-0.07
43914,-1.36,-0.13,-0.16,0.03,-0.11,-0.07
43915,-1.26,-0.02,-0.05,0.03,-0.11,-0.17
43916,-1.36,-0.13,-0.16,0.03,-0.11,-0.07
43917,-1.26,-0.13,-0.16,0.03,-0.00,-0.07
43918,-1.26,-0.13,-0.05,0.03,-0.21,-0.07
43919,-1.36,-0.13,-0.16,0.03,-0.11,-0.07
43920,-1.26,-0.02,-0.16,0.03,-0.00,-0.28
43921,-1.26,-0.13,-0.16,0.03,-0.21,-0.07
43922,-1.26,-0.13,-0.05,0.03,-0.21,0.04
43923,-1.26,-0.02,-0.16,0.03,-0.21,-0.17
43924,-1.26,-0.13,-0.05,0.03,-0.21,-0.17
43925,-1.26,-0.02,-0.05,-0.08,-0.21,-0.17
43926,-1.26,-0.02,-0.05,0.03,-0.11,-0.07
43927,-1.26,-0.02,-0.05,0.03,-0.11,-0.07
43928,-1.26,-0.13,-0.05,0.03,-0.21,-0.07
43929,-1.26,-0.13,-0.05,-0.08,-0.11,-0.07
43930,-1.26,-0.13,-0.05,0.03,-0.11,-0.07
43931,-1.26,-0.13,-0.05,-0.08,-0.11,-0.28
43932,-1.36,-0.02,-0.05,0.03,-0.11,-0.07
43933,-1.36,-0.13,-0.05,-0.08,-0.21,0.04
43934,-1.26,-0.13,-0.05,0.03,-0.11,-0.07
43935,-1.26,-0.13,-0.16,0.03,-0.21,-0.07
43936,-1.26,-0.13,-0.05,0.13,-0.11,-0.07
43937,-1.26,-0.13,-0.16,0.03,-0.11,-0.17
43938,-1.36,-0.02,-0.16,0.03,-0.11,-0.17
43939,-1.36,-0.13,-0.05,-0.08,-0.11,0.04
43940,-1.26,-0.02,-0.05,-0.08,-0.11,-0.07
43941,-1.26,-0.02,-0.05,-0.08,-0.11,-0.28
43942,-1.26,-0.02,-0.05,-0.08,-0.21,-0.07
43943,-1.36,-0.13,-0.05,0.03,-0.11,0.04
43944,-1.36,-0.13,-0.05,0.03,-0.11,0.04
43945,-1.26,-0.13,-0.05,-0.08,-0.00,-0.07
43946,-1.36,-0.13,-0.05,-0.08,-0.21,0.04
43947,-1.36,-0.13,-0.05,-0.08,-0.11,-0.07
43948,-1.26,-0.02,-0.05,-0.08,-0.11,-0.17
43949,-1.26,-0.02,-0.05,-0.08,-0.11,-0.07
44082,-1.26,-0.02,-0.05,-0.08,-0.21,-0.07
44083,-1.36,-0.02,-0.05,0.03,-0.21,0.04
44084,-1.26,-0.13,-0.05,-0.18,-0.11,-0.07
44085,-1.36,-0.02,-0.05,-0.08,-0.00,-0.17
44086,-1.36,-0.13,-0.16,0.03,-0.11,-0.07
44087,-1.26,-0.13,-0.05,-0.08,-0.00,-0.17
44088,-1.26,-0.13,-0.05,-0.18,-0.21,-0.17
44089,-1.26,-0.02,-0.05,-0.08,-0.21,-0.17
44090,-1.26,-0.02,-0.16,0.03,-0.21,0.04
44091,-1.26,-0.02,-0.16,0.03,-0.00,-0.07
44092,-1.26,-0.02,-0.05,0.03,-0.11,-0.17
44093,-1.26,-0.02,-0.05,0.03,-0.11,-0.17
44094,-1.36,-0.13,-0.05,-0.08,-0.11,-0.17
44095,-1.26,-0.02,-0.05,-0.18,-0.31,-0.17
44096,-1.26,-0.13,-0.05,-0.08,-0.11,-0.17
44097,-1.26,-0.02,-0.05,0.03,-0.11,-0.17
44098,-1.26,-0.02,-0.05,-0.08,-0.11,-0.07
44099,-1.26,-0.13,-0.05,-0.08,-0.11,-0.17
44100,-1.26,-0.13,-0.05,-0.08,-0.11,-0.07
44101,-1.26,-0.13,-0.16,0.03,-0.00,-0.17
44102,-1.26,-0.13,-0.16,0.03,-0.00,-0.07
44103,-1.26,-0.13,-0.05,-0.08,-0.21,-0.17
44104,-1.26,-0.13,-0.05,-0.08,-0.11,-0.07
44105,-1.26,-0.02,-0.05,-0.08,-0.21,-0.07
44106,-1.36,-0.02,-0.16,0.03,-0.11,-0.07
44107,-1.26,-0.13,-0.05,0.03,-0.11,-0.17
44108,-1.16,-0.02,-0.05,-0.08,-0.21,-0.07
44109,-1.26,-0.02,-0.05,-0.08,-0.21,-0.07
44110,-1.26,-0.02,-0.05,-0.08,-0.21,-0.17
44111,-1.26,-0.13,-0.05,0.03,-0.00,-0.17
44112,-1.36,-0.13,-0.16,-0.08,-0.00,-0.07
44113,-1.36,-0.13,-0.05,-0.08,-0.11,-0.17
44114,-1.36,-0.02,-0.16,-0.08,-0.21,-0.07
44115,-1.36,-0.02,-0.05,0.03,-0.11,-0.07
44116,-1.26,-0.02,-0.05,-0.08,-0.11,0.04
44117,-1.36,-0.02,-0.05,-0.08,-0.21,-0.07
44118,-1.26,-0.13,-0.16,0.03,-0.00,-0.07
44119,-1.36,-0.13,-0.16,0.03,-0.21,-0.17
44120,-1.36,-0.13,-0.16,-0.08,-0.21,-0.17
44121,-1.16,-0.02,-0.16,-0.08,-0.11,0.04
44122,-1.16,-0.02,-0.05,0.03,-0.11,-0.17
44123,-1.36,-0.23,-0.16,0.03,-0.21,-0.07
44124,-1.36,-0.13,-0.05,-0.08,-0.11,0.04
44125,-1.26,-0.02,-0.05,-0.08,-0.21,-0.07
44126,-1.36,0.08,-0.05,-0.18,-0.11,-0.07
44127,-1.36,-0.13,-0.16,0.03,-0.00,-0.07
44128,-1.36,-0.13,-0.16,0.03,-0.11,-0.07
44129,-1.26,-0.02,-0.05,-0.08,-0.21,-0.07
44130,-1.26,-0.13,-0.05,-0.08,-0.21,-0.07
44131,-1.26,-0.13,-0.16,0.03,-0.11,-0.07
44132,-1.26,-0.02,-0.05,-0.08,-0.11,-0.07
44133,-1.36,-0.13,-0.16,0.03,-0.00,-0.17
44134,-1.36,-0.02,-0.05,0.03,-0.11,-0.07
44135,-1.26,-0.13,-0.05,-0.08,-0.11,-0.07
44136,-1.26,-0.13,-0.16,-0.08,-0.21,-0.17
44137,-1.36,-0.13,-0.16,0.03,-0.11,-0.07
44138,-1.26,-0.13,-0.05,-0.18,-0.11,-0.07
44139,-1.36,-0.13,-0.05,-0.08,-0.11,-0.17
44140,-1.26,-0.02,-0.05,-0.08,-0.21,-0.17
44141,-1.26,-0.02,-0.05,0.03,-0.11,0.04
44142,-1.36,-0.13,-0.05,-0.08,-0.00,-0.07
44143,-1.26,-0.02,-0.16,0.13,-0.21,-0.17
44144,-1.26,-0.02,-0.05,-0.08,-0.21,-0.07
44145,-1.36,-0.13,0.05,-0.08,-0.11,-0.07
44146,-1.26,-0.13,-0.16,0.03,-0.11,-0.17
44147,-1.26,-0.02,-0.05,-0.08,-0.00,-0.07
44148,-1.26,-0.13,-0.16,0.03,-0.11,-0.17
44149,-1.26,-0.13,-0.05,-0.18,-0.21,-0.17
44150,-1.36,-0.13,-0.05,-0.08,-0.11,-0.07
44151,-1.36,-0.13,-0.05,0.03,-0.21,-0.17
44152,-1.36,-0.13,-0.05,-0.08,-0.11,-0.17
44153,-1.26,-0.13,-0.05,0.03,-0.21,-0.07
44154,-1.26,-0.13,-0.16,0.03,-0.21,-0.07
44155,-1.26,-0.02,-0.05,-0.08,-0.11,-0.07
44156,-1.36,-0.13,-0.16,-0.08,-0.11,-0.07
44157,-1.36,-0.13,-0.05,-0.08,-0.11,-0.17
44158,-1.26,-0.13,-0.16,-0.08,-0.11,-0.07
44159,-1.26,-0.02,-0.05,-0.08,-0.21,-0.07
44160,-1.36,-0.02,-0.16,0.03,-0.21,-0.07
44161,-1.26,-0.13,-0.16,0.03,-0.11,-0.17
44162,-1.26,-0.02,-0.05,0.03,-0.11,-0.17
44163,-1.36,-0.13,-0.05,0.03,-0.11,-0.17
44164,-1.36,-0.13,-0.05,0.03,-0.11,-0.17
44165,-1.26,-0.13,-0.05,-0.18,-0.11,-0.07
44166,-1.36,-0.13,-0.16,-0.08,-0.11,-0.07
44167,-1.26,-0.13,-0.05,-0.08,-0.21,-0.17
44168,-1.36,-0.13,-0.05,0.03,-0.21,0.04
44169,-1.36,-0.13,-0.05,0.03,-0.11,0.04
44170,-1.36,-0.13,-0.05,-0.08,-0.00,-0.07
44171,-1.26,-0.02,-0.05,0.03,-0.31,-0.17
44172,-1.36,-0.13,-0.05,0.03,-0.11,-0.07
44173,-1.36,-0.02,-0.16,-0.08,-0.00,-0.07
44174,-1.26,-0.23,-0.05,-0.08,-0.21,-0.07
44175,-1.36,-0.13,-0.05,0.03,-0.11,-0.07
44176,-1.26,-0.02,-0.16,-0.08,-0.11,-0.07
44177,-1.36,-0.02,-0.05,-0.08,-0.11,-0.07
44178,-1.36,-0.02,-0.05,-0.08,-0.11,-0.17
44179,-1.26,-0.02,-0.05,-0.08,-0.11,-0.28
44180,-1.36,-0.23,-0.05,0.03,-0.00,-0.07
44181,-1.26,-0.13,-0.05,0.03,-0.11,-0.07
44182,-1.26,-0.02,-0.05,-0.08,-0.11,-0.07
44183,-1.26,-0.13,-0.16,-0.08,-0.21,-0.07
44184,-1.26,-0.02,-0.16,-0.08,-0.21,-0.17
44185,-1.26,-0.02,-0.05,-0.08,-0.21,-0.17
44186,-1.26,-0.02,-0.05,-0.08,-0.21,-0.17
44187,-1.26,-0.02,-0.05,-0.08,-0.21,-0.07
44188,-1.26,-0.02,-0.16,-0.18,-0.21,-0.07
44189,-1.26,-0.02,-0.05,-0.08,-0.21,0.04
44190,-1.36,-0.13,-0.05,0.03,-0.11,-0.07
44191,-1.26,-0.13,-0.05,0.03,-0.21,-0.17
44192,-1.26,-0.13,-0.05,-0.08,-0.21,-0.17
44193,-1.26,-0.13,-0.05,-0.08,-0.11,-0.07
44194,-1.36,-0.13,-0.16,0.03,-0.11,0.04
44195,-1.26,-0.02,-0.16,0.03,-0.21,-0.17
44196,-1.26,-0.02,-0.05,0.03,-0.21,-0.17
44197,-1.26,-0.13,-0.05,0.13,-0.11,-0.07
44198,-1.16,-0.13,-0.16,-0.08,-0.11,-0.07
44199,-1.26,-0.13,-0.05,-0.18,-0.00,0.04
44200,-1.36,-0.13,-0.05,-0.08,-0.00,-0.07
44201,-1.26,-0.13,-0.16,0.03,-0.11,-0.07
44202,-1.36,-0.02,-0.16,-0.08,-0.21,-0.07
44203,-1.26,-0.13,-0.05,-0.08,-0.11,-0.07
44204,-1.26,-0.02,-0.05,-0.08,-0.11,-0.07
44205,-1.26,-0.02,-0.16,-0.08,-0.00,0.04
44206,-1.16,-0.02,-0.05,0.03,-0.11,0.04
44207,-1.26,-0.13,-0.05,-0.08,-0.11,-0.07
44208,-1.26,-0.13,-0.16,0.03,-0.11,0.04
44209,-1.36,-0.13,-0.05,-0.08,-0.11,0.04
44210,-1.36,-0.02,-0.16,0.03,-0.11,-0.17
44211,-1.36,-0.13,-0.16,-0.08,-0.11,-0.17
44212,-1.26,-0.13,-0.05,-0.18,-0.11,-0.17
44213,-1.16,-0.13,-0.05,-0.08,-0.11,-0.07
44214,-1.26,-0.13,-0.16,-0.08,-0.11,-0.07
44215,-1.26,-0.13,-0.16,0.03,-0.11,-0.07
44216,-1.26,-0.02,-0.05,0.03,-0.11,-0.07
44217,-1.36,-0.13,-0.16,0.03,-0.21,-0.07
44218,-1.26,-0.02,-0.05,-0.08,-0.21,-0.07
44219,-1.26,-0.13,-0.05,0.03,-0.11,-0.07
44220,-1.36,-0.02,-0.16,0.03,-0.11,-0.07
44221,-1.36,-0.13,-0.05,0.13,-0.21,-0.17
44222,-1.26,-0.02,-0.05,-0.08,-0.00,-0.07
44223,-1.26,-0.13,-0.05,-0.08,-0.11,-0.17
44224,-1.36,0.08,-0.05,-0.08,-0.11,-0.17
44225,-1.26,-0.02,-0.16,-0.18,-0.21,-0.17
44226,-1.26,-0.02,-0.16,0.03,-0.11,0.04
44227,-1.26,-0.13,-0.16,-0.08,-0.00,0.04
44228,-1.26,-0.13,-0.16,-0.08,-0.11,0.04
44229,-1.26,-0.13,-0.16,0.03,-0.21,-0.07
44230,-1.36,-0.13,-0.05,0.03,-0.21,-0.17
44231,-1.26,-0.02,-0.05,0.03,-0.11,-0.07
44232,-1.26,-0.02,-0.05,-0.08,-0.11,-0.07
44233,-1.26,-0.02,-0.05,0.03,-0.11,-0.07
44234,-1.26,-0.02,-0.16,-0.18,-0.11,-0.17
44235,-1.26,-0.02,-0.16,-0.18,-0.11,-0.07
44236,-1.26,-0.02,-0.05,-0.18,-0.21,-0.07
44237,-1.36,-0.02,-0.16,-0.08,-0.21,-0.07
44238,-1.26,-0.13,-0.16,0.03,-0.11,-0.07
44239,-1.26,-0.13,-0.05,-0.08,-0.11,-0.07
44240,-1.26,-0.13,-0.05,0.03,-0.11,-0.07
44241,-1.26,-0.13,-0.05,-0.18,-0.11,-0.17
44242,-1.26,-0.02,-0.16,0.03,-0.00,-0.17
44243,-1.26,-0.02,-0.05,-0.08,-0.21,-0.17
44244,-1.26,-0.13,-0.05,0.13,-0.11,-0.17
44245,-1.26,-0.13,-0.05,-0.08,-0.11,-0.17
44246,-1.36,-0.13,-0.16,0.03,-0.11,-0.07
44247,-1.26,-0.13,-0.05,-0.18,-0.21,-0.07
44248,-1.36,-0.02,-0.05,0.03,-0.21,-0.17
44249,-1.36,-0.13,-0.05,0.03,-0.00,-0.07
44250,-1.26,-0.13,-0.05,0.03,-0.11,-0.07
44251,-1.36,-0.13,-0.16,0.03,-0.11,-0.07
44252,-1.26,-0.02,-0.16,-0.08,-0.21,0.04
44253,-1.26,-0.13,-0.16,0.03,-0.11,-0.07
44254,-1.36,0.08,-0.05,-0.08,-0.11,-0.17
44255,-1.36,-0.13,-0.05,-0.18,-0.11,-0.17
44256,-1.36,-0.13,-0.16,-0.08,-0.11,-0.17
44257,-1.26,0.08,-0.05,0.03,-0.21,-0.07
44258,-1.26,-0.13,-0.16,0.03,-0.11,-0.07
44259,-1.16,-0.13,-0.16,-0.08,-0.00,-0.07
44260,-1.36,-0.02,-0.16,-0.08,-0.21,-0.07
44261,-1.26,-0.02,-0.05,-0.08,-0.11,-0.07
44262,-1.26,-0.13,-0.05,0.03,-0.11,-0.07
44263,-1.26,-0.02,-0.05,-0.08,-0.21,-0.07
44264,-1.36,-0.02,-0.05,-0.18,-0.11,-0.07
44265,-1.26,-0.23,-0.05,-0.08,-0.11,-0.07
44266,-1.16,-0.13,-0.05,0.13,-0.00,-0.07
44267,-1.26,0.08,-0.05,-0.08,-0.11,-0.17
44268,-1.26,-0.13,-0.05,0.03,-0.11,-0.07
44269,-1.26,-0.02,0.05,-0.08,-0.21,-0.17
44270,-1.36,-0.13,-0.16,-0.08,-0.11,-0.07
44271,-1.26,-0.13,-0.05,-0.08,-0.00,-0.07
44272,-1.26,-0.13,-0.16,0.03,-0.00,-0.17
44273,-1.36,-0.13,-0.05,-0.08,-0.11,-0.07
44274,-1.16,-0.13,-0.16,-0.08,-0.11,-0.17
44275,-1.36,-0.13,-0.05,0.03,-0.11,-0.07
44276,-1.26,-0.13,-0.16,-0.08,-0.21,-0.17
44277,-1.26,-0.02,-0.16,0.03,-0.11,-0.17
44278,-1.36,-0.13,-0.16,-0.08,-0.11,-0.07
44279,-1.26,-0.13,-0.16,0.03,-0.21,-0.17
44280,-1.36,-0.02,-0.16,-0.08,-0.11,-0.07
44281,-1.16,-0.02,-0.05,0.03,-0.11,-0.07
44282,-1.36,-0.02,-0.16,0.03,0.10,0.04
44283,-1.36,-0.23,-0.05,0.03,-0.00,-0.07
44284,-1.36,-0.13,-0.05,0.03,-0.11,-0.07
44285,-1.36,-0.02,-0.05,-0.08,-0.21,-0.07
44286,-1.26,-0.02,-0.16,-0.08,-0.11,-0.07
44287,-1.36,-0.13,-0.05,-0.08,-0.21,-0.07
44288,-1.26,-0.02,-0.05,-0.08,-0.11,-0.17
44289,-1.36,-0.13,-0.16,0.03,-0.11,0.04
44290,-1.36,-0.13,-0.05,0.03,-0.11,0.04
44291,-1.36,-0.13,-0.05,0.03,-0.21,-0.07
44292,-1.36,-0.13,-0.05,0.03,-0.21,-0.07
44293,-1.36,-0.13,-0.05,0.03,-0.11,-0.07
44294,-1.36,-0.13,-0.16,0.03,-0.00,-0.07
44295,-1.36,-0.13,-0.05,-0.08,-0.11,-0.07
44296,-1.26,-0.02,-0.05,-0.08,-0.11,-0.17
44297,-1.26,-0.13,-0.16,-0.08,-0.21,-0.07
44298,-1.16,-0.02,-0.16,-0.08,-0.11,-0.07
44299,-1.26,-0.02,-0.05,-0.08,-0.21,-0.07
44300,-1.26,-0.13,-0.16,-0.08,-0.11,-0.07
44301,-1.26,-0.13,-0.16,0.03,-0.11,0.04
44302,-1.26,-0.13,-0.05,0.03,-0.21,-0.07
44303,-1.26,-0.13,-0.05,-0.08,-0.21,-0.07
44304,-1.26,-0.13,-0.05,0.03,-0.11,0.04
44305,-1.26,-0.13,-0.16,0.03,-0.21,-0.07
44306,-1.36,-0.02,-0.16,0.03,-0.00,-0.17
44307,-1.36,-0.02,-0.05,-0.08,-0.11,-0.17
44308,-1.26,-0.13,-0.05,-0.08,-0.11,-0.07
44309,-1.26,-0.23,-0.05,0.03,-0.11,0.04
44310,-1.16,-0.02,-0.16,-0.18,-0.11,-0.07
44311,-1.36,-0.02,-0.05,-0.08,-0.21,-0.07
44312,-1.26,-0.02,-0.05,-0.08,-0.21,-0.07
44313,-1.16,-0.02,-0.05,-0.08,-0.11,-0.17
44314,-1.26,-0.02,-0.05,-0.18,-0.21,-0.07
44315,-1.36,-0.13,-0.16,0.03,-0.21,-0.07
44316,-1.26,-0.13,-0.16,0.03,-0.00,0.04
44317,-1.36,-0.13,-0.05,0.03,-0.11,0.04
44318,-1.36,-0.13,-0.05,0.03,-0.21,-0.07
44319,-1.26,-0.02,-0.05,-0.08,-0.11,-0.17
44320,-1.26,-0.13,-0.05,-0.08,-0.11,-0.28
44321,-1.26,-0.13,-0.05,0.03,-0.11,-0.17
44322,-1.36,-0.02,-0.05,-0.08,-0.21,-0.17
44323,-1.26,-0.13,-0.05,-0.08,-0.21,-0.17
44324,-1.47,-0.13,-0.05,-0.08,-0.11,-0.17
44325,-1.36,-0.13,-0.05,-0.18,-0.11,-0.17
44326,-1.26,-0.13,-0.05,-0.08,-0.11,-0.17
44327,-1.26,-0.02,-0.05,-0.18,-0.11,-0.17
44328,-1.26,-0.13,-0.05,-0.08,-0.11,-0.07
44329,-1.36,-0.13,-0.05,0.03,-0.11,-0.17
44330,-1.26,-0.02,-0.16,-0.08,-0.11,-0.17
44331,-1.26,-0.13,-0.05,-0.18,-0.11,0.04
44332,-1.36,-0.02,-0.16,0.03,-0.00,-0.07
44333,-1.26,-0.23,-0.05,0.03,-0.11,-0.07
44334,-1.36,-0.13,-0.05,-0.08,-0.21,-0.07
44335,-1.26,-0.13,-0.05,-0.08,-0.21,-0.07
44336,-1.36,-0.13,-0.16,0.03,-0.21,-0.17
44337,-1.26,-0.13,-0.05,-0.08,-0.11,-0.07
44338,-1.36,-0.02,-0.16,0.03,-0.11,-0.17
44339,-1.26,-0.13,-0.16,0.03,-0.11,-0.17
44340,-1.26,-0.02,-0.05,-0.08,-0.11,-0.17
44341,-1.36,-0.02,-0.05,0.03,-0.11,-0.07
44342,-1.36,-0.13,-0.05,-0.08,-0.11,-0.17
44343,-1.26,-0.02,-0.05,0.03,-0.21,-0.17
44344,-1.36,-0.13,-0.16,0.03,-0.11,-0.17
44345,-1.26,-0.13,-0.16,0.03,-0.21,-0.07
44346,-1.26,-0.13,-0.16,0.03,-0.21,-0.07
44347,-1.26,-0.13,-0.05,0.03,-0.21,-0.07
44348,-1.26,-0.13,-0.05,0.03,-0.00,-0.17
44349,-1.36,-0.13,-0.16,-0.08,-0.11,-0.07
44350,-1.36,-0.13,-0.05,0.03,-0.11,-0.07
44351,-1.36,-0.02,-0.05,0.03,-0.21,-0.17
44352,-1.26,-0.13,-0.05,0.03,-0.00,-0.07
44353,-1.47,-0.02,-0.16,0.13,-0.00,-0.07
44354,-1.26,-0.13,-0.16,-0.08,-0.21,-0.07
44355,-1.16,-0.13,-0.16,-0.08,-0.11,-0.28
44356,-1.26,-0.02,-0.05,-0.08,-0.11,-0.07
44357,-1.26,-0.02,-0.16,-0.08,-0.11,-0.07
44358,-1.26,-0.13,-0.16,-0.08,-0.11,-0.17
44359,-1.36,-0.13,-0.05,0.03,-0.00,-0.07
44360,-1.47,-0.13,-0.05,0.03,-0.00,-0.07
44361,-1.36,-0.13,-0.05,-0.08,-0.11,0.04
44362,-1.36,-0.13,-0.05,0.03,-0.11,-0.07
44363,-1.26,-0.13,-0.05,-0.08,-0.11,-0.17
44364,-1.26,-0.13,-0.16,0.13,-0.21,-0.17
44365,-1.26,-0.02,-0.16,-0.08,-0.21,0.04
44366,-1.16,-0.13,-0.16,0.03,-0.11,-0.07
44367,-1.26,-0.13,-0.16,0.03,-0.11,-0.07
44368,-1.26,-0.13,-0.05,0.03,-0.11,-0.07
44369,-1.36,-0.13,0.05,-0.18,-0.11,-0.17
44370,-1.36,-0.13,-0.05,-0.08,-0.00,0.04
44371,-1.26,-0.02,-0.05,-0.08,-0.21,-0.17
44372,-1.36,-0.02,-0.05,-0.08,-0.11,-0.07
44373,-1.36,-0.13,-0.05,0.03,-0.00,-0.07
44374,-1.26,-0.02,-0.16,-0.18,-0.21,-0.07
44375,-1.26,-0.02,-0.16,-0.08,-0.21,-0.07
44376,-1.26,-0.13,-0.16,0.03,-0.11,-0.07
44377,-1.36,-0.13,-0.16,-0.08,-0.11,-0.07
44378,-1.47,-0.13,-0.05,-0.08,-0.11,-0.07
44379,-1.36,-0.02,-0.05,0.03,-0.11,-0.07
44380,-1.36,-0.02,-0.05,0.03,-0.21,-0.07
44381,-1.36,-0.13,-0.05,0.13,-0.11,-0.07
44382,-1.26,-0.02,-0.16,0.03,-0.11,-0.17
44383,-1.26,-0.13,-0.16,0.03,-0.11,-0.07
44384,-1.16,-0.13,-0.26,0.03,-0.11,-0.07
44385,-1.26,-0.02,-0.16,0.03,-0.11,-0.17
44386,-1.36,-0.02,-0.05,-0.08,-0.00,-0.07
44387,-1.26,-0.13,-0.05,0.03,-0.11,-0.07
44388,-1.26,-0.02,-0.05,0.03,-0.00,-0.17
44389,-1.26,-0.13,-0.05,0.03,-0.00,0.04
44390,-1.26,-0.02,-0.05,0.13,-0.21,-0.17
44391,-1.26,0.08,-0.05,-0.08,-0.21,-0.17
44392,-1.26,-0.02,-0.05,-0.08,-0.11,-0.07
44393,-1.26,-0.02,-0.05,-0.08,-0.21,-0.07
44394,-1.36,-0.02,-0.05,0.03,-0.21,-0.17
44395,-1.26,-0.02,-0.05,0.03,-0.11,-0.07
44396,-1.26,-0.02,-0.16,0.03,-0.11,-0.28
44397,-1.36,-0.13,-0.05,-0.08,-0.11,-0.07
44398,-1.36,-0.02,-0.16,-0.08,-0.21,-0.07
44399,-1.26,-0.13,-0.05,0.03,-0.11,-0.17
44400,-1.26,-0.02,-0.16,-0.18,-0.11,0.04
44401,-1.36,-0.02,-0.05,0.03,-0.11,-0.07
44402,-1.36,-0.13,-0.05,-0.08,-0.21,-0.07
44403,-1.26,-0.02,-0.16,0.03,-0.11,-0.07
44404,-1.26,-0.13,-0.16,-0.08,-0.00,-0.17
44405,-1.26,-0.13,-0.05,-0.18,-0.00,-0.07
44406,-1.26,-0.13,-0.05,-0.08,-0.00,-0.07
44407,-1.26,-0.13,-0.05,0.03,-0.11,-0.07
44408,-1.36,-0.13,-0.16,0.03,-0.00,-0.07
44409,-1.26,-0.02,-0.05,-0.08,-0.21,-0.17
44410,-1.26,-0.13,-0.16,0.13,-0.21,-0.07
44411,-1.36,-0.13,-0.16,-0.08,-0.21,-0.07
44412,-1.26,-0.13,-0.05,-0.08,-0.11,-0.17
44413,-1.36,-0.13,-0.16,0.03,-0.11,0.04
44414,-1.36,-0.13,-0.16,-0.08,-0.11,0.04
44415,-1.36,-0.13,-0.05,0.03,-0.11,-0.17
44416,-1.16,-0.13,-0.16,-0.18,-0.21,-0.28
44417,-1.26,-0.13,-0.05,-0.08,-0.11,-0.28
44418,-1.36,-0.13,-0.05,-0.08,-0.11,-0.07
44419,-1.36,-0.13,-0.05,-0.08,-0.11,-0.07
44420,-1.26,-0.02,-0.05,0.03,-0.11,-0.07
44421,-1.36,-0.13,-0.05,-0.08,-0.11,-0.07
44422,-1.26,-0.02,-0.05,-0.18,-0.21,-0.17
44423,-1.36,-0.13,-0.05,-0.08,-0.11,-0.17
44424,-1.26,-0.02,-0.05,-0.08,-0.21,-0.17
44425,-1.36,-0.13,-0.05,-0.08,-0.11,-0.07
44426,-1.26,-0.13,-0.16,0.03,-0.00,0.04
44427,-1.26,-0.02,-0.16,0.03,-0.21,-0.07
44428,-1.26,-0.13,-0.16,-0.08,-0.11,0.04
44429,-1.36,-0.13,-0.05,0.03,-0.11,0.04
44430,-1.26,-0.13,-0.05,-0.08,-0.21,-0.07
44431,-1.26,-0.13,-0.16,0.03,-0.11,0.04
44432,-1.26,-0.02,-0.05,-0.08,-0.00,-0.07
44433,-1.26,-0.02,-0.05,-0.08,-0.21,-0.17
44434,-1.26,-0.13,-0.05,-0.08,-0.11,-0.17
44435,-1.26,-0.02,-0.16,-0.08,-0.21,-0.07
44436,-1.26,-0.13,-0.16,-0.08,-0.11,-0.07
44437,-1.26,-0.02,-0.05,0.03,-0.11,-0.07
44438,-1.26,-0.13,-0.05,-0.08,-0.00,-0.07
44439,-1.26,-0.13,-0.05,-0.08,-0.11,-0.07
44440,-1.26,-0.13,-0.05,-0.08,-0.21,0.04
44441,-1.36,-0.13,-0.16,0.03,-0.00,-0.07
44442,-1.36,-0.13,-0.05,-0.08,-0.11,-0.07
44443,-1.36,-0.13,-0.16,-0.08,-0.11,-0.28
44444,-1.36,-0.13,-0.05,-0.08,-0.11,-0.07
44445,-1.36,-0.23,-0.16,-0.08,-0.00,-0.07
44446,-1.26,-0.13,-0.16,-0.08,-0.11,-0.07
44447,-1.26,-0.13,-0.05,0.03,-0.11,-0.17
44448,-1.26,-0.13,-0.05,-0.08,-0.11,-0.28
44449,-1.26,-0.02,-0.05,-0.08,-0.11,-0.17
44450,-1.36,-0.02,-0.05,-0.08,-0.21,-0.07
44451,-1.36,-0.13,-0.16,0.03,-0.11,-0.07
44452,-1.36,-0.02,-0.16,-0.08,-0.11,-0.17
44453,-1.16,-0.02,-0.05,-0.08,-0.21,-0.07
44454,-1.16,-0.13,-0.05,0.03,-0.11,-0.07
44455,-1.26,-0.13,-0.05,-0.08,-0.11,-0.07
44456,-1.36,-0.13,-0.05,0.03,-0.00,-0.17
44457,-1.26,-0.13,-0.05,-0.08,-0.11,-0.17
44458,-1.26,-0.13,-0.05,0.03,-0.11,-0.07
44459,-1.26,-0.02,-0.05,-0.08,-0.11,-0.17
44460,-1.26,-0.13,-0.05,-0.08,-0.11,-0.07
44461,-1.36,-0.13,-0.16,0.03,-0.00,-0.17
44462,-1.26,-0.02,-0.05,-0.08,-0.21,0.04
44463,-1.26,-0.02,-0.05,-0.08,-0.11,-0.17
44464,-1.26,-0.13,-0.16,0.03,-0.11,-0.07
44465,-1.16,-0.02,-0.05,-0.08,-0.11,-0.07
44466,-1.26,-0.13,-0.05,-0.08,-0.11,-0.07
44467,-1.36,-0.13,-0.16,0.03,-0.11,-0.07
44468,-1.36,-0.13,-0.16,0.03,-0.21,-0.17
44469,-1.36,-0.13,-0.05,0.03,-0.11,-0.17
44470,-1.26,-0.13,-0.05,0.13,-0.11,-0.07
44471,-1.26,-0.13,-0.05,0.03,-0.11,-0.07
44472,-1.26,-0.02,-0.16,0.03,-0.11,0.04
44473,-1.26,-0.13,-0.05,0.03,-0.21,-0.07
44474,-1.26,-0.13,-0.05,0.03,-0.11,-0.07
44475,-1.36,-0.13,-0.05,0.03,-0.11,-0.17
44476,-1.26,-0.13,-0.05,0.03,-0.21,0.04
44477,-1.47,-0.13,-0.05,0.03,-0.11,-0.17
44478,-1.36,-0.23,-0.16,-0.08,-0.11,-0.17
44479,-1.36,-0.13,-0.05,0.03,-0.11,-0.07
44480,-1.36,-0.13,-0.05,-0.08,-0.11,-0.07
44481,-1.26,-0.02,-0.16,0.03,-0.11,-0.07
44482,-1.36,-0.02,-0.16,-0.08,-0.00,-0.07
44483,-1.26,-0.02,-0.05,-0.08,-0.21,-0.07
44484,-1.26,-0.02,-0.16,-0.08,-0.11,-0.17
44485,-1.36,-0.02,-0.05,0.03,-0.11,-0.17
44486,-1.26,-0.13,-0.16,-0.08,-0.11,-0.17
44487,-1.26,-0.02,-0.05,-0.08,-0.11,-0.07
44488,-1.26,-0.13,-0.05,-0.08,-0.11,-0.17
44489,-1.36,-0.13,-0.05,0.03,-0.11,-0.17
44490,-1.16,-0.13,-0.16,-0.08,-0.11,-0.07
44491,-1.36,-0.02,-0.16,-0.08,-0.11,-0.07
44492,-1.36,-0.13,-0.05,0.03,-0.11,-0.07
44493,-1.26,-0.02,-0.05,-0.08,-0.21,-0.28
44494,-1.16,-0.13,-0.16,0.03,-0.11,-0.07
44495,-1.26,-0.13,-0.05,-0.08,-0.00,-0.17
44496,-1.26,-0.23,-0.16,-0.08,-0.11,-0.07
44497,-1.36,-0.13,-0.05,0.03,-0.11,-0.07
44498,-1.26,-0.02,-0.05,-0.08,-0.11,-0.17
44499,-1.26,-0.13,-0.05,-0.08,-0.11,-0.07
44500,-1.47,-0.13,-0.05,0.03,-0.11,-0.17
44501,-1.36,-0.02,-0.16,-0.08,-0.11,-0.07
44502,-1.26,-0.02,-0.05,-0.18,-0.21,-0.17
44503,-1.36,-0.13,-0.16,-0.08,-0.00,-0.07
44504,-1.26,-0.02,-0.05,-0.08,-0.11,-0.07
44505,-1.26,-0.13,-0.05,0.13,-0.11,-0.17
44506,-1.26,0.08,-0.05,-0.08,-0.21,-0.17
44507,-1.36,-0.13,-0.05,-0.08,-0.11,0.04
44508,-1.26,-0.13,-0.16,0.03,-0.11,-0.07
44509,-1.36,-0.02,-0.05,-0.08,-0.11,-0.07
44510,-1.36,-0.13,-0.16,0.13,-0.00,-0.07
44511,-1.16,-0.13,-0.05,-0.08,-0.11,0.04
44512,-1.26,-0.02,-0.05,-0.08,-0.21,-0.07
44513,-1.36,-0.02,-0.05,-0.08,-0.11,0.04
44514,-1.26,-0.13,-0.16,-0.08,-0.11,-0.07
44515,-1.16,-0.13,-0.05,-0.18,-0.21,-0.07
44516,-1.36,-0.13,-0.05,0.03,-0.11,-0.17
44517,-1.36,-0.13,-0.05,0.03,-0.21,-0.07
44518,-1.26,-0.13,-0.05,0.13,-0.21,-0.17
44519,-1.26,-0.13,-0.16,-0.08,-0.11,-0.17
44520,-1.26,-0.02,-0.05,0.03,-0.11,-0.07
44521,-1.26,-0.02,-0.16,-0.08,-0.21,-0.17
44522,-1.26,-0.02,-0.05,0.03,-0.21,-0.17
44523,-1.36,-0.02,-0.05,-0.08,-0.11,-0.07
44524,-1.36,-0.02,-0.05,-0.08,-0.11,-0.28
44525,-1.26,-0.13,-0.05,0.03,-0.11,-0.17
44526,-1.26,-0.13,-0.05,-0.08,-0.00,-0.17
44527,-1.26,-0.13,-0.05,0.03,-0.11,-0.17
44528,-1.26,-0.13,-0.16,-0.08,-0.00,-0.17
44529,-1.26,-0.13,-0.05,0.03,-0.00,-0.07
44530,-1.26,-0.02,-0.16,-0.08,-0.11,-0.07
44699,-1.26,-0.13,-0.05,-0.08,-0.21,-0.07
44700,-1.26,-0.02,-0.05,0.03,-0.21,-0.28
44701,-1.26,-0.13,-0.16,0.03,-0.11,-0.07
44702,-1.26,-0.13,-0.16,-0.08,-0.11,-0.07
44703,-1.26,-0.02,-0.16,-0.08,-0.21,-0.17
44704,-1.36,-0.13,-0.05,0.03,-0.11,-0.07
44705,-1.36,-0.02,-0.05,0.03,-0.11,-0.07
44706,-1.26,-0.13,-0.05,0.03,-0.11,-0.28
44707,-1.26,-0.02,-0.05,0.03,-0.11,-0.07
44708,-1.36,-0.02,-0.05,-0.08,-0.21,0.04
44709,-1.26,-0.13,-0.05,0.03,-0.21,-0.17
44710,-1.36,-0.13,-0.05,-0.08,-0.11,-0.07
44711,-1.26,-0.02,-0.16,-0.08,-0.11,-0.17
44712,-1.26,-0.13,-0.05,-0.08,-0.11,-0.17
44713,-1.26,-0.13,-0.05,0.03,-0.21,-0.07
44714,-1.47,-0.13,-0.16,0.03,-0.11,-0.07
44715,-1.26,-0.13,-0.05,0.03,-0.21,-0.07
44716,-1.26,-0.02,-0.05,-0.18,-0.11,-0.07
44717,-1.16,-0.02,-0.05,-0.08,-0.11,0.04
44718,-1.36,-0.02,-0.16,0.03,-0.21,-0.07
44719,-1.36,-0.13,-0.05,0.03,-0.11,-0.17
44720,-1.16,-0.13,-0.05,-0.08,-0.11,-0.17
44721,-1.26,-0.02,-0.05,0.03,-0.00,-0.17
44722,-1.36,-0.02,-0.16,0.03,-0.00,0.04
44723,-1.36,-0.13,-0.16,0.03,-0.11,-0.07
44724,-1.26,-0.02,-0.05,-0.08,-0.11,-0.17
44725,-1.26,-0.02,-0.16,-0.08,-0.21,-0.17
44726,-1.36,-0.02,-0.05,-0.08,-0.21,-0.07
44727,-1.26,-0.02,-0.16,-0.08,-0.21,-0.17
44728,-1.16,-0.02,-0.05,-0.08,-0.21,-0.17
44729,-1.36,-0.13,-0.05,-0.08,-0.11,-0.07
44730,-1.36,-0.13,-0.16,-0.08,-0.11,-0.07
44731,-1.26,-0.13,-0.16,-0.08,-0.11,-0.17
44732,-1.26,-0.13,-0.05,-0.08,-0.11,-0.17
44733,-1.26,-0.13,-0.05,0.03,-0.11,-0.07
44734,-1.26,-0.13,-0.05,-0.08,-0.11,-0.07
44735,-1.36,-0.13,-0.05,0.03,-0.11,0.04
44736,-1.26,-0.02,-0.05,0.03,-0.11,-0.17
44737,-1.26,-0.02,-0.05,0.03,-0.21,-0.17
44738,-1.36,-0.02,-0.05,-0.08,-0.21,-0.17
44739,-1.26,-0.13,-0.05,0.03,-0.21,-0.07
44740,-1.36,-0.13,-0.05,0.03,-0.11,-0.07
44741,-1.36,-0.02,-0.16,0.03,-0.11,-0.07
44742,-1.36,-0.02,-0.16,0.03,-0.11,-0.07
44743,-1.26,-0.13,-0.16,-0.08,-0.11,-0.17
44744,-1.26,-0.02,-0.05,-0.18,-0.21,-0.17
44745,-1.36,-0.13,-0.16,0.03,-0.11,-0.07
44746,-1.26,-0.02,-0.05,0.03,-0.11,-0.07
44747,-1.26,-0.02,-0.05,-0.08,-0.21,-0.07
44748,-1.26,-0.02,-0.16,-0.08,-0.00,-0.07
44749,-1.36,-0.13,-0.05,-0.08,-0.11,-0.07
44750,-1.26,-0.02,-0.16,-0.08,-0.21,-0.17
44751,-1.36,-0.13,-0.05,0.03,-0.00,-0.17
44752,-1.26,-0.13,-0.16,0.03,-0.11,-0.07
44753,-1.36,-0.02,-0.05,0.03,-0.21,-0.07
44754,-1.16,-0.13,-0.05,-0.08,-0.11,-0.07
44755,-1.26,-0.02,-0.05,-0.08,-0.21,-0.17
44756,-1.26,-0.13,-0.05,-0.18,-0.11,-0.17
44757,-1.36,-0.13,-0.05,0.03,-0.11,-0.07
44758,-1.26,-0.02,-0.05,-0.08,-0.11,-0.17
44759,-1.36,-0.13,-0.16,0.03,-0.11,-0.17
44760,-1.26,-0.02,-0.16,0.03,-0.11,-0.17
44761,-1.36,-0.13,-0.05,0.03,-0.11,-0.17
44762,-1.26,-0.13,-0.05,0.03,-0.11,-0.17
44763,-1.16,-0.02,-0.16,0.03,-0.11,-0.07
44764,-1.36,-0.02,-0.05,0.03,-0.11,-0.07
44765,-1.26,-0.13,-0.05,0.03,-0.21,-0.07
44766,-1.26,-0.13,-0.16,-0.08,-0.21,-0.07
44767,-1.36,-0.13,-0.16,-0.08,-0.11,-0.17
44768,-1.26,-0.13,-0.05,-0.08,-0.21,-0.07
44769,-1.36,-0.13,-0.16,-0.18,-0.11,-0.07
44770,-1.36,-0.13,-0.16,0.03,-0.11,-0.07
44771,-1.36,-0.02,-0.16,-0.08,-0.11,-0.17
44772,-1.36,-0.02,0.05,-0.08,-0.21,-0.07
44773,-1.26,-0.02,-0.16,-0.08,-0.21,-0.07
44774,-1.26,-0.02,-0.16,-0.08,-0.11,0.04
44775,-1.36,-0.13,-0.16,-0.18,-0.11,0.04
44776,-1.36,-0.02,-0.05,0.03,-0.00,-0.17
44777,-1.36,-0.02,-0.05,-0.08,-0.11,-0.07
44778,-1.16,-0.13,-0.05,-0.08,-0.21,-0.07
44779,-1.36,-0.02,-0.05,-0.08,-0.11,-0.07
44780,-1.36,-0.13,-0.05,0.03,-0.11,-0.17
44781,-1.47,-0.13,-0.05,0.03,-0.11,-0.17
44782,-1.36,-0.02,-0.16,-0.08,-0.11,-0.17
44783,-1.26,-0.02,-0.05,0.03,-0.00,-0.07
44784,-1.26,-0.13,-0.05,0.03,-0.21,-0.28
44785,-1.36,-0.13,-0.05,0.03,-0.11,0.14
44786,-1.36,-0.13,-0.05,-0.08,-0.11,-0.07
44787,-1.26,-0.02,-0.05,-0.08,-0.11,-0.07
44788,-1.36,-0.13,-0.16,0.03,-0.11,-0.17
44789,-1.36,-0.13,-0.05,0.03,-0.11,-0.07
44790,-1.26,-0.13,-0.16,0.03,-0.11,-0.17
44791,-1.36,-0.13,-0.05,0.13,-0.21,-0.07
44792,-1.26,-0.13,-0.05,0.03,-0.11,-0.17
44793,-1.36,-0.13,-0.05,0.03,-0.11,-0.17
44794,-1.26,-0.02,-0.05,-0.18,-0.21,-0.07
44795,-1.26,-0.13,-0.05,0.03,-0.00,-0.07
44796,-1.26,-0.13,-0.05,-0.08,-0.11,-0.07
44797,-1.26,-0.13,-0.05,0.03,-0.21,-0.17
44798,-1.26,-0.02,-0.05,0.03,-0.11,-0.07
44799,-1.36,-0.13,-0.05,-0.08,-0.21,-0.07
44800,-1.36,-0.13,-0.05,0.03,-0.21,-0.07
44801,-1.36,-0.13,-0.05,0.03,-0.31,-0.17
44802,-1.26,-0.02,-0.05,0.03,-0.11,-0.07
44803,-1.26,-0.13,-0.05,-0.08,-0.11,-0.07
44804,-1.26,-0.13,-0.05,-0.08,-0.11,-0.17
44805,-1.26,-0.13,-0.05,-0.08,-0.21,-0.07
44806,-1.26,-0.13,-0.05,0.03,-0.11,-0.07
44807,-1.36,-0.13,-0.16,0.03,-0.21,-0.07
44808,-1.36,-0.02,-0.16,0.03,-0.11,0.04
44809,-1.26,-0.02,-0.16,-0.08,-0.11,-0.17
44810,-1.26,-0.02,-0.16,-0.18,-0.11,-0.07
44811,-1.26,-0.02,-0.16,-0.08,-0.11,-0.17
44812,-1.26,-0.13,-0.16,0.03,-0.21,-0.17
44813,-1.36,-0.13,-0.16,0.03,-0.11,-0.17
44814,-1.26,-0.13,-0.05,-0.08,-0.21,-0.07
44815,-1.26,-0.02,-0.05,0.03,-0.00,-0.17
44816,-1.26,-0.13,-0.05,0.03,-0.11,0.04
44817,-1.26,-0.02,-0.05,0.03,-0.11,-0.07
44818,-1.26,-0.02,-0.05,-0.08,-0.11,-0.17
44819,-1.36,-0.02,-0.16,0.03,-0.11,-0.07
44820,-1.36,-0.02,-0.05,-0.08,-0.11,-0.07
44821,-1.26,-0.02,-0.16,0.03,-0.11,-0.07
44822,-1.26,-0.13,-0.05,-0.08,-0.00,-0.07
44823,-1.26,-0.13,-0.05,0.03,-0.11,-0.17
44824,-1.16,-0.02,-0.16,0.03,-0.11,-0.17
44825,-1.26,-0.02,-0.05,0.03,-0.11,-0.07
44826,-1.26,-0.02,-0.05,0.03,-0.11,-0.28
44827,-1.26,-0.02,0.05,-0.28,-0.11,-0.28
44828,-1.26,-0.02,-0.05,-0.08,-0.11,-0.17
44829,-1.26,-0.13,-0.16,0.03,-0.11,-0.07
44830,-1.26,-0.02,-0.05,-0.08,-0.11,-0.07
44831,-1.26,-0.13,-0.05,-0.08,-0.21,-0.07
44832,-1.26,-0.13,-0.16,0.03,-0.00,-0.17
44833,-1.26,-0.13,-0.05,0.03,-0.11,-0.07
44834,-1.26,-0.02,-0.05,-0.08,-0.11,-0.07
44835,-1.36,-0.13,-0.05,0.03,-0.21,-0.07
44836,-1.36,-0.02,-0.05,-0.08,-0.21,-0.07
44837,-1.16,-0.23,-0.16,0.03,-0.11,-0.07
44838,-1.36,-0.13,-0.05,-0.08,-0.00,-0.17
44839,-1.36,-0.02,-0.16,-0.08,-0.11,-0.07
44840,-1.36,-0.02,-0.05,-0.08,-0.11,-0.07
44841,-1.36,-0.13,-0.16,-0.08,-0.11,-0.17
44842,-1.36,-0.02,-0.05,0.03,-0.11,-0.07
44843,-1.26,-0.13,-0.05,-0.08,-0.21,-0.07
44844,-1.36,-0.13,-0.05,-0.08,-0.11,-0.17
44845,-1.26,-0.13,-0.05,-0.08,-0.00,0.04
44846,-1.36,-0.13,-0.05,-0.08,-0.11,-0.28
44847,-1.26,-0.13,-0.05,0.03,-0.11,-0.07
44848,-1.26,-0.02,-0.05,0.03,-0.11,-0.07
44849,-1.26,-0.13,-0.16,-0.08,-0.00,0.04
44850,-1.26,-0.13,-0.05,-0.08,-0.11,-0.07
44851,-1.16,-0.13,-0.05,0.13,-0.00,-0.07
44852,-1.26,-0.13,-0.05,0.03,-0.00,-0.07
44853,-1.36,-0.13,-0.05,-0.08,-0.11,-0.07
44854,-1.36,-0.13,-0.16,0.03,-0.11,-0.07
44855,-1.36,-0.13,-0.05,0.03,-0.11,-0.07
44856,-1.36,-0.13,-0.05,-0.08,-0.00,-0.07
44857,-1.36,-0.13,-0.05,0.03,-0.11,-0.17
44858,-1.36,-0.02,-0.16,-0.08,-0.21,-0.07
44859,-1.26,-0.02,-0.16,-0.08,-0.11,0.04
44860,-1.26,-0.02,-0.05,-0.08,-0.11,-0.07
44861,-1.36,-0.02,-0.16,0.03,-0.11,-0.17
44862,-1.26,-0.02,-0.05,0.03,-0.21,-0.07
44863,-1.36,-0.02,-0.16,0.03,-0.21,-0.07
44864,-1.36,-0.13,-0.16,0.03,-0.21,-0.07
44865,-1.26,-0.13,-0.05,-0.08,-0.21,-0.07
44866,-1.16,-0.02,-0.05,0.03,-0.21,-0.07
44867,-1.26,-0.13,-0.05,-0.08,-0.11,-0.17
44868,-1.36,-0.13,-0.16,0.03,-0.11,-0.07
44869,-1.26,-0.02,-0.05,-0.18,-0.11,-0.17
44870,-1.26,-0.13,-0.16,0.03,-0.11,0.04
44871,-1.36,-0.13,-0.16,-0.08,-0.00,0.04
44872,-1.26,-0.13,-0.16,0.03,-0.11,0.04
44873,-1.26,-0.13,-0.05,-0.08,-0.11,-0.17
44874,-1.26,-0.13,-0.05,0.03,-0.11,-0.28
44875,-1.26,-0.02,-0.05,-0.08,-0.11,0.04
44876,-1.36,-0.13,-0.05,0.03,-0.00,-0.17
44877,-1.26,-0.13,-0.05,-0.08,-0.11,-0.07
44878,-1.47,-0.13,-0.16,-0.08,-0.00,-0.17
44879,-1.26,-0.02,-0.16,0.03,-0.00,-0.07
44880,-1.26,-0.13,-0.16,-0.08,-0.11,0.04
44881,-1.26,-0.02,-0.16,-0.08,-0.11,-0.07
44882,-1.26,-0.02,-0.05,-0.08,-0.11,-0.17
44883,-1.36,-0.13,-0.05,0.03,-0.00,-0.07
44884,-1.26,-0.02,-0.16,-0.08,-0.21,0.04
44885,-1.26,-0.02,-0.05,0.03,-0.21,-0.07
44886,-1.26,-0.13,-0.05,0.03,-0.21,-0.07
44887,-1.36,-0.13,-0.16,0.03,-0.11,0.04
44888,-1.26,-0.13,-0.16,0.03,-0.11,-0.07
44889,-1.26,-0.13,-0.05,-0.08,-0.11,-0.07
44890,-1.36,-0.23,-0.05,0.03,-0.11,-0.07
44891,-1.26,-0.02,-0.05,0.03,-0.11,-0.17
44892,-1.26,-0.13,-0.16,0.03,-0.11,-0.07
45022,-1.26,-0.13,-0.16,0.13,-0.21,-0.07
45023,-1.26,-0.13,-0.16,-0.08,-0.11,-0.07
45024,-1.26,-0.13,-0.05,0.03,-0.11,-0.07
45025,-1.36,-0.13,-0.16,0.03,-0.00,-0.07
45026,-1.36,-0.02,-0.16,-0.08,-0.11,0.04
45027,-1.26,-0.13,-0.05,-0.08,-0.21,-0.17
45028,-1.26,-0.13,-0.05,-0.08,-0.21,-0.07
45029,-1.36,-0.13,-0.16,-0.08,-0.11,-0.07
45030,-1.26,-0.02,-0.16,0.03,-0.11,-0.17
45031,-1.36,-0.02,-0.05,0.03,-0.11,-0.07
45032,-1.26,-0.13,-0.05,-0.08,-0.00,0.04
45033,-1.26,-0.13,-0.05,0.03,-0.21,-0.07
45034,-1.26,-0.13,-0.05,0.03,-0.11,-0.07
45035,-1.16,-0.02,-0.16,-0.08,-0.11,-0.28
45036,-1.26,-0.02,-0.05,-0.18,-0.11,-0.28
45037,-1.16,-0.02,-0.05,-0.08,-0.11,-0.07
45038,-1.16,-0.13,-0.16,-0.08,-0.00,-0.07
45039,-1.36,-0.13,-0.16,0.03,-0.11,-0.07
45040,-1.36,-0.13,-0.16,-0.08,-0.11,-0.07
45041,-1.26,-0.02,-0.05,-0.08,-0.21,-0.17
45042,-1.26,-0.13,-0.05,-0.08,-0.11,-0.17
45043,-1.36,-0.13,-0.05,-0.18,-0.21,-0.17
45044,-1.26,-0.13,-0.16,0.03,-0.21,-0.17
45045,-1.36,-0.13,-0.16,0.03,-0.00,-0.17
45046,-1.36,-0.02,-0.16,0.03,-0.11,-0.07
45047,-1.26,-0.13,-0.16,-0.08,-0.00,0.04
45048,-1.36,-0.02,-0.16,-0.08,-0.11,-0.07
45049,-1.36,-0.13,-0.05,-0.08,-0.11,-0.07
45050,-1.36,-0.02,-0.05,-0.08,-0.00,-0.07
45051,-1.26,-0.02,-0.05,-0.08,-0.11,-0.17
45052,-1.26,-0.13,-0.05,0.03,-0.11,0.04
45053,-1.36,-0.13,-0.05,-0.08,-0.00,0.04
45054,-1.36,-0.13,-0.05,-0.08,-0.00,-0.17
45055,-1.26,-0.02,-0.05,-0.18,-0.11,-0.07
45056,-1.26,-0.13,-0.05,-0.18,-0.11,-0.17
45057,-1.26,-0.02,-0.05,-0.08,-0.11,-0.17
45058,-1.26,-0.13,-0.16,-0.08,-0.21,-0.17
45059,-1.36,-0.02,-0.16,-0.18,-0.21,0.04
45060,-1.26,-0.13,-0.16,-0.08,-0.11,-0.17
45061,-1.26,-0.02,-0.05,0.03,-0.21,-0.17
45062,-1.26,-0.02,-0.05,-0.08,-0.00,0.04
45063,-1.36,-0.02,-0.05,0.03,-0.11,-0.07
45064,-1.36,-0.13,-0.16,-0.08,-0.11,0.04
45065,-1.36,-0.02,-0.16,0.03,-0.21,-0.28
45066,-1.36,-0.13,-0.05,0.13,-0.11,-0.07
45067,-1.36,-0.02,-0.05,-0.08,-0.11,-0.07
45068,-1.26,-0.13,-0.05,0.03,-0.11,-0.07
45069,-1.36,-0.13,-0.05,-0.08,-0.11,-0.07
45070,-1.36,-0.13,-0.05,-0.08,-0.11,-0.17
45071,-1.26,-0.13,-0.05,-0.08,-0.11,-0.07
45072,-1.26,-0.02,-0.16,0.03,-0.00,-0.07
45073,-1.26,-0.13,-0.05,-0.08,-0.11,-0.17
45074,-1.36,-0.13,-0.16,0.03,-0.31,0.04
45075,-1.26,-0.02,-0.16,0.13,-0.11,-0.17
45076,-1.26,-0.02,-0.16,-0.08,-0.11,-0.17
45077,-1.36,-0.02,-0.05,-0.08,-0.11,-0.07
45078,-1.36,-0.02,-0.16,-0.08,-0.11,-0.07
45079,-1.36,-0.02,-0.16,0.03,-0.00,0.04
45080,-1.26,-0.13,-0.05,-0.08,-0.11,-0.17
45081,-1.36,-0.13,-0.05,0.03,-0.11,0.04
45082,-1.36,-0.13,-0.05,-0.08,-0.11,-0.07
45083,-1.26,-0.02,-0.16,-0.08,-0.21,-0.17
45084,-1.26,-0.02,-0.05,-0.08,-0.11,-0.17
45085,-1.36,-0.02,-0.16,-0.08,-0.11,-0.07
45086,-1.36,-0.02,-0.05,0.03,-0.11,-0.07
45087,-1.26,-0.23,-0.05,0.03,-0.11,-0.17
45088,-1.26,-0.02,-0.05,-0.08,-0.11,-0.07
45089,-1.26,-0.13,-0.05,0.03,-0.11,0.04
45090,-1.16,-0.02,-0.16,-0.18,-0.11,-0.17
45091,-1.26,-0.02,-0.05,-0.08,-0.21,-0.17
45092,-1.26,-0.13,-0.05,-0.08,-0.11,-0.07
45093,-1.26,-0.02,-0.05,-0.08,-0.21,0.04
45094,-1.36,-0.13,-0.05,-0.08,-0.11,-0.07
45095,-1.16,-0.02,-0.16,0.03,-0.11,-0.17
45096,-1.26,-0.02,-0.05,-0.08,-0.11,-0.07
45097,-1.26,-0.13,-0.05,0.03,-0.11,-0.17
45098,-1.26,-0.02,-0.16,0.03,-0.21,-0.07
45099,-1.26,-0.02,-0.05,0.13,-0.11,-0.17
45100,-1.26,-0.02,-0.05,0.03,-0.11,-0.07
45101,-1.36,-0.02,-0.05,0.03,-0.11,-0.07
45102,-1.36,-0.02,-0.05,0.03,-0.00,-0.07
45103,-1.36,-0.13,-0.05,-0.08,-0.00,-0.07
45104,-1.36,-0.13,-0.16,0.03,-0.21,-0.07
45105,-1.36,-0.13,-0.05,-0.08,-0.21,-0.17
45106,-1.36,-0.02,-0.16,-0.08,-0.11,-0.28
45107,-1.36,-0.02,-0.05,0.03,-0.11,-0.07
45108,-1.26,-0.13,-0.05,0.03,-0.11,-0.17
45109,-1.36,-0.02,-0.05,0.03,-0.21,-0.07
45110,-1.36,-0.02,-0.05,-0.08,-0.21,-0.07
45111,-1.36,-0.02,-0.05,0.13,-0.00,-0.17
45112,-1.16,-0.13,-0.05,-0.08,-0.11,-0.07
45113,-1.26,-0.02,-0.16,-0.08,-0.11,-0.17
45114,-1.36,-0.13,-0.05,0.03,-0.11,-0.17
45115,-1.26,-0.02,-0.05,-0.08,-0.11,-0.17
45116,-1.36,-0.13,-0.16,-0.08,-0.21,-0.17
45117,-1.36,-0.02,-0.05,0.03,-0.21,-0.07
45118,-1.26,-0.02,-0.05,0.03,-0.21,-0.07
45119,-1.26,-0.02,-0.05,-0.08,-0.21,0.04
45120,-1.26,-0.13,-0.05,-0.08,-0.21,-0.07
45121,-1.26,-0.02,-0.05,-0.08,-0.11,-0.17
45122,-1.26,-0.13,-0.05,0.13,-0.11,0.04
45123,-1.36,-0.13,-0.16,-0.08,-0.11,-0.07
45124,-1.26,-0.13,-0.05,0.03,-0.11,-0.07
45125,-1.26,-0.02,-0.05,-0.08,-0.11,-0.07
45126,-1.26,-0.13,-0.05,-0.08,-0.11,0.04
45127,-1.36,-0.13,-0.05,0.03,-0.00,0.04
45128,-1.26,-0.13,-0.05,-0.08,-0.21,0.04
45129,-1.26,-0.13,-0.05,-0.18,-0.11,-0.17
45130,-1.36,-0.13,-0.16,-0.08,-0.11,-0.07
45131,-1.26,-0.02,-0.05,-0.08,-0.21,-0.07
45132,-1.36,-0.13,-0.05,-0.08,-0.11,-0.07
45133,-1.36,-0.13,-0.05,0.03,-0.11,0.04
45134,-1.26,-0.13,-0.05,0.03,-0.11,-0.17
45135,-1.26,-0.13,-0.05,0.03,-0.11,-0.17
45136,-1.36,-0.13,-0.16,0.03,-0.11,-0.07
45137,-1.36,-0.02,-0.16,0.03,-0.11,-0.07
45138,-1.36,-0.13,-0.16,-0.08,-0.11,-0.07
45139,-1.26,-0.13,-0.05,-0.08,-0.11,-0.07
45140,-1.26,-0.02,-0.05,-0.08,-0.21,-0.07
45141,-1.26,-0.02,-0.05,-0.08,-0.11,-0.07
45142,-1.36,-0.13,-0.05,-0.08,-0.11,-0.17
45143,-1.26,-0.23,-0.05,-0.08,-0.00,-0.07
45144,-1.26,-0.13,-0.16,-0.18,-0.11,-0.07
45145,-1.36,-0.02,-0.05,0.03,-0.11,-0.17
45146,-1.36,-0.13,-0.05,0.03,-0.11,-0.17
45147,-1.26,-0.13,-0.16,0.03,-0.21,-0.17
45148,-1.26,-0.02,-0.16,0.03,-0.11,-0.17
45149,-1.36,-0.13,-0.16,0.03,-0.00,0.04
45150,-1.36,-0.13,-0.16,0.03,-0.00,-0.07
45151,-1.26,-0.23,-0.05,-0.08,-0.21,-0.07
45152,-1.26,-0.13,-0.16,-0.08,-0.11,-0.07
45153,-1.36,-0.13,-0.05,-0.08,-0.11,-0.07
45154,-1.36,-0.13,-0.05,0.03,-0.11,-0.17
45155,-1.26,-0.02,-0.05,-0.08,-0.21,-0.17
45156,-1.16,-0.02,-0.05,-0.18,-0.11,-0.07
45157,-1.36,-0.02,-0.16,-0.08,-0.11,-0.17
45158,-1.26,-0.13,-0.05,-0.08,-0.11,-0.17
45159,-1.26,-0.13,-0.05,-0.08,-0.21,-0.07
45160,-1.36,-0.02,-0.05,0.03,-0.11,-0.07
45161,-1.26,-0.02,-0.05,-0.08,-0.21,-0.07
45162,-1.26,-0.02,-0.05,-0.08,-0.11,-0.17
45163,-1.36,-0.13,-0.05,-0.08,-0.11,-0.07
45164,-1.26,-0.02,-0.16,-0.18,-0.21,-0.07
45165,-1.26,-0.13,-0.05,-0.08,-0.11,-0.07
45166,-1.26,-0.02,-0.16,0.03,-0.11,-0.07
45167,-1.36,-0.13,-0.05,0.13,-0.21,-0.07
45168,-1.26,-0.13,-0.16,-0.08,-0.21,-0.17
45169,-1.26,-0.13,-0.05,-0.18,-0.11,-0.07
45170,-1.36,-0.13,-0.16,0.03,-0.11,-0.17
45171,-1.36,-0.13,-0.16,-0.08,-0.00,-0.28
45172,-1.26,-0.13,-0.05,0.03,-0.11,-0.17
45173,-1.26,-0.13,-0.05,-0.08,-0.11,-0.17
45174,-1.36,-0.02,-0.16,0.03,-0.21,-0.07
45175,-1.26,-0.13,-0.05,0.03,-0.11,-0.17
45176,-1.36,-0.13,-0.05,-0.08,-0.11,0.04
45177,-1.36,-0.02,-0.16,0.03,-0.11,-0.07
45178,-1.36,-0.13,-0.05,-0.08,-0.11,-0.07
45179,-1.26,-0.13,-0.16,-0.08,-0.11,-0.07
45180,-1.26,-0.02,-0.16,-0.08,-0.11,-0.17
45181,-1.26,-0.13,-0.05,-0.08,-0.21,-0.28
45182,-1.26,-0.02,-0.16,0.03,-0.11,-0.28
45183,-1.26,-0.02,-0.05,0.03,-0.11,-0.17
45184,-1.36,-0.13,-0.16,0.03,-0.11,-0.07
45185,-1.26,-0.13,-0.16,-0.08,-0.11,-0.07
45186,-1.26,-0.02,-0.16,-0.08,-0.11,-0.07
45187,-1.26,-0.13,-0.05,0.03,-0.11,-0.17
45188,-1.26,-0.02,-0.16,0.03,-0.21,-0.07
45189,-1.36,-0.02,-0.16,0.03,-0.21,-0.17
45190,-1.36,-0.23,-0.05,-0.08,-0.11,-0.17
45191,-1.16,-0.13,-0.05,0.03,-0.11,-0.07
45192,-1.26,-0.02,-0.05,0.03,-0.21,-0.07
45193,-1.26,-0.02,-0.05,0.03,-0.11,-0.07
45194,-1.26,-0.02,-0.05,-0.08,-0.11,-0.17
45195,-1.36,-0.02,-0.05,-0.08,-0.11,-0.07
45196,-1.26,-0.02,-0.05,-0.08,-0.21,-0.07
45197,-1.36,-0.13,-0.16,-0.08,-0.11,0.04
45198,-1.26,-0.13,-0.05,-0.08,-0.11,-0.07
45199,-1.36,-0.02,-0.05,0.03,-0.11,-0.07
45200,-1.36,-0.13,-0.05,0.03,-0.11,0.04
45201,-1.26,-0.13,-0.16,0.03,-0.11,-0.17
45202,-1.26,-0.02,-0.16,0.03,-0.11,-0.07
45203,-1.26,-0.13,-0.05,-0.08,-0.21,-0.17
45204,-1.26,-0.13,-0.16,0.03,-0.11,-0.07
45205,-1.26,-0.02,-0.05,-0.08,-0.11,-0.17
45206,-1.26,-0.13,-0.16,-0.08,-0.11,-0.07
45207,-1.16,-0.13,-0.05,-0.08,-0.21,-0.07
45208,-1.26,-0.02,-0.05,-0.08,-0.21,-0.07
45209,-1.36,-0.13,-0.05,0.03,-0.21,-0.17
45210,-1.36,-0.13,-0.05,0.03,-0.11,-0.07
45211,-1.36,-0.13,-0.05,0.03,-0.21,-0.07
45212,-1.26,-0.13,-0.16,-0.08,-0.11,-0.07
45213,-1.26,-0.02,-0.16,-0.18,-0.21,-0.07
45214,-1.26,-0.13,-0.05,0.03,-0.21,-0.07
45215,-1.16,-0.13,-0.05,-0.08,-0.11,-0.17
45216,-1.26,-0.02,-0.16,0.03,-0.21,-0.17
45217,-1.36,-0.13,-0.05,-0.08,-0.21,-0.17
45218,-1.26,-0.02,-0.05,-0.08,-0.21,-0.17
45219,-1.26,-0.02,-0.05,-0.18,-0.21,-0.07
45220,-1.36,-0.02,-0.05,-0.08,-0.11,-0.07
45221,-1.26,-0.13,-0.05,0.03,-0.11,-0.07
45222,-1.36,-0.13,-0.05,0.03,-0.11,-0.17
45223,-1.36,-0.13,-0.16,0.03,-0.11,-0.07
45224,-1.26,-0.02,-0.05,0.13,-0.11,-0.17
45225,-1.26,-0.13,-0.16,0.03,-0.11,-0.17
45226,-1.36,-0.13,-0.05,-0.08,-0.11,-0.07
45227,-1.26,-0.02,-0.05,-0.08,-0.21,-0.07
45228,-1.26,-0.13,-0.05,-0.08,-0.11,-0.07
45229,-1.16,-0.02,-0.05,-0.08,-0.11,-0.17
45230,-1.36,-0.13,-0.16,-0.08,-0.11,-0.07
45231,-1.36,-0.13,-0.05,-0.08,-0.00,-0.07
45232,-1.26,-0.02,-0.16,-0.08,-0.21,-0.07
45233,-1.26,-0.13,-0.16,-0.08,-0.21,-0.07
45234,-1.26,-0.13,-0.05,-0.08,-0.11,0.04
45235,-1.26,-0.13,-0.05,-0.18,-0.11,-0.17
45236,-1.26,-0.02,-0.16,-0.18,-0.11,-0.07
45237,-1.26,-0.02,-0.16,-0.08,-0.11,-0.17
45238,-1.26,-0.13,-0.05,-0.08,-0.11,0.04
45239,-1.36,-0.13,-0.16,-0.08,-0.11,-0.07
45240,-1.26,-0.02,-0.05,-0.08,-0.00,-0.07
45241,-1.36,-0.13,-0.05,-0.08,0.10,-0.07
45243,-1.26,-0.02,-0.16,-0.08,-0.00,-0.07
45243,-1.26,-0.02,-0.05,-0.08,-0.21,-0.07
45244,-1.26,-0.13,-0.16,0.03,-0.21,0.04
45245,-1.26,-0.13,-0.05,-0.08,-0.21,-0.07
45246,-1.26,-0.02,-0.05,0.03,-0.11,-0.17
45247,-1.16,-0.13,-0.16,-0.08,-0.21,-0.17
45248,-1.36,-0.13,-0.16,0.03,-0.00,-0.17
45249,-1.26,-0.13,-0.16,0.03,-0.21,-0.07
45250,-1.36,-0.13,-0.16,-0.08,-0.11,-0.17
45251,-1.26,-0.02,-0.05,-0.08,-0.21,0.04
45252,-1.36,-0.13,-0.16,0.03,-0.11,-0.07
45253,-1.36,-0.02,-0.05,-0.08,-0.21,-0.07
45254,-1.36,-0.13,-0.16,-0.08,-0.11,-0.07
45255,-1.36,-0.13,-0.16,-0.08,-0.00,0.04
45256,-1.26,-0.13,-0.05,0.03,-0.11,-0.07
45257,-1.36,-0.02,-0.16,-0.08,-0.11,-0.07
45258,-1.36,-0.13,-0.16,0.03,-0.21,-0.17
45259,-1.26,-0.13,-0.05,0.03,-0.21,-0.17
45260,-1.36,-0.02,-0.05,0.03,-0.21,-0.07
45261,-1.36,-0.02,-0.05,0.03,-0.11,-0.17
45262,-1.26,-0.13,-0.05,-0.08,-0.11,-0.07
45263,-1.26,-0.13,-0.05,0.03,-0.11,0.04
45264,-1.26,-0.02,-0.16,0.13,-0.21,-0.17
45265,-1.36,-0.13,-0.16,0.03,-0.11,-0.07
45266,-1.26,-0.02,-0.16,0.03,-0.21,-0.17
45267,-1.26,-0.13,-0.05,0.03,-0.11,-0.07
45268,-1.36,-0.13,-0.16,-0.08,-0.00,-0.28
45269,-1.26,-0.02,-0.05,-0.08,-0.11,-0.17
45270,-1.36,-0.02,-0.16,0.03,-0.11,-0.07
45271,-1.26,-0.13,-0.05,0.03,-0.11,-0.07
45272,-1.26,-0.02,-0.05,-0.08,-0.00,-0.17
45273,-1.26,-0.13,-0.16,0.03,-0.11,-0.17
45274,-1.26,-0.02,-0.05,0.03,-0.11,-0.07
45275,-1.36,-0.02,-0.05,-0.08,-0.11,-0.17
45276,-1.26,-0.13,-0.05,-0.08,-0.21,-0.17
45277,-1.26,-0.02,-0.05,0.03,-0.21,-0.28
45278,-1.36,-0.02,-0.05,-0.08,-0.11,0.04
45279,-1.36,-0.02,-0.05,0.03,-0.21,0.04
45280,-1.26,-0.13,-0.05,0.03,-0.00,-0.07
45281,-1.26,-0.13,-0.05,0.03,-0.11,0.04
45282,-1.16,-0.02,-0.05,-0.08,-0.11,-0.07
45283,-1.26,-0.02,-0.05,0.03,-0.11,-0.07
45284,-1.26,-0.02,-0.05,-0.08,-0.21,-0.07
45285,-1.26,-0.02,-0.05,-0.08,-0.21,-0.28
45286,-1.26,-0.13,-0.05,-0.08,-0.00,-0.07
45287,-1.36,-0.13,-0.05,0.03,-0.11,-0.07
45288,-1.36,-0.13,-0.16,-0.08,-0.21,-0.07
45289,-1.26,-0.13,-0.05,-0.08,-0.11,-0.07
45290,-1.26,-0.02,-0.16,-0.18,-0.11,-0.17
45291,-1.26,-0.02,-0.05,-0.08,-0.11,-0.28
45292,-1.36,-0.13,-0.16,-0.08,-0.00,-0.07
45293,-1.36,-0.13,-0.05,0.03,-0.11,-0.07
45294,-1.26,-0.13,-0.16,0.03,-0.21,0.04
45295,-1.26,-0.13,-0.05,0.03,-0.21,-0.07
45296,-1.26,-0.02,-0.05,-0.08,-0.11,-0.07
45297,-1.36,-0.02,-0.05,-0.08,-0.11,-0.07
45298,-1.26,-0.13,-0.05,-0.08,-0.11,-0.17
45299,-1.16,-0.02,-0.05,0.03,-0.21,-0.28
45300,-1.36,-0.23,-0.16,0.03,-0.00,-0.07
45301,-1.36,-0.13,-0.05,-0.18,-0.11,-0.17
45302,-1.36,-0.13,-0.16,0.03,-0.11,-0.17
45303,-1.36,-0.13,-0.05,-0.08,-0.00,-0.07
45304,-1.26,-0.02,-0.16,-0.08,-0.00,-0.17
45305,-1.26,-0.02,-0.05,0.03,-0.21,0.04
45306,-1.26,-0.13,-0.05,-0.18,-0.21,-0.07
45307,-1.26,-0.02,-0.16,-0.08,-0.21,-0.07
45308,-1.26,-0.13,-0.16,-0.08,-0.11,-0.17
45309,-1.26,-0.13,-0.05,0.03,-0.11,-0.07
45310,-1.26,-0.13,-0.05,0.03,-0.21,-0.17
45311,-1.26,-0.02,-0.05,0.03,-0.11,0.04
45312,-1.36,-0.13,-0.16,0.03,-0.11,-0.07
45313,-1.26,-0.13,-0.16,0.03,-0.11,-0.07
45314,-1.26,-0.13,-0.05,0.03,-0.21,0.04
45315,-1.16,-0.13,-0.16,0.03,-0.21,0.04
45316,-1.26,-0.13,-0.05,0.03,-0.11,-0.17
45317,-1.26,-0.02,-0.05,-0.08,-0.11,-0.17
45318,-1.26,-0.02,-0.16,-0.08,-0.11,-0.07
45319,-1.26,-0.13,-0.05,-0.08,-0.11,-0.07
45320,-1.26,0.08,-0.05,0.03,-0.21,-0.17
45321,-1.26,-0.13,-0.05,-0.08,-0.11,0.04
45322,-1.26,-0.13,-0.05,-0.08,-0.11,-0.07
45323,-1.36,-0.02,-0.05,0.03,-0.21,-0.07
45324,-1.26,-0.13,-0.05,0.03,-0.11,-0.17
45325,-1.26,-0.23,-0.16,-0.08,-0.11,-0.07
45326,-1.26,0.08,-0.05,0.03,-0.21,-0.17
45327,-1.36,-0.13,-0.16,0.03,-0.11,-0.07
45328,-1.36,-0.02,-0.05,-0.08,-0.21,-0.17
45329,-1.36,-0.02,-0.05,-0.08,-0.21,-0.17
45330,-1.26,-0.13,-0.05,-0.08,-0.11,-0.17
45331,-1.26,-0.13,-0.16,-0.08,-0.11,-0.28
45332,-1.36,-0.13,-0.05,-0.08,-0.00,-0.07
45333,-1.26,-0.02,-0.05,-0.08,-0.11,0.04
45334,-1.26,-0.13,-0.16,-0.08,-0.11,-0.07
45335,-1.36,-0.23,-0.16,-0.18,-0.11,-0.07
45336,-1.26,-0.13,-0.16,-0.08,-0.11,-0.07
45337,-1.36,-0.02,-0.05,-0.08,-0.11,-0.17
45338,-1.36,-0.13,-0.05,-0.08,-0.11,-0.17
45339,-1.26,-0.13,-0.16,-0.08,-0.11,0.04
45340,-1.26,-0.13,-0.16,0.03,-0.11,-0.07
45341,-1.26,-0.13,-0.05,-0.08,-0.21,-0.07
45342,-1.26,-0.02,-0.16,0.03,-0.11,-0.07
45343,-1.26,-0.13,-0.16,-0.08,-0.11,-0.17
45344,-1.16,-0.02,-0.05,-0.08,-0.11,-0.17
45345,-1.36,-0.13,-0.05,-0.08,-0.11,-0.07
45346,-1.26,-0.13,-0.05,0.03,-0.00,-0.17
45347,-1.26,-0.13,-0.05,0.03,-0.21,0.04
45348,-1.26,-0.13,-0.05,-0.08,-0.11,-0.17
45349,-1.26,-0.13,-0.05,-0.08,-0.00,-0.17
45350,-1.26,-0.02,-0.05,0.03,-0.11,-0.07
45351,-1.26,-0.13,-0.05,0.03,-0.11,-0.07
45352,-1.26,-0.02,-0.05,0.13,-0.11,-0.07
45353,-1.26,-0.13,-0.05,0.03,-0.11,-0.07
45354,-1.26,-0.02,-0.05,0.03,-0.00,-0.28
45355,-1.36,-0.13,-0.05,-0.08,-0.11,-0.07
45356,-1.26,-0.02,-0.05,-0.08,-0.11,-0.07
45357,-1.26,-0.13,-0.16,-0.08,-0.11,-0.07
45358,-1.26,-0.13,-0.05,-0.08,-0.11,-0.17
45359,-1.36,-0.13,-0.05,-0.08,-0.11,-0.07
45360,-1.26,-0.13,-0.05,-0.08,-0.11,0.04
45361,-1.26,-0.13,-0.05,0.13,-0.11,-0.07
45362,-1.36,-0.13,-0.05,0.03,-0.11,-0.07
45363,-1.36,-0.02,-0.05,-0.08,-0.00,-0.07
45364,-1.36,-0.13,-0.05,-0.08,-0.11,-0.07
45365,-1.36,-0.13,-0.05,-0.08,-0.21,-0.07
45366,-1.47,-0.02,-0.05,-0.08,-0.11,-0.07
45367,-1.36,-0.02,-0.16,-0.08,-0.11,-0.07
45368,-1.36,-0.02,-0.16,-0.08,-0.21,-0.07
45369,-1.36,-0.13,-0.16,0.03,-0.11,-0.07
45370,-1.26,-0.13,-0.16,0.03,-0.21,-0.07
45371,-1.26,-0.02,-0.16,0.03,-0.11,-0.17
45372,-1.26,-0.02,-0.16,0.03,-0.21,-0.07
45373,-1.36,-0.02,-0.05,0.03,-0.11,-0.17
45374,-1.26,-0.13,-0.05,0.03,-0.11,-0.17
45375,-1.26,-0.13,-0.05,-0.08,-0.11,-0.07
45376,-1.26,-0.02,-0.05,-0.08,-0.21,-0.07
45377,-1.26,-0.02,-0.16,-0.08,-0.21,-0.07
45378,-1.26,-0.02,-0.16,-0.08,-0.11,0.04
45379,-1.36,-0.02,-0.05,0.03,-0.11,-0.07
45380,-1.26,-0.13,-0.16,0.03,-0.11,-0.07
45381,-1.26,-0.02,-0.16,-0.08,-0.11,-0.07
45382,-1.36,-0.13,-0.05,0.03,-0.00,0.04
45383,-1.36,-0.13,-0.05,-0.08,-0.11,-0.07
45384,-1.26,-0.13,-0.05,-0.08,-0.11,-0.17
45385,-1.26,-0.02,-0.16,-0.08,-0.21,-0.17
45386,-1.36,-0.02,-0.16,0.03,-0.21,-0.07
45387,-1.47,-0.02,-0.16,0.03,-0.21,-0.07
45388,-1.26,-0.13,-0.05,-0.18,-0.21,-0.17
45389,-1.26,-0.23,-0.05,0.03,-0.11,-0.07
45390,-1.36,-0.13,-0.16,0.03,-0.00,0.04
45391,-1.26,-0.02,-0.05,-0.08,-0.00,-0.17
45392,-1.36,-0.13,-0.05,0.13,-0.00,-0.28
45393,-1.26,-0.02,-0.05,-0.08,-0.21,-0.17
45394,-1.26,-0.13,-0.05,-0.08,-0.11,-0.17
45395,-1.36,-0.13,-0.05,-0.08,-0.11,-0.07
45396,-1.36,-0.13,-0.05,-0.08,-0.11,-0.17
45397,-1.36,-0.13,-0.16,0.03,-0.11,-0.17
45398,-1.26,-0.02,-0.16,0.03,-0.11,-0.07
45399,-1.36,-0.13,-0.05,-0.08,-0.21,-0.07
45400,-1.36,-0.13,-0.05,0.03,-0.21,-0.17
45401,-1.26,-0.02,-0.05,-0.08,-0.21,-0.17
45402,-1.36,-0.13,-0.05,0.03,-0.00,-0.17
45403,-1.26,-0.02,-0.05,-0.08,-0.11,-0.17
45404,-1.36,-0.02,-0.05,0.03,-0.11,-0.17
45405,-1.26,-0.13,-0.05,0.03,-0.21,-0.07
45406,-1.26,-0.02,-0.16,-0.08,-0.11,-0.07
45407,-1.36,-0.13,-0.16,0.03,-0.11,-0.07
45408,-1.26,-0.02,-0.05,-0.08,-0.21,0.04
45409,-1.26,-0.13,-0.05,0.03,-0.11,-0.17
45410,-1.26,-0.13,-0.16,-0.08,-0.11,-0.17
45411,-1.26,-0.02,-0.16,-0.08,-0.21,-0.17
45412,-1.26,-0.13,-0.05,-0.08,-0.21,-0.17
45413,-1.26,-0.13,-0.16,-0.08,-0.21,-0.07
45414,-1.36,-0.02,-0.16,0.03,-0.11,-0.07
45415,-1.26,-0.02,-0.05,-0.18,-0.11,-0.07
45416,-1.36,-0.13,-0.05,-0.08,-0.11,-0.07
45417,-1.26,-0.02,-0.05,-0.08,-0.21,-0.17
45418,-1.26,-0.13,-0.05,0.03,-0.21,-0.07
45419,-1.26,-0.02,-0.05,-0.08,-0.11,-0.28
45420,-1.36,-0.02,-0.05,-0.08,-0.00,0.04
45421,-1.36,-0.13,-0.16,0.03,-0.11,0.04
45422,-1.26,-0.13,-0.05,0.03,-0.00,0.04
45423,-1.26,-0.13,-0.16,0.03,-0.11,-0.07
45424,-1.26,-0.02,-0.05,-0.08,-0.21,-0.07
45425,-1.26,-0.13,-0.16,-0.08,-0.11,-0.28
45426,-1.16,-0.02,-0.05,-0.08,-0.11,-0.07
45427,-1.36,-0.02,-0.05,0.03,-0.11,-0.07
45428,-1.36,-0.13,-0.16,0.03,-0.00,-0.07
45429,-1.26,-0.13,-0.16,-0.08,-0.21,-0.07
45430,-1.36,-0.13,-0.16,-0.08,-0.00,-0.17
45431,-1.36,-0.13,-0.05,-0.08,-0.11,-0.17
45432,-1.26,-0.13,-0.16,0.03,-0.11,-0.07
45433,-1.36,-0.13,-0.05,0.13,-0.00,0.04
45434,-1.26,-0.13,-0.05,0.03,-0.11,-0.07
45435,-1.26,-0.13,-0.05,-0.08,-0.11,-0.07
45436,-1.26,-0.13,-0.05,0.03,-0.11,0.04
45437,-1.36,-0.02,-0.16,-0.18,-0.11,-0.07
45438,-1.36,-0.02,-0.05,0.03,-0.11,-0.17
45439,-1.26,-0.13,-0.05,0.03,-0.00,0.04
45440,-1.26,-0.13,-0.05,-0.08,-0.11,-0.07
45441,-1.26,-0.02,-0.16,-0.18,-0.21,-0.17
45442,-1.26,-0.02,-0.05,0.03,-0.21,0.04
45443,-1.26,-0.13,-0.05,-0.08,-0.21,0.04
45444,-1.26,-0.13,-0.16,-0.08,-0.11,-0.07
45445,-1.36,-0.02,-0.16,0.03,-0.11,-0.17
45446,-1.36,-0.13,-0.05,-0.08,-0.11,-0.07
45447,-1.26,-0.02,-0.05,-0.18,-0.21,-0.07
45448,-1.36,-0.13,-0.05,0.03,-0.11,-0.07
45449,-1.26,-0.02,-0.05,-0.08,-0.00,-0.07
45450,-1.26,-0.23,-0.05,0.03,-0.00,-0.07
45451,-1.36,-0.13,-0.16,-0.08,-0.11,-0.17
45452,-1.26,-0.02,-0.05,0.03,-0.11,-0.07
45453,-1.36,-0.02,-0.16,0.03,-0.21,-0.07
45454,-1.16,-0.02,-0.05,0.03,-0.21,-0.17
45455,-1.26,-0.13,-0.05,0.03,-0.21,-0.07
45456,-1.26,-0.13,-0.05,-0.08,-0.21,-0.07
45457,-1.26,-0.02,-0.05,-0.08,-0.21,-0.17
45458,-1.36,-0.02,-0.16,-0.08,-0.21,-0.17
45459,-1.26,-0.13,-0.05,-0.08,-0.11,-0.17
45460,-1.26,-0.13,-0.05,-0.08,-0.21,-0.07
45461,-1.26,-0.13,-0.05,0.03,-0.11,-0.07
45462,-1.26,-0.13,-0.16,0.03,-0.11,-0.28
45463,-1.36,-0.02,-0.16,-0.08,-0.11,-0.07
45464,-1.36,-0.13,-0.16,0.03,-0.11,-0.17
45465,-1.26,-0.02,-0.16,-0.08,-0.11,0.04
45466,-1.26,-0.13,-0.16,-0.08,-0.11,-0.17
45467,-1.26,-0.02,-0.16,-0.08,-0.21,-0.07
45468,-1.26,-0.13,-0.05,0.03,-0.21,-0.07
45469,-1.36,-0.02,-0.05,-0.08,-0.11,-0.17
45470,-1.36,-0.13,-0.05,-0.08,-0.11,-0.07
45471,-1.26,-0.02,-0.05,-0.08,-0.21,-0.07
45472,-1.36,-0.13,-0.05,0.03,-0.11,-0.07
45473,-1.26,-0.13,-0.05,0.03,-0.11,-0.17
45474,-1.36,-0.13,-0.16,-0.08,-0.11,-0.28
45475,-1.26,-0.02,-0.05,-0.08,-0.21,-0.17
45476,-1.26,-0.13,-0.16,0.03,-0.11,-0.17
45477,-1.26,-0.02,-0.16,-0.08,-0.11,-0.17
45478,-1.26,-0.13,-0.05,0.03,-0.21,-0.17
45479,-1.26,-0.02,-0.05,-0.08,-0.11,-0.07
45480,-1.36,-0.02,-0.16,0.03,-0.11,-0.07
45481,-1.36,-0.02,-0.16,-0.08,-0.11,-0.17
45482,-1.26,-0.02,-0.16,-0.08,-0.21,-0.17
45483,-1.36,-0.02,-0.05,-0.08,-0.11,-0.07
45484,-1.26,-0.02,-0.16,0.03,-0.21,-0.07
45485,-1.47,-0.02,-0.05,-0.08,-0.11,-0.07
45486,-1.26,-0.13,-0.05,-0.08,-0.11,-0.07
45487,-1.36,-0.02,-0.16,-0.08,-0.11,-0.07
45642,-1.26,-0.13,-0.16,0.03,-0.11,-0.07
45643,-1.26,-0.02,-0.16,-0.18,-0.00,-0.07
45644,-1.36,-0.02,-0.05,-0.08,-0.21,0.04
45645,-1.26,-0.02,-0.16,-0.08,-0.11,-0.07
45646,-1.26,-0.02,-0.05,0.03,-0.21,-0.17
45647,-1.36,-0.02,-0.16,0.03,-0.11,-0.07
45648,-1.36,-0.13,-0.05,-0.08,-0.21,-0.07
45649,-1.26,-0.13,-0.05,0.03,-0.11,0.04
45650,-1.26,-0.13,-0.16,0.13,-0.11,-0.07
45652,-1.26,-0.13,-0.05,-0.08,-0.21,-0.07
45652,-1.26,-0.02,-0.05,-0.08,-0.11,-0.17
45653,-1.36,-0.02,-0.05,-0.08,-0.11,-0.07
45654,-1.36,-0.02,-0.16,-0.08,-0.11,-0.17
45655,-1.36,-0.13,-0.05,0.03,-0.11,-0.07
45656,-1.26,-0.13,-0.05,-0.08,-0.21,-0.17
45657,-1.36,-0.02,-0.05,-0.08,-0.11,-0.07
45658,-1.26,-0.13,-0.16,-0.08,-0.11,-0.07
45659,-1.26,-0.13,-0.05,-0.08,-0.21,-0.17
45660,-1.36,-0.02,-0.05,0.03,-0.21,-0.07
45661,-1.26,-0.13,-0.16,-0.08,-0.21,-0.07
45662,-1.47,-0.13,-0.05,0.03,-0.21,-0.07
45663,-1.36,-0.13,-0.05,-0.08,-0.11,-0.07
45664,-1.36,-0.02,-0.05,-0.08,-0.11,-0.07
45665,-1.36,-0.02,-0.05,-0.08,-0.21,-0.17
45666,-1.26,-0.13,-0.16,0.03,-0.21,-0.17
45667,-1.36,-0.02,-0.05,-0.08,-0.11,-0.17
45668,-1.26,-0.02,-0.16,-0.18,-0.11,-0.07
45669,-1.26,-0.13,-0.16,-0.08,-0.21,-0.07
45670,-1.26,-0.13,-0.05,-0.08,-0.11,-0.07
45671,-1.36,-0.13,-0.05,0.03,-0.11,-0.17
45672,-1.36,-0.02,-0.05,-0.08,-0.11,-0.17
45673,-1.26,-0.13,-0.16,-0.08,-0.21,-0.07
45674,-1.26,-0.13,-0.16,-0.08,-0.11,-0.07
45675,-1.26,-0.13,-0.05,-0.08,-0.11,-0.17
45676,-1.26,0.08,-0.05,-0.08,-0.00,-0.07
45677,-1.36,-0.02,-0.05,-0.08,-0.11,-0.17
45678,-1.26,-0.02,-0.05,0.03,-0.11,-0.07
45679,-1.36,-0.02,-0.05,-0.08,-0.11,-0.17
45680,-1.26,-0.02,-0.16,-0.18,-0.21,-0.17
45681,-1.36,-0.02,-0.16,-0.08,-0.11,-0.07
45682,-1.26,-0.13,-0.16,0.03,-0.21,-0.07
45683,-1.26,-0.13,-0.05,-0.18,-0.21,-0.07
45684,-1.26,-0.02,-0.16,0.03,-0.00,-0.07
45685,-1.26,-0.02,-0.16,0.03,-0.11,-0.17
45686,-1.26,-0.02,-0.05,-0.08,-0.11,-0.07
45687,-1.26,-0.13,-0.05,-0.08,-0.11,-0.28
45688,-1.26,-0.13,-0.16,-0.08,-0.11,-0.17
45689,-1.26,-0.02,-0.16,-0.08,-0.00,-0.17
45690,-1.36,-0.02,-0.05,-0.08,-0.11,-0.07
45691,-1.16,-0.02,-0.05,-0.08,-0.11,-0.17
45692,-1.26,-0.13,-0.05,-0.18,-0.21,-0.07
45693,-1.36,-0.13,-0.05,0.03,-0.11,0.04
45694,-1.26,-0.13,-0.05,-0.08,-0.11,-0.07
45695,-1.36,-0.02,-0.05,0.03,-0.11,-0.07
45696,-1.26,-0.13,-0.05,0.03,-0.11,-0.07
45697,-1.26,-0.02,-0.16,0.03,-0.11,-0.17
45698,-1.36,-0.13,-0.16,0.03,-0.11,-0.07
45699,-1.26,-0.13,-0.05,0.03,-0.11,-0.07
45700,-1.36,-0.13,-0.05,0.03,-0.21,-0.07
45701,-1.36,-0.02,-0.05,0.03,-0.00,-0.17
45702,-1.36,-0.02,-0.05,0.03,-0.11,-0.07
45703,-1.26,-0.02,-0.05,0.03,-0.11,-0.07
45704,-1.26,-0.02,-0.05,0.03,-0.21,-0.07
45705,-1.26,-0.02,-0.16,-0.08,-0.11,-0.07
45706,-1.26,-0.13,-0.16,-0.08,-0.11,0.04
45707,-1.16,-0.02,-0.05,-0.08,-0.21,-0.17
45708,-1.26,-0.13,-0.05,-0.08,-0.21,-0.17
45709,-1.36,-0.02,-0.16,-0.08,-0.11,-0.17
45710,-1.26,-0.13,-0.05,-0.08,-0.11,-0.17
45711,-1.36,-0.13,-0.16,-0.18,-0.11,-0.28
45712,-1.26,-0.02,-0.05,0.03,-0.11,-0.07
45713,-1.26,-0.02,-0.16,-0.18,-0.11,-0.07
45714,-1.26,-0.13,-0.16,-0.08,-0.11,0.04
45715,-1.36,-0.13,-0.16,0.03,-0.11,-0.17
45716,-1.36,-0.02,-0.05,0.03,-0.11,-0.17
45717,-1.26,-0.13,-0.16,-0.08,-0.11,-0.17
45718,-1.26,-0.02,-0.05,0.03,-0.21,-0.07
45719,-1.26,-0.13,-0.05,-0.08,-0.11,-0.07
45720,-1.36,-0.02,-0.05,-0.08,-0.11,-0.07
45721,-1.26,-0.13,-0.16,-0.18,-0.11,-0.07
45722,-1.36,-0.02,-0.05,-0.08,-0.11,-0.07
45723,-1.26,-0.13,-0.05,0.13,-0.11,-0.07
45724,-1.26,-0.02,-0.16,0.03,-0.21,-0.07
45725,-1.26,-0.02,-0.16,0.03,-0.00,0.04
45726,-1.36,-0.02,-0.05,-0.08,0.10,0.04
45727,-1.26,-0.13,-0.05,-0.08,-0.11,0.04
45728,-1.36,-0.02,-0.16,-0.18,-0.00,0.04
45729,-1.36,-0.02,-0.16,-0.08,-0.11,0.04
45730,-1.26,-0.13,-0.05,-0.08,-0.11,-0.07
45731,-1.26,-0.02,-0.05,-0.08,-0.00,-0.07
45732,-1.26,-0.13,-0.16,-0.08,-0.21,-0.07
45733,-1.36,-0.13,-0.05,0.03,-0.11,-0.28
45734,-1.26,-0.13,-0.05,-0.18,-0.21,-0.17
45735,-1.26,-0.02,-0.16,-0.08,-0.21,-0.07
45736,-1.26,-0.13,-0.05,-0.08,-0.21,-0.28
45737,-1.26,-0.02,-0.05,-0.08,-0.21,-0.07
45738,-1.36,-0.13,-0.05,0.03,-0.11,-0.17
45739,-1.36,-0.13,-0.16,0.03,-0.21,-0.07
45740,-1.36,-0.02,-0.05,0.03,-0.21,-0.07
45741,-1.26,-0.13,-0.05,-0.08,-0.11,-0.17
45742,-1.26,-0.13,-0.16,-0.08,-0.11,0.04
45743,-1.36,-0.02,-0.05,-0.08,-0.11,-0.17
45744,-1.36,-0.13,-0.05,-0.18,-0.11,-0.07
45745,-1.36,-0.13,-0.05,-0.18,-0.11,-0.07
45746,-1.26,-0.13,-0.05,-0.08,-0.21,-0.07
45747,-1.36,-0.13,-0.05,-0.08,-0.11,-0.07
45748,-1.16,-0.13,-0.16,-0.08,-0.11,-0.07
45749,-1.36,-0.13,-0.05,-0.08,-0.11,-0.17
45750,-1.26,-0.13,-0.05,-0.08,-0.11,-0.17
45751,-1.26,-0.13,-0.05,-0.08,-0.21,-0.07
45752,-1.26,-0.13,-0.05,0.03,-0.00,-0.17
45753,-1.36,-0.02,-0.05,-0.08,-0.11,-0.07
45754,-1.36,-0.13,-0.05,-0.08,-0.21,-0.07
45755,-1.26,-0.13,-0.16,-0.08,-0.11,0.04
45756,-1.36,-0.13,-0.05,0.03,-0.11,0.04
45757,-1.26,-0.02,-0.05,-0.08,-0.11,-0.17
45758,-1.26,-0.02,-0.05,0.03,-0.21,0.04
45759,-1.36,-0.13,-0.05,0.03,-0.21,-0.07
45760,-1.26,-0.02,-0.05,-0.08,-0.21,-0.07
45761,-1.36,-0.02,-0.16,0.03,-0.11,-0.17
45762,-1.36,-0.13,-0.16,0.03,-0.11,0.04
45763,-1.26,-0.13,-0.16,0.03,-0.00,-0.07
45764,-1.26,-0.13,-0.16,-0.08,-0.00,-0.07
45765,-1.36,-0.13,-0.16,0.03,-0.21,-0.17
45766,-1.36,-0.02,-0.16,-0.08,-0.11,0.04
45767,-1.36,-0.13,-0.05,0.03,-0.11,-0.17
45768,-1.26,-0.13,-0.16,0.03,-0.11,0.04
45769,-1.36,-0.13,-0.16,0.03,-0.11,0.04
45770,-1.36,-0.02,-0.16,0.03,-0.11,-0.07
45771,-1.26,-0.13,-0.16,-0.08,-0.11,-0.17
45772,-1.16,-0.02,-0.05,0.03,-0.21,-0.07
45773,-1.26,-0.13,-0.16,0.03,-0.11,-0.07
45774,-1.26,-0.02,-0.05,-0.08,-0.21,-0.07
45775,-1.26,-0.13,-0.05,-0.08,-0.00,-0.07
45776,-1.36,-0.13,-0.05,-0.08,-0.11,-0.07
45777,-1.36,-0.02,-0.05,-0.08,-0.11,0.04
45778,-1.26,-0.02,-0.16,-0.18,-0.11,-0.17
45779,-1.36,-0.02,-0.05,-0.08,-0.11,-0.07
45780,-1.26,-0.13,-0.05,0.03,-0.21,-0.17
45781,-1.26,-0.13,-0.05,-0.08,-0.11,-0.07
45782,-1.26,-0.02,-0.16,0.03,-0.11,-0.07
45783,-1.36,-0.13,-0.05,0.03,-0.11,0.04
45784,-1.26,-0.02,-0.05,-0.08,-0.21,-0.17
45785,-1.36,-0.13,-0.16,-0.08,-0.00,0.04
45786,-1.36,-0.02,-0.16,-0.08,-0.11,-0.17
45787,-1.26,-0.13,-0.16,-0.08,-0.11,-0.17
45788,-1.26,-0.02,-0.05,-0.08,-0.21,0.04
45789,-1.26,-0.13,-0.05,-0.08,-0.11,-0.17
45790,-1.26,-0.02,-0.05,-0.08,-0.11,-0.17
45791,-1.26,-0.13,-0.05,0.13,-0.21,-0.07
45792,-1.26,-0.23,-0.05,-0.08,-0.11,-0.07
45793,-1.26,-0.02,-0.16,0.03,-0.00,-0.07
45794,-1.26,-0.02,-0.16,-0.08,-0.11,-0.07
45795,-1.36,-0.02,-0.05,0.03,-0.11,-0.07
45796,-1.26,-0.13,-0.16,-0.08,-0.11,-0.07
45797,-1.26,-0.02,-0.05,-0.08,-0.11,-0.17
45798,-1.26,-0.13,-0.05,0.03,-0.00,-0.17
45799,-1.26,-0.13,-0.05,-0.18,-0.11,-0.07
45800,-1.26,-0.13,-0.16,0.03,-0.11,-0.07
45801,-1.36,-0.13,-0.16,0.03,-0.11,-0.07
45802,-1.26,-0.13,-0.05,0.03,-0.21,-0.17
45803,-1.26,-0.02,-0.05,-0.08,-0.11,-0.17
45804,-1.26,-0.13,-0.05,-0.08,-0.00,-0.07
45805,-1.36,-0.02,-0.05,-0.08,-0.00,-0.17
45806,-1.26,-0.13,-0.05,-0.08,-0.11,-0.17
45807,-1.26,-0.02,-0.16,-0.08,-0.11,-0.17
45808,-1.26,-0.13,-0.05,0.13,-0.00,-0.07
45809,-1.26,-0.02,-0.05,-0.08,-0.11,0.04
45810,-1.36,-0.13,-0.05,-0.08,-0.11,-0.07
45811,-1.26,-0.02,-0.05,-0.08,-0.21,-0.17
45812,-1.26,-0.13,-0.16,0.03,-0.11,0.04
45813,-1.26,-0.02,-0.05,0.03,-0.21,-0.17
45814,-1.36,-0.02,-0.16,0.13,-0.21,-0.17
45815,-1.26,-0.02,-0.05,-0.08,-0.21,-0.07
45816,-1.36,-0.13,-0.05,-0.08,-0.11,-0.17
45817,-1.26,-0.13,-0.05,-0.18,-0.11,-0.17
45818,-1.26,-0.02,-0.05,0.03,-0.11,0.04
45819,-1.26,-0.13,-0.05,0.03,-0.11,-0.07
45820,-1.26,-0.13,-0.16,0.03,-0.11,-0.17
45821,-1.36,-0.02,-0.05,0.03,-0.21,-0.07
45822,-1.26,-0.02,-0.16,0.03,-0.11,0.04
45823,-1.36,-0.13,-0.16,-0.08,-0.11,-0.07
45824,-1.36,-0.13,-0.05,-0.08,-0.21,-0.07
45825,-1.26,-0.02,-0.05,-0.08,-0.31,-0.07
45826,-1.36,-0.13,-0.05,0.03,-0.11,-0.17
45827,-1.26,-0.13,-0.05,-0.18,-0.11,-0.07
45828,-1.26,-0.13,-0.05,0.03,-0.11,-0.07
45829,-1.26,-0.02,-0.05,0.03,-0.11,-0.07
45830,-1.26,-0.02,-0.05,-0.08,-0.11,0.04
45831,-1.36,-0.13,-0.05,0.03,-0.11,-0.07
45832,-1.26,-0.02,-0.05,-0.18,-0.21,-0.07
45833,-1.36,-0.02,-0.16,-0.08,-0.00,0.04
45834,-1.26,-0.13,-0.05,0.03,-0.11,-0.07
45835,-1.36,-0.13,-0.16,-0.08,-0.11,0.04
45836,-1.36,-0.02,-0.05,-0.08,-0.00,-0.07
45837,-1.36,-0.13,-0.16,0.03,-0.11,-0.07
45838,-1.26,-0.13,-0.16,0.03,-0.11,-0.07
45839,-1.26,-0.02,-0.05,-0.08,-0.21,-0.07
45840,-1.36,-0.02,-0.05,0.03,-0.00,-0.07
45841,-1.16,-0.13,-0.05,0.03,-0.11,-0.07
45842,-1.36,-0.02,-0.05,0.03,-0.11,-0.17
45843,-1.26,-0.13,-0.05,-0.08,-0.11,-0.07
45844,-1.36,-0.13,-0.05,-0.08,-0.11,-0.07
45845,-1.36,-0.13,-0.05,-0.08,-0.11,-0.17
45846,-1.36,-0.13,-0.16,-0.08,-0.21,-0.07
45847,-1.26,-0.13,-0.05,-0.18,-0.11,-0.17
45848,-1.36,-0.02,-0.05,-0.18,-0.11,-0.07
45849,-1.26,-0.02,-0.05,-0.08,-0.21,-0.07
45850,-1.26,-0.13,-0.05,0.03,-0.11,-0.07
45851,-1.26,-0.13,-0.16,0.03,-0.11,-0.17
45852,-1.36,-0.02,-0.05,-0.08,-0.11,-0.07
45853,-1.26,-0.13,-0.05,-0.18,-0.11,-0.07
45854,-1.26,-0.13,-0.05,-0.08,-0.21,-0.17
45855,-1.26,-0.13,-0.05,0.03,-0.11,-0.17
45856,-1.26,-0.02,-0.05,-0.08,-0.21,-0.17
45857,-1.26,-0.02,-0.05,0.03,-0.11,-0.28
45858,-1.26,-0.02,-0.05,-0.08,-0.00,-0.07
45859,-1.36,-0.13,-0.16,0.03,-0.11,-0.17
45860,-1.26,-0.13,-0.05,-0.08,-0.11,-0.07
45861,-1.26,-0.02,-0.05,-0.08,-0.21,-0.07
45862,-1.26,-0.13,-0.05,-0.08,-0.21,-0.07
45863,-1.26,-0.13,-0.05,-0.08,-0.11,-0.07
45864,-1.26,-0.02,-0.05,0.03,-0.11,-0.07
45865,-1.26,-0.02,-0.16,-0.08,-0.11,-0.28
45866,-1.26,-0.13,-0.16,-0.08,-0.11,-0.07
45867,-1.16,-0.02,-0.05,0.03,-0.11,-0.07
45868,-1.26,-0.02,-0.05,-0.08,-0.11,-0.07
45869,-1.36,-0.13,-0.05,0.03,-0.21,-0.17
45870,-1.26,-0.13,-0.16,0.03,-0.21,-0.07
45871,-1.36,-0.13,-0.05,0.03,-0.11,-0.07
45872,-1.36,-0.13,-0.05,0.03,-0.11,-0.07
45873,-1.36,-0.13,-0.16,-0.08,-0.00,-0.07
45874,-1.36,-0.02,-0.05,-0.08,-0.11,-0.17
45875,-1.36,-0.13,-0.16,0.03,-0.00,0.04
45876,-1.26,-0.13,-0.16,0.03,-0.00,0.04
45877,-1.26,-0.02,-0.05,-0.18,-0.21,-0.17
45878,-1.26,-0.13,-0.05,-0.18,-0.21,-0.07
45879,-1.26,-0.02,-0.16,-0.08,-0.11,-0.07
45880,-1.26,-0.02,-0.05,-0.18,-0.21,-0.07
45881,-1.26,-0.13,-0.05,0.03,-0.11,-0.07
45882,-1.26,-0.13,-0.05,-0.08,-0.21,-0.07
45883,-1.36,-0.02,-0.16,-0.08,-0.11,-0.07
45884,-1.36,-0.13,-0.05,0.03,-0.11,-0.07
45885,-1.26,-0.02,-0.05,-0.08,-0.11,-0.17
45886,-1.36,-0.13,-0.16,-0.08,-0.11,-0.07
45887,-1.26,-0.02,-0.16,-0.08,-0.21,0.04
45888,-1.36,-0.13,-0.16,0.13,-0.11,-0.07
45889,-1.26,-0.02,-0.16,-0.08,-0.11,-0.17
45890,-1.36,-0.02,-0.16,-0.08,-0.21,-0.07
45891,-1.36,-0.02,-0.05,-0.08,-0.11,0.04
45892,-1.26,-0.13,-0.05,0.03,-0.21,-0.07
45893,-1.26,-0.13,-0.16,-0.08,-0.21,-0.28
45894,-1.26,-0.13,-0.05,0.13,-0.00,-0.17
45895,-1.26,-0.13,-0.05,-0.08,-0.21,-0.07
45896,-1.26,-0.02,-0.05,0.03,-0.21,-0.07
45897,-1.26,-0.02,-0.16,-0.08,-0.11,-0.07
45898,-1.26,-0.13,-0.05,0.03,-0.11,-0.07
45899,-1.26,-0.02,-0.16,0.03,-0.11,-0.17
45900,-1.36,-0.02,-0.05,0.03,-0.21,-0.07
45901,-1.26,-0.02,-0.05,0.03,-0.11,-0.07
45902,-1.36,-0.02,-0.05,-0.08,-0.21,-0.17
45903,-1.36,-0.13,-0.16,-0.08,-0.11,-0.07
45904,-1.26,-0.13,-0.05,-0.18,-0.11,-0.07
45905,-1.36,-0.02,-0.16,-0.08,-0.11,-0.07
45906,-1.36,-0.02,-0.05,0.03,-0.11,-0.07
45907,-1.26,-0.13,-0.05,-0.08,-0.11,-0.28
45908,-1.36,-0.13,-0.16,0.03,-0.21,-0.07
45909,-1.36,-0.02,-0.16,0.03,-0.00,-0.07
45910,-1.26,-0.13,-0.05,0.03,-0.11,-0.07
45911,-1.26,-0.13,-0.16,-0.08,-0.11,-0.17
45912,-1.26,-0.13,-0.16,-0.08,-0.21,-0.07
45913,-1.26,-0.02,-0.05,-0.08,-0.21,-0.07
45914,-1.36,-0.02,-0.16,0.03,-0.21,-0.07
45915,-1.26,-0.13,-0.05,0.03,-0.11,-0.17
45916,-1.26,-0.13,-0.16,0.03,-0.11,-0.07
45917,-1.26,-0.13,-0.05,-0.08,-0.11,-0.17
45918,-1.36,-0.13,-0.05,-0.08,-0.11,-0.17
45919,-1.36,-0.02,-0.05,-0.08,-0.00,-0.07
45920,-1.36,-0.13,-0.16,0.03,-0.21,-0.28
45921,-1.26,-0.13,-0.16,-0.08,-0.11,-0.07
45922,-1.26,-0.13,-0.05,0.03,-0.11,-0.07
45923,-1.26,-0.13,-0.05,-0.18,-0.11,-0.07
45924,-1.26,-0.02,-0.16,0.03,-0.11,-0.17
45925,-1.26,-0.02,-0.16,-0.08,-0.21,-0.17
45926,-1.26,-0.02,-0.05,-0.08,-0.11,-0.07
45927,-1.26,-0.13,-0.05,-0.18,-0.21,-0.07
45928,-1.36,-0.13,-0.05,0.03,-0.11,-0.17
45929,-1.26,-0.13,-0.05,-0.08,-0.11,-0.17
45930,-1.26,-0.13,-0.05,0.03,-0.11,-0.28
45931,-1.36,-0.02,-0.16,0.03,-0.21,0.04
45932,-1.36,-0.02,-0.16,-0.08,-0.21,-0.07
45933,-1.36,-0.02,-0.05,0.03,-0.11,-0.07
45934,-1.26,-0.02,-0.05,-0.08,-0.21,-0.17
45935,-1.26,-0.13,-0.05,0.03,-0.21,-0.17
45936,-1.26,-0.13,-0.16,-0.08,-0.11,-0.07
45937,-1.26,-0.02,-0.05,0.03,-0.11,-0.17
45938,-1.26,-0.02,-0.16,0.03,-0.11,-0.17
45939,-1.36,-0.13,0.05,-0.08,-0.00,-0.07
45940,-1.36,-0.13,-0.16,-0.08,-0.21,-0.07
45941,-1.36,-0.13,-0.16,0.03,-0.11,-0.07
45942,-1.36,-0.13,-0.05,0.03,-0.11,-0.07
45943,-1.36,-0.02,-0.16,-0.08,-0.11,-0.17
45944,-1.26,-0.02,-0.16,-0.08,-0.11,-0.17
45945,-1.26,-0.02,-0.16,-0.08,-0.11,-0.07
45946,-1.26,-0.13,-0.05,-0.18,-0.11,-0.07
45947,-1.26,-0.13,-0.05,-0.08,-0.21,-0.07
45948,-1.26,-0.13,-0.16,0.03,-0.11,-0.07
45949,-1.26,-0.02,-0.16,-0.08,-0.11,-0.17
45950,-1.26,-0.02,-0.05,0.03,-0.11,-0.07
45951,-1.26,-0.13,-0.05,-0.08,-0.11,0.04
45952,-1.36,-0.13,-0.16,-0.08,-0.00,-0.17
45953,-1.36,-0.02,-0.16,-0.08,-0.21,-0.17
45954,-1.26,-0.13,-0.05,0.03,-0.11,-0.07
45955,-1.36,-0.02,-0.16,-0.08,-0.11,-0.07
45956,-1.26,-0.02,-0.05,0.03,-0.11,-0.07
45957,-1.36,-0.13,-0.16,-0.08,-0.00,-0.07
45958,-1.26,-0.13,-0.05,-0.08,-0.21,-0.07
45959,-1.26,-0.13,-0.05,0.03,-0.21,-0.07
45960,-1.16,-0.13,-0.05,0.03,-0.21,-0.07
45961,-1.36,-0.02,-0.05,-0.08,-0.21,-0.17
45962,-1.26,-0.13,-0.05,-0.18,-0.11,-0.17
45963,-1.26,-0.13,-0.05,-0.08,-0.21,-0.17
45964,-1.36,-0.02,-0.16,-0.08,-0.21,-0.17
45965,-1.26,-0.02,-0.05,0.03,-0.21,-0.17
45966,-1.36,-0.02,-0.05,0.03,-0.11,-0.17
45967,-1.26,-0.13,-0.05,-0.08,-0.11,-0.17
45968,-1.36,-0.23,-0.05,-0.08,-0.00,-0.07
45969,-1.36,-0.02,-0.05,-0.08,-0.21,-0.17
45970,-1.26,-0.13,-0.16,-0.08,-0.11,-0.07
45971,-1.16,-0.13,-0.05,-0.08,-0.21,-0.17
45972,-1.26,-0.02,-0.05,-0.08,-0.21,-0.17
45973,-1.26,-0.13,-0.05,-0.08,-0.21,-0.17
46141,-1.26,-0.02,-0.16,-0.08,-0.11,-0.17
46142,-1.36,-0.13,-0.05,0.03,-0.21,0.04
46143,-1.36,-0.13,-0.05,0.13,-0.11,-0.17
46144,-1.26,-0.13,-0.05,0.03,-0.00,-0.17
46145,-1.36,-0.02,-0.16,-0.08,-0.21,-0.17
46146,-1.26,-0.13,-0.05,0.03,-0.31,-0.17
46147,-1.26,-0.13,-0.05,-0.08,-0.11,0.04
46148,-1.47,-0.13,-0.16,-0.08,-0.11,-0.07
46149,-1.36,-0.13,-0.05,-0.18,-0.11,-0.17
46150,-1.36,-0.02,-0.05,0.03,-0.11,-0.17
46151,-1.26,-0.02,-0.05,0.03,-0.00,-0.28
46152,-1.16,-0.02,-0.05,-0.08,-0.21,-0.07
46153,-1.26,-0.13,-0.16,0.03,-0.21,-0.07
46154,-1.26,-0.13,-0.16,-0.08,-0.11,0.04
46155,-1.26,-0.13,-0.05,-0.18,-0.11,-0.07
46156,-1.26,-0.13,-0.05,0.03,-0.00,-0.17
46157,-1.36,-0.13,-0.05,-0.08,-0.11,-0.07
46158,-1.36,-0.13,-0.16,0.03,-0.11,-0.17
46159,-1.26,-0.02,-0.16,0.03,-0.21,-0.07
46160,-1.36,-0.13,-0.05,0.03,-0.11,0.04
46161,-1.26,-0.13,-0.05,0.03,-0.11,-0.17
46162,-1.26,-0.02,-0.05,-0.08,-0.21,-0.07
46163,-1.36,-0.13,-0.05,-0.08,-0.11,-0.17
46164,-1.36,-0.02,-0.05,-0.08,-0.11,-0.07
46165,-1.26,-0.02,-0.16,-0.08,-0.11,-0.07
46166,-1.26,-0.02,-0.16,-0.08,-0.11,-0.07
46167,-1.36,-0.13,-0.05,0.03,-0.11,-0.07
46168,-1.26,-0.02,-0.05,-0.08,-0.00,-0.07
46169,-1.26,-0.02,-0.16,-0.08,-0.11,-0.17
46170,-1.36,-0.23,-0.05,0.03,-0.11,-0.07
46171,-1.26,-0.13,-0.05,-0.08,-0.21,-0.07
46172,-1.26,-0.02,-0.16,-0.08,-0.21,-0.07
46173,-1.36,-0.02,-0.16,-0.08,-0.11,-0.17
46174,-1.36,-0.13,-0.05,-0.08,-0.21,-0.07
46175,-1.26,-0.02,-0.05,-0.08,-0.21,-0.17
46176,-1.26,-0.02,-0.05,-0.08,-0.11,-0.17
46177,-1.16,-0.13,-0.05,-0.08,-0.21,-0.17
46178,-1.26,-0.02,-0.05,-0.08,-0.11,-0.07
46179,-1.36,-0.13,-0.05,-0.08,-0.11,-0.07
46180,-1.16,-0.13,-0.05,-0.08,-0.11,-0.07
46181,-1.36,-0.02,-0.05,-0.08,-0.11,0.04
46182,-1.26,-0.13,-0.05,0.03,-0.21,-0.17
46183,-1.36,-0.13,-0.05,0.03,-0.11,-0.07
46184,-1.26,-0.13,-0.05,-0.08,-0.11,-0.17
46185,-1.36,-0.02,-0.16,0.03,-0.11,-0.17
46186,-1.26,-0.13,-0.05,-0.08,-0.21,0.04
46187,-1.36,-0.13,-0.05,-0.08,-0.00,-0.17
46188,-1.36,-0.13,-0.05,0.13,-0.11,-0.07
46189,-1.36,-0.13,-0.05,-0.08,-0.11,-0.07
46190,-1.26,-0.02,-0.16,-0.08,-0.21,-0.07
46191,-1.36,-0.13,-0.05,0.03,-0.21,-0.17
46192,-1.36,-0.13,-0.05,0.03,-0.11,-0.17
46193,-1.36,-0.13,-0.05,-0.08,-0.21,-0.07
46194,-1.36,-0.13,-0.05,0.03,-0.11,-0.17
46195,-1.26,-0.02,-0.05,-0.08,-0.21,-0.17
46196,-1.26,-0.13,-0.05,-0.08,-0.11,-0.07
46197,-1.26,-0.13,-0.05,-0.18,-0.11,-0.28
46198,-1.26,-0.02,-0.05,-0.08,-0.11,-0.17
46199,-1.36,-0.02,-0.05,0.03,-0.11,-0.28
46200,-1.26,-0.02,-0.05,0.03,-0.11,-0.17
46201,-1.47,-0.13,-0.05,0.03,-0.00,-0.17
46202,-1.36,-0.02,-0.16,-0.08,-0.11,-0.17
46203,-1.36,-0.13,-0.16,0.03,-0.11,-0.07
46204,-1.26,-0.02,-0.16,-0.08,-0.11,-0.07
46205,-1.26,-0.13,-0.05,0.03,-0.11,-0.17
46206,-1.26,-0.13,-0.05,-0.08,-0.11,-0.07
46207,-1.26,-0.13,-0.05,0.03,-0.11,-0.17
46208,-1.26,-0.13,-0.16,-0.08,-0.11,-0.17
46209,-1.26,-0.13,-0.05,-0.08,-0.11,-0.07
46210,-1.36,-0.13,-0.05,0.03,-0.21,-0.07
46211,-1.26,-0.13,-0.05,0.03,-0.11,-0.07
46212,-1.26,-0.13,-0.05,0.03,-0.00,-0.07
46213,-1.26,-0.13,-0.16,-0.08,-0.21,-0.17
46214,-1.36,-0.02,-0.05,-0.08,-0.11,-0.07
46215,-1.26,-0.13,-0.16,-0.08,-0.11,-0.07
46216,-1.36,-0.13,-0.05,0.03,-0.11,-0.07
46217,-1.26,-0.13,-0.16,0.03,-0.21,-0.07
46218,-1.16,-0.13,-0.05,-0.08,-0.11,-0.07
46219,-1.36,-0.13,-0.16,0.03,-0.11,0.04
46220,-1.36,-0.13,-0.05,0.03,-0.21,-0.07
46221,-1.36,-0.13,-0.05,-0.08,-0.21,-0.07
46222,-1.36,-0.13,-0.05,-0.08,-0.21,-0.28
46223,-1.36,-0.13,-0.16,0.03,-0.11,0.04
46224,-1.26,-0.13,-0.16,0.03,-0.21,0.04
46225,-1.36,-0.02,-0.05,-0.08,-0.11,-0.17
46226,-1.26,-0.02,-0.05,-0.08,-0.21,-0.07
46227,-1.26,-0.13,-0.05,0.03,-0.11,-0.17
46228,-1.36,-0.13,-0.05,0.03,-0.11,-0.17
46229,-1.26,-0.13,-0.05,0.03,-0.11,0.04
46230,-1.26,-0.02,-0.05,-0.08,-0.21,-0.17
46231,-1.26,-0.13,-0.05,0.03,-0.21,-0.07
46232,-1.26,-0.02,-0.05,-0.08,-0.21,-0.17
46233,-1.26,-0.02,-0.05,-0.18,-0.21,-0.17
46234,-1.26,-0.02,-0.05,-0.08,-0.21,-0.17
46235,-1.36,-0.13,-0.05,-0.08,-0.11,-0.07
46236,-1.36,-0.02,-0.16,-0.08,-0.11,-0.07
46237,-1.26,-0.13,-0.05,-0.08,-0.11,-0.07
46238,-1.36,-0.13,-0.05,0.03,-0.11,-0.07
46239,-1.36,-0.13,-0.16,0.13,-0.11,-0.07
46240,-1.26,-0.13,-0.16,0.03,-0.11,-0.07
46241,-1.26,-0.02,-0.05,-0.08,-0.11,-0.07
46242,-1.36,-0.13,-0.16,-0.08,-0.00,-0.07
46243,-1.36,-0.13,-0.16,-0.08,-0.11,-0.17
46244,-1.26,-0.13,-0.05,0.03,-0.11,-0.17
46245,-1.26,-0.02,-0.05,-0.08,-0.21,0.04
46246,-1.36,-0.02,-0.05,0.03,-0.21,-0.17
46247,-1.26,-0.02,-0.05,0.03,-0.21,-0.17
46248,-1.26,-0.13,-0.05,-0.08,-0.21,-0.17
46249,-1.26,-0.13,-0.05,-0.08,-0.11,0.04
46250,-1.26,-0.13,-0.05,-0.08,-0.21,-0.17
46251,-1.26,-0.02,-0.05,-0.08,-0.21,-0.17
46252,-1.26,-0.02,-0.16,-0.08,-0.21,-0.07
46253,-1.47,-0.13,-0.05,0.03,-0.21,-0.07
46254,-1.26,-0.02,-0.16,-0.18,-0.21,-0.17
46255,-1.36,-0.02,-0.05,0.03,-0.21,-0.07
46256,-1.26,-0.02,-0.16,0.03,-0.11,-0.07
46257,-1.36,-0.13,-0.16,0.03,-0.11,-0.07
46258,-1.36,-0.13,0.05,-0.08,-0.11,-0.17
46259,-1.36,-0.02,-0.16,-0.18,-0.21,-0.07
46260,-1.36,-0.02,-0.05,-0.08,-0.21,-0.07
46261,-1.26,-0.02,-0.05,-0.08,-0.11,-0.17
46262,-1.26,-0.02,-0.05,0.03,-0.21,-0.17
46263,-1.26,-0.13,-0.05,0.03,-0.11,-0.17
46264,-1.36,-0.13,-0.05,-0.08,-0.11,-0.07
46265,-1.36,-0.13,-0.16,0.03,-0.21,-0.07
46266,-1.36,-0.13,-0.16,0.03,-0.00,-0.07
46267,-1.26,-0.13,-0.05,-0.08,-0.11,-0.07
46268,-1.26,-0.02,-0.05,-0.08,-0.11,-0.07
46269,-1.26,-0.13,-0.05,-0.08,-0.21,-0.07
46270,-1.26,-0.13,-0.05,-0.08,-0.11,-0.07
46271,-1.26,-0.02,-0.05,-0.08,-0.11,-0.07
46272,-1.26,-0.02,-0.16,-0.08,-0.00,-0.17
46273,-1.36,-0.02,-0.05,-0.08,-0.00,-0.07
46274,-1.26,-0.13,-0.16,0.03,-0.00,-0.17
46275,-1.36,-0.13,-0.05,0.03,-0.11,-0.07
46276,-1.26,-0.02,-0.05,-0.08,-0.11,-0.07
46277,-1.36,-0.02,-0.05,-0.08,-0.11,-0.07
46278,-1.36,-0.13,-0.05,0.03,-0.11,-0.17
46279,-1.26,-0.23,-0.05,0.13,-0.11,-0.07
46280,-1.26,-0.13,-0.05,-0.08,-0.21,-0.07
46281,-1.26,-0.13,-0.05,-0.08,-0.21,-0.07
46282,-1.36,-0.02,-0.16,0.13,-0.00,-0.07
46283,-1.26,-0.13,-0.05,0.03,-0.11,-0.17
46284,-1.26,-0.02,-0.05,-0.08,-0.21,-0.07
46285,-1.36,-0.02,-0.05,-0.08,-0.11,-0.07
46286,-1.26,-0.02,-0.16,-0.18,-0.11,-0.07
46287,-1.26,-0.13,-0.16,-0.08,-0.21,-0.07
46288,-1.36,-0.13,-0.05,0.03,-0.11,-0.17
46289,-1.36,-0.13,-0.05,0.03,-0.31,-0.07
46290,-1.26,-0.13,-0.05,0.03,-0.00,-0.07
46291,-1.26,-0.02,-0.16,0.03,-0.11,-0.07
46292,-1.26,-0.13,-0.05,0.03,-0.21,-0.17
46293,-1.26,-0.13,-0.05,0.03,-0.11,-0.17
46294,-1.26,-0.02,-0.16,-0.08,-0.11,-0.07
46295,-1.36,-0.02,-0.16,0.03,-0.21,-0.17
46296,-1.36,-0.13,-0.05,0.03,-0.11,-0.17
46297,-1.36,-0.13,-0.16,0.03,-0.11,0.04
46298,-1.36,-0.13,-0.05,0.03,-0.11,0.14
46299,-1.36,-0.02,-0.05,0.03,-0.11,-0.07
46300,-1.36,-0.13,-0.16,0.03,-0.21,-0.07
46301,-1.26,-0.13,-0.05,0.03,-0.21,-0.07
46302,-1.36,-0.13,-0.05,0.03,-0.11,0.04
46303,-1.26,-0.13,-0.16,0.03,-0.11,-0.07
46304,-1.26,-0.13,-0.05,0.03,-0.11,-0.07
46305,-1.26,-0.02,-0.05,-0.08,-0.31,-0.17
46306,-1.26,-0.13,-0.05,-0.08,-0.11,-0.07
46307,-1.26,-0.13,-0.05,-0.08,-0.21,-0.07
46308,-1.26,-0.13,-0.05,-0.08,-0.11,-0.17
46309,-1.26,-0.02,-0.05,-0.08,-0.11,-0.07
46310,-1.26,-0.02,-0.05,-0.18,-0.11,-0.07
46311,-1.26,-0.02,-0.05,0.03,-0.11,-0.07
46312,-1.26,-0.02,-0.16,-0.08,-0.21,-0.07
46313,-1.26,-0.02,-0.05,-0.08,-0.21,0.04
46314,-1.36,-0.13,-0.16,-0.08,-0.11,-0.07
46315,-1.36,-0.13,-0.05,0.03,-0.21,-0.17
